id	audio_path	text_source	text_en
1372	3947646284842148906.wav	它的地位在 12 世紀漸漸走下坡，主要是因為十字軍已帶著絲綢和香料等伴手禮返回，這些禮物比拜占庭市場賣的東西還有價值。	Its status declined during the twelfth century mainly due to the fact that Crusaders had returned bearing gifts such as silks and spices that were valued more than what Byzantine markets offered.
913	10789005872300600667.wav	無需擁有居住社區的當地電話號碼；你可以在阿拉斯加州奇金野外取得衛星網際網路連線，然後選擇一組電話號碼，宣稱你人在陽光普照的亞利桑那州。	There is also no requirement that you obtain a local number from the community in which you live; you can obtain a satellite Internet connection in the wilds of Chicken, Alaska and select a number which claims you're in sunny Arizona.
1446	4658063557482011925.wav	在 1939 年 9 月 17 日之時，波蘭防線已失守，唯一的希望是撤退，並在羅馬尼亞的橋頭堡旁重新整頓。	By September 17, 1939, the Polish defense was already broken, and the only hope was to retreat and reorganise along the Romanian bridgehead.
249	7038471121315413568.wav	當地時間今天早上 10 點，伊斯蘭聖城麥加有一處旅館倒塌。	
603	18203329520592253273.wav	水是另一個例子。水是由兩個氫原子和一個氧原子組成的。	Water is another example. The compound water is made up of two hydrogen atoms and one oxygen atom.
1108	8975067659073995928.wav	聯軍及阿富汗軍隊已進駐該地區，以維護現場安全，其他聯軍飛機也已出動支援。	Coalition and Afghan troops moved into the area to secure the site and other coalition aircraft have been sent to assist.
1376	11885161916020818976.wav	這部電影由雷恩·葛斯林和艾瑪·史東主演，並獲得所有主要獎項的提名。	The movie, featuring Ryan Gosling and Emma Stone, received nominations in all major categories.
947	4199405968101736828.wav	白海-波羅的海運河經過奧涅加湖、拉多加湖和聖彼得堡，主要以河川和湖泊將北極海和波羅的海連在一起。	The White Sea–Baltic Canal connects the Arctic Ocean to the Baltic Sea, via Lake Onega, Lake Ladoga and Saint Petersburg, mostly by rivers and lakes.
554	7475889978114632841.wav	中長跑是一種相對花費較少的運動項目，用以參加此項競技所需的裝備極少，但對於這些裝備則存在著許多錯誤觀念。	Middle distance running is a relatively inexpensive sport; however, there are many misconceptions regarding the few pieces of equipment required to participate.
1299	17631818445094228194.wav	婦女會在院子裡煮飯；商店不過是一個對著大街的櫃檯。當時的人會用石頭建造房屋。	Women did the cooking in the yard; stores were just open counters looking into the street. Stone was used for building houses.
256	1166727401904843637.wav	10 年後，他帶領阿波羅-聯盟測試計劃中的蘇聯部份，象徵了太空競賽的結束。	Ten years later, he led the Soviet part of the Apollo–Soyuz mission symbolizing that the Space Race was over.
721	17384020032883323556.wav	除了白色沙灘和山岳景觀，這個國家也是美洲最古老的歐式城市的所在地，就是現在是聖多明哥的一部份。	Besides white sand beaches and mountain landscapes, the country is home to the oldest European city in the Americas, now part of Santo Domingo.
478	1959415260181952821.wav	亞歷山大作為國王主動提議出資重建神廟，但他的提議遭到否決。亞歷山大死後，神廟才於公元前 323 年被重建起來。	Alexander, as king, offered to pay to rebuild the temple, but his offer was denied. Later, after Alexander died, the temple was rebuilt in 323 BCE.
773	16017079829705162919.wav	世界博覽會（亦稱萬國博覽會，或簡稱世博會）是一個大型的國際藝術與科學展覽活動。	A World's Fair (commonly called World Exposition, or simply Expo) is large international festival of arts and sciences.
95	9537652235238645879.wav	飛機原定由內務部內衛部隊駕駛飛往伊爾庫次克。	The aircraft had been headed to Irkutsk and was being operated by interior troops.
378	10023154029349626306.wav	我們看見的太陽外層稱為「photosphere」，意即「光球」。	"The outer-part we see when we look at the Sun is called the photosphere, which means ""ball of light""."
850	3310980742412366118.wav	毛利杭吉美食是在地下的熱坑中烹煮。	A Hangi Meal is cooked in a hot pit in the ground.
810	15990023340208695522.wav	溪降（canyoning 或 canyoneering ）是前往峽谷底部的運動，峽谷底可能是乾涸或滿水狀態。	Canyoning (or: canyoneering) is about going in a bottom of a canyon, which is either dry or full of water.
1138	859119802553120555.wav	稍早之前，中國新聞媒體新華社曾報導一架飛機被劫持。	Earlier the Chinese news agency Xinhua reported a plane to be hijacked.
1112	16605060029223334130.wav	由於擔心交通不便，比賽可能被迫在各隊支持者無法到場加油的情況下開打。	Fears of lack of transportation raised the possibility that the game would be forced to play behind closed doors without the team's supporters.
910	15887307367025516263.wav	實際上，區域碼完全無法防止盜版；逐位元複製的光碟可以在任何設備上，如同原版般正常播放。	In fact, region codes have absolutely no effect on illegal copying; a bit-for-bit copy of a disk will play just fine on any device where the original will.
73	6054993903078368776.wav	為此之故，法官、律師、事務律師及檢察官過去幾年來從事過的非法行為也跟著曝光，從而揭發了希臘司法體系的大醜聞。	As a result of this, a big scandal within the Greek legal community has been raised through the exposure of illegal actions that judges, lawyers, solicitors and attorneys have done during the previous years.
1469	1523402952911187850.wav	雷恩‧葛斯林和艾瑪‧史東分別獲提名為最佳男主角和最佳女主角。	Gosling and Stone received nominations for Best Actor and Actress respectively.
450	13960459370464537314.wav	四月左右的雨季後，牠們再次跨過馬拉河，然後經由西部回到北方。	And then back to the north through the west, once again crossing the Mara river, after the rains in around April.
845	379168341082135233.wav	雖然這絕不是現代才有的現象，但提到塗鴉，或許大部分的人想到的都是年輕人用噴漆破壞公共或私人財產。	While it's far from a modern phenomenon, most people probably associate it with youth vandalizing public and private property using spray paint.
624	5889779425407138918.wav	這種成功故事可以減弱對於改變的恐懼，同時讓人更願意接受未來的改變。	Such success stories lessened the fears of change, while creating positive inclinations toward change in the future.
944	9035525740461201013.wav	在異國生活和當志工是接觸不同文化、認識新朋友、了解自己、取得某種看事情的角度，甚至是獲得新技能的一個好方法。	Living and volunteering in a foreign country is a great way to get to know a different culture, meet new people, learn about yourself, get a sense of perspective and even gain new skills.
171	7280648788132576475.wav	州長也表示：「今天，我們得知有些學齡兒童確定曾與病患接觸。」	"The governor also stated, ""Today, we learned that some school aged children have been identified as having had contact with the patient."""
441	11848350763110400509.wav	西元 18 世紀中，柬埔寨被夾在兩個強大鄰國間，即泰國和越南。	During the 18th century Cambodia found itself squeezed between two powerful neighbors, Thailand and Vietnam.
664	11052953566185769238.wav	舊金山也是國內品嘗韓國菜、泰國菜、印度菜和日本菜等其他亞洲料理的最佳去處之一。	San Francisco is also one of the best places in the nation for other Asian cuisine: Korean, Thai, Indian, and Japanese.
1026	12845921727106571123.wav	恆星的羅士比數跟電漿的流動有關，必須以光度和自轉來判斷。	The luminosity and rotation are used together to determine a star's Rossby number, which is related to plasma flow.
1023	13975584090811877335.wav	害蟲會破壞食物、引發不適，更糟糕的話可能造成過敏反應、散布毒液或傳播傳染病。	Pests can spoil food, cause irritation, or in a worse case cause allergic reactions, spread venom, or transmit infections.
1481	17061229925887509024.wav	野生徒步之旅（也稱做叢林漫步﹑野生健行或遠足）包含登山，行程長短可以是幾小時或幾天。	"A walking safari (also called a ""bush walk"", ""hiking safari"", or going ""footing"") consists of hiking, either for a few hours or several days."
469	18120802637245563328.wav	它的大玻璃窗和薄牆無法長時間阻擋猛攻。	Its large glazed windows and thin walls would not have been able to resist a determined attack for long.
1220	3452119699908454853.wav	斯拉尼亞於 1956 年搬到了瑞典。三年後，他開始為瑞典郵政局工作，並成為了他們的首席雕刻師。	In 1956 Słania moved to Sweden, where three years later he began work for the Swedish Post Office and became their chief engraver.
1274	12870335098683881853.wav	雖然在比賽中與南方姊妹們相比確實生疏了些，但隨著比賽的進行，南非隊很穩定地在進步。	Looking decidedly rusty in the game against their southern sisters, South Africa however steadily improved as the tournament progressed.
4	15814817890769394887.wav	駕駛員的身分確認是空軍少校帕塔維 (Dilokrit Pattavee)。	The pilot was identified as Squadron Leader Dilokrit Pattavee.
1337	148048779910359914.wav	隨著奧地利、德國、斯洛維尼亞、保加利亞、希臘，和義大利之後，法國是歐盟中第七個遭受這種病毒危害的國家。	France is the seventh country in the European Union to suffer this virus; following Austria, Germany, Slovenia, Bulgaria, Greece and Italy.
344	10332422703639716047.wav	裸體新聞上週宣布它將推出三個新廣播節目，大幅增加其新聞報導的國際語言授權。	Last week, Naked News announced that it would dramatically increase its international language mandate to news reporting, with three new broadcasts.
177	16342653390415581572.wav	她於 2009 年獲頒年度國家教育局長的頭銜。	In 2009 she was awarded the title of National Superintendent of the Year.
776	16474166725033691839.wav	儘管理論上可以年年舉辦（只要辦在不同國家/地區就好了），實際上則不然。	Although in theory they can take place annually (so long as they are in different countries), in practice they are not.
366	9729448033588855519.wav	這是因為如果您在燈泡的金屬底座仍有部份插在插座上時，觸碰到插座內部或其金屬底座，則流入燈泡金屬部份插座的電流，會讓您嚴重觸電。	This is because electricity flowing into the socket where the metallic part of bulb sits can give you a severe electric shock if you touch the inside of the socket or the metal base of the bulb while it is still partly in the socket.
529	8845762539853296272.wav	現代運動擊劍具有許多級別。從大學學習的學生，到職業以及奧運競賽都有。	The modern sport of fencing is played at many levels, from students learning at a university to professional and Olympic competition.
958	454643371978739918.wav	如果你想飛遍整個南半球，航班和目的地的選擇十分有限的，因為缺乏越洋路線。	If you want to fly around the world completely in the Southern Hemisphere, the choice of flights and destinations is limited due to the lack of transoceanic routes.
467	10942528561988536359.wav	但我們的想像是否基於現實？最初建造城堡的原因是什麼？它們是如何設計和建造的？	But is our imagination based on reality? Why were castles built in the first place? How were they designed and built?
482	1993745889406930298.wav	神祕主義是追求與終極現實、神性、屬靈的真理、或神之間的交流、認同、或意識覺醒。	Mysticism is the pursuit of communion with, identity with, or conscious awareness of an ultimate reality, divinity, spiritual truth, or God.
444	7685814998954273392.wav	委內瑞拉有 18% 的人失業，而大部分受雇的人從事地下經濟的工作。	Eighteen percent of Venezuelans are unemployed, and most of those who are employed work in the informal economy.
1419	13780205193956730973.wav	16 世紀，巴拉圭（之前被稱為「印度的巨型省份」）是因著西班牙征服者和原住民的相遇而誕生的。	"In the 16th century Paraguay, formerly called ""The Giant Province of the Indies"", was born as a result of the encounter of Spanish conquerors with the native indigenous groups."
227	3057667829729289459.wav	人們因為它對宇宙膨脹的影響才確知它的存在。	Its existence is known only because of its effects on the expansion of the universe.
1330	7006213784761675968.wav	維基共享資源 (Commons) 管理師亞當‧庫爾登上個月向維基新聞 (Wikinews) 透露他對刪減的不滿。	Commons Administrator Adam Cuerden expressed his frustration over the deletions when he spoke to Wikinews last month.
220	17056993339345439340.wav	2004 年奧運銀牌得主阿米爾·汗說：「我深深認為女性不該參與打鬥。這就是我的想法。」	"2004 Olympic silver medallist Amir Khan said, ""Deep down I think women shouldn’t fight. That’s my opinion."""
795	16834932016493365383.wav	準備一份保單影本以及保險公司的聯絡資料並隨身攜帶。	Make and carry copies of your policy and your insurer's contact details with you.
792	18062614176135257251.wav	在超市購買食物通常是餵飽自己最便宜的途徑。但若沒有烹飪的機會，就只能選擇現成的熟食了。	Buying food in supermarkets is usually the cheapest way to get fed. Without cooking opportunities, choices are however limited to ready-made food.
215	4910102901274023666.wav	高爾夫球和英式橄欖球都將重返奧運會。	Both golf and rugby are set to return to the Olympic Games.
391	10678685002814290712.wav	世界上已知最早的書是以梵文撰寫。在完成奧義書後，梵文因階級制度而逐漸消亡。	The earliest known book in the world was written in Sanskrit. After the compilation of Upanishads, Sanskrit just faded due to hierarchy.
556	13098969475414598071.wav	即使產品無法提供真正的好處，運動員仍偏好使用某產品。	Athletes may feel that they prefer a product even when it provides no real benefits.
970	9160012597827936771.wav	看不到企業進入的低度開發是它的魅力之一。步道、火車與船隻串起了村莊，而汽車卻無法從外頭開進這裡。	Part of its charm is the lack of visible corporate development. Paths, trains and boats connect the villages, and cars cannot reach them from the outside.
170	2521679916037417313.wav	佩里明確指出：「全世界幾乎找不到其他地方比我們準備更周全，足以面對這個案例帶來的挑戰。」	"Perry specifically said, ""There are few places in the world better equipped to meet the challenge that is posed in this case."""
58	6576154205647331134.wav	Ansa 表示，警方憂心最猛烈的數起攻擊恐造成繼任之爭全面爆發。	"According to Ansa, ""police were concerned by a couple of top-level hits they feared might spark a full-blown war of succession."
479	4276385937128020203.wav	在正確敲擊所有音符的同時，手部要盡量放鬆，手指也不要有太多不必要的移動。	Make sure your hand is as relaxed as possible while still hitting all the notes correctly - also try not to make much extraneous motion with your fingers.
723	15707960749559752362.wav	在歐洲探險家抵達後的短短幾年內，塔伊諾城的人口遭到西班牙征服者大幅地削減。	Within a few short years following the arrival of European explorers, the population of Tainos had significantly been reduced by the Spanish conquerors
725	14683110239618233768.wav	Jardín de la Unión，是一座 17 世紀修道院修建來作為中庭使用的空間，而聖地牙哥聖殿 (Templo de san Diego) 是該修道院碩果僅存的建築。	Jardín de la Unión. This space was built as the atrium for a 17th-century convent, of which the Templo de San Diego is the sole surviving building.
1246	12447553636030044026.wav	在 2015 年末，TogiNet 成立了 AstroNet 電台，做為其子電台。	In late 2015, TogiNet established AstroNet Radio as a subsidiary station.
527	17455068446480299526.wav	在巴第亞東部的一次伏擊中，英軍俘虜了義大利第十軍團的工兵總隊長拉斯圖奇將軍。	In an ambush east of Bardia, the British captured the Italian Tenth Army's Engineer-in-Chief, General Lastucci.
55	9371938976975618796.wav	澳洲財政部長彼德‧寇斯特洛，同時也是最可能接任約翰‧霍華德總理成為自由黨主席的人選，表示支持澳洲核能產業。	Peter Costello, Australian treasurer and the man most likely to succeed Prime Minister John Howard as Liberal party leader has thrown his support behind a nuclear power industry in Australia.
1427	7068265275515044385.wav	體內中毒可能不會立即顯現。嘔吐之類症狀過於普遍，無法據之做出直接的診斷。	Internal poisoning may not be immediately apparent. Symptoms, such as vomiting are sufficiently general that an immediate diagnosis cannot be made.
824	16099567106717785136.wav	最好是找經常預訂類似旅程的旅行社為您效勞。	It can be better to use an agent who frequently books similar trips to yours.
507	14757625922352287331.wav	只要提供一個網址就可以輕易開啟這個網頁，這對在使用鍵盤或拼字上有困難的學生來說，更容易記憶與輸入。	This page can easily be accessed by providing just one web address, which makes it easy to remember and easy to type in for students who may have trouble using the keyboard or with spelling.
48	12938682716021015393.wav	A1GP 汽車大獎賽紐西蘭隊副駕駛強尼瑞德，今天合法地創下了最快速駕駛通過 48 年歷史的紐西蘭奧克蘭海灣大橋的紀錄。	Jonny Reid, co-driver for the A1GP New Zealand team, today made history by driving the fastest over the 48-year-old Auckland Harbour Bridge, New Zealand, legally.
1360	18212298570471092486.wav	要在福克蘭群島以外兌換它的貨幣幾乎不可能，所以務必在離開前完成兌換。	It is nearly impossible to exchange Falklands currency outside of the islands, so exchange money prior to leaving the islands.
890	11400097013755135374.wav	南極洲內陸是一片荒蕪的高原，上面覆蓋著 2-3 公里厚的冰層。	Inland Antarctica is a desolate plateau covered by 2-3 km of ice.
11	9065514618686888538.wav	11:29 左右，示威者朝白廳移動，越過特拉法加廣場，沿著河岸街，經過奧德維奇，自金斯威往北朝霍本前進，當時保守黨正於此處的格蘭康納特飯店舉行春季座談會。	Around 11:29, the protest moved up Whitehall, past Trafalgar Square, along the Strand, passing by Aldwych and up Kingsway towards Holborn where the Conservative Party were holding their Spring Forum in the Grand Connaught Rooms hotel.
465	16198943267028791174.wav	長期以來，傳統的中世紀城堡激發了人們的想像力，使人想起馬上長槍比武、宴會和亞瑟王時代騎士精神的影像。	The traditional medieval castle has long inspired the imagination, conjuring up images of jousts, banquets and Arthurian chivalry.
92	2900957635318949733.wav	羅汀還說，官方決定取消第兩輪決選，以為阿富汗節省經費並避免再次選舉產生的安全風險。	Lodin also said officials decided to cancel the runoff in order to save Afghans the expense and security risk of another election.
267	11909920362609156996.wav	俄羅斯的地面控制中心啟動了噴射口，接著太空站就重新恢復了正常姿態。	
796	16664762370659060041.wav	上面必須記有保險公司的電子郵件地址和國際電話號碼，以便諮詢/授權和申請理賠。	They need to show the insurer's e-mail address and international phone numbers for advice/authorizations and making claims.
1140	15545323723941542287.wav	當然，美國長久以來剝削菲律賓人取得的超高利潤，成為美國帝國主義的基本收穫。	Of course, the superprofits derived from the protracted exploitation of the Filipino people would constitute the basic gains of U.S. imperialism.
306	15640191544669929835.wav	日本柔道選手，也是兩屆奧運金牌得主，齊藤仁 (Hitoshi Saito) 去世，時年 54 歲。	
215	13206526773943983392.wav	高爾夫球和英式橄欖球都將重返奧運會。	Both golf and rugby are set to return to the Olympic Games.
593	18412137020771601220.wav	動物由眾多細胞構成。牠們吃東西並在體內消化。多數動物都能移動。	Animals are made of many cells. They eat things and digest them inside. Most animals can move.
201	14545256810903066833.wav	原為薩菲爾-辛普森颶風風力等級分類中第四級颶風的費莉希亞在星期二消散前減弱為熱帶低氣壓。	Felicia, once a Category 4 storm on the Saffir-Simpson Hurricane Scale, weakened to a tropical depression before dissipating Tuesday.
634	1254102921831885338.wav	如果他是遺失了自己的車鑰匙，並試著強行進入他自己的車子裡，那他應該受到不一樣的審判。	He would need to be judged differently if he had lost his car keys and it was his own car that he was trying to break into.
1503	4004664611515219854.wav	歷史上，大部分的農民都從事自給自足農業，且許多開發中國家依舊如此。	Historically most farmers were engaged in subsistence agriculture and this is still the case in many developing nations.
1371	2102877253412669855.wav	星期一晚上 10:08，西蒙大拿發生了有感中度地震。	A moderate earthquake shook western Montana at 10:08 p.m. on Monday.
525	17436011531149957432.wav	影響程度取決於你的腦袋每晚嘗試做清醒夢的頻率。	The effect is dependent on how often your brain attempts to lucidly dream per night.
237	3300985552871272591.wav	「它的特性就跟水一樣。透明如水。	"It's going to behave like water. It's transparent just the way water is.	it's going to behave like water it's transparent just the way water is	i t ' s | g o i n g | t o | b e h a v e | l i k e | w a t e r | i t ' s | t r a n s p a r e n t | j u s t | t h e | w a y | w a t e r | i s |	100800	FEMALE
684	1084651661465491232.wav	On the other hand, it is precisely because the volume of water is so high that your viewing of the actual Falls will be obscured—by all the water!	on the other hand it is precisely because the volume of water is so high that your viewing of the actual falls will be obscured-by all the water	o n | t h e | o t h e r | h a n d | i t | i s | p r e c i s e l y | b e c a u s e | t h e | v o l u m e | o f | w a t e r | i s | s o | h i g h | t h a t | y o u r | v i e w i n g | o f | t h e | a c t u a l | f a l l s | w i l l | b e | o b s c u r e d - b y | a l l | t h e | w a t e r |	139200	FEMALE
1350	2009822590749185603.wav	The definition has geographic variations, where the age limit might be shorter in places such as North America than in Europe.	the definition has geographic variations where the age limit might be shorter in places such as north america than in europe	t h e | d e f i n i t i o n | h a s | g e o g r a p h i c | v a r i a t i o n s | w h e r e | t h e | a g e | l i m i t | m i g h t | b e | s h o r t e r | i n | p l a c e s | s u c h | a s | n o r t h | a m e r i c a | t h a n | i n | e u r o p e |	173760	FEMALE
586	14665137902362733249.wav	However, the first true telescopes were made in Europe in the late 16th century.	however the first true telescopes were made in europe in the late 16th century	h o w e v e r | t h e | f i r s t | t r u e | t e l e s c o p e s | w e r e | m a d e | i n | e u r o p e | i n | t h e | l a t e | 1 6 t h | c e n t u r y |	89280	FEMALE
434	5050128232683050697.wav	Present-day parts of Belgium were part of Luxembourg in the past but became Belgian after the 1830s Belgian Revolution.	present-day parts of belgium were part of luxembourg in the past but became belgian after the 1830s belgian revolution	p r e s e n t - d a y | p a r t s | o f | b e l g i u m | w e r e | p a r t | o f | l u x e m b o u r g | i n | t h e | p a s t | b u t | b e c a m e | b e l g i a n | a f t e r | t h e | 1 8 3 0 s | b e l g i a n | r e v o l u t i o n |	217920	FEMALE
1358	403262002602123645.wav	One antibody cocktail, ZMapp, initially showed promise in the field, but formal studies indicated it had less benefit than sought in preventing death.	one antibody cocktail zmapp initially showed promise in the field but formal studies indicated it had less benefit than sought in preventing death	o n e | a n t i b o d y | c o c k t a i l | z m a p p | i n i t i a l l y | s h o w e d | p r o m i s e | i n | t h e | f i e l d | b u t | f o r m a l | s t u d i e s | i n d i c a t e d | i t | h a d | l e s s | b e n e f i t | t h a n | s o u g h t | i n | p r e v e n t i n g | d e a t h |	169920	MALE
1495	13848213392004173961.wav	Others include Livingston Island, and Deception where the flooded caldera of a still-active volcano provides a spectacular natural harbour.	others include livingston island and deception where the flooded caldera of a still-active volcano provides a spectacular natural harbour	o t h e r s | i n c l u d e | l i v i n g s t o n | i s l a n d | a n d | d e c e p t i o n | w h e r e | t h e | f l o o d e d | c a l d e r a | o f | a | s t i l l - a c t i v e | v o l c a n o | p r o v i d e s | a | s p e c t a c u l a r | n a t u r a l | h a r b o u r |	206400	MALE
100	5620659463737783173.wav	A power failure following a routine fire-command system test caused relief valves to open and crude oil overflowed near the Fort Greely pump station 9.	a power failure following a routine fire-command system test caused relief valves to open and crude oil overflowed near the fort greely pump station 9	a | p o w e r | f a i l u r e | f o l l o w i n g | a | r o u t i n e | f i r e - c o m m a n d | s y s t e m | t e s t | c a u s e d | r e l i e f | v a l v e s | t o | o p e n | a n d | c r u d e | o i l | o v e r f l o w e d | n e a r | t h e | f o r t | g r e e l y | p u m p | s t a t i o n | 9 |	196800	MALE
67	10880833674931415946.wav	After it became apparent that many families were seeking legal help to fight the evictions, a meeting was held on March 20 at the East Bay Community Law Center for the victims of the housing scam.	after it became apparent that many families were seeking legal help to fight the evictions a meeting was held on march 20 at the east bay community law center for the victims of the housing scam	a f t e r | i t | b e c a m e | a p p a r e n t | t h a t | m a n y | f a m i l i e s | w e r e | s e e k i n g | l e g a l | h e l p | t o | f i g h t | t h e | e v i c t i o n s | a | m e e t i n g | w a s | h e l d | o n | m a r c h | 2 0 | a t | t h e | e a s t | b a y | c o m m u n i t y | l a w | c e n t e r | f o r | t h e | v i c t i m s | o f | t h e | h o u s i n g | s c a m |	228480	FEMALE
504	6862060734025715797.wav	MySpace is the third most popular website used in the United States and has 54 million profiles currently.	myspace is the third most popular website used in the united states and has 54 million profiles currently	m y s p a c e | i s | t h e | t h i r d | m o s t | p o p u l a r | w e b s i t e | u s e d | i n | t h e | u n i t e d | s t a t e s | a n d | h a s | 5 4 | m i l l i o n | p r o f i l e s | c u r r e n t l y |	183360	FEMALE
632	2394313082741771249.wav	Among these abilities, understanding the intention of others is crucial. It allows us to resolve possible ambiguities of physical actions.	among these abilities understanding the intention of others is crucial it allows us to resolve possible ambiguities of physical actions	a m o n g | t h e s e | a b i l i t i e s | u n d e r s t a n d i n g | t h e | i n t e n t i o n | o f | o t h e r s | i s | c r u c i a l | i t | a l l o w s | u s | t o | r e s o l v e | p o s s i b l e | a m b i g u i t i e s | o f | p h y s i c a l | a c t i o n s |	303360	MALE
518	1409468527352167880.wav	The chimpanzee's hand and foot are similar in size and length, reflecting the hand's use for bearing weight in knuckle walking.	the chimpanzee's hand and foot are similar in size and length reflecting the hand's use for bearing weight in knuckle walking	t h e | c h i m p a n z e e ' s | h a n d | a n d | f o o t | a r e | s i m i l a r | i n | s i z e | a n d | l e n g t h | r e f l e c t i n g | t h e | h a n d ' s | u s e | f o r | b e a r i n g | w e i g h t | i n | k n u c k l e | w a l k i n g |	156480	FEMALE
55	587868860924920396.wav	Peter Costello, Australian treasurer and the man most likely to succeed Prime Minister John Howard as Liberal party leader has thrown his support behind a nuclear power industry in Australia.	peter costello australian treasurer and the man most likely to succeed prime minister john howard as liberal party leader has thrown his support behind a nuclear power industry in australia	p e t e r | c o s t e l l o | a u s t r a l i a n | t r e a s u r e r | a n d | t h e | m a n | m o s t | l i k e l y | t o | s u c c e e d | p r i m e | m i n i s t e r | j o h n | h o w a r d | a s | l i b e r a l | p a r t y | l e a d e r | h a s | t h r o w n | h i s | s u p p o r t | b e h i n d | a | n u c l e a r | p o w e r | i n d u s t r y | i n | a u s t r a l i a |	260160	FEMALE
360	2251322340497037905.wav	Scientists call this process stimulated emission of radiation"" because the atoms are stimulated by the bright light, causing the emission of a photon of light, and light is a type of radiation."
938	9818579678934268585.wav	在某些聯邦國家，例如美國和加拿大，聯邦政府和地方政府都課徵所得稅，因此稅率和稅級會因地區而有所不同。	In some federal countries, such as the United States and Canada, income tax is levied both at the federal level and at the local level, so the rates and brackets can vary from region to region.
451	17971368673521238252.wav	塞倫蓋蒂區域包括坦尚尼亞的塞倫蓋蒂國家公園、恩戈羅恩戈羅保護區和馬斯瓦野生動物保護區，以及肯亞的馬賽馬拉保護區。	
645	9239176151764787316.wav	後現代的學習方法讓人能擺脫定則。學習的良方不只一種。	The postmodern approach to learning offers the freedom from absolutes. There is no one good way to learn.
255	4252581082442489217.wav	他因此成就得到蘇聯最高榮譽「蘇聯英雄」的稱號。	"He received the ""Hero of the Soviet Union"", the Soviet Union's highest honor, for his work."
52	15297579768027498308.wav	今年四月，葛林法官針對監獄核發臨時禁制令，要求強制釋放在被捕後已拘留超過 24 小時但仍未收到法院通知預審的人。	In April this year, a temporary restaining order was issued by Judge Glynn against the facility to enforce the release of those held more than 24 hours after their intake who did not receive a hearing by a court commissioner.
273	1571958898722407692.wav	他指出，部分研究認為這種疾病必須先變得較不致命，才有可能造成全球大流行。	Some studies suggest that the disease must become less lethal before it can cause a global epidemic, he noted.
1389	16916257611797062021.wav	提前預訂可以讓旅人安心，知道一抵達目的地就有睡覺的地方。	Booking in advance gives the traveller peace of mind that they will have somewhere to sleep once they arrive at their destination.
327	17271956305717760635.wav	預計暴風雨還要很久才會登陸，會對美國或加勒比海地區造成多大的影響還很難說。	As the storm is far from landfall, it remains difficult to assess potential impact to the United States or Caribbean.
672	3414334394176725866.wav	因此，5 月任一日期的偏遠地許可會在 1 月 1 日開放申請。	Thus, a backcountry permit for any start date in May becomes available on 1 Jan.
1216	18027708881647035293.wav	北岸海灘（北港區）位於太平洋沿岸，從北邊的長灣一路延伸到南邊的德文港。	
946	6674450531319628857.wav	維京人從俄羅斯的航道進入黑海和裏海。目前有一部份的航道仍可通行，請留意是否需要特殊許可，有些許可不易取得。	Vikings used the Russian waterways to get to the Black Sea and Caspian Sea. Parts of these routes can still be used. Check possible need for special permits, which may be difficult to get.
290	6317399293690147198.wav	美國地質調查局的國際地震地圖顯示冰島過去一週都沒有發生地震。	The United States Geological Survey international earthquake map showed no earthquakes in Iceland in the week prior.
1363	12524544971973355157.wav	那裡有歐洲棕熊、狼、老鷹、貓頭鷹、猞猁、野貓和松雞等稀有動物群，此外也有許多較常見的物種	Rare fauna such as the European brown bear, wolf, eagle, owl, lynx, wild cat and capercaillie can be found there, along with many more common species
1121	1451896745615983794.wav	檢察長基爾‧斯塔摩今早發表聲明，宣布起訴休恩和普萊斯。	The Director of Public Prosecutions, Kier Starmer QC, gave a statement this morning announcing the prosecution of both Huhne and Pryce.
726	16764150737862952063.wav	如今此空間被當作中央廣場，不論日夜都十分熱鬧。	It now functions as the central plaza, and always has a lot of things going on, day and night.
990	4137827508182403268.wav	冰河並不穩定，而是會順著山脈流下。這種狀況會導致冰體斷裂或有隙縫，但可能會被雪橋掩蓋。	The glaciers are not stable, but flow down the mountain. This will cause cracks, crevasses, which may be obscured by snow bridges.
797	2347491985386061851.wav	在您的行李中及線上各保存一份副本（以電子郵件連同附件傳送給自己，或儲存在「雲端」）。	"Have another copy in your luggage and online (e-mail to yourself with attachment, or stored in the ""cloud"")."
207	1180403045161618037.wav	墜機地點已於今日確認，且因該地點難以到達，因此由兩名警員空降至叢林裡，以便步行至事故現場尋找倖存者。	The crash site was located today and is so inaccessable that two policemen were dropped into the jungle in order to hike to the scene and seek survivors.
79	9768744812248892793.wav	馬魯基多爾隊最後摘下冠軍，領先第二名的努沙隊六分。	Maroochydore had finished on top of the ladder, six points clear of Noosa in second.
1246	8249666281041860486.wav	在 2015 年末，TogiNet 成立了 AstroNet 電台，做為其子電台。	In late 2015, TogiNet established AstroNet Radio as a subsidiary station.
87	4165853530301948788.wav	根據皮特曼的說法，這次堆冰的數量和厚度，是海豹獵人這十五年來見過最糟的情況。	The amount and thickness of the pack ice, according to Pittman, is the worst it has been for sealers in the past 15 years.
1361	10754010047346012822.wav	金可被延展成細絲，再進行纏繞和編織。亦可搥打或捲成薄片。	It can be pulled into thin wire, which can be twisted and plaited. It can be hammered or rolled into sheets.
888	9227320356491608442.wav	遊客來訪的花費頗高、需要體力、只能在 夏季 11 月到 2 月間進行，且範圍多限制在半島、島嶼和羅斯海。	Tourist visits are costly, demand physical fitness, can only take place in summer Nov-Feb, and are largely limited to the Peninsula, Islands and Ross Sea.
1493	6914962006251393689.wav	這更像是物質的 4 個狀態（以相同的順序排列）：固體、液體、氣體和等離子體，雖然他還推論它們會變成新的物質，來形成我們所看到的東西。	This was more like the four states of matter (in the same order): solid, liquid, gas, and plasma, though he also theorised that they change into new substances to form what we see.
1344	16585507324406580134.wav	獅子、獵豹和花豹有時會害怕人靠近，比較適合用雙筒望遠鏡來觀察。	Lions, cheetahs and leopards are sometimes shy and you will see them better with binoculars.
518	8469625100445378825.wav	黑猩猩手和腳的尺寸與長度相當，反映了牠們的手在握拳行走時承受重量的作用。	The chimpanzee's hand and foot are similar in size and length, reflecting the hand's use for bearing weight in knuckle walking.
1377	8432642517135218868.wav	電影中的兩首歌曲〈Audition (The Fools Who Dream)〉和〈 City of Stars〉提名最佳原創歌曲。獅門影視總共提名 26 個獎項，傲視其他電影工作室。	Two songs from the movie, Audition (The Fools Who Dream) and City of Stars, received nominations for best original song. Lionsgate studio received 26 nominations — more than any other studio.
1204	4590306833188361522.wav	巴比倫人為每位神建造一座主要的神廟，那些神廟被視為神的家。	The Babylonians built each of their gods a primary temple that was considered the home of the god.
150	12255925571471722858.wav	北岩銀行受 2007 年的次級房貸危機影響而請求協助。	Northern Rock had required support due to its exposure during the subprime mortgage crisis in 2007.
458	16695890680063058999.wav	變焦鏡頭的另一缺點是鏡頭的最大光圈（速度）通常較低。	Another disadvantage of zoom lenses is that the maximum aperture (the speed) of the lens is usually lower.
112	9050011141740482244.wav	Stardust 專案經理湯姆．達克斯伯里 (Tom Duxbury) 表示：「它將飛越北加州的西海岸，照亮從加州到俄勒岡州中部，再經由內華達州及愛達荷州直到猶他州的天空。」	“It will move over the west coast of northern California and will light the sky from California through central Oregon and on through Nevada and Idaho and into Utah,” Tom Duxbury, Stardust's project manager said.
973	14574649258650718554.wav	然而，所有說法文的比利時人和瑞士人在學校都要學習標準法文，這樣如果你使用標準的法文記數系統他們才能了解。	Nevertheless, all French-speaking Belgians and Swiss would have learned standard French in school, so they would be able to understand you even if you used the standard French numbering system.
216	7401848176691426127.wav	國際奧委會今日於柏林舉行的執行委員會會議中，投票決定將納入比賽的運動種類。英式橄欖球，精確來說是七人制橄欖球，以及高爾夫球，勝過其他五項運動，被列為奧運項目。	The International Olympic Committee voted to include the sports at its executive board meeting in Berlin today. Rugby, specifically rugby union, and golf were selected over five other sports to be considered to participate in the Olympics.
585	14823930697000445821.wav	人類幾千年來一直在製造透鏡，並使用它的放大功能。	Humans have been making and using lenses for magnification for thousands and thousands of years.
716	15033402806690706402.wav	這將確保您的特定興趣和/或限制會與最適合它們的船隻相符。	This will ensure that your particular interests and/or constraints are matched with the ship most suitable to them.
1355	12052006836515958119.wav	傳染病本身，或藉力傷害或殺害人的危險動物，通常不屬於害蟲。	Infectious diseases themselves, or dangerous animals that can injure or kill people by force, do not usually qualify as pests.
62	2531838388922921950.wav	在他為時 2 個小時的演說中，他表示：「今天蘋果將重新打造電話，我們會在今天創造歷史。」	"During his 2 hour speech he stated that ""Today Apple is going to reinvent the phone, We are going to make history today""."
354	10650224505970716119.wav	水分子在水面上形成一層隱形的膜，讓針等物體能浮在水上。	The water molecules make an invisible skin on the water’s surface that allows things like the needle to float on top of the water.
581	8619831075858242780.wav	這些神經脈衝以極快的速度傳送到身體各處，協助身體避開潛在威脅。	These nerve impulses can be sent so quickly throughout the body which helps keep the body safe from any potential threat.
1004	16865294048292624262.wav	長久以來，人們始終知道不同類型的腦部受損、創傷、病變及腫瘤都會影響行為，並造成某些心理機能的改變。	It has been known for a long time that different types of brain damage, traumas, lesions, and tumours affect behaviour and cause changes in some mental functions.
567	2004579468156448175.wav	視力，或視物的能力，來自視覺系統的感覺器官或眼睛。	Vision, or the ability to see depends on visual system sensory organs or eyes.
668	2110872542836538883.wav	許多在 eBay 或 Craigslist 等拍賣網站上賣出的票券，是已被使用過一部分的主題樂園多日聯票。	Many tickets sold online through auction websites such as eBay or Craigslist are partially used multi-day park-hopper tickets.
1422	7676344327853469098.wav	要搭上頭等艙或商務艙，最直接了當的方式，就是拿出厚厚一疊鈔票享受優待（還有更好的方式，那就是讓公司出錢）。	The obvious way of flying in first or business class is to fork out a thick wad of money for the privilege (or, better yet, get your company to do it for you).
813	16415640630966086161.wav	單日健行為一英里以下或更長距離的單日行程。	Day hiking involves distances of less than a mile up to longer distances that can be covered in a single day.
640	11535276777133303827.wav	非同步交流讓我們有時間反思，思考如何回應他人。	Asynchronous communication encourages time for reflection and reaction to others.
1097	2817740115499398331.wav	旅行社通常會跟特定的飯店合作，不過你也可以透過旅行社預訂其他類型的住宿，比方露營地。	Travel agents often have deals with specific hotels, although you may find it possible to book other forms of accommodation, like camping grounds, through a travel agent.
1227	17482209136819199485.wav	Ring 也與保安產業的競爭對手 ADT 公司達成訴訟和解。	Ring also settled a lawsuit with competing security company, the ADT Corporation.
1336	3987383538203200571.wav	漢彌爾頓 (Hamilton) 證實霍華德大學醫院 (Howard University Hospital) 收治了病情穩定的病人。	Hamilton confirmed Howard University Hospital admitted the patient in stable condition.
209	14042964952041086193.wav	根據報導，馬克白街上的一棟公寓因瓦斯外洩而爆炸。	According to reports, an apartment on Macbeth Street exploded due to a gas leak.
288	5260854553800546934.wav	RSPCA 新南威爾斯州首席檢查員大衛‧歐山納西向 ABC 表示，澳洲應普遍執行對屠宰場的監控和與檢查。	RSPCA New South Wales chief inspector David O'Shannessy told the ABC that surveillance and inspections of abattoirs should be commonplace in Australia.
445	14768747767333975541.wav	三分之二的委內瑞拉工作人口從事服務業，將近四分之一的人從事工業，五分之一的人從事農業。	Two thirds of Venezuelans who work do so in the service sector, nearly a quarter work in industry and a fifth work in agriculture.
1144	14644356547681493933.wav	東加並未回報任何重大損壞或傷亡，但據稱暫時的電力中斷妨礙了東加相關單位接收太平洋海嘯警報中心 (PTWC) 發出之海嘯警報。	No major damage or injuries have been reported in Tonga, but power was temporarily lost, which reportedly prevented Tongan authorities from receiving the tsunami warning issued by the PTWC.
524	1235685144797370868.wav	這就跟您每二十或三十分鐘醒來看電視一樣累。	This is just as exhausting as if you were to wake up every twenty or thirty minutes and watch TV.
328	612730650085649552.wav	波貝克出生於克羅埃西亞的首都薩格勒布，在為貝爾格萊德游擊隊效力時成名。	Born in the Croatian capital, Zagreb, Bobek gained fame while playing for Partizan Belgrade.
199	4664958064939408268.wav	「除了發燒和喉嚨痛之外，我覺得很健康、身體狀況良好，可以用遠端的方式繼續工作。	"Apart from the fever and a sore throat, I feel well and in good shape to carry out my work by telecommuting.	apart from the fever and a sore throat i feel well and in good shape to carry out my work by telecommuting	a p a r t | f r o m | t h e | f e v e r | a n d | a | s o r e | t h r o a t | i | f e e l | w e l l | a n d | i n | g o o d | s h a p e | t o | c a r r y | o u t | m y | w o r k | b y | t e l e c o m m u t i n g |	150720	MALE
1111	218274620981369890.wav	Adekoya has since been in Edinburgh Sheriff Court charged with murdering her son.	adekoya has since been in edinburgh sheriff court charged with murdering her son	a d e k o y a | h a s | s i n c e | b e e n | i n | e d i n b u r g h | s h e r i f f | c o u r t | c h a r g e d | w i t h | m u r d e r i n g | h e r | s o n |	126720	MALE
264	12899506343997225612.wav	The commissioner said, We haven't yet agreed on rules of origin and tariff con[c]essions, but the framework we have is enough to start trading on July 1, 2020""."
400	9748560000484618245.wav	為此，他們必須除掉英國在埃及的基地和船隻，除了這些行動之外，義大利戰艦不該涉及其他事情。	For that, they had to get rid of British bases and ships in Egypt. Besides those actions, Italy's battleships were not supposed to do anything else.
1127	3636190352364424938.wav	麥地那舊城一帶可輕易找到販售傳統摩洛哥商品的地方，包括塔吉鍋、陶器、皮製品、水煙及各式各樣的花俏飾品，但這些都是賣給遊客的。	Around the old Medina it's easy to find places selling traditional Moroccan goods, such as tagines, pottery, leather goods, hookahs, and a whole spectrum of geegaws, but it's all for the tourists.
1486	4998879092500907713.wav	據猜測他將在 2016 年競選總統。	He is speculated to make a run for president in 2016.
213	17797091588629514957.wav	公寓內沒有任何人。	No one was inside the apartment.
959	12186912071139906591.wav	沒有任何航空聯盟提供橫跨南半球所有三大洋之航線（天合聯盟未橫跨任一海洋）。	No airline alliance covers all three ocean crossings in the Southern Hemisphere (and SkyTeam covers none of the crossings).
1054	4704802124740312108.wav	課程通常為期 2 到 5 天，會涉及角色扮演、大量的急救訓練，以及有時會做武器訓練。	A course will normally be from 2-5 days and will involve role play, a lot of first aid and sometimes weapons training.
578	11212541683013097365.wav	細胞是所有生物的基本單位，所有的生命體都是由一個或多個細胞組成的。	The cell is the basic unit of all living things, and all organisms are composed of one or more cells.
837	4679656368526432986.wav	建築關乎建築物的設計和建造。某個地方的建築常因本身特色而成為旅遊景點。	Architecture is concerned with the design and construction of buildings. The architecture of a place is often a tourist attraction in its own right.
753	14668181422787715886.wav	簡而言之，開車是進行公路旅行的好方式，但那本身鮮少是一種「露營」方式。	"In short, using your car is a great way to take a road trip but seldom in itself a way to ""camp""."
994	2768826237562757105.wav	然而，它們在冬天有不同的美與魅力。許多山間小鎮都會下不少的雪，且那裡也會提供滑雪和滑雪板等活動。	However, they have a different kind of beauty and charm during winter, with many hill stations receiving healthy amounts of snow and offering activities such as skiing and snowboarding.
941	15031875508557400571.wav	進入遊記寫作產業最簡單的方式，就是在知名的旅遊部落格網站上鍛鍊你的技巧。	The easiest way to get started in the business of travel writing is to hone your skills on an established travel blog website.
9	15734620524249779691.wav	才剛過11點，抗議者就封鎖了白廳北向車道的交通。	Just after 11:00, protesters blocked traffic on the northbound carriage in Whitehall.
1300	5552259787619864429.wav	為什麼會有組織想要歷經耗時的流程建立學習機構？將組織的學習概念付諸實踐的其中一個目標，就是創新。	Why would an organization want to go through the time consuming process of establishing a learning organization? One goal for putting organizational learning concepts into practice is innovation.
162	1078356962584965922.wav	美國海軍表示他們正在調查該起事件。	The US Navy also said they were investigating the incident.
35	4304954892303250883.wav	上午8點46分時，整座城市陷入一片寂靜，此刻正是第一架噴射機撞擊目標的確切時間。	At exactly 8:46 a.m. a hush fell across the city, marking the exact moment the first jet struck its target.
509	4695922910307627631.wav	注意力缺失症「是一種神經性綜合症狀，其典型的三種症狀包含衝動、分心、過動或精力過剩。」	"Attention Deficit Disorder ""is a neurological syndrome whose classic defining triad of symptoms including impulsivity, distractibility, and hyperactivity or excess energy""."
941	7317150419800175621.wav	進入遊記寫作產業最簡單的方式，就是在知名的旅遊部落格網站上鍛鍊你的技巧。	The easiest way to get started in the business of travel writing is to hone your skills on an established travel blog website.
7	11855102712967372405.wav	自從搬到加泰隆尼亞的首府後，比達爾已經為球隊踢了 49 場球賽。	Since moving to the Catalan-capital, Vidal had played 49 games for the club.
1161	2079850700223135519.wav	如果騎士從馬背上摔下來，但一隻腳卡在馬鐙中，他們可能會在馬匹跑開時被拖行。為了將此風險降到最低，可以採取許多安全預防措施。	If a rider is thrown from a horse but has a foot caught in the stirrup, they could be dragged if the horse runs away. To minimize this risk, a number of safety precautions can be taken.
709	3813480611862694597.wav	大部分的步道都鋪設石階，地勢陡峭的路段則裝上鋼纜作為扶手。	Stone steps are laid along most of the path, and in the steeper sections steel cables provide a supporting handrail.
435	7900978967014942953.wav	盧森堡一直試圖保持中立國的立場，但在第一次和第二次世界大戰時皆被德國佔領。	Luxembourg has always tried to remain a neutral country but it was occupied in both World War I and World War II by Germany.
1479	15075896309696658827.wav	黃金能被打造成各種形狀。它能被軋成微小的形狀。	Gold may be worked into all sorts of shapes. It can be rolled into tiny shapes.
1333	10303259924206005300.wav	以上這些和其他種種，都讓安大略省被外地人視為典型的加拿大樣貌。	All these things and more highlight Ontario as what is considered quintessentially Canadian by outsiders.
546	17106341566109992161.wav	約翰·卡德瓦爾德 (John Cadwalder) 將軍將對在博登敦 (Bordentown) 的英國駐軍發動牽制攻擊，以封鎖任何支援部隊。	General John Cadwalder would launch a diversionary attack against the British garrison at Bordentown, in order to block off any reinforcements.
217	1729463512051623846.wav	壁球、空手道和滑輪溜冰就像棒球與壘球，都試圖躋身奧運項目，但在 2005 年的投票表決中紛紛落選。	Squash, karate and roller sports tried to get onto the Olympic program as well as baseball and softball, which were voted out of the Olympic Games in 2005.
244	14903120934164163309.wav	「感謝那些支持像我這樣的囚犯的人，」西里彭在記者會上這樣說道。	Thanks for those who supported a convict like me, Siriporn was quoted as saying at a press conference.
889	11928102035032499244.wav	在夏天，有數千名人員在近五十座基地內（多數位於那些地區）生活；少數人會留下過冬。	A couple of thousand staff live here in summer in some four dozen bases mostly in those areas; a small number stay over winter.
98	1069959810603854605.wav	10 月 7 日，一架引擎在起飛時脫落，無人受傷。事故發生後，俄羅斯短暫停飛了 Il-76。	On October 7 an engine separated on takeoff, without injuries. Russia briefly grounded Il-76s after that accident.
1486	8996295950141422891.wav	據猜測他將在 2016 年競選總統。	He is speculated to make a run for president in 2016.
1146	5334221971362979415.wav	然而，那名司機的頭部受到了嚴重的傷害。	However, the driver sustained serious injuries to the head.
594	6909888448158055577.wav	只有動物有大腦（然而甚至不是所有動物都有；例如水母就沒有大腦）。	Only animals have brains (though not even all animals do; jellyfish, for example, do not have brains).
1360	3694450086940166096.wav	要在福克蘭群島以外兌換它的貨幣幾乎不可能，所以務必在離開前完成兌換。	It is nearly impossible to exchange Falklands currency outside of the islands, so exchange money prior to leaving the islands.
291	3801056466613433539.wav	冰島氣象局亦表示海克拉火山地區在過去 48 小時無地震活動。	
1033	11358195022181896264.wav	復活節有個傳統是在露天處醒著通霄不眠，並觀賞日出。	There's a tradition to pass the Easter night awake at some exposed point to see the sunrise.
1080	4057600611049533126.wav	這部由卡米爾．聖桑 (Camille Saint-Saens) 所寫的法國歌劇，是描述一位「以對毒品和日本的熱愛主宰人生」的藝術家。	
375	9023882642840771594.wav	在地球上體重 200 磅（ 90 公斤）的人，到了木衛一上會變成 36 磅（ 16 公斤）。所以說，地心引力對你的拉力當然比較小。	A person who weighs 200 pounds (90kg) on Earth would weigh about 36 pounds (16kg) on Io. So the gravity, of course, pulls less on you.
261	5460211470880595357.wav	該市的替代路線環城高速公路並未傳出嚴重塞車的情況。	There were no heavy traffic delays reported on the beltway, the city's alternate route.
964	13423285967690336742.wav	關於此地區的外交爭論持續損害亞美尼亞和亞塞拜然之間的關係。	Diplomatic arguments over the region continue to mar relations between Armenia and Azerbaijan.
930	1608683119632133521.wav	有時在不同的資料彙集網站上，同一班機的價差很大，比較搜尋結果之餘，也查查看航空公司本身的網站再下單有其回報。	Sometimes the same flight can have vastly differing prices at various agregators and it pays to compare search results and to also look at the website of the airline itself before booking.
514	13514568608128996071.wav	當獲取知識和學習的能力如上所述那樣改變時，獲取知識的基本速率就會跟著改變。	As the ability to obtain knowledge and to learn changed in such a way as mentioned above the base rate at which knowledge was obtained changed.
914	7144427120540776587.wav	常見的情況是必須購買不同的國際電話號碼，才能接到 PSTN 電話。對打電話給你的人而言，號碼來自哪裡確實有差別。	Often, you have to buy a global number separately that allows PSTN phones to call you. Where the number is from makes a difference for people calling you.
36	13118602958964514769.wav	整個晚上，兩道光束直直照向天際。	Two beams of light have been rigged up to point skywards overnight.
943	1373551070108664047.wav	旅行時參加志願活動是貢獻一己之力的好方法，而且這不只是單純給予。	Volunteering while travelling is a great way to make a difference but it's not just about giving.
789	3837952136865984865.wav	很多國家全國上下都能說流利的英語，而能稍微理解英語的國家更多，特別是這些國家的年輕人。	Many entire nations are completely fluent in English, and in even more you can expect a limited knowledge - especially among younger people.
485	16245458148238838680.wav	神祕主義與其它宗教信仰與崇拜能有所分別，是因為它看重個人對於一種獨特意識狀態的直接經驗，尤其是那種平和、洞察、喜悅、甚至是狂喜的特質。	Mysticism can be distinguished from other forms of religious belief and worship by its emphasis on the direct personal experience of a unique state of consciousness, particularly those of a peaceful, insightful, blissful, or even ecstatic character.
1093	7135881900295306934.wav	成功的秘訣在於利基的觀念，也就是每一隻貓要做的工作都是獨特的，如此一來牠們就不會彼此競爭。	The secret to their success is the concept of the niche, a special job each cat holds that keeps it from competing with others.
1083	273818623810762704.wav	在他的旅程中，岩崎圭一碰過不少麻煩。	During his trip, Iwasaki ran into trouble on many occasions.
708	8353677064788834695.wav	它由下仰望看起來有些嚇人，坡度陡峭難以攀登。但是大部分體力正常的人應該可以在45分鐘內登頂。	It looks a bit daunting from below, and it is a steep and difficult ascent, but most reasonably fit persons should be able to make it in about 45 minutes.
593	3830585811690115357.wav	動物由眾多細胞構成。牠們吃東西並在體內消化。多數動物都能移動。	Animals are made of many cells. They eat things and digest them inside. Most animals can move.
159	11909928566181374344.wav	強森獲得 2,243 分，以七分之差的成績屈居第二。	Seven points behind, Johnson is second with 2,243.
1426	16401794600436356668.wav	對薩米人來說，飼養馴鹿是重要的生計，對其他專長的眾多薩米人來說，養鹿業的週邊文化同樣也很重要。	Reindeer husbandry is an important livelihood among the Sámi and the culture surrounding the trade is important also for many with other professions.
652	1786572059049187405.wav	如上所述，雖然美國仍可接受「愛斯基摩人」一詞，但許多非美裔的北極地區人民，尤其是加拿大人，卻視之為貶義。	"As mentioned above, though the word ""Eskimo"" remains acceptable in the United States, it is considered pejorative by many non-U.S. Arctic peoples, especially in Canada."
759	1176364118559114948.wav	手頭闊綽的旅客可能會考慮來趟環遊世界之旅，並在這些旅館中的幾間留宿。	A traveller with piles of money might consider a round the world flight, broken up with stays in many of these hotels.
613	18146431492126884718.wav	音樂錄製的方式，通常是以精密的電腦處理並進行混音。	Music is often recorded using sophisticated computers to process and mix sounds together.
309	14878882448060188922.wav	除了前奧運會和世界冠軍的身份之外，齋藤在去世前還擔任全日本柔道連盟培訓委員會的主席。	As well as a former Olympic and World champion, Saito was the All Japan Judo Federation training committee chairman at the time of his death.
43	15479590119504870066.wav	氣象預報員說，這場颶風位於維德角島西方 645 英里（1040 公里）處，很有可能在威脅到陸地之前就消散掉。	The storm, situated about 645 miles (1040 km) west of the Cape Verde islands, is likely to dissipate before threatening any land areas, forecasters say.
190	2416325300725402367.wav	預計颱風會以時速 11 公里往中國前進。	The typhoon is estimated to be moving toward China at eleven kph.
741	12000927856845230978.wav	這是由 15 座島嶼組成的群島，遍佈在 220 萬平方公里的海上。	It is an archipelago with 15 islands spread out over 2.2 million km2 of ocean.
34	17855113799364581177.wav	小畢奇在 2009 年匈牙利大獎賽後失去賽車手的身分。	Piquet Jr. was sacked after the 2009 Hungarian Grand Prix.
289	3985426124591300736.wav	「監視器一定會向這些養殖工作者傳達一個強烈訊息，也就是動物的福利是重中之重。」	The CCTV would certainly send a strong signal to those people working with animals that their welfare is of the highest priority.
436	7283635052167239270.wav	1957 年，盧森堡成為了如今被稱為歐洲聯盟的組織的創始成員之一。	In 1957 Luxembourg became a founding member of the organization which is today known as the European Union.
1267	5246474111719102923.wav	「每一次我們進行彩排時，我都打從心底受到感動。」	I was moved every time we did a rehearsal on this, from the bottom of my heart.
64	15723011677272706302.wav	巴西國民議會已進行了 10 年的合法化辯論，但這樣的民事婚姻目前只有在南里約格蘭德合法。	The National Congress of Brazil has debated legalization for 10 years, and such civil marriages are currently only legal in Rio Grande do Sul.
42	879703517667043758.wav	包括約翰葛蘭特在內的一些人認為，財政困難及電視教育節目理念的改變，促使此系列畫下句點。	It is believed by some, including John Grant, that both the funding crunch and a shift in the philosophy of educational television programming contributed to ending the series.
1129	1677584045994500100.wav	美國總統喬治·W·布希在 11 月 16 日早晨抵達新加坡，開始為期一週的亞洲之旅。	U.S. President George W. Bush arrived in Singapore the morning of November 16, beginning a week-long tour of Asia.
434	17467609355902322858.wav	現今，比利時的部分地區在過去曾是盧森堡的一部分，但在 1830 年代的比利時革命之後變成比利時。	Present-day parts of Belgium were part of Luxembourg in the past but became Belgian after the 1830s Belgian Revolution.
471	11621908680595304905.wav	歐洲國家嘗試維持其國家主權的一種制度稱為權力平衡。	The balance of power was a system in which European nations sought to maintain the national sovereignty of all European states.
1464	2004462904835418792.wav	這是亨利．路易斯．蓋茨的 PBS 特別節目《非洲世界奇觀》的主要停留地點之一。	It was one of the major stops during Henry Louis Gates' PBS special Wonders of the African World.
701	5926858867846027984.wav	這些要求是為了讓兩國間的遷徙活動更井然有序。	These requirements are designed to provide an organized migratory flow between both countries.
1101	965427011393481837.wav	每年有數十名遊客因為未保持適當距離而受傷。這些動物體型龐大、未經馴養，且具有潛在的危險性，因此請給牠們足夠的空間。	Each year, dozens of visitors are injured because they didn't keep a proper distance. These animals are large, wild, and potentially dangerous, so give them their space.
864	18062681033105173640.wav	此外，在溫暖的氣候下，細菌不但繁殖得更快，也能在體外存活較長的時間。	Also, in warmer climates bacteria both grow more quickly and survive longer outside the body.
950	7198601548168408621.wav	基本上您要貼出告示，表示願意提供幫助、在碼頭走來走去、主動接近正在洗船的遊艇主，並試著與酒吧裡的船員攀談等。	Basically you'll be putting up notices offering your help, pacing the docks, approaching people cleaning their yachts, trying to make contact with sailors in the bar, etc.
250	10347517222347169689.wav	這座建築物留宿了一些在麥加朝覲前夕造訪聖城的朝聖者們。	The building housed a number of pilgrims who came to visit the holy city at the eve of hajj pilgrimage.
942	6167812932250322670.wav	待你熟悉在網路上編排格式和編輯後，說不定就能打造你自己的網站。	After you become comfortable with formatting and editing on the web, then later, you might create your own website.
573	8512025849218729789.wav	螞蟻大軍也在不同階段行軍和築巢。	Army ant colonies march and nest in different phases as well.
521	13543484910381038010.wav	有些人認為時常體驗多次人為誘發的清醒夢會變得非常疲倦。	Some people believe that experiencing many artificially induced lucid dreams often enough can be very exhausting.
637	4265007499937498980.wav	1970 年，研究科學家雷蒙德．達馬迪安醫生發現了使用磁振造影作為醫療診斷工具的原理。	In the year 1970, Raymond Damadian, a medical doctor and research scientist, discovered the basis for using magnetic resonance imaging as a tool for medical diagnosis.
1297	13168622279735285445.wav	如果你發現自己會在睡夢中重設鬧鐘，你可以把鬧鐘放在房間的另一邊，強迫自己下床關掉鬧鐘。	If you find yourself resetting the clock in your sleep, it can be placed on the other side of the room, forcing you to get out of bed to turn it off.
324	6767116217173817196.wav	熱帶低氣壓丹妮爾，是 2010 年大西洋颶風季第四個獲得命名的風暴，於大西洋東部形成。	Tropical Storm Danielle, fourth named storm of the 2010 Atlantic hurricane season, has formed in the eastern Atlantic Ocean.
1153	8417735523492398338.wav	許多學者觀察到的生理及行為上的節律，通常高度倚賴生物內生性的週期，及其隨生理時鐘所產生的物質。	Many observed rhythms in physiology and behavior often crucially depend on the presence of endogenous cycles and their production through biological clocks.
1036	4206849606668052157.wav	赫雪-蔡司實驗是顯示 DNA 為遺傳物質的主要實驗之一。	The Hershey and Chase experiment was one of the leading suggestions that DNA was a genetic material.
164	7545372592503485898.wav	該艦是復仇者級的反水雷艦，當時正前往巴拉望的普林塞薩港。	An Avenger class mine countermeasures ship, the ship was on its way to Puerto Princesa in Palawan.
900	4910380317284049399.wav	雪崩並非異常現象；陡峭斜坡能累積的雪量有限，多餘的積雪會掉下形成雪崩。	Avalanches are not an abnormality; steep slopes can hold only so much slow, and the excess volumes will come down as avalanches.
568	15687781307506253775.wav	眼睛包含許多不同構造，各構造的複雜度依其對有機體需求不同而有差別。	There are many different constructions of eyes, ranging in complexity depending on the requirements of the organism.
677	15394256871593636007.wav	規劃時請牢記在心，南非雖然安定，但並非所有鄰國都如此。	Keep in mind while planning that although Southern Africa is stable not all neighboring countries are.
1194	11769741324250708906.wav	施耐德在家鄉的一處美國空軍基地視訊作證。	Schneider testified via videolink from a USAF base in his homeland.
982	8743378087286884733.wav	尤其在夏天，如果你決定徒步穿過雨林，就必須提防蚊子。	In summer, especially, you'll need to watch out for mosquitoes if you decide to hike through the rainforest.
1332	15326183726516367312.wav	這些關係有助於交通設施的計畫、設計與運作。	These relationships help in planning, design, and operations of roadway facilities.
245	17940273360393581603.wav	「有些人也許不同意，但我不在乎。	"Some may not agree but I don't care.	some may not agree but i don't care	s o m e | m a y | n o t | a g r e e | b u t | i | d o n ' t | c a r e |	58560	MALE
857	2572172917290666580.wav	Carrying for others - Never let your bags out of your sight, especially when you are crossing international borders.	carrying for others never let your bags out of your sight especially when you are crossing international borders	c a r r y i n g | f o r | o t h e r s | n e v e r | l e t | y o u r | b a g s | o u t | o f | y o u r | s i g h t | e s p e c i a l l y | w h e n | y o u | a r e | c r o s s i n g | i n t e r n a t i o n a l | b o r d e r s |	133440	MALE
545	16882235500485912521.wav	The American plan relied on launching coordinated attacks from three different directions.	the american plan relied on launching coordinated attacks from three different directions	t h e | a m e r i c a n | p l a n | r e l i e d | o n | l a u n c h i n g | c o o r d i n a t e d | a t t a c k s | f r o m | t h r e e | d i f f e r e n t | d i r e c t i o n s |	107520	MALE
1105	6114369012747687147.wav	The great pyramid was created to honor the Pharaoh Khufu, and many of the smaller pyramids, tombs, and temples were built to honor Khufu's wives and family members.	the great pyramid was created to honor the pharaoh khufu and many of the smaller pyramids tombs and temples were built to honor khufu's wives and family members	t h e | g r e a t | p y r a m i d | w a s | c r e a t e d | t o | h o n o r | t h e | p h a r a o h | k h u f u | a n d | m a n y | o f | t h e | s m a l l e r | p y r a m i d s | t o m b s | a n d | t e m p l e s | w e r e | b u i l t | t o | h o n o r | k h u f u ' s | w i v e s | a n d | f a m i l y | m e m b e r s |	213120	FEMALE
10	16061555128855936456.wav	At 11:20, the police asked the protesters to move back on to the pavement, stating that they needed to balance the right to protest with the traffic building up.	at 11:20 the police asked the protesters to move back on to the pavement stating that they needed to balance the right to protest with the traffic building up	a t | 1 1 : 2 0 | t h e | p o l i c e | a s k e d | t h e | p r o t e s t e r s | t o | m o v e | b a c k | o n | t o | t h e | p a v e m e n t | s t a t i n g | t h a t | t h e y | n e e d e d | t o | b a l a n c e | t h e | r i g h t | t o | p r o t e s t | w i t h | t h e | t r a f f i c | b u i l d i n g | u p |	190080	MALE
290	8286884867556729518.wav	The United States Geological Survey international earthquake map showed no earthquakes in Iceland in the week prior.	the united states geological survey international earthquake map showed no earthquakes in iceland in the week prior	t h e | u n i t e d | s t a t e s | g e o l o g i c a l | s u r v e y | i n t e r n a t i o n a l | e a r t h q u a k e | m a p | s h o w e d | n o | e a r t h q u a k e s | i n | i c e l a n d | i n | t h e | w e e k | p r i o r |	128640	MALE
491	11077024995055450843.wav	Although in the end, Krushchev sent in tanks to restore order, he did give way to some economic demands and agreed to appoint the popular Wladyslaw Gomulka as the new prime minister.	although in the end krushchev sent in tanks to restore order he did give way to some economic demands and agreed to appoint the popular wladyslaw gomulka as the new prime minister	a l t h o u g h | i n | t h e | e n d | k r u s h c h e v | s e n t | i n | t a n k s | t o | r e s t o r e | o r d e r | h e | d i d | g i v e | w a y | t o | s o m e | e c o n o m i c | d e m a n d s | a n d | a g r e e d | t o | a p p o i n t | t h e | p o p u l a r | w l a d y s l a w | g o m u l k a | a s | t h e | n e w | p r i m e | m i n i s t e r |	284160	MALE
806	16950942347306585366.wav	Consider getting an eye exam at home, especially if insurance covers it, and bringing the prescription along to be filed elsewhere.	consider getting an eye exam at home especially if insurance covers it and bringing the prescription along to be filed elsewhere	c o n s i d e r | g e t t i n g | a n | e y e | e x a m | a t | h o m e | e s p e c i a l l y | i f | i n s u r a n c e | c o v e r s | i t | a n d | b r i n g i n g | t h e | p r e s c r i p t i o n | a l o n g | t o | b e | f i l e d | e l s e w h e r e |	133440	FEMALE
33	5916919541223849997.wav	As the cars ahead of Alonso went in for fuel under the safety car, he moved up the pack to take victory.	as the cars ahead of alonso went in for fuel under the safety car he moved up the pack to take victory	a s | t h e | c a r s | a h e a d | o f | a l o n s o | w e n t | i n | f o r | f u e l | u n d e r | t h e | s a f e t y | c a r | h e | m o v e d | u p | t h e | p a c k | t o | t a k e | v i c t o r y |	180480	FEMALE
1063	9047683831664964836.wav	For example, one might say that the motor car necessarily leads to the development of roads.	for example one might say that the motor car necessarily leads to the development of roads	f o r | e x a m p l e | o n e | m i g h t | s a y | t h a t | t h e | m o t o r | c a r | n e c e s s a r i l y | l e a d s | t o | t h e | d e v e l o p m e n t | o f | r o a d s |	141120	MALE
1070	6992513743013987318.wav	Therefore, reading this grammar primer would help you learn much about Persian grammar and understand phrases better.	therefore reading this grammar primer would help you learn much about persian grammar and understand phrases better	t h e r e f o r e | r e a d i n g | t h i s | g r a m m a r | p r i m e r | w o u l d | h e l p | y o u | l e a r n | m u c h | a b o u t | p e r s i a n | g r a m m a r | a n d | u n d e r s t a n d | p h r a s e s | b e t t e r |	132480	FEMALE
355	10174405558343851822.wav	The blade on a modern ice skate has a double edge with a concave hollow between them. The two edges allow for a better grasp of the ice, even when tilted.	the blade on a modern ice skate has a double edge with a concave hollow between them the two edges allow for a better grasp of the ice even when tilted	t h e | b l a d e | o n | a | m o d e r n | i c e | s k a t e | h a s | a | d o u b l e | e d g e | w i t h | a | c o n c a v e | h o l l o w | b e t w e e n | t h e m | t h e | t w o | e d g e s | a l l o w | f o r | a | b e t t e r | g r a s p | o f | t h e | i c e | e v e n | w h e n | t i l t e d |	192960	MALE
650	4900329448416352783.wav	Thanks to undersea fiber optic cable links to Europe and broadband satellite, Greenland is well connected with 93% of the population having internet access.	thanks to undersea fiber optic cable links to europe and broadband satellite greenland is well connected with 93% of the population having internet access	t h a n k s | t o | u n d e r s e a | f i b e r | o p t i c | c a b l e | l i n k s | t o | e u r o p e | a n d | b r o a d b a n d | s a t e l l i t e | g r e e n l a n d | i s | w e l l | c o n n e c t e d | w i t h | 9 3 % | o f | t h e | p o p u l a t i o n | h a v i n g | i n t e r n e t | a c c e s s |	176640	MALE
920	1357401829541507985.wav	It can save money over buying new maps for a GPS, or a standalone GPS device or renting one from a car rental company.	it can save money over buying new maps for a gps or a standalone gps device or renting one from a car rental company	i t | c a n | s a v e | m o n e y | o v e r | b u y i n g | n e w | m a p s | f o r | a | g p s | o r | a | s t a n d a l o n e | g p s | d e v i c e | o r | r e n t i n g | o n e | f r o m | a | c a r | r e n t a l | c o m p a n y |	173760	MALE
1165	4709842804446646549.wav	Historians have criticized past FBI policies for focusing resources on cases which are easy to solve, especially stolen car cases, with the intent of boosting the agency's success rate.	historians have criticized past fbi policies for focusing resources on cases which are easy to solve especially stolen car cases with the intent of boosting the agency's success rate	h i s t o r i a n s | h a v e | c r i t i c i z e d | p a s t | f b i | p o l i c i e s | f o r | f o c u s i n g | r e s o u r c e s | o n | c a s e s | w h i c h | a r e | e a s y | t o | s o l v e | e s p e c i a l l y | s t o l e n | c a r | c a s e s | w i t h | t h e | i n t e n t | o f | b o o s t i n g | t h e | a g e n c y ' s | s u c c e s s | r a t e |	251520	MALE
678	18034238669406905517.wav	Visa requirements and costs vary from nation to nation and are affected by the country you come from.	visa requirements and costs vary from nation to nation and are affected by the country you come from	v i s a | r e q u i r e m e n t s | a n d | c o s t s | v a r y | f r o m | n a t i o n | t o | n a t i o n | a n d | a r e | a f f e c t e d | b y | t h e | c o u n t r y | y o u | c o m e | f r o m |	144000	MALE
570	609476255896872342.wav	A population is the collection of organisms of a particular species within a given geographic area.	a population is the collection of organisms of a particular species within a given geographic area	a | p o p u l a t i o n | i s | t h e | c o l l e c t i o n | o f | o r g a n i s m s | o f | a | p a r t i c u l a r | s p e c i e s | w i t h i n | a | g i v e n | g e o g r a p h i c | a r e a |	138240	MALE
342	9481485290221600645.wav	Regarding the global financial situation, Zapatero continued by saying that the financial system is a part of the economy, a crucial part."
342	11056240229024135040.wav	談到全球金融狀況時，薩巴德洛繼續說道：「金融系統是經濟的一部份，而且是很重要的一部份。」	"Regarding the global financial situation, Zapatero continued by saying that ""the financial system is a part of the economy, a crucial part."
186	8119583005303549573.wav	在星期天對戰波隆那的球賽之前，他一直待在球隊下榻的飯店裡。	He was staying in the team hotel ahead of a match planned for Sunday against Bolonia.
466	12707381177738975116.wav	就算只是站在千年遺址之處，都能輕易回想起久遠之前戰爭的聲音和氣味，幾乎能聽到鵝卵石地上達達的蹄聲，感受到來自地牢坑裡的恐懼氣息。	
709	14960286399057471121.wav	大部分的步道都鋪設石階，地勢陡峭的路段則裝上鋼纜作為扶手。	Stone steps are laid along most of the path, and in the steeper sections steel cables provide a supporting handrail.
290	11220004431754237411.wav	美國地質調查局的國際地震地圖顯示冰島過去一週都沒有發生地震。	The United States Geological Survey international earthquake map showed no earthquakes in Iceland in the week prior.
191	17443052843447014088.wav	在華氏 90 度的高溫中，等待中的乘客得以補充水份。	Passengers were given water as they waited in 90(F)-degree heat.
594	6541104532932728312.wav	只有動物有大腦（然而甚至不是所有動物都有；例如水母就沒有大腦）。	Only animals have brains (though not even all animals do; jellyfish, for example, do not have brains).
820	3985361597149262946.wav	旅行時你會發現一切都和「家鄉」不一樣。無論禮節、法律、食物、交通、住宿、行為準則和語言等等，多少都會和你居住的地方有點差異。	
182	11756453977257193934.wav	愛爾蘭政府強調議會立法改正此狀況的迫切性。	The Irish government is stressing the urgency of parliamentary legislation to rectify the situation.
217	11121222738641076595.wav	壁球、空手道和滑輪溜冰就像棒球與壘球，都試圖躋身奧運項目，但在 2005 年的投票表決中紛紛落選。	Squash, karate and roller sports tried to get onto the Olympic program as well as baseball and softball, which were voted out of the Olympic Games in 2005.
1098	12779763306803883003.wav	該法案要求在加州銷售的暴力電子遊戲須貼上帶有數字「18」的貼紙，並規定銷售給未成年人每次可被處以 1,000 美元的罰款。	"The bill requires violent video games sold in the state of California to be labeled with a decal reading ""18"" and makes their sale to a minor punishable by a fine of $1000 per offense."
903	2596029412430685481.wav	龍捲風是一個極低氣壓的旋轉空氣柱，它把周圍的空氣往內、往上吸。	A tornado is a spinning column of very low-pressure air, which sucks the surrounding air inward and upward.
169	10567915179450781767.wav	在那些官員的陪同下，他向德州居民保證已採取措施保護公眾安全。	Accompanied by those officials, he assured Texas citizens that steps were being taken to protect the public's safety.
887	16518901428468994878.wav	圍繞南極的南極洲是地球上最冷的地方。	Antarctica is the coldest place on Earth, and surrounds the South Pole.
144	6110604392560259113.wav	「根據這顆化石，那意味著演化分家比分子證據所預料的要早得多。	"Based on this fossil, that means the split is much earlier than has been anticipated by the molecular evidence.	based on this fossil that means the split is much earlier than has been anticipated by the molecular evidence	b a s e d | o n | t h i s | f o s s i l | t h a t | m e a n s | t h e | s p l i t | i s | m u c h | e a r l i e r | t h a n | h a s | b e e n | a n t i c i p a t e d | b y | t h e | m o l e c u l a r | e v i d e n c e |	131520	FEMALE
549	1674255849146515344.wav	With the change from the quarter to the half mile run, speed becomes of much less importance and endurance becomes an absolute necessity.	with the change from the quarter to the half mile run speed becomes of much less importance and endurance becomes an absolute necessity	w i t h | t h e | c h a n g e | f r o m | t h e | q u a r t e r | t o | t h e | h a l f | m i l e | r u n | s p e e d | b e c o m e s | o f | m u c h | l e s s | i m p o r t a n c e | a n d | e n d u r a n c e | b e c o m e s | a n | a b s o l u t e | n e c e s s i t y |	202560	MALE
1185	12527621878304733613.wav	You can also have alloys that include small amounts of non-metallic elements like carbon.	you can also have alloys that include small amounts of non-metallic elements like carbon	y o u | c a n | a l s o | h a v e | a l l o y s | t h a t | i n c l u d e | s m a l l | a m o u n t s | o f | n o n - m e t a l l i c | e l e m e n t s | l i k e | c a r b o n |	124800	MALE
1402	18071754799699580375.wav	Tournament top seeds South Africa started on the right note when they had a comfortable 26 - 00 win against 5th seeded Zambia.	tournament top seeds south africa started on the right note when they had a comfortable 26 - 00 win against 5th seeded zambia	t o u r n a m e n t | t o p | s e e d s | s o u t h | a f r i c a | s t a r t e d | o n | t h e | r i g h t | n o t e | w h e n | t h e y | h a d | a | c o m f o r t a b l e | 2 6 | - | 0 0 | w i n | a g a i n s t | 5 t h | s e e d e d | z a m b i a |	146880	FEMALE
1247	6632169290877136373.wav	As one example, American citizens in the Middle East might face different situations from Europeans or Arabs.	as one example american citizens in the middle east might face different situations from europeans or arabs	a s | o n e | e x a m p l e | a m e r i c a n | c i t i z e n s | i n | t h e | m i d d l e | e a s t | m i g h t | f a c e | d i f f e r e n t | s i t u a t i o n s | f r o m | e u r o p e a n s | o r | a r a b s |	161280	FEMALE
510	8872343447229798148.wav	It is not a learning disability, it is a learning disorder; it affects 3 to 5 percent of all children, perhaps as many as 2 million American children""."
1130	3972135891750564936.wav	一個人內心的平靜程度，與一個人身心的緊張程度呈反比。	The amount of inner peace a person possesses correlates oppositely to the amount of tension in one’s body and spirit.
1333	8698978515010772596.wav	以上這些和其他種種，都讓安大略省被外地人視為典型的加拿大樣貌。	All these things and more highlight Ontario as what is considered quintessentially Canadian by outsiders.
324	12945918102155522167.wav	熱帶低氣壓丹妮爾，是 2010 年大西洋颶風季第四個獲得命名的風暴，於大西洋東部形成。	Tropical Storm Danielle, fourth named storm of the 2010 Atlantic hurricane season, has formed in the eastern Atlantic Ocean.
452	15489784845200102543.wav	學習創造互動式多媒體需要常規及傳統技能，也需要在互動式課程中學會的工具（分鏡、聲音及影像編輯、故事編劇等）。	Learning to create interactive media requires conventional and traditional skills, as well as tools mastered in interactive classes (storyboarding, audio and video editing, story telling, etc.)
140	14243196590768081401.wav	熱帶氣旋古努（以馬爾地夫當地語言的棕梠葉袋子為名）的最高持續風速達到每小時 240 公里（每小時 149 英里）。	At its peak, Tropical Cyclone Gonu, named for a bag of palm leaves in the language of the Maldives, reached sustained winds of 240 kilometers an hour (149 miles per hour) .
1126	4703313466132222400.wav	您也可以在入口處商借庫存，但這些衣物並未在每位使用者穿著後皆清洗，所以您在穿著這些裙子時可能會稍感不適。男士衣物皆為單一尺碼！	This too can be borrowed from the stock at the entrance but that clothing isn't washed after every user so you may not feel comfortable wearing these skirts. One size fits all for men!
1435	6302250796867776292.wav	大部分的昆蟲都有把翅膀沿著身體摺疊起來之優勢。	Most insects have the advantage of being able to fold their wings back along the body.
260	16552447187331294463.wav	自卸卡車被用來堵住隧道的各個入口處，並在 80 名警力的協助下指揮駕駛們改道行駛。	Dump trucks were used to block tube entrances and assistance of 80 police were on hand to direct motorists to detours.
194	18418586365257711638.wav	曾七度贏得一級方程式冠軍，已於 2006 年退休的舒馬克原訂要取代受傷之費利佩·馬薩出賽。	Schumacher who retired in 2006 after winning the Formula 1 championship seven times, was due to replace the injured Felipe Massa.
23	14531063443359552292.wav	儘管有這些指控，馬英九仍以提倡與中國大陸形成更緊密連結的政見輕易獲勝。	Despite these accusations, Ma won handily on a platform advocating closer ties with the Chinese mainland.
126	7647142927479807390.wav	自成立以來，洋蔥報已經成為一個名符其實的惡搞新聞王國，旗下事業囊括了印刷版新聞、光十月單月就吸引了 5 百萬獨立讀者的網站、個人廣告、24 小時新聞網、podcast、以及最近新發行的世界地圖集《Our Dumb World》。	Since its inception, The Onion has become a veritable news parody empire, with a print edition, a website that drew 5,000,000 unique visitors in the month of October, personal ads, a 24 hour news network, podcasts, and a recently launched world atlas called Our Dumb World.
825	15954759195214085609.wav	你可以在網站或商店展示區看到旅行社推廣的行程。	Take a look at what trips the agent is promoting, whether on a website or in a shop window.
691	11459162031595752777.wav	神廟陰鬱的氣氛和洞里薩湖的美景，讓攀登到山頂的這段路程值回票價。	The gloomy atmosphere of the temple and the view over the Tonle Sap lake make the climb to the hill worthwhile.
322	14919119237148773273.wav	去年中國汽車的出口量首次超越德國，也超越美國成為該產業最大的市場。	For the first time, last year China exported more cars than Germany and surpassed the United States as the biggest market for this industry.
1279	977899086323572329.wav	期中選舉失利的一週後，布希告訴聽眾將於亞洲擴大貿易一事。	After a week of losses in the midterm election, Bush told an audience about the expansion of trade in Asia.
1366	3305648013089271110.wav	在每年的其它時間也會舉辦其它較小的錦標賽或比賽。	Smaller tournaments and matches can also be seen here at other times of the year.
1435	9550678312539963715.wav	大部分的昆蟲都有把翅膀沿著身體摺疊起來之優勢。	Most insects have the advantage of being able to fold their wings back along the body.
1313	16787275640334369495.wav	他帶著 4 美分、一本詩集和查爾斯·巴徹勒（他前份工作的經理）為他寫給湯瑪斯·愛迪生的推薦信來到美國。	He arrived in the US with 4 cents to his name, a book of poetry, and a letter of recommendation from Charles Batchelor (his manager in his previous job) to Thomas Edison.
873	10247734769680692331.wav	你居家度假時有充足時間犒賞自己，還可以花些時間培養特別的興趣。	
1125	5488057496792471385.wav	由於這些地區人口稀少，因此通常沒有光害的問題，您也可以欣賞到星星。	As the areas are sparsely populated, and light pollution therefore often not a problem, you will also be able to enjoy the stars.
691	1514385669159641998.wav	神廟陰鬱的氣氛和洞里薩湖的美景，讓攀登到山頂的這段路程值回票價。	The gloomy atmosphere of the temple and the view over the Tonle Sap lake make the climb to the hill worthwhile.
49	7187807576020213747.wav	里德先生駕駛紐西蘭的 A1GP 汽車「黑美人」，以時速超過 160 公里成功過橋七次。	
896	242252311491245427.wav	你至少需要合適的鞋底。夏季鞋類在冰面和雪地上通常會打滑，某些冬季靴款甚至也不足以止滑。	At a minimum, you need footwear with suitable soles. Summer shoes are usually very slippery on ice and snow, even some winter boots are deficient.
1005	742414432445455686.wav	AI 系統現在常用於經濟、醫學、工程和軍事等領域，也內建於某些家用電腦和電動遊戲軟體中。	The AI ​​system is now often used in the fields of economics, medicine, engineering and the military, as has been built in several home computer and video game software applications.
974	4189712645055311430.wav	在世界上的許多地方，揮手都是一種表示「你好」的友善手勢」。	"In many parts of the world, waving is a friendly gesture, indicating ""hello."""
863	16275496356183290108.wav	但在世界的其他地方，當細菌群對您而言是新的，您更可能遇到麻煩。	But in other parts of the world, where the bacteriological fauna are new to you, you're far more likely to run into problems.
369	11293949463542102647.wav	三角龍的牙齒不僅能咬碎樹葉，甚至連堅硬的樹枝和樹根也能搞定。	A triceratops' teeth would have been able to crush not only leaves but even very tough branches and roots.
545	16900456123469658776.wav	美國的計畫仰仗從三個方向同時發動攻擊。	The American plan relied on launching coordinated attacks from three different directions.
149	15382420558193581831.wav	在傳出銀行獲得英國政府緊急紓困的消息後，北岩銀行於 2008 年國有化。	The Northern Rock bank had been nationalised in 2008 following the revelation that the company had received emergency support from the UK Government.
287	4667288693790480095.wav	動物解放組織和英國皇家防止虐待動物協會 (RSPCA) 再次呼籲，所有澳洲屠宰場中都要強制安裝閉路電視攝影機。	Animal Liberation and the Royal Society for the Prevention of Cruelty to Animals (RSPCA) are again calling for the mandatory installation of CCTV cameras in all Australian abattoirs.
761	6920246490558561781.wav	加入這樣的網路通常只需要填寫線上表格即可；雖然有些網路會提供或需要額外的驗證。	Joining such a network usually just requires filling out an online form; although some networks offer or require additional verification.
763	14944936472830874160.wav	沙發衝浪於 2004 年 1 月成立，起因是電腦程式設計師凱西‧芬頓找到廉價班機飛往冰島，卻沒地方住。	Couchsurfing was founded in January 2004 after computer programmer Casey Fenton found a cheap flight to Iceland but did not have a place to stay.
1501	5055617197499636270.wav	該政府部門回應，稱蘋果公司推遲報告一事「令人遺憾」。	"The ministry responded by calling Apple's postponement of the report ""truly regrettable."""
637	8765953733575532395.wav	1970 年，研究科學家雷蒙德．達馬迪安醫生發現了使用磁振造影作為醫療診斷工具的原理。	In the year 1970, Raymond Damadian, a medical doctor and research scientist, discovered the basis for using magnetic resonance imaging as a tool for medical diagnosis.
354	5452924425226882982.wav	水分子在水面上形成一層隱形的膜，讓針等物體能浮在水上。	The water molecules make an invisible skin on the water’s surface that allows things like the needle to float on top of the water.
88	15499575188390661907.wav	今天於紅湖社區一帶流傳的消息為由於又有一名涉嫌 3 月 21 日校園槍擊案的學生被捕，因此傑夫·魏斯與九名受害者當中其三的葬禮暫停舉行。	News spread in the Red Lake community today as funerals for Jeff Weise and three of the nine victims were held that another student was arrested in connection with the school shootings of March 21.
1348	11366592866017175021.wav	划船是芬蘭的國民消遣，每七或八個人就有一艘船。	Boating is a national pastime in Finland, with a boat to every seven or eight people.
885	391502869007982678.wav	一般而言夏洛特市的家庭通常不會使用計程車，但在特定情況下使用計程車十分方便。	Taxis are not generally used by families in Charlotte, though they can be of some use in certain circumstances.
883	11547135797857507276.wav	家庭友善時常是居民從外地遷居此處的主要原因，也有很多遊客認為能輕鬆和孩子一起享受這座城市。	Residents from other areas often cite family-friendliness as a primary reason for moving there, and visitors often find the city easy to enjoy with children around.
620	12237956985012327568.wav	聆聽個人分享自己、家庭和組織的故事時，我們會聽到寶貴的觀點，更深一層了解過去或對組織文化帶來正負面影響的人物。	While listening to individuals share their individual, family, and organizational stories, we gained valuable insight into the past and some of the personalities who influenced for good or ill the culture of the organization.
1251	16031392678689510684.wav	所有人都能達到開悟的境界。開悟之道上唯一的障礙是我們自身的焦慮與負面能量。	Everyone can achieve enlightenment. The only thing standing in the way of this goal is our own tension and negativity.
53	597648406436202436.wav	如果獲得批准，法院助理法官會決定保釋金額，並正式受理執行逮捕之警員提出的指控。接下來這些指控會進入該州的電腦系統，藉以追蹤案件進度。	The commissioner sets bail, if granted, and formalizes the charges filed by the arresting officer. The charges are then entered into the state's computer system where the case is tracked.
368	4073761730902582167.wav	血液從稱為動脈的血管中流出心臟，然後經由稱為靜脈的血管流回心臟。最細小的血管稱為微血管。	Blood goes away from the heart in tubes called arteries and comes back to the heart in tubes called veins. The smallest tubes are called capillaries.
747	10278905080866777338.wav	因此，在最頂級的這類場所容易找到最奢華的寢具，也許是手工被單或骨董床。	Accordingly, at the finest such establishments one is apt to find the most luxurious bedding, maybe a handmade quilt or an antique bed.
749	12643347263324661737.wav	那可能是一棟具歷史意義的老建築，擁有古董家具、修剪整齊的庭園和游泳池。	The setting might be an historic old building with antique furnishings, manicured grounds and a swimming pool.
2	14106579474735033717.wav	主要研究人員表示，這或許可以讓低收入國家的癌症、肺結核、愛滋病毒及瘧疾病患早期發現病症。在這些國家，乳癌等疾病患者的存活率是較富裕國家的一半。	Lead researchers say this may bring early detection of cancer, tuberculosis, HIV and malaria to patients in low-income countries, where the survival rates for illnesses such as breast cancer can be half those of richer countries.
848	3903329892351522202.wav	如果你想學習如何讓迴力鏢丟出後回到你手上，請確定你有適合飛回來的迴力鏢。	If you want to learn throwing a boomerang that comes back to your hand, make sure you have a suitable boomerang for returning.
427	10033301320159739910.wav	查爾斯是首位被授予學位的英國王室成員。	Charles was the first member of the British Royal Family to be awarded a degree.
69	3848584900152579010.wav	洛克伍德花園中的房客相信，可能還有 40 個或更多家庭將被逐出，因為他們明白奧克蘭住宅管理局的警察也在調查其他可能遭受住宅欺詐的奧克蘭公共住宅。	Tenants at Lockwood Gardens believe that there may be another 40 families or more to face eviction, since they learned that OHA police are also investigating other public housing properties in Oakland that may be caught up in the housing scam.
1380	8829510544949224149.wav	有些廟宇當中還蓋了金字塔型的特殊塔樓，稱為塔廟。	Sometimes special pyramid shaped towers, called ziggurats, were built to be a part of the temples.
1283	4543655078551712443.wav	這提供了我們許多建立模擬模型的資訊和素材，有助於瞭解我們心智運作的流程。	This provides us with a lot of information and material to build simulation models which help us to understand processes in our mind.
158	11476637664025693596.wav	比賽結束後，凱瑟洛夫斯基以 2,250 的積分保持車手排行榜的領先地位。	Following the race, Keselowski remains the Drivers' Championship leader with 2,250 points.
1196	7597670982661961892.wav	瓜拉尼人是居住於現今巴拉圭東部最重要的原住民族，過著半游獵的生活，同時也從事自給農業。	The Guaraní were the most significant indigenous group inhabiting what is now Eastern Paraguay, living as semi-nomadic hunters who also practised subsistence agriculture.
131	5026813653221889816.wav	今天的公告也延續了政府在今年三月所說、將撥款購買更多車廂的承諾。	Today's announcement also extended the government's commitment made in March of this year to fund extra carriages.
208	14667641908328042772.wav	搜索行動同樣受到導致無法降落的惡劣天氣阻礙。	The search had been hampered by the same bad weather that had caused the aborted landing.
337	8034537128097590128.wav	在結尾，土耳其舞蹈團體「安納托利亞之火」 表演了「特洛伊」這個戲碼。	"To finish, Turkish dance group Fire of Anatolia performed the show ""Troy""."
524	8622343715579028526.wav	這就跟您每二十或三十分鐘醒來看電視一樣累。	This is just as exhausting as if you were to wake up every twenty or thirty minutes and watch TV.
85	15090140483278457677.wav	極端天氣狀況除了會導致冰層破碎，也阻礙了救援工作。	In addition to the crushing ice, extreme weather conditions have been hampering rescue efforts.
814	14930256742125084332.wav	輕鬆小徑的一日健行，不必做太多準備，任何體能適中的人都能享受這樣的健行。	For a day hike along an easy trail little preparations are needed, and any moderately fit person can enjoy them.
163	18191264373118455450.wav	他們也在一項聲明中表示：「全體船員正努力尋求將船安全拖出的方法。」	"They also said in a statement, ""The crew is currently working to determine the best method of safely extracting the ship""."
1460	8567803907839968362.wav	他在一次訪問中表示，新的變異株「有極高的致死率，因此非常令人不安和恐慌」。	"In an interview, he said the new variant was ""very highly troubling and alarming because of the very high fatality rate."""
979	5326105110550461016.wav	在一天最炎熱的時候，旅客可以看見海市蜃樓造成的水（或其他東西）的影像。	In the heat of the day, travelers can experience mirages that give the illusion of water (or other things).
1508	5493741084647348911.wav	根據記者會的文字記錄，他說：「她很可愛，也很會唱歌。」	She’s very cute and sings quite well, too, he said according to a transcript of the news conference.
144	14413678712300264908.wav	「根據這顆化石，那意味著演化分家比分子證據所預料的要早得多。	"Based on this fossil, that means the split is much earlier than has been anticipated by the molecular evidence.	based on this fossil that means the split is much earlier than has been anticipated by the molecular evidence	b a s e d | o n | t h i s | f o s s i l | t h a t | m e a n s | t h e | s p l i t | i s | m u c h | e a r l i e r | t h a n | h a s | b e e n | a n t i c i p a t e d | b y | t h e | m o l e c u l a r | e v i d e n c e |	131520	FEMALE
549	1674255849146515344.wav	With the change from the quarter to the half mile run, speed becomes of much less importance and endurance becomes an absolute necessity.	with the change from the quarter to the half mile run speed becomes of much less importance and endurance becomes an absolute necessity	w i t h | t h e | c h a n g e | f r o m | t h e | q u a r t e r | t o | t h e | h a l f | m i l e | r u n | s p e e d | b e c o m e s | o f | m u c h | l e s s | i m p o r t a n c e | a n d | e n d u r a n c e | b e c o m e s | a n | a b s o l u t e | n e c e s s i t y |	202560	MALE
1185	12527621878304733613.wav	You can also have alloys that include small amounts of non-metallic elements like carbon.	you can also have alloys that include small amounts of non-metallic elements like carbon	y o u | c a n | a l s o | h a v e | a l l o y s | t h a t | i n c l u d e | s m a l l | a m o u n t s | o f | n o n - m e t a l l i c | e l e m e n t s | l i k e | c a r b o n |	124800	MALE
1402	18071754799699580375.wav	Tournament top seeds South Africa started on the right note when they had a comfortable 26 - 00 win against 5th seeded Zambia.	tournament top seeds south africa started on the right note when they had a comfortable 26 - 00 win against 5th seeded zambia	t o u r n a m e n t | t o p | s e e d s | s o u t h | a f r i c a | s t a r t e d | o n | t h e | r i g h t | n o t e | w h e n | t h e y | h a d | a | c o m f o r t a b l e | 2 6 | - | 0 0 | w i n | a g a i n s t | 5 t h | s e e d e d | z a m b i a |	146880	FEMALE
1247	6632169290877136373.wav	As one example, American citizens in the Middle East might face different situations from Europeans or Arabs.	as one example american citizens in the middle east might face different situations from europeans or arabs	a s | o n e | e x a m p l e | a m e r i c a n | c i t i z e n s | i n | t h e | m i d d l e | e a s t | m i g h t | f a c e | d i f f e r e n t | s i t u a t i o n s | f r o m | e u r o p e a n s | o r | a r a b s |	161280	FEMALE
510	8872343447229798148.wav	It is not a learning disability, it is a learning disorder; it affects 3 to 5 percent of all children, perhaps as many as 2 million American children""."
353	2760752446343077135.wav	發生表面張力是因為水面的分子會強烈吸引彼此，強度超過上方的空氣分子。	Surface tension happens because the water molecules at the surface of the water are strongly attracted to each other more than they are to the air molecules above them.
146	11677869406260101569.wav	直至現在，由於美國境內的廣泛使用，AOL 已能夠以自己的步調轉移與發展即時通訊市場。	Until now, AOL has been able to move and develop the IM market at its own pace, due to its widespread use within the United States.
575	16823505454567968556.wav	當食物量減少時，殖民地居民進入了一種遊牧階段。在此階段，殖民地居民建築起暫時性的住所，並且每天變換。	The colony begins a nomadic phase when available food has decreased. During this phase, the colony makes temporary nests that are changed everyday.
1389	13289656977689466621.wav	提前預訂可以讓旅人安心，知道一抵達目的地就有睡覺的地方。	Booking in advance gives the traveller peace of mind that they will have somewhere to sleep once they arrive at their destination.
358	10625985956155045535.wav	若要恢復到之前的能階，它們必須排放從光線中獲得的額外能量。	
298	4913742725956951597.wav	憲法修正案之提案已在 2011 年由兩院通過。	The proposed amendment already passed both houses in 2011.
250	5156656068539137120.wav	這座建築物留宿了一些在麥加朝覲前夕造訪聖城的朝聖者們。	The building housed a number of pilgrims who came to visit the holy city at the eve of hajj pilgrimage.
1150	18026944007091440016.wav	1976 年的選舉中，他對卡特的外交政策提出建議，其後在 1977 至 1981 年間，接替亨利·季辛吉擔任國家安全顧問 (NSA)。	During the 1976 selections he advised Carter on foreign policy, then served as National Security Advisor (NSA) from 1977 to 1981, succeeding Henry Kissinger.
931	16455773351993927426.wav	到某些國家旅遊或出差的短期停留可能不需要簽證，但以國際學生身分前往，需要待的時間通常比觀光客更長。	While you may not need a visa for short visits to certain countries as a tourist or for business, going there as an international student generally requires a longer stay than going there just as a casual tourist.
172	13309704790269043520.wav	他繼續說道：「這個案子非常嚴重。但可以放心的是，我們的系統運作一如它應有的水準。」	"He went on to say, ""This case is serious. Rest assured that our system is working as well as it should."""
557	12180626118873225038.wav	所有物質的基本組成部分之一為原子。	The atom can be considered to be one of the fundamental building blocks of all matter.
1505	8910418345596870921.wav	2001 年 9 月 11 日之後，安全檢查站的搜查工作變得更加強硬。	Searches at security checkpoints have also become far more intrusive in the post-September 11, 2001 era.
1473	872340334673700932.wav	他們全都從事故發生的地點跑回來。	They all ran back from where the accident had happened.
949	10165697675865991525.wav	放心，一旦您到達碼頭，一切都會變得顯而易見。您將遇到其他搭便船的旅行者，而他們將分享資訊給您。	Be assured that once you hit the marinas everything will be pretty obvious. You will meet other boat hitchhikers and they will share their information with you.
513	6967446993719436536.wav	注意力缺乏症影響與其他同儕的關係，因為其他孩子不能理解他們為何會有這種作為，或是他們為何會這樣拼音，或是他們的成熟度不同。	ADD affects relationships with other peers because other children can not understand why they act the way that they do or why they spell they way they do or that their maturity level is different.
703	10148999078366204096.wav	從旅行日期開始計算，你的護照必須擁有 6 個月以上有效期限。此外還需要來回票或前往他地機票，證明你的停留時間。	Your passport must be valid for at least 6 months beyond your travel dates. A round/onward trip ticket is needed to prove the length of your stay.
1211	4961277904978023516.wav	各國政府願意認可這些文件的程度存在非常大的差異。	Willingness of foreign governments to honour these documents is just as widely variable.
270	8906101758502581081.wav	21 歲的熱蘇斯於 2017 年 1 月從巴西的帕梅拉斯體育俱樂部加入了曼徹斯特城足球俱樂部，據傳報酬為 2700 萬英鎊。	21-year-old Jesus joined Manchester City last year in January 2017 from Brazilian club Palmeiras for a reported fee of £27 million.
1043	253230325927922857.wav	但總理約翰·霍華德表示，該法案只是為了保護醫院的設施不被塔斯馬尼亞政府降級，為此撥出額外的 4,500 萬澳幣。	But Prime Minister John Howard has said the act was only to safeguard the facilities of the hospital from being downgraded by the Tasmanian government, in giving an extra AUD$45 million.
1509	15828469764968608253.wav	其他孩子據稱是由動物撫養長大；有些據說獨自在野外生活。	Others are alleged to have been brought up by animals; some are said to have lived in the wild on their own.
1011	18279745749812911610.wav	雖然也有許多法國酒，但紐西蘭及澳洲酒可能較經得起長途運送。	There are many French wines to be had, but the New Zealand and Australian wines might travel better.
435	7546438762994150750.wav	盧森堡一直試圖保持中立國的立場，但在第一次和第二次世界大戰時皆被德國佔領。	Luxembourg has always tried to remain a neutral country but it was occupied in both World War I and World War II by Germany.
1172	13503296204595432544.wav	這種兒童稱為「野孩子」。有些野孩子曾遭受監禁（同常是父母）；在某些情況下，孩子遭到棄養是因為父母不接受孩子的智力或身體有嚴重缺陷。	"Such children are called ""feral"" or wild. Some feral children have been confined by people (usually their own parents); in some cases this child abandonment was due to the parents' rejection of a child's severe intellectual or physical impairment."
617	4422205462155752418.wav	查塔姆群島上還有另一個部落，他們是從紐西蘭移民而來的毛利人。	There was also another tribe on the Chatham islands these were Maori who migrated away from New Zealand.
1283	9347113746250004648.wav	這提供了我們許多建立模擬模型的資訊和素材，有助於瞭解我們心智運作的流程。	This provides us with a lot of information and material to build simulation models which help us to understand processes in our mind.
1399	14833191386815922841.wav	為了更加完善地表示交通流量，我們定義了三種主要特徵之間的關係：(1) 流量，(2) 密度，與 (3) 速度。	To better represent traffic flow, relationships have been established between the three main characteristics: (1) flow, (2) density, and (3) velocity.
1355	16573574026529493911.wav	傳染病本身，或藉力傷害或殺害人的危險動物，通常不屬於害蟲。	Infectious diseases themselves, or dangerous animals that can injure or kill people by force, do not usually qualify as pests.
882	504769911247926399.wav	北卡羅萊納州的夏洛特有一個很大的優點，那就是親子家庭有很多高品質的選擇。	One of strong points of Charlotte, North Carolina, is that it has an abundance of high-quality options for families.
998	14561507350341729907.wav	馬丘比丘由三個主要結構組成，分別為栓日石、太陽神廟與三窗廟。	Machu Picchu consist of three main structures, namely Intihuatana, the Temple of the Sun, and the Room of the Three Windows.
1381	5690181100891376506.wav	共乘計程車是旅行至鄰近地方快速且舒適的方式，例如帕羅（150 努）和普那卡（200 努）。	Shared taxis are a quick and comfortable means to travel to nearby places, such as Paro (Nu 150) and Punakha (Nu 200).
325	687427530820061991.wav	這場颶風距離佛羅里達州邁阿密約三千英里，最大持續風速是每小時 40 英里（每小時 64 公里）。	The storm, located approximately 3,000 miles from Miami, Florida, has maximum sustained winds of 40 mph (64 kph).
784	13606943030803599045.wav	野生動物攝影通常需要使用長焦鏡頭，而拍攝一群鳥類或一隻小型動物則需要其他鏡頭。	Wildlife photography often requires a long telephoto lens, though things like a flock of birds or a tiny creature need other lenses.
1268	3433132856175171201.wav	航空公司深諳市場上存在了一些願意支付高昂費用，以換取能快速，舒適地到達目的地的核心客群。	Airlines know well that there is a certain core group of flyers who are willing to pay top dollar for the privilege of getting somewhere fast and in comfort, and charge accordingly.
212	16781241844947199073.wav	無任何重大傷亡匯報，但爆炸發生時，現場至少有五人因產生休克症狀而接受治療。	No major injuries were reported, but at least five people on scene at the time of the explosion were treated for symptoms of shock.
487	11043939146564429033.wav	雖然他們承認來自印度教的根源與傳統，但錫克教徒認為自身的信仰不同於印度教。	Sikhs consider their faith to be a separate religion from Hinduism though they acknowledge its Hindu roots and traditions.
669	2784583707206136474.wav	儘管這是很常見的情況，但迪士尼禁止這種行為，因為門票是不可轉讓的。	While this is a very common activity, it is prohibited by Disney: the tickets are non-transferable.
314	13666573644790469169.wav	范浩揚是眾人皆知但充滿爭議的英語補教老師，他曾任教於現代教育及英皇教育，自稱生涯顛峰期曾教過 9,000 名學生。	Karno is a well-known but controversial English tutor who taught under Modern Education and King's Glory who claimed to have 9,000 students at the peak of his career.
1257	105191083104443545.wav	一名受感染者在一年內可能會感染 10 到 15 名親密接觸者。	In one year's time, an infected person may infect 10 to 15 close contacts.
1064	12061925570351110953.wav	在主唱史蒂芬·泰勒於 8 月 5 日表演時跌落舞台受傷後，他們便取消了巡迴演出。	They have cancelled the tour after lead singer Steven Tyler was injured after he fell off stage while performing on August 5.
595	14954180508784492432.wav	地球各處均能發現動物。牠們在地上挖洞、在海裡游泳、在空中飛翔。	Animals are found all over the earth. They dig in the ground, swim in the oceans, and fly in the sky.
644	10493848273297279782.wav	學生也可以隨時提交問題給老師，並在合理時間內快速得到回覆，不必等到下一次面對面的會談。	Students can also submit questions to instructors at any time of day and expect reasonably quick responses, rather than waiting until the next face-to-face meeting.
168	216425704660416345.wav	此攻擊為印度和巴基斯坦間的關係帶來巨大壓力。	The attack put a huge strain on relations between India and Pakistan.
1334	17371658672364885560.wav	藉由使用相對安靜的鬧鐘，讓你有意識卻不會完全醒來，就能輕鬆做到這件事。	This can be easily done by using a relatively quiet alarm clock to bring you to consciousness without fully waking you.
143	948418817096281575.wav	一名猶他爵士隊球員確診新冠病毒之後，NBA 做出此決定。	The NBA's decision followed a Utah Jazz player testing positive for the COVID-19 virus.
775	211337133985570583.wav	世界園藝博覽會是一種專業性活動，專門展示花卉布置、植物園和其他有關植物的所有事物。	International Horticultural Expositions are specialised events which showcase floral displays, botanical gardens and anything else to do with plants.
1077	15108947566197164487.wav	在《辛普森家庭》之前，西蒙曾在幾場演出中擔任不同角色。	Before The Simpsons Simon had worked on several shows in various positions.
97	6237025073645018645.wav	伊爾-76 自 1970 年代起即為俄羅斯及蘇聯軍事重要的一部分，上個月已經在俄羅斯發生一起重大事故。	The Il-76 has been a major component of both the Russian and Soviet military since the 1970s, and had already seen a serious accident in Russia last month.
1490	6124807941147104402.wav	該節目原本是由東德州當地的業餘配音員擔綱。	The show originally featured amateur voice actors, local to East Texas.
929	8375983753316111199.wav	如今，很少人會不先經過搜尋或比價，就直接向航空公司訂機票旅行。	Nowadays air travel is only rarely booked directly through the airline without first searching and comparing prices.
932	16741421650612221785.wav	通常，若要在外國居住一段較長的時間，你必須事先取得簽證。	In general, staying in any foreign country for an extended period of time will require you to obtain a visa in advance.
827	310024685392034412.wav	基本上，分為兩種類型：在您的旅途中工作或試著限制您的開支。本文主要討論後者。	Basically, they fall into two categories: Either work while you travel or try and limit your expenses. This article is focused on the latter.
1481	16127977214227725571.wav	野生徒步之旅（也稱做叢林漫步﹑野生健行或遠足）包含登山，行程長短可以是幾小時或幾天。	"A walking safari (also called a ""bush walk"", ""hiking safari"", or going ""footing"") consists of hiking, either for a few hours or several days."
1256	3245572425287779854.wav	請記住，實際上你正在參觀一座萬人塚遺址，而且此遺址對世上相當數量的人來說，有著重大意義。	Please remember that you are essentially visiting a mass grave site, as well as a site that has an almost incalculable meaning to a significant portion of the world's population.
450	9874071802703279146.wav	四月左右的雨季後，牠們再次跨過馬拉河，然後經由西部回到北方。	And then back to the north through the west, once again crossing the Mara river, after the rains in around April.
200	15991981324207090683.wav	阿里亞斯在一份聲明中表示：「我希望在週一返回我的工作崗位。」	"I expect to return to all my duties on Monday,"" Arias said in a statement."
756	1873378933785284440.wav	這些飯店是當時富豪名流的下榻之處，通常飯店裡會提供高級的餐點和夜生活。	These hotels were where the rich and the famous of the day would stay, and often had fine dining and nightlife.
1476	12691001723544500.wav	與其相符的有挪威、瑞典和紐西蘭，但在其他地區卻顯得相當特別（例如：在荷蘭此數字是 1 比 40）。	This is matched by Norway, Sweden and New Zealand, but otherwise quite unique (e.g. in the Netherlands the figure is one to forty).
615	15324326058134854342.wav	該理論隨後確立一個觀點，認為毛利人乘坐大艦隊，自玻里尼西亞開始遷徙，然後從莫里奧里人手中奪取紐西蘭，並建立一個農業社會。	
394	16208973406163901488.wav	德國給那次攻擊取了「海獅計畫」的代號。英國軍隊從敦克爾克撤退時，大多數的重型武器和補給品都沒了，所以那時的英軍相當虛弱。	Germany code-named the attack “Operation Sealion”. Most of the British Army's heavy weapons and supplies had been lost when it evacuated from Dunkirk, so the army was fairly weak.
321	1349962370792850706.wav	自此之後，中國的經濟規模成長了 90 倍。	Since then, China's economic size has grown by 90 times.
211	7242244997866046890.wav	該主管到場時，公寓已發生爆炸。	When the official arrived, the apartment exploded.
1241	10531208779804732835.wav	山頂上有令人屏息的美景。世界各地的攀岩者持續在潛力無窮的岩壁上開創新的路線。	Summits include breath-taking views from peaks. Climbers from all parts of the world are continually establishing new routes amongst its endless potential of walls.
113	16240738966004670277.wav	陸克文簽署京都氣候協定的決定將美國置於孤立之境，現在美國將是唯一沒有批准該協議的已開發國家。	Mr. Rudd's decision to sign the Kyoto climate accord isolates the United States, which will now be the only developed nation not to ratify the agreement.
789	709680731950824010.wav	很多國家全國上下都能說流利的英語，而能稍微理解英語的國家更多，特別是這些國家的年輕人。	Many entire nations are completely fluent in English, and in even more you can expect a limited knowledge - especially among younger people.
84	11450901865471117676.wav	牠的第二隻爪比較大，使牠獲得西爪龍的封號，意指「西方之爪」。	"Its second claw was larger, giving rise to the name Hesperonychus which means ""western claw."""
313	10445976766637549810.wav	那名 30 歲、生於水牛城的丈夫，是在槍擊案中被殺的四名死者之一，但她的妻子並未受傷。	The 30-year-old husband, who was born in Buffalo, was one of the four killed in the shooting, but his wife was not hurt.
310	169283160594801753.wav	為了慶祝去年舉行婚禮的伴侶結婚滿一週年，至少有 100 位民眾參加了派對。	At least 100 people had attended the party, in order to celebrate the first anniversary of a couple whose wedding was held last year.
211	14655507129899098624.wav	該主管到場時，公寓已發生爆炸。	When the official arrived, the apartment exploded.
606	9939065058176052862.wav	時間就在我們周圍，影響著我們所做的一切，但又很難理解。	Time is something that is all around us, and affects everything we do, yet is difficult to understand.
47	9410325127700837636.wav	250 年後，健力士已發展為一間全球企業，每年營業額超過 100 億歐元（約 147 億美元）。	250 years later, Guinness has grown to a global business that turns over 10 billion euros (US$14.7 billion) every year.
168	1186574477235478893.wav	此攻擊為印度和巴基斯坦間的關係帶來巨大壓力。	The attack put a huge strain on relations between India and Pakistan.
1128	12828538513284742659.wav	有關當局推測，現場裝有鈾燃料的容器可能已經破裂並正在洩漏。	Authorities speculate that this indicates that containers holding uranium fuel at the site may have ruptured and are leaking.
121	2231315345412679363.wav	澳洲通訊及媒體局 (ACMA) 也發現，雖然影片在網路上流傳，《老大哥》節目卻沒有違反線上內容審查法，因為影片並非儲存在《老大哥》的網站上。	The ACMA also found that despite the video being streamed on the Internet, Big Brother had not breached online content censorship laws as the media had not been stored on Big Brother's website.
301	5945064192266291351.wav	經此程序之後，眾議院聯合決議 3 將在 2015 或 2016 年由下屆民選立法機構重新審查，以持續修法。	Following the process, HJR-3 will be reviewed again by the next elected legislature in either 2015 or 2016 to remain in process.
1190	13122202438164046718.wav	幾名比斯凱克居民譴責來自南方的抗議人士違法亂紀。	Several Bishkek residents blamed protesters from the south for the lawlessness.
847	16171874588701414155.wav	迴力鏢投擲是很多遊客想要獲得的熱門技能。	Boomerang throwing is a popular skill that many tourists want to acquire.
1311	18398122840615738848.wav	控制器類似電視遙控器，利用兩個放置在使用者電視旁邊的感測器，以三角測量方式在立體空間中測量其位置。	Resembling a television remote, the controller uses two sensors placed near the user's television to triangulate its position in three-dimensional space.
233	14944187962178042293.wav	有關當局還不知道他的名字，但他們知道他是維吾爾族的一份子。	His name is still unknown to authorities, although they do know he is a member of the Uighur ethnic group.
1056	8293539766153752023.wav	但若用於沒有其他修飾語的情況，此用語通常是指源於爪哇本島中部和東部的食物。	But, if used without further qualifiers, the term tends to mean the food originally from the central and eastern parts of the main island Java.
1029	2278259652725501972.wav	另一個差別是窮人和女人坐在椅子上吃他們的食物時，富有的男人則喜歡一同參加宴席，並在席間側臥享用他們的大餐。	Another difference was that while the poor people and the woman ate their food while sitting in chairs, the rich men liked to have banquets together where they would lounge on their sides while they ate their meals.
1474	13495131051782137353.wav	根據新州國家公園及野生動物服務部公園保育與遺產單位的代理總監密克‧歐福林表示，獲選進行第一場射擊的 4 位射擊手已接受周全的安全及訓練指導。	According to Mick O'Flynn, the Acting Director Park Conservation and Heritage with the NPWS, the four shooters selected for the first shooting operation received comprehensive safety and training instruction.
1345	1165065330732590202.wav	儘管每個國家都是「斯堪地納維亞人」，但丹麥、瑞典、挪威和冰島的人民、國王、習俗和歷史之間存在許多差異。	Though each country was 'Scandinavian', there were many differences between the people, kings, customs and history of Denmark, Sweden, Norway and Iceland.
296	7299456068697787257.wav	直升機救出了十二名船員，只有一人鼻骨骨折。	Helicopters rescued the twelve crewmembers and the only injury was a broken nose.
615	12213045652999010004.wav	該理論隨後確立一個觀點，認為毛利人乘坐大艦隊，自玻里尼西亞開始遷徙，然後從莫里奧里人手中奪取紐西蘭，並建立一個農業社會。	
238	12851577317547085467.wav	因此，若你站在岸邊，你將能往下看到底部的鵝卵石或泥濘等東西。	So if you were standing by the shoreline, you would be able to see down to whatever pebbles or gunk that was on the bottom.
351	4908645369249424658.wav	然而，這是一道艱澀的難題，在我們看到實用的核子反應器建造之前，需要花上許多年才能解決。	This, however, is a very hard problem to solve and will take many years before we see useful fusion reactors built.
1375	12881561009769086992.wav	上表示您應該從弓尖開始推弓，下表示您應該從弓根（您的手握住弓的地方）開始拉弓。	
902	4428841960344145622.wav	原初的觸發事件有時是太陽使雪升溫，有時是下了更多雪，有時是其它自然事件，但更常是人為。	Sometimes the original trigging event is the sun warming the snow, sometimes some more snowfall, sometimes other natural events, often a human.
849	1254036568383008719.wav	大部分澳洲的迴力鏢其實是不會飛回來的。初學者最好應避免在風大時丟擲	Most boomerangs available in Australia are in fact non-returning. It is best for beginners to not try throwing in windy
1385	730200967498136553.wav	在這些時期中，許多貴族之間為了爭奪王位，進行了激烈的戰爭。	During these periods fierce warfare took place between many nobles fighting for the throne.
668	14686088909092872051.wav	許多在 eBay 或 Craigslist 等拍賣網站上賣出的票券，是已被使用過一部分的主題樂園多日聯票。	Many tickets sold online through auction websites such as eBay or Craigslist are partially used multi-day park-hopper tickets.
923	14664904702310072095.wav	雖然大部分的預付卡都可以打電話到任何國家，但某些預付卡會提供特定幾個國家優惠通話費率。	While most cards are good for calling anywhere, some specialise in providing favourable call rates to specific groups of countries.
803	8185748412466688492.wav	過量飲酒造成的長期健康問題可能包括肝臟受損，甚或失明與死亡。飲用非法釀造的酒也會增加潛在危險。	Possible long term health events from excessive drinking can include liver damage and even blindness and death. The potential danger is increased when consuming illegally produced alcohol.
400	589403393148163141.wav	為此，他們必須除掉英國在埃及的基地和船隻，除了這些行動之外，義大利戰艦不該涉及其他事情。	For that, they had to get rid of British bases and ships in Egypt. Besides those actions, Italy's battleships were not supposed to do anything else.
1178	3558453764310692767.wav	所有最初來到這個島嶼上的動物都是透過游泳、飛行或漂浮而到達的。	All animals that originally arrived in the islands came here either by swimming, flying or floating.
942	18190396494159608236.wav	待你熟悉在網路上編排格式和編輯後，說不定就能打造你自己的網站。	After you become comfortable with formatting and editing on the web, then later, you might create your own website.
963	2557530284207056616.wav	在亞美尼亞人的支持下，新的共和國誕生了。然而，沒有任何已成立的國家正式承認它，就連亞美尼亞也不承認。	With Armenian backing, a new republic was created. However, no established nation - not even Armenia - officially recognizes it.
128	12749870589863418552.wav	許多《洋蔥報》的作者持續對喬恩・史都華及史蒂芬・荷伯的新聞脫口秀造成大幅的影響。	Many of their writers have gone on to wield great influence on Jon Stewart and Stephen Colbert's news parody shows.
882	2171553734687029015.wav	北卡羅萊納州的夏洛特有一個很大的優點，那就是親子家庭有很多高品質的選擇。	One of strong points of Charlotte, North Carolina, is that it has an abundance of high-quality options for families.
358	16817220687459917674.wav	若要恢復到之前的能階，它們必須排放從光線中獲得的額外能量。	
1271	12108109535351930010.wav	以自然為主題的旅遊行程會吸引大自然有興趣的人參加，以享受自然景觀，包括野生動植物。	Nature-based tourism attracts people interested in visiting natural areas for the purpose of enjoying the scenery, including plant and animal wildlife.
211	6737755886009525333.wav	該主管到場時，公寓已發生爆炸。	When the official arrived, the apartment exploded.
872	6333596207985363429.wav	早晨讓家裡充盈濃郁的咖啡香，夜間則來點放鬆身心的洋甘菊茶。	Fill your home with a rich coffee in the morning and some relaxing chamomile tea at night.
346	16448461292096159673.wav	「我很幸運地毫髮無傷，但我目睹了大家試著打破窗戶逃生的恐怖景象。」	"Luckily nothing happened to me, but I saw a macabre scene, as people tried to break windows in order to get out.	luckily nothing happened to me but i saw a macabre scene as people tried to break windows in order to get out	l u c k i l y | n o t h i n g | h a p p e n e d | t o | m e | b u t | i | s a w | a | m a c a b r e | s c e n e | a s | p e o p l e | t r i e d | t o | b r e a k | w i n d o w s | i n | o r d e r | t o | g e t | o u t |	121920	MALE
312	15461705091328737858.wav	The couple had married in Texas one year ago and came to Buffalo to celebrate with friends and relatives.	the couple had married in texas one year ago and came to buffalo to celebrate with friends and relatives	t h e | c o u p l e | h a d | m a r r i e d | i n | t e x a s | o n e | y e a r | a g o | a n d | c a m e | t o | b u f f a l o | t o | c e l e b r a t e | w i t h | f r i e n d s | a n d | r e l a t i v e s |	96960	MALE
143	15354963166861447959.wav	The NBA's decision followed a Utah Jazz player testing positive for the COVID-19 virus.	the nba's decision followed a utah jazz player testing positive for the covid-19 virus	t h e | n b a ' s | d e c i s i o n | f o l l o w e d | a | u t a h | j a z z | p l a y e r | t e s t i n g | p o s i t i v e | f o r | t h e | c o v i d - 1 9 | v i r u s |	114240	MALE
303	17198670821523769119.wav	French law was changed. His activism went back to age 15 when he joined the French Resistance during World War II.	french law was changed his activism went back to age 15 when he joined the french resistance during world war ii	f r e n c h | l a w | w a s | c h a n g e d | h i s | a c t i v i s m | w e n t | b a c k | t o | a g e | 1 5 | w h e n | h e | j o i n e d | t h e | f r e n c h | r e s i s t a n c e | d u r i n g | w o r l d | w a r | i i |	125760	MALE
943	418101521265467354.wav	Volunteering while travelling is a great way to make a difference but it's not just about giving.	volunteering while travelling is a great way to make a difference but it's not just about giving	v o l u n t e e r i n g | w h i l e | t r a v e l l i n g | i s | a | g r e a t | w a y | t o | m a k e | a | d i f f e r e n c e | b u t | i t ' s | n o t | j u s t | a b o u t | g i v i n g |	98880	FEMALE
67	16081057236669034996.wav	After it became apparent that many families were seeking legal help to fight the evictions, a meeting was held on March 20 at the East Bay Community Law Center for the victims of the housing scam.	after it became apparent that many families were seeking legal help to fight the evictions a meeting was held on march 20 at the east bay community law center for the victims of the housing scam	a f t e r | i t | b e c a m e | a p p a r e n t | t h a t | m a n y | f a m i l i e s | w e r e | s e e k i n g | l e g a l | h e l p | t o | f i g h t | t h e | e v i c t i o n s | a | m e e t i n g | w a s | h e l d | o n | m a r c h | 2 0 | a t | t h e | e a s t | b a y | c o m m u n i t y | l a w | c e n t e r | f o r | t h e | v i c t i m s | o f | t h e | h o u s i n g | s c a m |	199680	FEMALE
1368	1876688468336475280.wav	If they sent things by air freight, on some routes it may have taken days to get through unloading and customs.	if they sent things by air freight on some routes it may have taken days to get through unloading and customs	i f | t h e y | s e n t | t h i n g s | b y | a i r | f r e i g h t | o n | s o m e | r o u t e s | i t | m a y | h a v e | t a k e n | d a y s | t o | g e t | t h r o u g h | u n l o a d i n g | a n d | c u s t o m s |	129600	MALE
284	4541843964029985523.wav	In London, about 200 people protested outside some major copyright holders' offices.	in london about 200 people protested outside some major copyright holders' offices	i n | l o n d o n | a b o u t | 2 0 0 | p e o p l e | p r o t e s t e d | o u t s i d e | s o m e | m a j o r | c o p y r i g h t | h o l d e r s ' | o f f i c e s |	103680	MALE
714	644201987443883799.wav	Most people book their place well in advance (as the boats are usually full during the high season).	most people book their place well in advance as the boats are usually full during the high season	m o s t | p e o p l e | b o o k | t h e i r | p l a c e | w e l l | i n | a d v a n c e | a s | t h e | b o a t s | a r e | u s u a l l y | f u l l | d u r i n g | t h e | h i g h | s e a s o n |	119040	FEMALE
1344	6925583276019241057.wav	Lions, cheetahs and leopards are sometimes shy and you will see them better with binoculars.	lions cheetahs and leopards are sometimes shy and you will see them better with binoculars	l i o n s | c h e e t a h s | a n d | l e o p a r d s | a r e | s o m e t i m e s | s h y | a n d | y o u | w i l l | s e e | t h e m | b e t t e r | w i t h | b i n o c u l a r s |	140160	MALE
712	16033322135402779302.wav	Seeing the sites and wildlife of the Galapagos is best done by boat, just as Charles Darwin did it in 1835.	seeing the sites and wildlife of the galapagos is best done by boat just as charles darwin did it in 1835	s e e i n g | t h e | s i t e s | a n d | w i l d l i f e | o f | t h e | g a l a p a g o s | i s | b e s t | d o n e | b y | b o a t | j u s t | a s | c h a r l e s | d a r w i n | d i d | i t | i n | 1 8 3 5 |	140160	FEMALE
505	12662322186860851345.wav	These websites have gotten a lot of attention, especially in the education setting.	these websites have gotten a lot of attention especially in the education setting	t h e s e | w e b s i t e s | h a v e | g o t t e n | a | l o t | o f | a t t e n t i o n | e s p e c i a l l y | i n | t h e | e d u c a t i o n | s e t t i n g |	82560	FEMALE
1007	1115175528648666278.wav	Subsistence agriculture is agriculture carried out for the production of enough food to meet just the needs of the agriculturalist and his/her family.	subsistence agriculture is agriculture carried out for the production of enough food to meet just the needs of the agriculturalist and his/her family	s u b s i s t e n c e | a g r i c u l t u r e | i s | a g r i c u l t u r e | c a r r i e d | o u t | f o r | t h e | p r o d u c t i o n | o f | e n o u g h | f o o d | t o | m e e t | j u s t | t h e | n e e d s | o f | t h e | a g r i c u l t u r a l i s t | a n d | h i s / h e r | f a m i l y |	160320	FEMALE
613	15072411285443595825.wav	Music is often recorded using sophisticated computers to process and mix sounds together.	music is often recorded using sophisticated computers to process and mix sounds together	m u s i c | i s | o f t e n | r e c o r d e d | u s i n g | s o p h i s t i c a t e d | c o m p u t e r s | t o | p r o c e s s | a n d | m i x | s o u n d s | t o g e t h e r |	119040	FEMALE
750	1785035377608320859.wav	Getting into your own car and heading off on a long road trip has an intrinsic appeal in its simplicity.	getting into your own car and heading off on a long road trip has an intrinsic appeal in its simplicity	g e t t i n g | i n t o | y o u r | o w n | c a r | a n d | h e a d i n g | o f f | o n | a | l o n g | r o a d | t r i p | h a s | a n | i n t r i n s i c | a p p e a l | i n | i t s | s i m p l i c i t y |	165120	FEMALE
1136	15886029359935496154.wav	The local tap water is perfectly safe to drink, but bottled water is easy to find if you are fearful.	the local tap water is perfectly safe to drink but bottled water is easy to find if you are fearful	t h e | l o c a l | t a p | w a t e r | i s | p e r f e c t l y | s a f e | t o | d r i n k | b u t | b o t t l e d | w a t e r | i s | e a s y | t o | f i n d | i f | y o u | a r e | f e a r f u l |	134400	FEMALE
661	7140107396500159370.wav	The largest employment sectors are professional services, government, finance, trade, and tourism.	the largest employment sectors are professional services government finance trade and tourism	t h e | l a r g e s t | e m p l o y m e n t | s e c t o r s | a r e | p r o f e s s i o n a l | s e r v i c e s | g o v e r n m e n t | f i n a n c e | t r a d e | a n d | t o u r i s m |	106560	FEMALE
1264	14250391829200997292.wav	Tommy Dreamer said Luna was the first Queen of Extreme. My first manager. Luna passed away on the night of two moons. Pretty unique just like her. Strong woman."""
102	363030091382607114.wav	截至週三下午，油槽排氣孔仍在漏油，可能是油槽內部的熱膨脹所致。	
729	378589233940931743.wav	花幾枚硬幣，就會有小孩說故事給你聽。	For a few pennies some children will tell you the story.
484	6196553204899154032.wav	跟隨者尋求旨在滋養這些體驗的特定生活或修行方式。	Followers pursue certain ways of living, or practices that are intended to nurture those experiences.
80	13112695719859649562.wav	兩隊將在大準決賽時碰頭，因為努沙隊以 11 分贏得比賽。	The two sides would meet in the major semi final where Noosa ran out winners by 11 points.
482	17281612670580422365.wav	神祕主義是追求與終極現實、神性、屬靈的真理、或神之間的交流、認同、或意識覺醒。	Mysticism is the pursuit of communion with, identity with, or conscious awareness of an ultimate reality, divinity, spiritual truth, or God.
1212	4414406381356880987.wav	英國在國際海域布置水雷，以防止任何船隻進入整個海域，甚至危害到中立船隻。	Britain mined international waters to prevent any ships from entering entire sections of ocean, causing danger to even neutral ships.
1022	5634171865838014359.wav	錢伯斯曾控告上帝「造成數百萬的地球居民大量死亡、毀滅和驚恐不安。」	"Chambers had sued God for ""widespread death, destruction and terrorization of millions upon millions of the Earth's inhabitants."""
988	7863322345624412052.wav	這些台地常被稱做「vidde」，形容一個寬大開闊又沒有樹木的空間、一個無邊無際的廣闊區域。	"These plateaus are often referred to as ""vidde"" meaning a wide, open treeless space, a boundless expanse."
30	9391808264200785040.wav	伊拉克的阿布格萊布監獄在一次暴亂中慘遭祝融。	Iraq's Abu Ghraib prison has been set alight during a riot.
1499	2878823539738000416.wav	看守總理茱莉亞‧吉拉德在 2010 年聯邦選舉的競選活動期間宣稱，她認為澳洲應該在伊莉莎白二世女王任期卸任時成為共和國。	Caretaker Prime Minister Julia Gillard claimed during the campaign of the 2010 federal election that she believed Australia should become a republic at the end of Queen Elizabeth II's reign.
630	5580046488575666530.wav	人類是目前為止最有能力揣摩他人心思的物種。	Humans are by far the most talented species in reading the minds of others.
314	173049914655543351.wav	范浩揚是眾人皆知但充滿爭議的英語補教老師，他曾任教於現代教育及英皇教育，自稱生涯顛峰期曾教過 9,000 名學生。	Karno is a well-known but controversial English tutor who taught under Modern Education and King's Glory who claimed to have 9,000 students at the peak of his career.
1163	14005034760291513916.wav	消化系統類似人類的靈長動物，難以從大草原上的植物攝取足夠的胺基酸。	Out on the savanna, it is hard for a primate with a digestive system like that of humans to satisfy its amino-acid requirements from available plant resources.
1164	13450965567546712748.wav	該系列賽的最後一場比賽將於下週，當南非國家橄欖球隊在澳洲比賽時，在約翰尼斯堡的艾利斯公園球場舉行。	The final match of the series will take place at Ellis Park in Johannesburg next week, when the Springboks play Australia.
574	8703960867212051433.wav	在游獵階段，行軍蟻會在夜晚行動，白天停下來紮營。	In the nomadic phase, army ants march at night and stop to camp during the day.
1414	4005714793894211780.wav	如果野孩子完全由非人類動物扶養長大，則會表現出與照顧他的動物幾乎完全相同的行為 (生理條件允許下)，例如對人類表現出害怕或冷漠的態度。	When completely brought up by non-human animals, the feral child exhibits behaviors (within physical limits) almost entirely like those of the particular care-animal, such as its fear of or indifference to humans.
1193	9351578418243344502.wav	同樣的情形也發生在軍隊裡，因為他們此時已不用階級來區分軍階，而是以才幹為基準。	Same goes for the military because instead of army rankings being based on class they were now based on cailaber.
206	29625064756715288.wav	它消失在第二次試圖降落過程中即將著陸的十分鐘前。	About ten minutes before it was due to land from its second approach it disapeared.
471	2942526841591737971.wav	歐洲國家嘗試維持其國家主權的一種制度稱為權力平衡。	The balance of power was a system in which European nations sought to maintain the national sovereignty of all European states.
1072	7836073888460701176.wav	水道也會形成一些熱門的健行和單車路線。	They also define routes for popular hiking and cycling trails.
458	12089050767941402950.wav	變焦鏡頭的另一缺點是鏡頭的最大光圈（速度）通常較低。	Another disadvantage of zoom lenses is that the maximum aperture (the speed) of the lens is usually lower.
1290	12294737416530736906.wav	賽事相關消息以及馬球比賽購票處，請洽阿根廷馬球協會。	For news on tournaments and where to buy tickets for polo matches, check Asociacion Argentina de Polo.
901	12311674180709451097.wav	問題是雪有黏性，因此需要一些契機才會滑落，而有些許的雪滑落後，才有可能帶動其他的雪塊崩落。	The problem is that snow is sticky, so it needs some triggering to come down, and some snow coming down can be the triggering event for the rest.
1330	5625965832246656650.wav	維基共享資源 (Commons) 管理師亞當‧庫爾登上個月向維基新聞 (Wikinews) 透露他對刪減的不滿。	Commons Administrator Adam Cuerden expressed his frustration over the deletions when he spoke to Wikinews last month.
141	17736929255541141641.wav	今日稍早時，風速約每小時 83 公里，且預期會持續減弱。	By early today, winds were around 83 km/h, and it was expect to keep weakening.
980	1202170824337893071.wav	浪費寶貴的能量與剩下的水去追逐海市蜃樓，對旅行者來說是一件很危險的事。	These can be dangerous if the traveler pursue the mirage, wasting precious energy and remaining water.
950	12251268346898590536.wav	基本上您要貼出告示，表示願意提供幫助、在碼頭走來走去、主動接近正在洗船的遊艇主，並試著與酒吧裡的船員攀談等。	Basically you'll be putting up notices offering your help, pacing the docks, approaching people cleaning their yachts, trying to make contact with sailors in the bar, etc.
119	15786897178655713176.wav	遊戲發行商科樂美今日於一家日本報紙發表聲明，表示不會發表《法魯加六日》這款遊戲。	The game publisher Konami stated today in a Japanese newspaper that they will not be releasing the game Six Days in Fallujah.
1079	1405380334229838086.wav	該理論聲稱一個銀河系周圍的暗物質大多會形成一種暈圈，且是由許多微粒所組成。	This theory says that most dark matter around a galaxy is located around a galaxy in a kind of halo, and is made of lots of small particles.
421	16879145574952285998.wav	15 世紀左右，愛沙尼亞北部深受德國文化影響。	Around the 15th century, northern Estonia was under great cultural influence of Germany.
733	3657507279435392424.wav	託 2010 冬季奧運的福，距離溫哥華車程 1.5 小時的惠斯勒又貴又出名。	Whistler (1.5 hour drive from Vancouver) is expensive but well-known because of the 2010 Winter Olympics.
519	17636002576880738984.wav	人類的手比腳短，且手的指骨較直。	The human hand is shorter than the foot, with straighter phalanges.
293	18368360229208206612.wav	有人說山腳下出現與任何火山活動皆無關的烏雲據。	Dark clouds unrelated to any volcanic activity were reported at the base of the mountain.
332	17837268563817113733.wav	1995 年，他獲選為游擊隊足球俱樂部的史上最佳球員。	In 1995 he was voted the best player in Partizan's history.
1199	9443078120528532938.wav	虛擬團隊成員通常都是直接配合的實體團隊的聯絡點。	Virtual team members often function as the point of contact for their immediate physical group.
224	9768553371801239232.wav	布雷克也被以企圖妨礙司法公正定罪。	Blake was also convicted of attempting to pervert the course of justice.
1471	3961307795300614453.wav	卡崔娜颶風來襲時曾水淹高達二十英尺的第九區，目前水深及腰，附近的堤防沒入水中。	The Ninth Ward, which saw flooding as high as 20 feet during Hurricane Katrina, is currently in waist-high water as the nearby levee was overtopped.
311	7905283532070290304.wav	官員們表示，原訂於幾日之後舉辦正式的週年紀念活動。	A formal anniversary event was scheduled for a later date, officials said.
793	5718350852014220506.wav	越來越多超市開始提供更多樣化的即食品，部分超市甚至提供微波爐或其他設備以食物加熱。	Increasingly supermarkets are getting a more varied section of ready-made food. Some even provide a microwave oven or other means to heat food.
1210	2302527613484534296.wav	國家颶風中心 (NHC) 表示現在傑瑞颶風不會對陸地造成威脅。	The National Hurricane Center (NHC) says that at this point Jerry poses no threat to land.
1104	5602443623046033183.wav	馴養山羊一般放養丘陵或其他放牧區域中，通常由兒童或青少年的牧山羊人負責照顧，和較為廣為人知的牧羊人相似。這些放牧方法至今仍然為人所用。	Domestic goats were generally kept in herds that wandered on hills or other grazing areas, often tended by goatherds who were frequently children or adolescents, similar to the more widely known shepherd. These methods of herding are still used today.
145	6529766345991789050.wav	「這意味著所有事情都必須往前推，」衣索比亞「裂谷研究服務」的研究員、也是此研究的共同作者──伯爾漢·阿斯法說道。	"That means everything has to be put back,"" said researcher at the Rift Valley Research Service in Ethiopia and a co-author of the study, Berhane Asfaw."
255	5980007814705940144.wav	他因此成就得到蘇聯最高榮譽「蘇聯英雄」的稱號。	"He received the ""Hero of the Soviet Union"", the Soviet Union's highest honor, for his work."
1492	17093559201063964060.wav	法國選舉法中十分嚴謹地編纂了投票程序。	French electoral law rather strictly codifies the proceedings.
606	14406332574081331652.wav	時間就在我們周圍，影響著我們所做的一切，但又很難理解。	Time is something that is all around us, and affects everything we do, yet is difficult to understand.
721	9503914333225469300.wav	除了白色沙灘和山岳景觀，這個國家也是美洲最古老的歐式城市的所在地，就是現在是聖多明哥的一部份。	Besides white sand beaches and mountain landscapes, the country is home to the oldest European city in the Americas, now part of Santo Domingo.
1058	9633620864415143697.wav	公園當局指出，至少應與熊、狼保持 100 碼/米的距離，並與其他野生動物保持 25 碼/米的距離。	According to park authorities, stay at least 100 yards/meters away from bears and wolves and 25 yards/meters from all other wild animals!
1244	3994020315824026819.wav	梵蒂岡的所有公民都是羅馬天主教徒。	All citizens of Vatican City are Roman Catholic.
138	12892983081793003224.wav	魚類常死於水中高濃度的毒素。	Fish often die because of the high concentrations of the toxin in the waters.
674	13380732505498227793.wav	現場登記的名額有限，採先到先得制。	There are a limited number permits reserved for walk-in requests available on a first come, first served basis.
176	10269057366672447325.wav	她在亞特蘭大服務期間獲得高度評價，並因創新的城市教育受到肯定。	She gained critical acclaim during her time in Atlanta and was recognized for innovative urban education.
374	976801664445014962.wav	艾奧的重力有多大 對我有多少影響？如果您站在艾奧的地面上，您的體重會比您在地球上的體重輕。	
111	14757647313195310864.wav	星塵號將是最快返回地球的太空船並因而創下新的歷史紀錄，打破 1969 年 5 月阿波羅 10 號指揮艙返航時所創的舊紀錄。	Stardust will set a new all-time record for being the fastest spacecraft to return to Earth, breaking the previous record set in May of 1969 during the return of the Apollo X command module.
332	13573942378807259170.wav	1995 年，他獲選為游擊隊足球俱樂部的史上最佳球員。	In 1995 he was voted the best player in Partizan's history.
196	4156817853082856467.wav	因此馬薩至少會缺席 2009 年賽季的剩餘賽事。	Massa is due to be out for at least the rest of the 2009 season.
530	9477331404006691318.wav	這種運動主要以決鬥模式進行，由一名擊劍選手對決另一名選手。	The sport is primarily played in a duel format, one fencer dueling another.
83	2928968862926059072.wav	這種全身覆蓋羽毛、溫血的猛禽據信已能以帶爪的雙腳直立行走，像迅猛龍一樣。	This fully feathered, warm blooded bird of prey was believed to have walked upright on two legs with claws like the Velociraptor.
963	9097354728334474693.wav	在亞美尼亞人的支持下，新的共和國誕生了。然而，沒有任何已成立的國家正式承認它，就連亞美尼亞也不承認。	With Armenian backing, a new republic was created. However, no established nation - not even Armenia - officially recognizes it.
479	12662188805274758418.wav	在正確敲擊所有音符的同時，手部要盡量放鬆，手指也不要有太多不必要的移動。	Make sure your hand is as relaxed as possible while still hitting all the notes correctly - also try not to make much extraneous motion with your fingers.
100	3169434242334094445.wav	斷電之後，隨之而來的是常規的火災指揮系統測試，導致放洩閥開啟，使原油流洩到附近的格里利堡 9 號泵站。	A power failure following a routine fire-command system test caused relief valves to open and crude oil overflowed near the Fort Greely pump station 9.
948	4269069384602026786.wav	奧涅加湖也和窩瓦河相連，因此仍有可能從裏海穿過俄羅斯來到這裡。	Lake Onega is also connected to Volga, so coming from the Caspian Sea through Russia is still possible.
689	291535960422276485.wav	時間不充裕的旅客，最好把時間花在其他地方。	Visitors with limited time would be best to spend their time elsewhere.
1384	1862404640421794176.wav	諾曼第登陸與隨後的戰役使法國北部重獲自由，但南部仍未解放。	The D-Day landings and the following battles had freed the north of France, but the south still wasn't free.
259	3596497480858676874.wav	馬里蘭交通管理局無法確定威脅是否屬實，但在聯邦調查局的力勸下依然決定關閉。	While authorities are unsure of the credibility of the threat, the Maryland Transportaion Authority made the closure with the urging of the FBI.
792	16153214452385212919.wav	在超市購買食物通常是餵飽自己最便宜的途徑。但若沒有烹飪的機會，就只能選擇現成的熟食了。	Buying food in supermarkets is usually the cheapest way to get fed. Without cooking opportunities, choices are however limited to ready-made food.
957	931967922627171851.wav	在非洲以外的所有地方，別忘了加上額外的簽證、離境稅和地面交通等額外費用。	Don't forget to add in the extra costs of additional visas, departure taxes, ground transportation, etc. for all those places outside of Africa.
1003	14958201206832788469.wav	還有，務必以不同的方式發音 r 和 rr：care 的意思是親愛的，而 carro 的意思是古代戰車。	Also, make sure to pronounce r and rr differently: caro means dear, whereas carro means chariot.
30	10255170657190279137.wav	伊拉克的阿布格萊布監獄在一次暴亂中慘遭祝融。	Iraq's Abu Ghraib prison has been set alight during a riot.
1251	3043039852581444718.wav	所有人都能達到開悟的境界。開悟之道上唯一的障礙是我們自身的焦慮與負面能量。	Everyone can achieve enlightenment. The only thing standing in the way of this goal is our own tension and negativity.
360	742178293587932422.wav	科學家稱此過程為「刺激輻射排放」，因為原子會受到亮光刺激，放射出光子，而光線就是一種輻射。	"Scientists call this process ""stimulated emission of radiation"" because the atoms are stimulated by the bright light, causing the emission of a photon of light, and light is a type of radiation."
993	135780042382776398.wav	避暑勝地的旅遊季節，通常在印度的夏季期間達到頂峰。	The tourist season for the hill stations generally peaks during the Indian summer.
1328	10771303795477824494.wav	他甚至認為，家犬等動物可能都有這種解釋人類行為的能力。	He even suggests that such abilities in interpreting human behavior may be shared by animals such as domestic dogs.
1357	13381013549488820763.wav	前現代的天文台在今日通常已過時，並繼續當成博物館或教育場所來用。	Pre-modern observatories are usually obsolete today, and remain as museums, or sites of education.
140	3868359362993025065.wav	熱帶氣旋古努（以馬爾地夫當地語言的棕梠葉袋子為名）的最高持續風速達到每小時 240 公里（每小時 149 英里）。	At its peak, Tropical Cyclone Gonu, named for a bag of palm leaves in the language of the Maldives, reached sustained winds of 240 kilometers an hour (149 miles per hour) .
56	10279054753107145117.wav	科斯特洛部長表示，一旦經濟方面可行，澳洲應使用核能發電。	Mr Costello said that when nuclear power generation becomes economically viable, Australia should pursue its use.
1405	16180964453211047664.wav	然而，為了少數汽車打造全國性公路網絡並不符合經濟效應，人們因而發展出新的製造方法，以減少汽車的持有成本。	However, a nationwide road network is not economically viable for just a handful of cars, so new methods of production are developed to reduce the cost of car ownership.
286	4165993884559266133.wav	拉脫維亞及斯洛伐克都推遲加入反仿冒貿易協定的程序。	Latvia and Slovakia have both delayed the process of joining ACTA.
1491	5694474371398553028.wav	波特羅在此時接受了肩部治療，但仍設法回到比賽。	Potro received treatment to his shoulder at this point but managed to return to the game.
226	2221124587111608428.wav	暗能量是一種完全看不見的力量，不斷作用於宇宙中。	Dark energy is a completely invisible force that is constantly acting upon the universe.
317	2408209695734007753.wav	他之前也被控侵犯版權，但沒有被起訴。	He has also been accused previously of copyright infringement, but was not charged.
309	14179333961411393968.wav	除了前奧運會和世界冠軍的身份之外，齋藤在去世前還擔任全日本柔道連盟培訓委員會的主席。	As well as a former Olympic and World champion, Saito was the All Japan Judo Federation training committee chairman at the time of his death.
412	12374628913706781506.wav	致命的十字弓所射出的箭可穿透敵軍身上的盔甲。約在西元前 1 千年，亞述人導入了史上第一支騎兵部隊。	Arrows from their deadly crossbows could penetrate the armor of rival soldiers. About 1000 B.C., the Assyrians introduced the first cavalry.
458	7953950207198426714.wav	變焦鏡頭的另一缺點是鏡頭的最大光圈（速度）通常較低。	Another disadvantage of zoom lenses is that the maximum aperture (the speed) of the lens is usually lower.
294	15589991692443374024.wav	眼前所見的雲可能造成混淆，不確定是否真的發生火山爆發。	The clouds presented the potential for confusion as to whether an actual eruption had taken place.
793	3065824264871057085.wav	越來越多超市開始提供更多樣化的即食品，部分超市甚至提供微波爐或其他設備以食物加熱。	Increasingly supermarkets are getting a more varied section of ready-made food. Some even provide a microwave oven or other means to heat food.
1051	10731885286842979118.wav	日本經濟產業省 (METI) 表示，已獲悉 27 起事故與該裝置相關 。	Japan's Ministry of Economy, Trade and Industry (METI) said that it had been aware of 27 accidents related to the devices.
294	1237739891176563383.wav	眼前所見的雲可能造成混淆，不確定是否真的發生火山爆發。	The clouds presented the potential for confusion as to whether an actual eruption had taken place.
260	8542736582558141531.wav	自卸卡車被用來堵住隧道的各個入口處，並在 80 名警力的協助下指揮駕駛們改道行駛。	Dump trucks were used to block tube entrances and assistance of 80 police were on hand to direct motorists to detours.
1227	14724159625790338283.wav	Ring 也與保安產業的競爭對手 ADT 公司達成訴訟和解。	Ring also settled a lawsuit with competing security company, the ADT Corporation.
964	10930934790565815116.wav	關於此地區的外交爭論持續損害亞美尼亞和亞塞拜然之間的關係。	Diplomatic arguments over the region continue to mar relations between Armenia and Azerbaijan.
1399	2902667017175927790.wav	為了更加完善地表示交通流量，我們定義了三種主要特徵之間的關係：(1) 流量，(2) 密度，與 (3) 速度。	To better represent traffic flow, relationships have been established between the three main characteristics: (1) flow, (2) density, and (3) velocity.
688	17256674338046548355.wav	陵墓裡各種令人歎為觀止的財富已不在陵墓內，而是被移往在開羅的埃及博物館。	The fabulous riches of the tomb are no longer in it, but have been removed to the Egyptian Museum in Cairo.
419	3826009572488244213.wav	使用該語言的人口，估計約有 3.4 億至 5 億人，並且多達 8 億人能了解該語言。	Estimates range from 340 million to 500 million speakers, and as many as 800 million people can understand the language.
1417	17914428168320143391.wav	如果盟軍戰敗，德國可能會像征服歐洲其他地區一樣征服英國。	Had the Allies failed, Germany probably would have been able to conquer Britain as it had the rest of Europe.
114	8468581177361928329.wav	澳洲前保守派政府拒絕批准《京都議定書》，聲稱其會對高度依賴煤炭出口的經濟造成損害，而印度和中國等國卻不受碳排放指標的約束。	Australia's former conservative government refused to ratify Kyoto, saying it would damage the economy with its heavy reliance on coal exports, while countries like India and China were not bound by emissions targets.
274	1225838401279795981.wav	令人擔憂的是，仍有輕微流感症狀的病患可能會經由日常作息繼續傳染給更多的人。	There is concern that patients may continue to infect more people by going through their daily routines if the flu symptoms remain mild.
1477	18358596700896916242.wav	這世界因為人類科學與技術的進步而有了改變，而且由於人口過剩和人類浪費的生活方式，使得問題變本加厲，這點再明顯不過。	It is obvious enough that the world has changed much because of humankind's scientific and technological advancements, and problems have become greater because of overpopulation and mankind's extravagant lifestyle.
621	7326096425479275040.wav	儘管了解一個人的歷史並不代表了解文化，但這至少可以讓人理解他們在組織的歷史中處在什麼樣的位置上。	While understanding one’s history does not assume understanding of culture, it does at least help people gain a sense of where they fall within the history of the organization.
1053	8250215454467785521.wav	在國外居住一段時間回國後，你已經適應了新文化，並且遺忘國內文化讓你養成的某些習慣。	When returning home after living abroad, you've adapted to the new culture and lost some of your habits from your home culture.
490	12324000848400246505.wav	不過，1956 年 6 月時，波蘭的工人為食物短缺和減薪進行抗議，卻轉變成對共產主義的普遍抗議，這些動亂讓赫魯雪夫的承諾受到考驗。	However, in June 1956, Krushchev's promises were put to the test when riots in Poland, where workers were protesting against food shortages and wage cuts, turned into a general protest against Communism.
467	1392572041404623529.wav	但我們的想像是否基於現實？最初建造城堡的原因是什麼？它們是如何設計和建造的？	But is our imagination based on reality? Why were castles built in the first place? How were they designed and built?
344	4953643824733887806.wav	裸體新聞上週宣布它將推出三個新廣播節目，大幅增加其新聞報導的國際語言授權。	Last week, Naked News announced that it would dramatically increase its international language mandate to news reporting, with three new broadcasts.
352	1969737190724901955.wav	鋼針會浮在水面上是因為表面張力。	The steel needle floats on top of the water because of surface tension.
1230	2877452110575547324.wav	由於區間巴士經常客滿，建議您提前幾天購買車票。	As the inter-district buses are often full, it is advisable to purchase a ticket a few days in advance.
90	18072598133741302633.wav	然而，有關此調查的可靠消息來源向明尼蘇達州的《明星論壇報》透露，那其實是路易·喬丹，他是紅湖部落酋長弗洛伊德·喬丹的 16 歲兒子。	However, a source with knowledge of the investigation told the Minneapolis Star-Tribune that it was Louis Jourdain, 16-year old son of Red Lake Tribal Chairman Floyd Jourdain.
226	16434799889673243250.wav	暗能量是一種完全看不見的力量，不斷作用於宇宙中。	Dark energy is a completely invisible force that is constantly acting upon the universe.
386	13965062640301899201.wav	諺文是唯一一個在日常使用中特意發明的字母。其字母是在世宗年間（1418-1450 年）於 1444 年所發明。	Hangeul is the only purposely invented alphabet in popular daily use. The alphabet was invented in 1444 during the reign of King Sejong (1418 – 1450).
560	3957773323020963198.wav	質子帶有正電荷，中子不帶電荷，電子則具有負電荷。	Protons have a positive electric charge while neutrons have no charge. The electrons have a negative electric charge.
1238	15180633491476173291.wav	塔瑪基大道海灘位於懷特瑪塔港，在奧克蘭中央的米慎海灣與聖赫利爾的高級郊區。	Tamaki Drive beaches are on the Waitemata Harbour, in the upmarket suburbs of Mission Bay and St Heliers in Central Auckland.
300	13572764971481959983.wav	禁止同性民事結合的提議經第二次宣判失敗，有可能開啟未來同性民事結合之門。	The failure of the second sentence, which proposes to ban same-sex civil unions, could possibly open the door for civil unions in the future.
429	15940170214936310473.wav	土耳其的領土長 1,600 多公里（1,000 英里），寬 800 公里（500 英里），大致上呈現一個矩形形狀。	The territory of Turkey is more than 1,600 kilometres (1,000 mi) long and 800 km (500 mi) wide, with a roughly rectangular shape.
1420	16220745214662385572.wav	在 2017 年末，西米諾夫出現在 QVC 購物頻道 上。	In late 2017, Siminoff appeared on shopping television channel QVC.
1370	7112611445098682941.wav	身為不可知論者的錢伯斯聲稱他的控訴太「輕率」，「任何人都能控告任何人。」	"Chambers, an agnostic, argues that his lawsuit is ""frivolous"" and ""anybody can sue anybody."""
135	3457110961726291283.wav	腰鞭毛藻是一種天然生成的單細胞海洋微生物，當此生物的濃度比平常高時，就會出現紅潮。	Red tide is caused by a higher than normal concentration of Karenia brevis, a naturally-occurring single-celled marine organism.
1286	15780325328562605754.wav	上弓記號通常代表的是比較輕柔的聲響，而下弓記號則代表比較強烈又比較堅定的聲響。	An up-bow usually generates a softer sound, while a down-bow is stronger and more assertive.
173	10619842841554281421.wav	確認為真的話，這個發現會讓艾倫八年來搜尋武藏號的工作畫下句點。	If confirmed, the find completes Allen's eight-year search for the Musashi.
1222	13076373063959198419.wav	摩爾多瓦是一個多種族的共和國，飽受種族衝突問題之苦。	Moldova is a multi-ethnic republic that has suffered from ethnic conflict.
13	8195671773566767756.wav	他最近在布里斯本公開賽中輸給了拉奧尼奇。	He recently lost against Raonic in the Brisbane Open.
1411	17021988233128224648.wav	大部分的修道院備有裹巾給沒有準備而來的女性，但如果你自己有準備（特別是鮮豔色彩的款式），入口處的修士或修女就會對你投以微笑。	Most of the monasteries do provide wraps for women who come unprepared, but if you bring your own, especially one with bright colors, you'll get a smile from the monk or nun at the entrance.
737	8546581844046805169.wav	您可能可以直接從希門尼斯港的公園管理處預定通行證，但他們不收信用卡。	It is possible to secure park permits directly from the Ranger Station in Puerto Jiménez, but they do not accept credit cards
404	2183459573216227152.wav	在戰爭剛開始時，它們大多在海面上移動，但隨著雷達的研發開始和變得越來越精確後，潛水艇被迫潛入水中以避免被看見。	In the beginning of the war they mostly travelled on top of the sea, but as radar began developing and becoming more accurate the submarines were forced to go under water to avoid being seen.
112	6749964361174850503.wav	Stardust 專案經理湯姆．達克斯伯里 (Tom Duxbury) 表示：「它將飛越北加州的西海岸，照亮從加州到俄勒岡州中部，再經由內華達州及愛達荷州直到猶他州的天空。」	“It will move over the west coast of northern California and will light the sky from California through central Oregon and on through Nevada and Idaho and into Utah,” Tom Duxbury, Stardust's project manager said.
994	13089657076507440771.wav	然而，它們在冬天有不同的美與魅力。許多山間小鎮都會下不少的雪，且那裡也會提供滑雪和滑雪板等活動。	However, they have a different kind of beauty and charm during winter, with many hill stations receiving healthy amounts of snow and offering activities such as skiing and snowboarding.
473	10234998987403307116.wav	西班牙王位繼承戰爭成為以權力平衡為核心議題的第一場戰爭。	The War of Spanish Succession marked the first war whose central issue was the balance of power.
1319	1674780529917095337.wav	表演以斯芬克斯為背景，並由它來講述一個漫長的故事。	The Sphinx is set as the backdrop and the narrator of a long story.
1073	14911841093279756305.wav	克羅埃西亞和丹麥的 H5N1 疑似案例依然未被確認。	Suspected cases of H5N1 in Croatia and Denmark remain unconfirmed.
336	2392471882662307781.wav	土耳其天后蘇珊‧雅克蘇與義大利男高音亞歷山大‧沙費納和希臘歌手哈麗絲‧亞力克西烏同臺演出。	Turkish diva Sezen Aksu performed with the Italian tenor Alessandro Safina and Greek singer Haris Alexiou.
238	17041870289421257571.wav	因此，若你站在岸邊，你將能往下看到底部的鵝卵石或泥濘等東西。	So if you were standing by the shoreline, you would be able to see down to whatever pebbles or gunk that was on the bottom.
1475	12620276108768703229.wav	半島上的山脈在此匯集成高地，然後重新出現形成綿延 360 公里的埃爾斯沃思山脈，而明尼蘇達冰川將其一分為二。	The mountains of the Peninsula here merge into the plateau, then re-emerge to form the 360 km chain of the Ellsworth Mountains, bisected by the Minnesota Glacier.
397	7656354023942247163.wav	我們先解釋一下義大利的計畫。義大利主要是德國和日本的「小跟班」。	"Let's start with an explanation about Italy's plans. Italy was mainly the ""little brother"" of Germany and Japan."
179	18362134977120144476.wav	不久之後，亞特蘭大憲法報發布了一份報告，指出測試結果存在問題。	Shortly after, The Atlanta Journal-Constitution published a report showing problems with test results.
384	6811742363482248130.wav	這支艦隊由奧拉夫·特里格維松率領，這名雄心勃勃的挪威人想要從丹麥手中奪回自己的國家。	This fleet was led by Olaf Trygvasson, a Norwegian with ambitions to reclaim his country from Danish domination.
333	7451509802836666448.wav	慶祝活動以世界知名的太陽馬戲團特別演出揭開序幕。	The celebrations started with a special show by the world-renowned group Cirque du Soleil.
248	10360256754903838688.wav	根據巴基斯坦憲法第 247 條，這些官員需負責治理與提供司法服務。	These agents are responsible for providing government and judicial services under Article 247 of the Pakistani Constitution.
1156	2285694302272284721.wav	「上弓」標記長得像 V，「下弓」標記長得像訂書針，也像是底部開口的方形。	"The ""up bow"" mark looks like a V and the ""down bow mark"" like a staple or a square missing its bottom side."
37	1130133709294675958.wav	目前正在原址興建五座新的摩天大樓，中間有一座轉運站和紀念公園。	Construction is ongoing for five new skyscrapers at the site, with a transportation center and memorial park in the middle.
1450	5596608692375335829.wav	他們發現太陽的運作與其他恆星的基本原理相同：系統中所有恆星的活動均受其光度、自轉所推動，就是這麼簡單。	They found the Sun operated on the same basic principles as other stars: The activity of all stars in the system was found to be driven by their luminosity, their rotation, and nothing else.
477	16575204004497426460.wav	希臘歷史學家史特拉波後來提到了這個名字，所以我們現在才會知道有這座神殿。神殿毀於亞歷山大大帝出生當晚。	The Greek historian Strabo later noted the name, which is how we know today. The temple was destroyed on the same night that Alexander the Great was born.
457	9433027641679684933.wav	這已能使變焦鏡頭拍出與定焦鏡頭不相上下的照片品質。	This has allowed zoom lenses to produce pictures of a quality comparable to that achieved by lenses with fixed focal length.
64	8729545292777016159.wav	巴西國民議會已進行了 10 年的合法化辯論，但這樣的民事婚姻目前只有在南里約格蘭德合法。	The National Congress of Brazil has debated legalization for 10 years, and such civil marriages are currently only legal in Rio Grande do Sul.
562	7514614922821113391.wav	靠近傷者時須注意傷者位置和任何出現的警訊。	You need to notice the victim's position as you approach him or her and any automatic red flags.
33	2698017637205061803.wav	當阿隆索前面的汽車在安全車的引領下進站加油時，他移動到車隊的前方以取得勝利。	As the cars ahead of Alonso went in for fuel under the safety car, he moved up the pack to take victory.
1480	15684472673811385956.wav	伊拉克研究小組在今天格林威治標準時間 12 點提出報告。	The Iraq Study Group presented its report at 12.00 GMT today.
46	6822050282646563815.wav	1759 年 9 月 24 日，亞瑟‧健力士簽署了愛爾蘭都柏林聖詹姆士門釀酒廠的租約，租期九千年。	On September 24, 1759, Arthur Guinness signed a 9,000 year lease for the St James' Gate Brewery in Dublin, Ireland.
257	12290371775127227773.wav	她說：「無情報指出會發生立即性的攻擊。	"She said, ""There is no intelligence to suggest that an attack is expected imminently."
923	10659818046214816706.wav	雖然大部分的預付卡都可以打電話到任何國家，但某些預付卡會提供特定幾個國家優惠通話費率。	While most cards are good for calling anywhere, some specialise in providing favourable call rates to specific groups of countries.
791	15850253596030940920.wav	他們以獨特口音和地方俚語說著自己家鄉的故事，逗彼此開心。	They're regaling each other with stories from their hometowns, told in their distinct accents and local argot.
1297	75298272845003513.wav	如果你發現自己會在睡夢中重設鬧鐘，你可以把鬧鐘放在房間的另一邊，強迫自己下床關掉鬧鐘。	If you find yourself resetting the clock in your sleep, it can be placed on the other side of the room, forcing you to get out of bed to turn it off.
1225	2861394271053910585.wav	戴上一個戒指也會有所幫助（但不要戴看起來太貴的。	It is helpful to also wear a ring (just not one that looks too expensive.
89	15194735677950438011.wav	當局除了確認今日的逮捕行動之外，透露甚少訊息。	Authorities said little officially beyond confirming today's arrest.
1395	15265212782692316827.wav	你所屬當地電信服務業者，應可提供更多連線到此服務的資訊。	Your local telephone service provider should be able to give more information about connecting to this service.
230	4563569105916784181.wav	此理論與月球完全沒有地質活動的說法相違悖。	This theory contradicts the claim that the moon is completely devoid of geologic activity.
885	2608359598225222931.wav	一般而言夏洛特市的家庭通常不會使用計程車，但在特定情況下使用計程車十分方便。	Taxis are not generally used by families in Charlotte, though they can be of some use in certain circumstances.
463	12089048188630110904.wav	這麼做是為了確保圖像能蓋滿整個螢幕，這個動作稱為「過掃描」。	This is made to ensure that the image covers the whole screen. That is called overscan.
239	8588366786748577425.wav	據我們所知，只有一個天體比泰坦星更有活力，它就叫地球。」斯托凡補充說。	"As far as we know, there is only one planetary body that displays more dynamism than Titan, and its name is Earth,"" added Stofan."
1024	3592200273025526302.wav	東京將成為唯一一座主辦過兩場夏季奧林匹克運動會的亞洲城市，上一次舉辦是在 1964 年。	Tokyo will be the only Asian city to have hosted two summer Olympics, having hosted the games in 1964.
461	17774420573146671594.wav	多數電視節目的製作目的是取悅一般大眾。	Most televisions are made in a way to please the general public.
454	10317324988535771140.wav	互動式設計需要專案的各個構成要素相互連結，但作為單獨的實體也具有意義。	Interactive design requires that components of a project connect to each other, but also make sense as a separate entity.
12	6911044464165554795.wav	納達爾與這名加拿大選手的交手紀錄為 7–2。	Nadal's head to head record against the Canadian is 7–2.
526	531211670666498488.wav	幾乎從一開始，義大利人在北非的進展就很不順利。在義大利於 1940 年 6 月 10 日宣戰後一週內，英國第 11 輕騎兵團就佔領了利比亞的卡普佐堡。	Things did not go well for the Italians in North Africa almost from the start. Within a week of Italy's declaration of war on June 10, 1940, the British 11th Hussars had seized Fort Capuzzo in Libya.
535	9660098489136171600.wav	也許最常見的旅遊型態正是多數人對旅行的聯想：休閒旅遊。	Perhaps the most common type of tourism is what most people associate with traveling: Recreation tourism.
22	2406123248890634303.wav	謝長廷還表明，上相的馬英九只是虛有其表。	Hsieh also argued that the photogenic Ma was more style than substance.
267	12766431926790752075.wav	俄羅斯的地面控制中心啟動了噴射口，接著太空站就重新恢復了正常姿態。	
52	9790471984885816006.wav	今年四月，葛林法官針對監獄核發臨時禁制令，要求強制釋放在被捕後已拘留超過 24 小時但仍未收到法院通知預審的人。	In April this year, a temporary restaining order was issued by Judge Glynn against the facility to enforce the release of those held more than 24 hours after their intake who did not receive a hearing by a court commissioner.
824	11216329472562247555.wav	最好是找經常預訂類似旅程的旅行社為您效勞。	It can be better to use an agent who frequently books similar trips to yours.
1113	767808129726972473.wav	經官方人員確認選民的身份後，選民再將信封放入投票箱，並在投票單上簽名。	After officials verify the voter's identity, the voter drops the envelope into the ballot box and signs the voting roll.
531	1273754968910103893.wav	高爾夫球這種運動，是球員用球桿把球打進洞裡。	Golf is a game in which players use clubs to hit balls into holes.
302	14328900740799633994.wav	沃提爾執導筒之外的成就包括在 1973 年絕食抗議所謂的政治審查。	Vautier's achievements outside of directing include a hunger strike in 1973 against what he viewed as political censorship.
299	16084483468519296371.wav	本立法會期對該修正案進行修正，先經眾議院刪除第二條文，參議院再於本周一通過相似版本。	A change was made this legislative session when the second sentence was deleted first by the House of Representatives and then was passed in a similar form by the Senate Monday.
985	5858823394253583506.wav	已知在人類身上發生的案例不到一千例，但有些是致命的。	Fewer than a thousand cases have ever been reported in humans, but some of them have been fatal.
246	13823481750328820758.wav	很高興看到有人挺我。	I am happy that there are people willing to support me.
1144	5661832799652122936.wav	東加並未回報任何重大損壞或傷亡，但據稱暫時的電力中斷妨礙了東加相關單位接收太平洋海嘯警報中心 (PTWC) 發出之海嘯警報。	No major damage or injuries have been reported in Tonga, but power was temporarily lost, which reportedly prevented Tongan authorities from receiving the tsunami warning issued by the PTWC.
1130	7074209979364404949.wav	一個人內心的平靜程度，與一個人身心的緊張程度呈反比。	The amount of inner peace a person possesses correlates oppositely to the amount of tension in one’s body and spirit.
1430	10985866811003588782.wav	現今，許多古生物學家相信有一群恐龍存活至現代，也就是我們所稱的鳥類。	Many paleontologists today believe that one group of dinosaurs survived and is alive today. We call them birds.
556	428289609719772403.wav	即使產品無法提供真正的好處，運動員仍偏好使用某產品。	Athletes may feel that they prefer a product even when it provides no real benefits.
600	4684041934675260476.wav	它們看起來像一個個房間。他是首位觀察到死亡細胞的人。	They looked like rooms. He was the first person to observe dead cells
750	738676863359390320.wav	坐上自己的汽車，展開一場漫長的公路之旅，這種簡單的旅行方式本身就非常有吸引力。	Getting into your own car and heading off on a long road trip has an intrinsic appeal in its simplicity.
190	5318050051543813398.wav	預計颱風會以時速 11 公里往中國前進。	The typhoon is estimated to be moving toward China at eleven kph.
460	1423669624844189887.wav	將一部電影轉換成 DVD 格式時，最常見的一種問題是畫面溢出。	One of the most common problems when trying to convert a movie to DVD format is the overscan.
1170	6107931886213540678.wav	我們認為寄養系統是這些孩童的避風港。	We perceive the Foster Care System to be a safety zone for these children.
1308	5567362754170046489.wav	德國糕點十分美味，而巴伐利亞邦的糕點則豐富且多樣，與他們的南方鄰居奧地利相似。	German pastries are quite good, and in Bavaria, are quite rich and varied, similar to those of their southern neighbor, Austria.
1456	14463327600444108745.wav	當一小群生物（一個小族群）與他們所來自的主要族群分開時（例如越過山脈或河流，或是移居到新到島嶼，以致無法輕易返回），他們通常會發現自己身處的環境與以往不同。	When a small group of living things (a small population) gets separated from the main population that they came from (like if they move over a mountain range or a river, or if they move to a new island so that they can't easily move back) they will often find themselves in a different environment than they were in before.
700	6275866380520792993.wav	此信必須經厄瓜多外交部批准，並符合相關要求。	This letter must be legalized by the Ecuadorian Ministry of Foreign Affairs, and comply with certain requirements.
424	4064138508709377335.wav	隨著時間的推移，許多從德語借來的詞也融在一起。這是啟蒙的開端。	As time passed, many words that were borrowed from German coalesced. This was the beginning of enlightenment.
617	8356523082307534672.wav	查塔姆群島上還有另一個部落，他們是從紐西蘭移民而來的毛利人。	There was also another tribe on the Chatham islands these were Maori who migrated away from New Zealand.
373	612534005877771742.wav	其他科學家主張這些植物有劇毒，因此恐龍不可能吃下它們，雖然現在樹懶和其他如鸚鵡（恐龍的後代）等動物可以吃有毒的葉子或果實。	Other scientists argue that these plants are very poisonous so it is unlikely that any dinosaur ate them, even though today the sloth and other animals like the parrot (a descendant of the dinosaurs) can eat poisonous leaves or fruit.
1021	3159553971509730639.wav	撰寫部落格也「迫使學生更加了解周遭的世界」。為了滿足觀眾的興趣，激發學生變得更加聰明有趣（Toto，2004 年）。	"Also blogging ""forces students to become more savvy about the world around them."" The need to feed the interest of the audience inspires students to be clever and interesting (Toto, 2004)."
1371	8501329616911370768.wav	星期一晚上 10:08，西蒙大拿發生了有感中度地震。	A moderate earthquake shook western Montana at 10:08 p.m. on Monday.
233	11382371494597933216.wav	有關當局還不知道他的名字，但他們知道他是維吾爾族的一份子。	His name is still unknown to authorities, although they do know he is a member of the Uighur ethnic group.
1305	14713267288405167571.wav	不過，西班牙語也被廣泛地使用在大眾運輸與其他場所。	Yet, Spanish is also widely used in public transport and other facilities.
146	8639680370878061921.wav	直至現在，由於美國境內的廣泛使用，AOL 已能夠以自己的步調轉移與發展即時通訊市場。	Until now, AOL has been able to move and develop the IM market at its own pace, due to its widespread use within the United States.
611	7296700501255640030.wav	現在都用電腦來修改照片和影片。	Computers today are used to manipulate pictures and videos.
1051	4262671352471368320.wav	日本經濟產業省 (METI) 表示，已獲悉 27 起事故與該裝置相關 。	Japan's Ministry of Economy, Trade and Industry (METI) said that it had been aware of 27 accidents related to the devices.
902	15798928375749737885.wav	原初的觸發事件有時是太陽使雪升溫，有時是下了更多雪，有時是其它自然事件，但更常是人為。	Sometimes the original trigging event is the sun warming the snow, sometimes some more snowfall, sometimes other natural events, often a human.
316	16914015638930290719.wav	現代教育補習社指控他謊稱自己為該社之首席英文老師，並在未獲授權的情況下在公車上刊登大型廣告。	Modern Education accused him of printing large advertisements on buses without authorisation and lying by saying that he was the chief English tutor.
605	16060688078375888150.wav	雖然它的物理狀態可能會改變，但它的化學狀態依舊不變。	Although its physical state may change, its chemical state remains the same.
446	13255450049921226522.wav	委內瑞拉人的重要產業是石油，僅管只有百分之一的人口在石油業工作，該國卻是石油淨出口國。	An important industry for Venezuelans is oil, where the country is a net exporter, even though only one percent work in the oil industry.
121	7108290759202949905.wav	澳洲通訊及媒體局 (ACMA) 也發現，雖然影片在網路上流傳，《老大哥》節目卻沒有違反線上內容審查法，因為影片並非儲存在《老大哥》的網站上。	The ACMA also found that despite the video being streamed on the Internet, Big Brother had not breached online content censorship laws as the media had not been stored on Big Brother's website.
655	11199991959475454979.wav	對外來客犯罪和抱持惡意，一般來說在格陵蘭簡直前所未聞，即使是鬧區也沒有「危險地帶」。	"Crime, and ill-will toward foreigners in general, is virtually unknown in Greenland. Even in the towns, there are no ""rough areas."""
1320	13052596248682956041.wav	數個國家都宣稱 1819 年發現的南設得蘭群島為其領地，這座島上有最多基地，2020 年已有十六個使用中的基地。	South Shetland Islands, discovered in 1819, are claimed by several nations and have the most bases, with sixteen active in 2020.
844	5148432342648362247.wav	我們將擅自加上去的壁畫或潦草字跡稱為塗鴉。	Unwanted murals or scribble is known as graffiti.
96	6571883684741224964.wav	一支調查小組奉命成立。	An inquiry was established to investigate.
411	7932505290296252502.wav	幅條輪的發明讓亞述人的馬車更輕、更快，且更能跑贏士兵與其他馬車。	The invention of spoke wheels made Assyrian chariots lighter, faster, and better prepared to outrun soldiers and other chariots.
1166	8681911386657480684.wav	巴基斯坦和北印度內陸區的咖哩料理中常用到優格；南印度和印度次大陸的其他沿海地區則常改用椰奶。	In inland regions of Northern India and Pakistan, yogurt is commonly used in curries; in Southern India and some other coastal regions of the subcontinent, coconut milk is commonly used.
316	17435712290726306318.wav	現代教育補習社指控他謊稱自己為該社之首席英文老師，並在未獲授權的情況下在公車上刊登大型廣告。	Modern Education accused him of printing large advertisements on buses without authorisation and lying by saying that he was the chief English tutor.
5	7804168921754601126.wav	當地媒體報導一輛機場消防車在出勤時翻覆。	Local media reports an airport fire vehicle rolled over while responding.
433	11206083027739057402.wav	盧森堡的歷史悠久，但 1839 年後才獨立 。	Luxembourg has a long history but its independence dates from 1839.
969	10914139010245466138.wav	幾個世紀以來，人們在崎嶇且陡峭的地景上精心建造平臺，一路直達可以俯瞰大海的懸崖上。	Over the centuries, people have carefully built terraces on the rugged, steep landscape right up to the cliffs that overlook the sea.
1018	2211126851636394317.wav	旅行社提供的套裝行程通常會包括早餐和往返機場的交通，甚至提供結合航班和飯店的套組。	Travel agents usually offer packages that include breakfast, transportation arrangements to/from the airport or even combined flight and hotel packages.
1073	16967645301363856147.wav	克羅埃西亞和丹麥的 H5N1 疑似案例依然未被確認。	Suspected cases of H5N1 in Croatia and Denmark remain unconfirmed.
666	6349259404148795613.wav	最「典型」的行程包括飛往奧蘭多國際機場、搭巴士前往迪士尼飯店、在迪士尼園區玩上一週後再回家。	"The ""typical"" visit involves flying into Orlando International Airport, busing to an on-site Disney hotel, spending about a week without leaving Disney property, and returning home."
1301	6939542490603447347.wav	他的研究顯示，如果施打某種荷爾蒙，將加速胎兒肺部的成熟。	His research showed that if a hormone was administered it would speed up the baby's foetal lung maturation.
811	7844951580031798996.wav	溪降結合了游泳、攀爬和跳躍等要素，但訓練或身體狀態的入門要求相對較低（例如相較於攀岩、水肺潛水或高山滑雪）。	Canyoning combines elements from swimming, climbing and jumping--but requires relatively little training or physical shape to get started (compared to rock climbing, scuba diving or alpine skiing, for example).
285	9939845108909148275.wav	波蘭在上個月簽署了反仿冒貿易協定，並在國內引發大型抗議，導致波蘭政府決定暫不批准該協議。	Last month, there were major protests in Poland when that country signed ACTA, which has led to the Polish government deciding not to ratify the agreement, for now.
415	13226248704450618460.wav	蘇弗克里茲和亞里斯多芬至今依然是備受歡迎的劇作家，他們的劇本被視為最偉大的世界文學作品之一。	Sophocles and Aristophanes are still popular playwrights and their plays are considered to be among the greatest works of world literature.
204	263548566486641490.wav	有時降雨會伴隨著雷鳴與經常性的閃電。	Some of the rainfall was accompanied by thunderstorms and frequent lightning.
554	4260017856366884086.wav	中長跑是一種相對花費較少的運動項目，用以參加此項競技所需的裝備極少，但對於這些裝備則存在著許多錯誤觀念。	Middle distance running is a relatively inexpensive sport; however, there are many misconceptions regarding the few pieces of equipment required to participate.
134	12016824406057100876.wav	標誌沒有遭到實際損壞，而是用有和平與心型符號裝飾的黑色防水布將字母「O」改成小寫的字母「e」。	"The sign was not physically damaged; the modification was done using black tarpaulins decorated with signs of peace and heart to alter the ""O"" to read lowercase ""e""."
1342	14406086227673354881.wav	「它們在白天比附近的平面更冷，夜晚則比附近的平面熱。	"They are cooler than the surrounding surface in the day and warmer at night.	they are cooler than the surrounding surface in the day and warmer at night	t h e y | a r e | c o o l e r | t h a n | t h e | s u r r o u n d i n g | s u r f a c e | i n | t h e | d a y | a n d | w a r m e r | a t | n i g h t |	83520	MALE
986	1179589707314604085.wav	Most have involved people who work with poultry, but there is also some risk to birdwatchers.	most have involved people who work with poultry but there is also some risk to birdwatchers	m o s t | h a v e | i n v o l v e d | p e o p l e | w h o | w o r k | w i t h | p o u l t r y | b u t | t h e r e | i s | a l s o | s o m e | r i s k | t o | b i r d w a t c h e r s |	110400	MALE
940	5615995863953601630.wav	Make sure you know what you can and cannot bring in and declare anything over the legal limits.	make sure you know what you can and cannot bring in and declare anything over the legal limits	m a k e | s u r e | y o u | k n o w | w h a t | y o u | c a n | a n d | c a n n o t | b r i n g | i n | a n d | d e c l a r e | a n y t h i n g | o v e r | t h e | l e g a l | l i m i t s |	132480	FEMALE
1463	8943036589905798133.wav	A binary number can have only one of two values, i.e. 0 or 1, and these numbers are referred to as binary digits - or bits, to use computer jargon.	a binary number can have only one of two values i.e. 0 or 1 and these numbers are referred to as binary digits or bits to use computer jargon	a | b i n a r y | n u m b e r | c a n | h a v e | o n l y | o n e | o f | t w o | v a l u e s | i . e . | 0 | o r | 1 | a n d | t h e s e | n u m b e r s | a r e | r e f e r r e d | t o | a s | b i n a r y | d i g i t s | o r | b i t s | t o | u s e | c o m p u t e r | j a r g o n |	182400	MALE
679	4562905313991530021.wav	Each country also has unique laws requiring what emergency items need to be in the car.	each country also has unique laws requiring what emergency items need to be in the car	e a c h | c o u n t r y | a l s o | h a s | u n i q u e | l a w s | r e q u i r i n g | w h a t | e m e r g e n c y | i t e m s | n e e d | t o | b e | i n | t h e | c a r |	115200	FEMALE
579	4957914118003281601.wav	Cells are so basic and critical to the study of life, in fact, that they are often referred to as the building blocks of life""."
925	12268047033275399634.wav	針對一般攝影的規範也適用於錄影，甚至有更多的規定。	Rules regarding regular photography also apply to video recording, possibly even more so.
706	15335696361895212533.wav	這似乎更像是某種騙人以為他們必須付更多錢的招數。	It seems actually to be more a way of tricking people into believing they have to pay more.
766	2776905279789294931.wav	帶著小孩的家庭極為少見，但有些青年旅館確實會允許他們入住私人套房。	Families with children are a rare sight, but some hostels do allow them in private rooms.
331	6389640757781759672.wav	博貝克在球隊中的出場數與進球數居冠。	No one else has ever made more appearances or scored more goals for the club than Bobek.
156	7154673858709213119.wav	其中十五顆岩石來自去年七月的流星雨。	Fifteen of these rocks are attributed to the meteorite shower last July.
392	5303116737812411650.wav	梵語是一種非常複雜又豐富的語言，也是印度許多種現代語言的來源，好比拉丁語也是法語和西班牙語等歐洲語言之源頭一樣。	Sanskrit is a very complex and rich language, which has served to be the source for many modern Indian languages, just like Latin is the source for European languages like French and Spanish.
212	10962149436213261404.wav	無任何重大傷亡匯報，但爆炸發生時，現場至少有五人因產生休克症狀而接受治療。	No major injuries were reported, but at least five people on scene at the time of the explosion were treated for symptoms of shock.
653	13011745794371130901.wav	儘管你可能聽過格陵蘭島原住民使用這個詞，但外國人應該避免使用。	While you may hear the word used by Greenlandic Natives, its use should be avoided by foreigners.
1203	17552575393742853068.wav	自從人類登陸加拉巴哥群島後，包括羊、馬、牛、老鼠、貓和狗等許多哺乳動物都被引進到島上。	Since the arrival of man to the Galapagos, many mammals have been introduced including goats, horses, cows, rats, cats and dogs.
1140	12001798499442177125.wav	當然，美國長久以來剝削菲律賓人取得的超高利潤，成為美國帝國主義的基本收穫。	Of course, the superprofits derived from the protracted exploitation of the Filipino people would constitute the basic gains of U.S. imperialism.
427	16810628914107094949.wav	查爾斯是首位被授予學位的英國王室成員。	Charles was the first member of the British Royal Family to be awarded a degree.
1406	2171027588625652276.wav	美國國防部戰略司令部正在追蹤殘骸。	The United States Strategic Command of the U.S. Department of Defense office is tracking the debris.
314	2064690000035147166.wav	范浩揚是眾人皆知但充滿爭議的英語補教老師，他曾任教於現代教育及英皇教育，自稱生涯顛峰期曾教過 9,000 名學生。	Karno is a well-known but controversial English tutor who taught under Modern Education and King's Glory who claimed to have 9,000 students at the peak of his career.
1328	12615697869282818128.wav	他甚至認為，家犬等動物可能都有這種解釋人類行為的能力。	He even suggests that such abilities in interpreting human behavior may be shared by animals such as domestic dogs.
31	893741844923639120.wav	此監獄因美軍接手後爆發的虐囚事件而惡名昭彰。	The jail became notorious after prisoner abuse was discovered there after US forces took over.
718	11276014872913381409.wav	馬普切人也是最後一群獨立的美洲原住民團體之一，他們直到智利獨立後，才完全被納入西班牙語的治理。	The Mapuche were also one of the last independent American indigenous groups, that were not fully absorbed into Spanish-speaking rule until after Chile's independence.
1179	1990464240975777313.wav	1895 年，清朝政府在甲午戰爭（1894-1895 年）戰敗後簽下了《馬關條約》，將臺灣主權割讓給日本。日本從此開始統治臺灣，直到 1945 年為止。	In 1895, after defeat in the First Sino-Japanese War (1894-1895), the Qing government signs the Treaty of Shimonoseki, by which it cedes sovereignty over Taiwan to Japan, which rules the island until 1945.
549	17176128635160731759.wav	由於跑步距離從四分之一英里改為半英里，速度的重要性變得越來越低，耐力變成為絕對必要的條件。	With the change from the quarter to the half mile run, speed becomes of much less importance and endurance becomes an absolute necessity.
365	1651376311641878666.wav	首先，必須關閉燈具開關，或拔掉電源線。	First, the switch for the light fixture needs to be turned off or the cable disconnected.
174	11430183986562839385.wav	完成海床繪圖之後，總算以 ROV 找到了沉船。	Following seabed mapping the wreck was found using an ROV.
817	1434695538909056204.wav	Go Running Tours 接續 Global Running Tours 成立，在四大洲串連了數十個觀光路跑供應商。	The Global Running Tours successor, Go Running Tours networks dozens of sightrunning providers on four continents.
1154	8386676825875361359.wav	雖然歐普拉含淚告別，但她向粉絲清楚表明她會回來的。	Although Winfrey was tearful in her farewell, she made it clear to her fans she will be back.
116	16062205615111411774.wav	該公司希望將其利潤來源多元化，並在中國、東歐及巴西等 Skype 佔據優勢的地區增加知名度。	The company hopes to diversify its profit sources and gain popularity in areas where Skype holds a strong position, such as China, Eastern Europe, and Brazil.
219	10171984077612687938.wav	並非所有人都支持加入女性的排名。	Not all were supportive of the inclusion of the women’s ranks.
1018	1504855496588404685.wav	旅行社提供的套裝行程通常會包括早餐和往返機場的交通，甚至提供結合航班和飯店的套組。	Travel agents usually offer packages that include breakfast, transportation arrangements to/from the airport or even combined flight and hotel packages.
333	3017875156646311957.wav	慶祝活動以世界知名的太陽馬戲團特別演出揭開序幕。	The celebrations started with a special show by the world-renowned group Cirque du Soleil.
463	504846563282378396.wav	這麼做是為了確保圖像能蓋滿整個螢幕，這個動作稱為「過掃描」。	This is made to ensure that the image covers the whole screen. That is called overscan.
271	6752612719917359743.wav	自此之後，這位巴西選手共為該球隊踢了 53 場球賽，進了 24 球。	Since then, the Brazilian has featured in 53 matches for the club in all competitions and has scored 24 goals.
171	8069174833847395945.wav	州長也表示：「今天，我們得知有些學齡兒童確定曾與病患接觸。」	"The governor also stated, ""Today, we learned that some school aged children have been identified as having had contact with the patient."""
772	17103639700763237528.wav	去喀拉拉邦看寺廟慶典挺有意思的，他們定期會有佩戴裝飾的大象遊行、寺廟樂團及其他慶典。	Kerala's temple festivals are very interesting to see, with regular procession of decorated elephants, temple orchestra and other festivities.
1211	11237990834162662546.wav	各國政府願意認可這些文件的程度存在非常大的差異。	Willingness of foreign governments to honour these documents is just as widely variable.
456	8901617159064045652.wav	隨著鏡片製造商的鏡片生產達到更高水準，這已不再成為問題。	This is becoming less of an issue as lens manufacturers achieve higher standards in lens production.
89	8296120136781241871.wav	當局除了確認今日的逮捕行動之外，透露甚少訊息。	Authorities said little officially beyond confirming today's arrest.
270	4020524686600672608.wav	21 歲的熱蘇斯於 2017 年 1 月從巴西的帕梅拉斯體育俱樂部加入了曼徹斯特城足球俱樂部，據傳報酬為 2700 萬英鎊。	21-year-old Jesus joined Manchester City last year in January 2017 from Brazilian club Palmeiras for a reported fee of £27 million.
1404	8552963332651537327.wav	超過四百萬人到羅馬參加葬禮。	Over four million people went to Rome to attend the funeral.
1157	9217857207433049791.wav	蒙特維多位於亞熱帶地區，夏季時氣溫經常超過攝氏 30 度。	Montevideo is in the subtropics; in the summer months, temperatures above +30°C are common.
425	2256771925896062394.wav	傳統上，王位繼承人完成學業之後會直接從軍。	Traditionally, the heir to the throne would go straight into the military after finishing school.
597	13532282719133907170.wav	細胞一詞來自拉丁文的 cella，意指小空間。	Cell comes from the Latin word cella which means small room.
46	4725273615956572398.wav	1759 年 9 月 24 日，亞瑟‧健力士簽署了愛爾蘭都柏林聖詹姆士門釀酒廠的租約，租期九千年。	On September 24, 1759, Arthur Guinness signed a 9,000 year lease for the St James' Gate Brewery in Dublin, Ireland.
76	13290641990176341810.wav	羅伯茲斷然拒絕說明他所相信的生命起始點，這在墮胎倫理議題上是非常重要的問題，並表示評論特定可能的具體情況是不道德的。	Roberts flatly refused to say about when he believes life begins, an important question when considering the ethics of abortion, saying that it would be unethical to comment on the specifics of likely cases.
459	12741154883109962404.wav	這就使得平價的變焦鏡頭在低光源、無閃光燈的環境中難以使用。	This makes inexpensive zoom lenses hard to use in low-light conditions without a flash.
442	17724212899694524384.wav	泰國人在 18 世紀多次侵略柬埔寨，並在 1772 年摧毀金邊。	The Thais invaded Cambodia several times in the 18th century and in 1772 they destroyed Phnom Phen.
872	6469506534277418191.wav	早晨讓家裡充盈濃郁的咖啡香，夜間則來點放鬆身心的洋甘菊茶。	Fill your home with a rich coffee in the morning and some relaxing chamomile tea at night.
235	12419766879748266831.wav	「我們真的都嚇呆了」這位母親表示。	We were all simply in shock, the mother stated.
281	18364251553326082133.wav	抗議活動的組織者表示，柏林、科隆、漢堡和漢諾威等德國城市約有 10 萬人參與。	Organisers of the protest said about 100,000 people turned up in German cities such as Berlin, Cologne, Hamburg, and Hanover.
804	16423259479639175149.wav	非法烈酒可能含有各種危險的雜質，包括甲醇，即使是少量都有可能導致失明或死亡。	Illegal spirits can contain various dangerous impurities including methanol, which can cause blindness or death even in small doses.
1023	9678172448412842625.wav	害蟲會破壞食物、引發不適，更糟糕的話可能造成過敏反應、散布毒液或傳播傳染病。	Pests can spoil food, cause irritation, or in a worse case cause allergic reactions, spread venom, or transmit infections.
454	14107257193515092156.wav	互動式設計需要專案的各個構成要素相互連結，但作為單獨的實體也具有意義。	Interactive design requires that components of a project connect to each other, but also make sense as a separate entity.
1065	11044667325165691692.wav	對澳洲人來說，「白咖啡」是外來的點子。濃縮咖啡是「espresso」，卡布奇諾則是咖啡上擠滿高聳的鮮奶油（非奶泡），而茶則不含牛奶。	
97	4051617223958919023.wav	伊爾-76 自 1970 年代起即為俄羅斯及蘇聯軍事重要的一部分，上個月已經在俄羅斯發生一起重大事故。	The Il-76 has been a major component of both the Russian and Soviet military since the 1970s, and had already seen a serious accident in Russia last month.
563	13327735472994687911.wav	如果你在試圖幫助時受傷，可能只會讓事態變得更糟。	If you get hurt trying to help, you may only serve to make matters worse.
834	12173581544638181494.wav	可能須至當地警局填寫表單或走一趟移民局。	This might require filling out a form with the local police or a visit to the immigration offices.
1436	2975169260525135849.wav	賭場通常會做許多努力，盡量讓賓客待得更久、花得更多。那裡通常沒有窗戶和時鐘，也難以找到出口。	Casinos typically make many efforts to maximize time and money spent by guests. Windows and clocks are usually absent, and exits can be hard to find.
416	7488695161723841155.wav	另一個有名的希臘人是數學家畢達哥拉斯，主要以直角三角形各邊關係的知名定理為人所知。	Another famous Greek is a mathematician Pythagoras, mostly known for his famous theorem about relations of the sides of right triangles.
588	5966085405915674920.wav	我們將永遠無法擺脫貪婪與自私。合作的本質就是當大多數人受益時，自私的行為在短期總能得到更多利益。	Greed and selfishness will always be with us and it is the nature of cooperation that when the majority benefit there will always be more to gain in the short term by acting selfishly
1009	8691143238525404462.wav	更快速送達的唯一方法，就是將貨物當成拖運行李寄送。航空公司規定禁止拖運非乘客的行李，此時你的機會就來了。	The only way to get it through faster was to send it as checked luggage. Airline regulations will not allow them to send luggage without a passenger, which is where you come in.
303	5722197238824870065.wav	法國法律更改了。他的社運史從他十五歲於第二次世界大戰時加入了法國抵抗運動開始。	French law was changed. His activism went back to age 15 when he joined the French Resistance during World War II.
916	6201821742463473049.wav	有些這種類型的應用程式甚至可翻譯現實世界中標誌或其他物件上的外文，用戶只要把智慧型手機對準這些物件。	Some of the applications in this category can even translate texts in foreign languages on signs or other objects in the real world when the user points the smartphone towards those objects.
1445	7193356035036920803.wav	初期報告指出該飛機在烏魯木齊要求緊急降落被拒後，改到返回阿富汗。	
636	12131064781413341567.wav	共振時，磁場和無線電波會使原子發出微小的無線電信號。	In this resonance, magnetic field and radio waves cause atoms to give off tiny radio signals.
1030	16773202566503715234.wav	儘管政治協商失敗，摩爾多瓦的這兩個部份之間，已重新建立起經濟連結。	Economic links have been re-established between these two parts of Moldova despite the failure in political negotiations.
114	17104449823965591105.wav	澳洲前保守派政府拒絕批准《京都議定書》，聲稱其會對高度依賴煤炭出口的經濟造成損害，而印度和中國等國卻不受碳排放指標的約束。	Australia's former conservative government refused to ratify Kyoto, saying it would damage the economy with its heavy reliance on coal exports, while countries like India and China were not bound by emissions targets.
630	8710747488769700378.wav	人類是目前為止最有能力揣摩他人心思的物種。	Humans are by far the most talented species in reading the minds of others.
1280	9922984684905515470.wav	由於缺乏資金且相對其他疾病的優先順序較低，今年運送疫苗到史上受感染最嚴重地區的計劃因而延遲。	Plans for vaccines to be delivered to the historically most affected areas this year were delayed due to lack of funds and low prioritisation relative to other diseases.
526	2415872652354584090.wav	幾乎從一開始，義大利人在北非的進展就很不順利。在義大利於 1940 年 6 月 10 日宣戰後一週內，英國第 11 輕騎兵團就佔領了利比亞的卡普佐堡。	Things did not go well for the Italians in North Africa almost from the start. Within a week of Italy's declaration of war on June 10, 1940, the British 11th Hussars had seized Fort Capuzzo in Libya.
628	6535362815112555172.wav	這種思維方式與特定的科學或標準程序有關。	This type of thinking is associated with certain science or standard procedures.
619	18103712506599982635.wav	數十年來的長期參與者，可協助我們了解自己的長處和熱情，並坦誠評估自己的困境，甚至是失敗。	Individuals who had been involved for several decades helped us appreciate our strengths and passions while candidly assessing difficulties and even failures.
579	4483687229059409999.wav	細胞對於生命的研究是如此基本而重要，事實上，它們常被稱作「生命的積木」。	"Cells are so basic and critical to the study of life, in fact, that they are often referred to as ""the building blocks of life""."
1021	16442023785868227239.wav	撰寫部落格也「迫使學生更加了解周遭的世界」。為了滿足觀眾的興趣，激發學生變得更加聰明有趣（Toto，2004 年）。	"Also blogging ""forces students to become more savvy about the world around them."" The need to feed the interest of the audience inspires students to be clever and interesting (Toto, 2004)."
1448	9988318903722286932.wav	政府也承諾生產數百萬支腦炎疫苗，此舉將幫助衛生單位做好準備因應明年的疫情。	Several million vials of encephalitis vaccine have also been promised by the government, which will help prepare health agencies for next year.
715	13066435642499210178.wav	確保幫您預訂的旅行社是加拉巴哥群島的專家，並擁有對各種船隻的廣泛知識。	Be sure the agent through whom you book is a Galapagos specialist with a good knowledge of a wide variety of ships.
1278	8582142866605216742.wav	若要了解聖殿騎士團，就必須了解促使這個組織創立的脈絡。	To understand the Templars one must understand the context that prompted the creation of the order.
1472	14315878139077341437.wav	幸運的是，駕駛的行為趨向於合理的一致範圍裡，因此，車流趨向也有合理的一致性，並可用數學方式粗略地表現出來。	Fortunately, drivers tend to behave within a reasonably consistent range; thus, traffic streams tend to have some reasonable consistency and can be roughly represented mathematically.
1255	15489512922656590014.wav	預計大多數的活動票價會落在 2,500 到 130,000 日幣之間，而一般票價約為 7,000 日幣。	It's expected that most event tickets will cost between ¥2,500 and ¥130,000, with typical tickets costing around ¥7,000.
1430	934809664523745999.wav	現今，許多古生物學家相信有一群恐龍存活至現代，也就是我們所稱的鳥類。	Many paleontologists today believe that one group of dinosaurs survived and is alive today. We call them birds.
434	5899665569186344470.wav	現今，比利時的部分地區在過去曾是盧森堡的一部分，但在 1830 年代的比利時革命之後變成比利時。	Present-day parts of Belgium were part of Luxembourg in the past but became Belgian after the 1830s Belgian Revolution.
1395	1382487411105638021.wav	你所屬當地電信服務業者，應可提供更多連線到此服務的資訊。	Your local telephone service provider should be able to give more information about connecting to this service.
1000	10974709802533270249.wav	警方說，他們懷疑這起攻擊是由達伊沙（伊拉克和黎凡特伊斯蘭國）的好戰嫌疑犯所為。	Police said they suspect an alleged Daesh (ISIL) militant of responsibility for the attack.
667	13180472991403688068.wav	雖然有數不盡的各種可能，但多數人提到「去迪士尼世界」指的仍是這個。	"There are infinite variations possible, but this remains what most people mean when they talk of ""going to Disney World""."
420	12177587221933547929.wav	印度語和烏爾都語在語彙上非常相像，但書寫起來很不一樣；在日常的對話中，講這兩種語言的人通常能互相了解。	Hindi and Urdu are similar in vocabulary but different in script; in everyday conversations, speakers of both languages can usually understand each other.
18	107660625058254493.wav	英國報紙《衛報》暗指，用於實現此目的的 1,200 間空殼公司裡，德意志銀行控制了大約三分之一。	British newspaper The Guardian suggested Deutsche Bank controlled roughly a third of the 1200 shell companies used to accomplish this.
762	16045099645438349363.wav	可供選擇的房東列表會以紙本或線上方式提供，偶爾還會附有其他旅客留下的推薦和評價。	A listing of available hosts is then provided either in print and/or online, sometimes with references and reviews by other travelers.
32	18203751756709101235.wav	2008 年新加坡大獎賽中，小畢奇在費爾南多·阿隆索短暫停車檢修不久後，就發生撞車事故，導致安全車出動。	Piquet Jr. crashed in the 2008 Singapore Grand Prix just after an early pit stop for Fernando Alonso, bringing out the safety car.
498	11142639991659840934.wav	他們精通截肢術，將患者從壞疽與因止血帶和動脈夾鉗阻止血液流動所造成的傷害中拯救出來。	They became proficient at amputation to save patients from gangrene as well as tourniquets and arterial clamps to stem blood flow.
1134	8285083018510247547.wav	查科地區是瓜庫魯和帕亞瓜等其他原住民部落的家園，這些原住民以打獵、採集和捕魚維生。	The Chaco region was home to other groups of indigenous tribes such as the Guaycurú and Payaguá, who survived by hunting, gathering and fishing.
237	16147943636185191563.wav	「它的特性就跟水一樣。透明如水。	"It's going to behave like water. It's transparent just the way water is.	it's going to behave like water it's transparent just the way water is	i t ' s | g o i n g | t o | b e h a v e | l i k e | w a t e r | i t ' s | t r a n s p a r e n t | j u s t | t h e | w a y | w a t e r | i s |	100800	FEMALE
684	1084651661465491232.wav	On the other hand, it is precisely because the volume of water is so high that your viewing of the actual Falls will be obscured—by all the water!	on the other hand it is precisely because the volume of water is so high that your viewing of the actual falls will be obscured-by all the water	o n | t h e | o t h e r | h a n d | i t | i s | p r e c i s e l y | b e c a u s e | t h e | v o l u m e | o f | w a t e r | i s | s o | h i g h | t h a t | y o u r | v i e w i n g | o f | t h e | a c t u a l | f a l l s | w i l l | b e | o b s c u r e d - b y | a l l | t h e | w a t e r |	139200	FEMALE
1350	2009822590749185603.wav	The definition has geographic variations, where the age limit might be shorter in places such as North America than in Europe.	the definition has geographic variations where the age limit might be shorter in places such as north america than in europe	t h e | d e f i n i t i o n | h a s | g e o g r a p h i c | v a r i a t i o n s | w h e r e | t h e | a g e | l i m i t | m i g h t | b e | s h o r t e r | i n | p l a c e s | s u c h | a s | n o r t h | a m e r i c a | t h a n | i n | e u r o p e |	173760	FEMALE
586	14665137902362733249.wav	However, the first true telescopes were made in Europe in the late 16th century.	however the first true telescopes were made in europe in the late 16th century	h o w e v e r | t h e | f i r s t | t r u e | t e l e s c o p e s | w e r e | m a d e | i n | e u r o p e | i n | t h e | l a t e | 1 6 t h | c e n t u r y |	89280	FEMALE
434	5050128232683050697.wav	Present-day parts of Belgium were part of Luxembourg in the past but became Belgian after the 1830s Belgian Revolution.	present-day parts of belgium were part of luxembourg in the past but became belgian after the 1830s belgian revolution	p r e s e n t - d a y | p a r t s | o f | b e l g i u m | w e r e | p a r t | o f | l u x e m b o u r g | i n | t h e | p a s t | b u t | b e c a m e | b e l g i a n | a f t e r | t h e | 1 8 3 0 s | b e l g i a n | r e v o l u t i o n |	217920	FEMALE
1358	403262002602123645.wav	One antibody cocktail, ZMapp, initially showed promise in the field, but formal studies indicated it had less benefit than sought in preventing death.	one antibody cocktail zmapp initially showed promise in the field but formal studies indicated it had less benefit than sought in preventing death	o n e | a n t i b o d y | c o c k t a i l | z m a p p | i n i t i a l l y | s h o w e d | p r o m i s e | i n | t h e | f i e l d | b u t | f o r m a l | s t u d i e s | i n d i c a t e d | i t | h a d | l e s s | b e n e f i t | t h a n | s o u g h t | i n | p r e v e n t i n g | d e a t h |	169920	MALE
1495	13848213392004173961.wav	Others include Livingston Island, and Deception where the flooded caldera of a still-active volcano provides a spectacular natural harbour.	others include livingston island and deception where the flooded caldera of a still-active volcano provides a spectacular natural harbour	o t h e r s | i n c l u d e | l i v i n g s t o n | i s l a n d | a n d | d e c e p t i o n | w h e r e | t h e | f l o o d e d | c a l d e r a | o f | a | s t i l l - a c t i v e | v o l c a n o | p r o v i d e s | a | s p e c t a c u l a r | n a t u r a l | h a r b o u r |	206400	MALE
100	5620659463737783173.wav	A power failure following a routine fire-command system test caused relief valves to open and crude oil overflowed near the Fort Greely pump station 9.	a power failure following a routine fire-command system test caused relief valves to open and crude oil overflowed near the fort greely pump station 9	a | p o w e r | f a i l u r e | f o l l o w i n g | a | r o u t i n e | f i r e - c o m m a n d | s y s t e m | t e s t | c a u s e d | r e l i e f | v a l v e s | t o | o p e n | a n d | c r u d e | o i l | o v e r f l o w e d | n e a r | t h e | f o r t | g r e e l y | p u m p | s t a t i o n | 9 |	196800	MALE
67	10880833674931415946.wav	After it became apparent that many families were seeking legal help to fight the evictions, a meeting was held on March 20 at the East Bay Community Law Center for the victims of the housing scam.	after it became apparent that many families were seeking legal help to fight the evictions a meeting was held on march 20 at the east bay community law center for the victims of the housing scam	a f t e r | i t | b e c a m e | a p p a r e n t | t h a t | m a n y | f a m i l i e s | w e r e | s e e k i n g | l e g a l | h e l p | t o | f i g h t | t h e | e v i c t i o n s | a | m e e t i n g | w a s | h e l d | o n | m a r c h | 2 0 | a t | t h e | e a s t | b a y | c o m m u n i t y | l a w | c e n t e r | f o r | t h e | v i c t i m s | o f | t h e | h o u s i n g | s c a m |	228480	FEMALE
504	6862060734025715797.wav	MySpace is the third most popular website used in the United States and has 54 million profiles currently.	myspace is the third most popular website used in the united states and has 54 million profiles currently	m y s p a c e | i s | t h e | t h i r d | m o s t | p o p u l a r | w e b s i t e | u s e d | i n | t h e | u n i t e d | s t a t e s | a n d | h a s | 5 4 | m i l l i o n | p r o f i l e s | c u r r e n t l y |	183360	FEMALE
632	2394313082741771249.wav	Among these abilities, understanding the intention of others is crucial. It allows us to resolve possible ambiguities of physical actions.	among these abilities understanding the intention of others is crucial it allows us to resolve possible ambiguities of physical actions	a m o n g | t h e s e | a b i l i t i e s | u n d e r s t a n d i n g | t h e | i n t e n t i o n | o f | o t h e r s | i s | c r u c i a l | i t | a l l o w s | u s | t o | r e s o l v e | p o s s i b l e | a m b i g u i t i e s | o f | p h y s i c a l | a c t i o n s |	303360	MALE
518	1409468527352167880.wav	The chimpanzee's hand and foot are similar in size and length, reflecting the hand's use for bearing weight in knuckle walking.	the chimpanzee's hand and foot are similar in size and length reflecting the hand's use for bearing weight in knuckle walking	t h e | c h i m p a n z e e ' s | h a n d | a n d | f o o t | a r e | s i m i l a r | i n | s i z e | a n d | l e n g t h | r e f l e c t i n g | t h e | h a n d ' s | u s e | f o r | b e a r i n g | w e i g h t | i n | k n u c k l e | w a l k i n g |	156480	FEMALE
55	587868860924920396.wav	Peter Costello, Australian treasurer and the man most likely to succeed Prime Minister John Howard as Liberal party leader has thrown his support behind a nuclear power industry in Australia.	peter costello australian treasurer and the man most likely to succeed prime minister john howard as liberal party leader has thrown his support behind a nuclear power industry in australia	p e t e r | c o s t e l l o | a u s t r a l i a n | t r e a s u r e r | a n d | t h e | m a n | m o s t | l i k e l y | t o | s u c c e e d | p r i m e | m i n i s t e r | j o h n | h o w a r d | a s | l i b e r a l | p a r t y | l e a d e r | h a s | t h r o w n | h i s | s u p p o r t | b e h i n d | a | n u c l e a r | p o w e r | i n d u s t r y | i n | a u s t r a l i a |	260160	FEMALE
360	2251322340497037905.wav	Scientists call this process stimulated emission of radiation"" because the atoms are stimulated by the bright light, causing the emission of a photon of light, and light is a type of radiation."
243	918000574629324677.wav	除攜帶三項重要科學儀器外，印度月球探測器還在儀器各面彩繪，帶上印度國旗圖像。	Besides carrying three important scientific instruments, the lunar probe also carried the image of the Indian national flag, painted on all sides.
347	2454777326039110940.wav	人們用椅子砸玻璃，但窗戶堅不可破。	People were hitting the panes with chairs, but the windows were unbreakable.
461	9758029830770634969.wav	多數電視節目的製作目的是取悅一般大眾。	Most televisions are made in a way to please the general public.
130	5442577647792754312.wav	該城市將成為東南歐首座主辦奔牛藝術節城市。奔牛藝術節是世界上最盛大的公共藝術活動，今年將在六月到八月間舉辦。	The city will be the first in southeastern Europe to host CowParade, the world's largest public art event, between June and August this year.
100	6026345234055918820.wav	斷電之後，隨之而來的是常規的火災指揮系統測試，導致放洩閥開啟，使原油流洩到附近的格里利堡 9 號泵站。	A power failure following a routine fire-command system test caused relief valves to open and crude oil overflowed near the Fort Greely pump station 9.
214	12672382886870244286.wav	當時，從該地區撤離了將近 100 位居民。	At the time, nearly 100 residents were evacuated from the area.
1284	5242252458424895152.wav	這並不是什麼丟臉的事：這和許多人害怕或厭惡某些特定的東西沒什麼不同。	It is not something to be ashamed of: it is no different from the personal fears and dislikes of other things that very many people have.
1338	1492502460319282007.wav	如果您要訪問的國家受到旅行建議的限制，則您的旅遊健康保險或行程取消保險可能會受到影響。	If the country you will be visiting becomes subject to a travel advisory, your travel health insurance or your trip cancellation insurance may be affected.
1039	1961231183109478040.wav	我對別人只會說，我們怎樣對待你，你便要怎樣對待我們。	All I say to people is you treat us the way we treat you.
1223	7362371055262774815.wav	胡錦濤鼓勵發展中的國家「避免先汙染、後清理的老路」。	"Hu encouraged developing countries ""to avoid the old path of polluting first and cleaning up later."""
895	15400872630593923880.wav	冬天最常見的意外成因是溼滑的馬路、人行道、及最容易發生危險的階梯。	The most common cause for accidents in winter is slippery roads, pavements (sidewalks) and especially steps.
1322	12978592810721345595.wav	戴紐斯說：「現在我們什麼都不做。我打過電話、也寄了電子郵件給他最親近的合作夥伴，也收到很友善的回覆。就現在來說，那樣的確就夠了。」	"Danius said, ""Right now we are doing nothing. I have called and sent emails to his closest collaborator and received very friendly replies. For now, that is certainly enough."""
251	2604419624109657569.wav	該青年旅館的房客主要為阿拉伯聯合大公國人民。	The hostel's guests were mostly citizens of the United Arab Emirates.
234	10080985360345225255.wav	2007 年 9 月 17 日，納迪亞 (Nadia) 於俄羅斯阿列伊斯克的一間婦產科診所以剖腹產方式出生，體重重達 17 磅又 1盎司。	Nadia, born on September 17, 2007, by Cesarean section at a maternity clinic in Aleisk, Russia, weighed in at a massive 17 pounds 1 ounce.
1057	5764096555967441678.wav	Eighmey and McCord (1998) 論文中調查受眾對網站的反應時，發現「個人參與」及「持續性關係」同樣也是新的動機層面。	“Personal involvement” and “continuing relationships” were also identified as new motivation aspects by Eighmey and McCord (1998) when they investigated audience reactions to websites.
118	9082120747388532076.wav	土衛二是太陽系中反射率最高的星體，能反射約 90% 抵達其表面的太陽光。	Enceladus is the most reflective object in the solar system, reflecting about 90 percent of the sunlight that hits it.
8	5397509928916304284.wav	抗議活動在當地時間約 11 點開始 (UTC+1)，地點在白廳街，正對著有警察駐守的唐寧街首相官邸入口。	The protest started around 11:00 local time (UTC+1) on Whitehall opposite the police-guarded entrance to Downing Street, the Prime Minister's official residence.
410	4856117872130848664.wav	大多數和圖坦卡門一起下葬的物件都保存良好，包含用貴金屬與稀有寶石製作的上千個工藝品。	Most of the items buried with Tutankhamun have been well preserved, including thousands of artefacts made from precious metals and rare stones.
376	9286485213993859534.wav	太陽沒有像地球一樣，可以立於其上的地殼。太陽是由氣體、火和電漿組成的。	The Sun doesn't have a crust like the Earth that you can stand on. The whole Sun is made out of gases, fire, and plasma.
765	6109690701128880133.wav	青年旅社的主要客群是年輕人，典型房客是 20 來歲的年輕人，但也常會在那裡看到年紀較大的旅客。	Hostels cater primarily to young people – a typical guest is in their twenties – but you can often find older travellers there too.
214	9888341020934644733.wav	當時，從該地區撤離了將近 100 位居民。	At the time, nearly 100 residents were evacuated from the area.
910	1830090179698116695.wav	實際上，區域碼完全無法防止盜版；逐位元複製的光碟可以在任何設備上，如同原版般正常播放。	In fact, region codes have absolutely no effect on illegal copying; a bit-for-bit copy of a disk will play just fine on any device where the original will.
242	6185881528189692699.wav	無人月球軌道探測器月船 1 號彈出月球撞擊探測器 (MIP)，以每秒 1.5 公里（時速 3000 英里）的速度在月球表面飛馳，成功在月球南極點附近強行著陸。	The unmanned lunar orbiter Chandrayaan-1 ejected its Moon Impact Probe (MIP), which hurtled across the surface of the Moon at 1.5 kilometres per second (3000 miles per hour), and successfully crash landed near the Moon's south pole.
835	6787437082196000293.wav	由於許多國家都有這條法律，當地飯店將處理登記事宜（請務必要求）。	In many countries with such a law, local hotels will handle the registration (make sure to ask).
383	7752743645120183693.wav	然而，埃塞爾雷德 (Ethelred) 在 991 年面臨了一支維京艦隊，其規模是一個世紀前古思倫 (Guthrum) 的艦隊以來最龐大的艦隊。	However in 991 Ethelred was faced with a Viking fleet larger than any since Guthrum's a century earlier.
983	9651213730178763457.wav	即便當你準備開車穿越亞熱帶雨林，你打開車門進入車內的數秒間，已足夠讓蚊子跟著你進到車內。	
323	11627520969588558407.wav	中國的 GDP 在 20 年之內就可能超過美國。	China's GDP could be larger than the United States within two decades.
551	1187905747322485842.wav	冬天適度的越野長跑，加上強化上身的體操訓練，是為跑季準備的最佳方式。	Some cross country running during the winter, combined with gymnasium work for the upper part of the body, is the best preparation for the running season.
379	2526400030078032294.wav	大約三千年後，1610 年義大利天文學家伽利略·伽利萊使用望遠鏡觀察到金星和月亮一樣有圓缺變化。	About three thousand years later, in 1610, Italian astronomer Galileo Galilei used a telescope to observe that Venus has phases, just as the moon does.
431	6255839787826924543.wav	土耳其的面積使它成為世界第 37 大的國家，與法國本土加上英國面積差不多大小。	Turkey's area makes it the world's 37th-largest country, and is about the size of Metropolitan France and the United Kingdom combined.
242	405780853400544409.wav	無人月球軌道探測器月船 1 號彈出月球撞擊探測器 (MIP)，以每秒 1.5 公里（時速 3000 英里）的速度在月球表面飛馳，成功在月球南極點附近強行著陸。	The unmanned lunar orbiter Chandrayaan-1 ejected its Moon Impact Probe (MIP), which hurtled across the surface of the Moon at 1.5 kilometres per second (3000 miles per hour), and successfully crash landed near the Moon's south pole.
1087	1978262385160962861.wav	老虎和獅子、花豹及美洲豹屬於同一類（豹屬）。只有這四種貓科動物有吼嘯的能力。	The tiger is in the same group (Genus Panthera) as lions, leopards, and jaguars. These four cats are the only ones who can roar.
87	9677176755149426490.wav	根據皮特曼的說法，這次堆冰的數量和厚度，是海豹獵人這十五年來見過最糟的情況。	The amount and thickness of the pack ice, according to Pittman, is the worst it has been for sealers in the past 15 years.
227	4207599175005354928.wav	人們因為它對宇宙膨脹的影響才確知它的存在。	Its existence is known only because of its effects on the expansion of the universe.
821	3705376208576452267.wav	這是您需要一直銘記於心的事情，才不會讓您感到失望，或甚至是對當地的做事方式感到厭惡。	This is something you always need to keep in mind, to avoid disappointment or perhaps even distaste over local ways to do things.
587	18180955200624381825.wav	這些望遠鏡使用兩個鏡片，讓遠方的物體顯得更近且更大。	These telescopes used a combination of two lenses to make distant objects appear both nearer and larger.
570	13087448301001217453.wav	族群指的是在特定地理區域中活動的單一特定物種生物個體組成的群體。	
274	5890021534018845126.wav	令人擔憂的是，仍有輕微流感症狀的病患可能會經由日常作息繼續傳染給更多的人。	There is concern that patients may continue to infect more people by going through their daily routines if the flu symptoms remain mild.
1081	4506949253547260987.wav	更南端是尼加拉瀑布，而北方則是馬斯科卡與其他地區，此處的自然美景仍未經開發利用。	Farther south is Niagara Falls and the north is home to the untapped natural beauty of the Muskoka and beyond.
247	11519250670172885292.wav	自 1947 年脫離英國統治獨立後，巴基斯坦總統會任命「政治代理人」來管理聯邦直轄部落地區，後者對於這些地區幾乎有完全的自治權。	"Since Pakistani independence from British rule in 1947, the Pakistani President has appointed ""Political Agents"" to govern FATA, who exercise near-complete autonomous control over the areas."
278	15435673616906689184.wav	前麻薩諸塞州州長米特‧羅姆尼週二以超過 46% 的選票贏下佛羅里達共和黨總統初選。	Former Massachusetts governor Mitt Romney won the Florida Republican Party presidential primary election on Tuesday with over 46 percent of the vote.
1441	7109009996356709563.wav	在許多淨化水的方式中，有些可以更有效地處理特定威脅。	There are different ways of purifying water, some more effective against specific threats.
145	17564095686354896940.wav	「這意味著所有事情都必須往前推，」衣索比亞「裂谷研究服務」的研究員、也是此研究的共同作者──伯爾漢·阿斯法說道。	"That means everything has to be put back,"" said researcher at the Rift Valley Research Service in Ethiopia and a co-author of the study, Berhane Asfaw."
1292	1515726864599643850.wav	每天早上，一批人開車離開鄉下小鎮前往工作地點，與另一批人擦身而過，他們的出發地正是另一批人的工作目的地。	Every morning, people leave small country towns in cars to go their workplace and are passed by others whose work destination is the place they have just left.
239	2769376825377771755.wav	據我們所知，只有一個天體比泰坦星更有活力，它就叫地球。」斯托凡補充說。	"As far as we know, there is only one planetary body that displays more dynamism than Titan, and its name is Earth,"" added Stofan."
1	15321517981511139032.wav	史丹佛大學醫學院的科學家於週一宣布發明一項新型診斷工具，可依類型將細胞分類：這是一種細小的可列印芯片，使用標準噴墨印表機就能印出，每個芯片的成本大約一美分。	On Monday, scientists from the Stanford University School of Medicine announced the invention of a new diagnostic tool that can sort cells by type: a tiny printable chip that can be manufactured using standard inkjet printers for possibly about one U.S. cent each.
303	12372824910673169098.wav	法國法律更改了。他的社運史從他十五歲於第二次世界大戰時加入了法國抵抗運動開始。	French law was changed. His activism went back to age 15 when he joined the French Resistance during World War II.
82	1669741122418308991.wav	伊氏西爪龍屬於馳龍科，是迅猛龍的近親。	Hesperonychus elizabethae is a species of the family Dromaeosauridae and is a cousin of Velociraptor .
507	18438761635091038507.wav	只要提供一個網址就可以輕易開啟這個網頁，這對在使用鍵盤或拼字上有困難的學生來說，更容易記憶與輸入。	This page can easily be accessed by providing just one web address, which makes it easy to remember and easy to type in for students who may have trouble using the keyboard or with spelling.
702	17490790122522312573.wav	持有美國綠卡的古巴公民應前往厄瓜多領事館，獲得這些條件的豁免權。	Cuban citizens who are US green card holders should visit an Ecuadorian Consulate to obtain an exemption to this requirement.
972	243422550731559319.wav	特別是，比利時法語區與瑞士的計數系統有些奇特，與法國所說的法語不同，某些字的發音也有些微差異。	In particular, the numbering system in French-speaking Belgium and Switzerland has some slight peculiarities that are different from the French spoken in France, and the pronunciation of some words is slightly different.
1294	8999648848895098330.wav	太平洋海嘯警報中心也表示沒有海嘯跡象。	Also the Pacific Tsunami Warning Center said that there was no Tsunami indication.
1172	2460141406026116511.wav	這種兒童稱為「野孩子」。有些野孩子曾遭受監禁（同常是父母）；在某些情況下，孩子遭到棄養是因為父母不接受孩子的智力或身體有嚴重缺陷。	"Such children are called ""feral"" or wild. Some feral children have been confined by people (usually their own parents); in some cases this child abandonment was due to the parents' rejection of a child's severe intellectual or physical impairment."
1041	11232638764060009668.wav	如同其他專家，他對糖尿病是否可以治癒存疑，並指出這些發現與已經患有第一型糖尿病的人無關。	Like some other experts, he is skeptical about whether diabetes can be cured, noting that these findings have no relevance to people who already have Type 1 diabetes.
1188	10894611075578620982.wav	塔的頂部是神的特殊聖殿。	The top of the tower was special sanctuary for the god.
195	7014380310158995742.wav	這位巴西人在 2009 年匈牙利大獎賽中遭遇車禍，頭部嚴重傷害。	The Brazilian suffered a serious head injury after a crash during the 2009 Hungarian Grand Prix.
995	15328006870163538015.wav	只有少數航空公司仍然提供喪親票價，為臨時的葬禮旅行提供些微折扣。	Only a few airlines still offer bereavement fares, which slightly discount the cost of last-minute funeral travel.
1357	6166863951410294356.wav	前現代的天文台在今日通常已過時，並繼續當成博物館或教育場所來用。	Pre-modern observatories are usually obsolete today, and remain as museums, or sites of education.
909	1551725395594305674.wav	媒體公司經常的在此舉的目的上說謊，聲稱這是為了「防止盜版」。	"The media companies routinely lie about the purpose of this, claiming that it is to ""prevent piracy""."
687	8378216465026217308.wav	若有任何人想要看當初人們因為試圖把木乃伊移出棺木而造成的損壞，他們只會大失所望，因為他們只能看見木乃伊的頭和肩膀。	Anyone interested in seeing evidence of the damage to the mummy done during attempts to remove it from the coffin will be disappointed as only the head and shoulders are visible.
258	6683547164869841109.wav	然而，威脅程度降低至『嚴重』並不代表整體的威脅消失了。」	"However, the reduction of the threat level to severe does not mean the overall threat has gone away."""
592	9600071911473561704.wav	或許未來的某一天，你的曾孫會在站在外星人的世界中，好奇自己的祖先是誰？	Maybe one day, your great grandchildren will be standing atop an alien world wondering about their ancient ancestors?
269	5784473302766494135.wav	自 2003 年頒布法規，遏止未經收信人許可寄發大量郵件（亦即垃圾郵件）至使用者信箱以來，這是第一次依該法規定罪。	This is the first time a conviction has been gained using the legislation enacted in 2003 to curb bulk e-mail, aka spam, from unsolicited distribution into users mailboxes.
961	1661519067891055984.wav	如果你想跳過南太平洋及南美洲西岸，此航班並非唯一的選項。（見下文）	This flight is not the only option if you want to skip the South Pacific and the west coast of South America. (see below)
559	5462079191838444419.wav	原子核由中子和質子兩種粒子組成。	The nucleus consists of two particles - neutrons and protons.
376	14101805590540149181.wav	太陽沒有像地球一樣，可以立於其上的地殼。太陽是由氣體、火和電漿組成的。	The Sun doesn't have a crust like the Earth that you can stand on. The whole Sun is made out of gases, fire, and plasma.
106	2059183676276552344.wav	在最近一期的月報中，石油輸出國組織表示原油的出口降到了 20 年來的新低，一天只有 280 萬桶。	In its most recent monthly report, OPEC said exports of crude had fallen to their lowest level for two decades at 2.8 million barrels per day.
425	5592487083754968838.wav	傳統上，王位繼承人完成學業之後會直接從軍。	Traditionally, the heir to the throne would go straight into the military after finishing school.
557	11105849719836828562.wav	所有物質的基本組成部分之一為原子。	The atom can be considered to be one of the fundamental building blocks of all matter.
66	3516734370628880214.wav	示威者希望能夠收集一百二十萬個連署簽名，在十一月提交給國會。	Protesters hope to collect a petition of 1.2 million signatures to present to the National Congress in November.
1108	15029135950505338766.wav	聯軍及阿富汗軍隊已進駐該地區，以維護現場安全，其他聯軍飛機也已出動支援。	Coalition and Afghan troops moved into the area to secure the site and other coalition aircraft have been sent to assist.
955	11340765234144643442.wav	2014 年，土耳其航空有航班飛往 30 個非洲國家的 39 座機場。	Turkish Airlines flies to 39 destinations in 30 African countries as of 2014.
378	6035233847250217924.wav	我們看見的太陽外層稱為「photosphere」，意即「光球」。	"The outer-part we see when we look at the Sun is called the photosphere, which means ""ball of light""."
876	16309174538363406799.wav	如果你生活在一個具有各種飲酒文化的城市裡，你應該去周遭平常不太去的酒吧或酒館。	If you live in a city with a varied drinking culture, go to bars or pubs in neighborhoods you don't frequent.
1480	17597046296073490562.wav	伊拉克研究小組在今天格林威治標準時間 12 點提出報告。	The Iraq Study Group presented its report at 12.00 GMT today.
1289	15743948289249304618.wav	鯊魚的確存在，然而牠們很少攻擊人類。多數鯊魚害怕人類且會游走。	Sharks do exist, however they rarely attack humans. Most sharks are scared of humans and would swim away.
404	14056075239174892441.wav	在戰爭剛開始時，它們大多在海面上移動，但隨著雷達的研發開始和變得越來越精確後，潛水艇被迫潛入水中以避免被看見。	In the beginning of the war they mostly travelled on top of the sea, but as radar began developing and becoming more accurate the submarines were forced to go under water to avoid being seen.
1281	15960531695164494106.wav	北陸電力回報未受地震影響，且志賀核能發電廠的一號和二號反應爐也關閉了。	Hokuriku Electric Power Co. reported no effects from the earthquake and that the Number 1 and 2 reactors at its Shika nuclear power plant were shut down.
137	7696601181450953301.wav	這種藻類會產生神經毒素，癱瘓人類和魚類的神經。	The algae produces a neurotoxin that can disable nerves in both humans and fish.
31	9013737873298115629.wav	此監獄因美軍接手後爆發的虐囚事件而惡名昭彰。	The jail became notorious after prisoner abuse was discovered there after US forces took over.
800	706316132917916362.wav	駝鹿（常稱為麋鹿）並非天生就具有攻擊性，但遭受威脅時會保護自己。	Moose (also known as elk) aren't inherently aggressive, but will defend themselves if they perceive a threat.
480	12062430617003446162.wav	如此您就可以盡可能地降低疲勞。請記住，不需要像彈鋼琴一樣用力敲擊琴鍵來增加音量。	This way, you will tire yourself out as little as possible. Remember there's no need to hit the keys with a lot of force for extra volume like on the piano.
658	3599304434099489175.wav	夏季漫長的白晝可能會導致難以獲得充足的睡眠等相關健康問題。	The very long days in the summer can lead to problems getting sufficient sleep and associated health issues.
527	6235950028937772306.wav	在巴第亞東部的一次伏擊中，英軍俘虜了義大利第十軍團的工兵總隊長拉斯圖奇將軍。	In an ambush east of Bardia, the British captured the Italian Tenth Army's Engineer-in-Chief, General Lastucci.
151	9581445714650824106.wav	理查‧布蘭森爵士的維珍集團在該銀行國有化之前曾出價收購但遭拒。	Sir Richard Branson's Virgin Group had a bid for the bank rejected prior to the bank’s nationalisation.
19	1920325147874623060.wav	此事件造成世界各地的抗議活動 、多起刑事訴訟，冰島及巴基斯坦的政府領導人也雙雙辭職。	There were protests worldwide, several criminal prosecutions, and the leaders of the governments of Iceland and Pakistan both resigned.
301	2285505393744735213.wav	經此程序之後，眾議院聯合決議 3 將在 2015 或 2016 年由下屆民選立法機構重新審查，以持續修法。	Following the process, HJR-3 will be reviewed again by the next elected legislature in either 2015 or 2016 to remain in process.
773	1995090264292198546.wav	世界博覽會（亦稱萬國博覽會，或簡稱世博會）是一個大型的國際藝術與科學展覽活動。	A World's Fair (commonly called World Exposition, or simply Expo) is large international festival of arts and sciences.
24	15853030481937134590.wav	獲得今日最佳球員的是華盛頓首都隊的亞歷克斯．歐維契金。	Today's Player of the Day is Alex Ovechkin of the Washington Capitals.
64	15058448036621706183.wav	巴西國民議會已進行了 10 年的合法化辯論，但這樣的民事婚姻目前只有在南里約格蘭德合法。	The National Congress of Brazil has debated legalization for 10 years, and such civil marriages are currently only legal in Rio Grande do Sul.
522	1948273478415282290.wav	這種現象的主要原因是，清醒夢增加了快速動眼期狀態的間隔時間。	The main reason for this phenomenon is the result of the lucid dreams expanding the length of time between REM states.
815	681671866253680787.wav	帶著幼兒的家庭可能需要更多準備，不過就算是帶著嬰兒或是學齡前兒童，戶外一日遊也可以簡單達成。	Families with small children may need more preparations, but a day outdoors is easily possible even with babies and pre-school children.
1509	8932470669310372680.wav	其他孩子據稱是由動物撫養長大；有些據說獨自在野外生活。	Others are alleged to have been brought up by animals; some are said to have lived in the wild on their own.
1121	14176646157570166944.wav	檢察長基爾‧斯塔摩今早發表聲明，宣布起訴休恩和普萊斯。	The Director of Public Prosecutions, Kier Starmer QC, gave a statement this morning announcing the prosecution of both Huhne and Pryce.
608	17504325007914950811.wav	我們是以從未來到現在、再到過去的一連串事件來感知時間。	We experience time as a series of events passing from the future through the present to the past.
1327	13564993266285799181.wav	滑雪背包客：此活動也稱作為山岳滑雪﹑滑雪旅遊或滑雪登山。	Backpacking by ski: This activity is also called backcountry ski, ski touring or ski hiking.
256	8178608726370848815.wav	10 年後，他帶領阿波羅-聯盟測試計劃中的蘇聯部份，象徵了太空競賽的結束。	Ten years later, he led the Soviet part of the Apollo–Soyuz mission symbolizing that the Space Race was over.
1493	6613430675625868143.wav	這更像是物質的 4 個狀態（以相同的順序排列）：固體、液體、氣體和等離子體，雖然他還推論它們會變成新的物質，來形成我們所看到的東西。	This was more like the four states of matter (in the same order): solid, liquid, gas, and plasma, though he also theorised that they change into new substances to form what we see.
1085	3586786695625416165.wav	某刻，一名暴徒成員甚至在驚恐的皇后面前揮舞著王室衛兵的頭顱，該衛兵在在凡爾賽宮被殺。	At one point a member of the mob waved the head of a royal guard killed at Versailles in front of the terrified Queen.
919	15084406623496256618.wav	出國時，在智慧型手機上使用 GPS 導航應用程式，可能是最簡單且最便利的導航方式。	Using GPS navigation apps on your smartphone can be the easiest and most convenient way to navigate when out of your home country.
874	5578324375663843096.wav	如果你更有冒險精神，你可以把握機會榨果汁或打一些果昔：	If you're feeling more adventurous, take the opportunity to juice or blend up some smoothies:
865	6185943957415295228.wav	從而催生了「德里肚」、「法老的詛咒」、「蒙特祖瑪的復仇」等多種旅人腹瀉之別稱。	Thus the scourges of Delhi Belly, the Pharaoh's Curse, Montezuma's Revenge, and their many friends.
1143	9976627695269683599.wav	這是英國其他地區的普遍做法，不過蘇格蘭司法的運作方式卻有所不同，法院認為發布照片會造成潛在的偏見。	This is common practice elsewhere in the UK but Scottish justice works differently and courts have viewed publication of photos as potentially prejudicial.
947	18044162102693959471.wav	白海-波羅的海運河經過奧涅加湖、拉多加湖和聖彼得堡，主要以河川和湖泊將北極海和波羅的海連在一起。	The White Sea–Baltic Canal connects the Arctic Ocean to the Baltic Sea, via Lake Onega, Lake Ladoga and Saint Petersburg, mostly by rivers and lakes.
275	1974178955748361473.wav	蘇珊科曼乳癌基金會發言人雷斯莉‧昂表示，該組織新增規定，不得對正接受法律調查的組織贈予或貸予資金。	Leslie Aun, a spokesperson for the Komen Foundation, said the organization adopted a new rule that does not allow grants or funding to be awarded to organizations that are under legal investigation.
113	9546065056299651146.wav	陸克文簽署京都氣候協定的決定將美國置於孤立之境，現在美國將是唯一沒有批准該協議的已開發國家。	Mr. Rudd's decision to sign the Kyoto climate accord isolates the United States, which will now be the only developed nation not to ratify the agreement.
440	11988126387164296647.wav	大火過後，堡壘倖存且受到保護，仍是不丹最令人驚嘆的景點之一。	After the fire, the fortress was preserved and protected, remaining to be one of Bhutan's most sensational attractions.
1063	7528046943998368274.wav	舉例來說，有人說汽車必然會推動道路發展。	For example, one might say that the motor car necessarily leads to the development of roads.
33	11882450143332071642.wav	當阿隆索前面的汽車在安全車的引領下進站加油時，他移動到車隊的前方以取得勝利。	As the cars ahead of Alonso went in for fuel under the safety car, he moved up the pack to take victory.
445	7859560291094391762.wav	三分之二的委內瑞拉工作人口從事服務業，將近四分之一的人從事工業，五分之一的人從事農業。	Two thirds of Venezuelans who work do so in the service sector, nearly a quarter work in industry and a fifth work in agriculture.
936	6427076778623121834.wav	除非你是外交官，否則在海外工作通常表示你必須在所在國家申報所得稅。	Unless you are a diplomat, working overseas generally means that you will have to file income tax in the country you are based in.
583	1086206751203724158.wav	龍捲風能將樹連根拔起，將建築物上的木板扯掉，並將車輛拋向空中。龍捲風之中最猛烈的 2% 能持續超過 3 小時。	Tornadoes uproot trees, rip boards from buildings, and fling cars up into the sky. The most violent two percent of tornadoes last more than three hours.
1214	472671690836882661.wav	但一般認為這並未對太空梭造成任何損害。	However, they are not thought to have caused any damage to the shuttle.
129	3935648124531145510.wav	此藝術活動也是布加勒斯特市政廳舉辦的一場活動的一部分，該活動試圖將羅馬尼亞首都的形象，重新塑造成具有創意且多采多姿的大都會。	The artistic event is also part of a campaign by the Bucharest City Hall that seeks to relaunch the image of the Romanian capital as a creative and colourful metropolis.
7	16139303794327517239.wav	自從搬到加泰隆尼亞的首府後，比達爾已經為球隊踢了 49 場球賽。	Since moving to the Catalan-capital, Vidal had played 49 games for the club.
916	14196811069851930641.wav	有些這種類型的應用程式甚至可翻譯現實世界中標誌或其他物件上的外文，用戶只要把智慧型手機對準這些物件。	Some of the applications in this category can even translate texts in foreign languages on signs or other objects in the real world when the user points the smartphone towards those objects.
725	7815389119722828495.wav	Jardín de la Unión，是一座 17 世紀修道院修建來作為中庭使用的空間，而聖地牙哥聖殿 (Templo de san Diego) 是該修道院碩果僅存的建築。	Jardín de la Unión. This space was built as the atrium for a 17th-century convent, of which the Templo de San Diego is the sole surviving building.
1392	2564375529754283351.wav	在法國，投票傳統上是個低技術的經驗：投票者獨自在投票亭內，將事先印妥表明投票對象的選票放入信封中。	In France, voting has traditionally been a low-tech experience: voters isolate themselves in a booth, put a pre-printed sheet of paper indicating their candidate of choice into an envelope.
987	15195698676484235221.wav	挪威典型的風景，是陡峭的峽灣及峽谷緊鄰著較為平坦的高原。	Typical for Norway are steep fjords and valleys that suddenly give way to a high, more or less even plateau.
36	9626201150127168783.wav	整個晚上，兩道光束直直照向天際。	Two beams of light have been rigged up to point skywards overnight.
268	17954338594536251853.wav	嫌犯在維吉尼亞遭到起訴，因為那裡是提告者，也就是網路服務供應商龍頭 AOL 的所在地。	The case was prosecuted in Virginia because it is the home to the leading internet service provider AOL, the company who instigated the charges.
439	17989326812100907612.wav	1951 年，一場大火使得杜克耶古堡只遺下了一部份的文物，像夏巴尊王的畫像。	In 1951, a fire caused for only some of the relics of the Drukgyal Dzong to remain, such as the image of Zhabdrung Ngawang Namgyal.
769	2227226595075987182.wav	其他滑雪活動將在張家口的太子城滑雪區進行，距離北京約 220 公里（140 英里）。	Other skiing events will be at the Taizicheng ski area in Zhangjiakou, about 220 km (140 miles) from Beijing.
1136	14644235946975721633.wav	當地自來水十分安全，可直接飲用，但如果不放心，也很容易能買到瓶裝水。	The local tap water is perfectly safe to drink, but bottled water is easy to find if you are fearful.
813	14725473302911814436.wav	單日健行為一英里以下或更長距離的單日行程。	Day hiking involves distances of less than a mile up to longer distances that can be covered in a single day.
656	15510190301298144316.wav	毫無準備的人唯一真正會遭遇的危險，也許就只有寒冷的天氣了。	Cold weather is perhaps the only real danger the unprepared will face.
205	13721450798805820687.wav	這架巴布亞紐幾內亞航空航班編號 CG4684 的雙水獺飛機，昨天試圖降落在科科達，但已經失敗過一次。	The Twin Otter had been trying to land at Kokoda yesterday as Airlines PNG Flight CG4684, but had aborted once already.
1248	6943008143645966673.wav	這或許也使閱讀變得更加容易，但由於需要確認名詞化的形式中應使用動詞或形容詞，寫作變得有點複雜。	It also arguably makes reading easier, though writing is somewhat complicated by the need to find out whether a verb or adjective is used in a substantivized form.
925	5851847497751434503.wav	針對一般攝影的規範也適用於錄影，甚至有更多的規定。	Rules regarding regular photography also apply to video recording, possibly even more so.
992	2018051846909631952.wav	在冰川的邊緣，巨大的冰塊會鬆動並落下，也許會從冰川邊緣彈跳或滾動到更遠的地方。	At the edge of glaciers huge blocks break loose, fall down and perhaps jump or roll farther from the edge.
1004	1595924083936708747.wav	長久以來，人們始終知道不同類型的腦部受損、創傷、病變及腫瘤都會影響行為，並造成某些心理機能的改變。	It has been known for a long time that different types of brain damage, traumas, lesions, and tumours affect behaviour and cause changes in some mental functions.
86	13151463362544019470.wav	皮特曼認為天氣狀況要到下週才有可能改善。	Pittman suggested that conditions wouldn't improve until sometime next week.
335	6408226562632246070.wav	接著是土耳其旋轉舞表演。	
1427	2014326514153420199.wav	體內中毒可能不會立即顯現。嘔吐之類症狀過於普遍，無法據之做出直接的診斷。	Internal poisoning may not be immediately apparent. Symptoms, such as vomiting are sufficiently general that an immediate diagnosis cannot be made.
394	10296280706660654386.wav	德國給那次攻擊取了「海獅計畫」的代號。英國軍隊從敦克爾克撤退時，大多數的重型武器和補給品都沒了，所以那時的英軍相當虛弱。	Germany code-named the attack “Operation Sealion”. Most of the British Army's heavy weapons and supplies had been lost when it evacuated from Dunkirk, so the army was fairly weak.
1247	1644958430511971748.wav	舉例來說，在中東的美國公民可能會面臨有別於歐洲人或阿拉伯人的處境。	
317	6064726103648411005.wav	他之前也被控侵犯版權，但沒有被起訴。	He has also been accused previously of copyright infringement, but was not charged.
786	9234578040509917090.wav	野生動物可能很怕生或很有攻擊性，而生存環境可能很冷、很熱或很不友善。	Wild animals might either be shy or aggressive. The environment might be cold, hot, or otherwise hostile.
471	17889376109661948512.wav	歐洲國家嘗試維持其國家主權的一種制度稱為權力平衡。	The balance of power was a system in which European nations sought to maintain the national sovereignty of all European states.
157	12130249704834908004.wav	有些地球上非常少見的石頭以每盎司 11,000 到 22,500 美元的價格販售，約是黃金價格的 10 倍。	Some of the rocks, which are very rare on Earth, are being sold from US$11,000 to $22,500 per ounce, which is about ten times more than the cost of gold.
971	5222212970740242209.wav	比利時和瑞士使用的法語類型與法國使用的法語有些許不同，但相似度足以相互理解。	The varieties of French which are spoken in Belgium and Switzerland differ slightly from the French spoken in France, though they are similar enough to be mutually intelligible.
682	4962791094861950194.wav	雨季（十一月至三月）水量會高出許多，瀑布會更加壯觀。	In the rainy season (November to March), the water volume will be higher and the Falls will be more dramatic.
231	17215518183137178933.wav	據說這名男子駕著一輛裝有炸藥的三輪車衝進人群。	The man allegedly drove a three-wheeled vehicle armed with explosives into a crowd.
190	3905534833434593380.wav	預計颱風會以時速 11 公里往中國前進。	The typhoon is estimated to be moving toward China at eleven kph.
357	7528324153532370150.wav	這會使溜冰者轉向。如果溜冰鞋右傾，溜冰者會向右轉，如果左傾就會向左轉。	This causes the skater to turn. If the skates tilt to the right, the skater turns right, if the skates tilt to the left, the skater turns left.
977	18008502419914950181.wav	輔助語言是人工或建構而成的，旨在輔助有溝通障礙的人們互相溝通。	Auxiliary languages are artificial or constructed languages created with the intent of facilitating communication between peoples who would otherwise have difficulty communicating.
4	6264945363645971947.wav	駕駛員的身分確認是空軍少校帕塔維 (Dilokrit Pattavee)。	The pilot was identified as Squadron Leader Dilokrit Pattavee.
402	17504718804486558093.wav	潛水艇是專門用於水下行進的船隻，可以延長在水下停留的時間。	Submarines are ships designed to travel underwater, and remain there for an extended amount of time.
936	11973116309727685269.wav	除非你是外交官，否則在海外工作通常表示你必須在所在國家申報所得稅。	Unless you are a diplomat, working overseas generally means that you will have to file income tax in the country you are based in.
16	16503718938848413807.wav	「巴拿馬文件」統稱 2016 年春天，巴拿馬法律事務所莫薩克‧馮賽卡外洩給媒體的文件，約有一千萬份。	Panama Papers is an umbrella term for roughly ten million documents from Panamanian law firm Mossack Fonseca, leaked to the press in spring 2016.
1237	6521228086439744945.wav	收養係指親生父母終止其親權，讓另一對夫婦可以養育其子女。	In an adoption, the birth parents terminate their parental rights so that another couple may parent the child.
1409	9881154926006410155.wav	默西醫院位於塔斯馬尼亞州德文波特，自從聯邦政府介入接管該醫院的資助事宜，州政府及部分聯邦議會成員即批評該舉係為 11 月聯邦選舉序幕的噱頭。	Ever since the Federal Government stepped in to take over funding of the Mersey hospital in Devonport, Tasmania, the state government and some federal MPs have criticised this act as a stunt in the prelude to the federal election to be called by November.
1180	7912392710220535572.wav	802.11n 的速度比過去的設備都要快非常多，理論上最高傳輸量可達每秒 600Mbit。	The speeds of 802.11n are substantially faster than that of its predecessors with a maximum theoretical throughput of 600Mbit/s.
674	17960702426432494415.wav	現場登記的名額有限，採先到先得制。	There are a limited number permits reserved for walk-in requests available on a first come, first served basis.
1044	10665554122594771942.wav	此地區也擁有種類極為豐富的動物和鳥類。	The area is also home to an extremely wide variety of animal and bird species.
670	5064047843482744451.wav	必須具備野地許可證，才能在大峽谷邊緣之下的位置露營。	Any camping below the rim in Grand Canyon requires a backcountry permit.
167	12726229192506933943.wav	大衛·韓德利的偵查與資訊聚會促成了由 10 名來自巴基斯坦激進組織虔誠軍的槍手所為的行動。	David Headley's scouting and information gathering had helped to enable the operation by the 10 gunmen from the Pakistani militant group Laskhar-e-Taiba.
659	7529849508308845369.wav	在夏季期間，也要慎防北歐的蚊子。雖然它們不會傳播任何疾病，但會令人不堪其擾。	During the summer, also watch out for the Nordic mosquitoes. Although they do not transmit any diseases, they can be irritating.
1292	3332977052933177609.wav	每天早上，一批人開車離開鄉下小鎮前往工作地點，與另一批人擦身而過，他們的出發地正是另一批人的工作目的地。	Every morning, people leave small country towns in cars to go their workplace and are passed by others whose work destination is the place they have just left.
178	13839920645468330156.wav	在她獲此殊榮之時，亞特蘭大的學校在考試成績上已有大幅提升。	At the time of the award, Atlanta schools had seen a large improvement on test scores.
740	15703831286189468419.wav	庫克群島是一個與紐西蘭自由結盟的島國，位於南太平洋中部的玻里尼西亞。	The Cook Islands are an island country in free association with New Zealand, located in Polynesia, in the middle of the South Pacific Ocean.
71	3753356669131100697.wav	樂團的管理公司 HK Management Inc. 在 9 月 20 日取消活動時，並未給出最初的原因，但在第二天將原因歸咎於後勤問題。	The band's management company, HK Management Inc., gave no initial reason when they canceled on September 20, but blamed logistical reasons by the next day.
928	13943016927906149064.wav	將無人機開到機場附近或飛過人群上方，就算不違反所在地法律，此舉幾乎都是壞主意。	Flying a drone near an airport or over a crowd is almost always a bad idea, even if it's not illegal in your area.
819	3115612269326883177.wav	旅行開始前或當你旅行時，有許多必須考慮的事。	There are many things you have to take into consideration before and when you travel somewhere.
953	12533650391710596760.wav	雖然你可能覺得加入你最常搭乘的航空公司才符合直覺，但你應留意他們提供的優惠通常不同，而且相同聯盟的不同航空公司給予的飛行常客點數可能會更多。	Although you may think it is intuitive to join the airline you fly most, you should be aware that privileges offered are often different and frequent flyer points may be more generous under a different airline in the same alliance.
338	10778991552420615422.wav	13 歲的摩托車賽車手彼得·倫茨，在印第安納波利斯賽車場的一場車禍中喪生。	Peter Lenz, a 13-year-old motorcycle racer, has died after being involved in a crash at the Indianapolis Motor Speedway.
307	12505234354411276916.wav	公布的死因為肝內膽管癌。	The cause of death was announced as intrahepatic bile duct cancer.
1298	12912874866351673973.wav	無論年紀或背景，坐飛機旅行都可能是個可怕的體驗，尤其是沒坐過飛機或曾有創傷經歷的人。	Travelling by plane can be a scary experience for people of all ages and backgrounds, particularly if they've not flown before or have experienced a traumatic event.
1010	15824461849247647451.wav	巴赫曼在八月份的埃姆斯民意調查中獲勝，並決定終止競選。	Bachmann, who won the Ames Straw Poll in August, decided to end her campaign.
413	13852066562276971014.wav	騎兵是指一騎著馬作戰的軍隊。當時尚未發明馬鞍，因此亞述騎兵是騎在毫無裝備的馬背上作戰。	A cavalry is an army that fights on horseback. The saddle had not yet been invented, so the Assyrian cavalry fought on the bare backs of their horses.
730	2182548003007203397.wav	寶雲島是熱門的一日遊或週末郊遊的地點，可進行划皮艇、健行、購物和餐飲等活動。	Bowen Island is a popular day trip or weekend excursion offering kayaking, hiking, shops, restaurants, and more.
724	5227200310370423490.wav	根據《弗雷·巴托洛梅·德拉斯·卡薩斯》（西印度專著），在 1492 年至 1498 年間，西班牙征服者約殺了 100,000 名泰諾人。	Based on Fray Bartolomé de las Casas (Tratado de las Indias) between 1492 and 1498 the Spanish conquerors killed around 100,000 Taínos.
729	16511989913138916094.wav	花幾枚硬幣，就會有小孩說故事給你聽。	For a few pennies some children will tell you the story.
109	12582183732372509296.wav	太空艙會像流星一樣劃過天際。	The capsule will look much like a shooting star going across the sky.
530	4970257698978789094.wav	這種運動主要以決鬥模式進行，由一名擊劍選手對決另一名選手。	The sport is primarily played in a duel format, one fencer dueling another.
476	11928090542154938460.wav	從故事可知，他的動機來自不計代價獲取聲望。憤怒的以弗所人宣告黑若斯達特斯之名永遠都不會載入史冊。	According to the story, his motivation was fame at any cost. The Ephesians, outraged, announced that Herostratus' name never be recorded.
444	18370503167870339115.wav	委內瑞拉有 18% 的人失業，而大部分受雇的人從事地下經濟的工作。	Eighteen percent of Venezuelans are unemployed, and most of those who are employed work in the informal economy.
1028	5896981439945804811.wav	根據報導，在此地區約有 9400 戶民宅斷水，100 戶民宅斷電。	It is reported that some 9400 homes in the region are without water and approximately 100 without electricity.
1082	2685932162169220649.wav	它可以做得很薄，並黏在其他金屬上。由於可以做得很薄，有時也會用在一種名為「泥金裝飾手抄本」的書籍上，裝飾其中的手繪圖片。	"It can be made very thin, and stuck onto other metal. It can be made so thin that it was sometimes used to decorate the hand-painted pictures in books called ""illuminated manuscripts""."
650	4304185068966287453.wav	感謝連接到歐洲的海底光纖電纜和衛星寬頻，格陵蘭島上的網際網路非常發達，93% 人口皆能上網。	Thanks to undersea fiber optic cable links to Europe and broadband satellite, Greenland is well connected with 93% of the population having internet access.
369	6376069572017853410.wav	三角龍的牙齒不僅能咬碎樹葉，甚至連堅硬的樹枝和樹根也能搞定。	A triceratops' teeth would have been able to crush not only leaves but even very tough branches and roots.
36	12006459944574430557.wav	整個晚上，兩道光束直直照向天際。	Two beams of light have been rigged up to point skywards overnight.
802	2061356136159274998.wav	飲用酒精性飲料要適量。酒精對每個人的影響程度不同，因此知道自己的酒量非常重要。	Drink alcoholic drinks with moderation. Alcohol affects everyone differently, and knowing your limit is very important.
1477	17197146663605507549.wav	這世界因為人類科學與技術的進步而有了改變，而且由於人口過剩和人類浪費的生活方式，使得問題變本加厲，這點再明顯不過。	It is obvious enough that the world has changed much because of humankind's scientific and technological advancements, and problems have become greater because of overpopulation and mankind's extravagant lifestyle.
794	11079959344022335095.wav	在某些國家或某些類型的商店中，至少會有一間附設餐廳，通常是價格實惠且較隨意的餐廳。	In some countries or types of stores there is at least one on-site restaurant, often a rather informal one with affordable prices.
531	12378879833448696944.wav	高爾夫球這種運動，是球員用球桿把球打進洞裡。	Golf is a game in which players use clubs to hit balls into holes.
29	8341177324274506062.wav	他在 1950 年從維吉尼亞大學藝術與科學學院畢業，並且大力資助該學院。	He graduated from the College of Arts & Sciences of the University of Virginia in 1950 and was a significant donor to that institution.
1385	10807727662488424494.wav	在這些時期中，許多貴族之間為了爭奪王位，進行了激烈的戰爭。	During these periods fierce warfare took place between many nobles fighting for the throne.
1454	629245169164646195.wav	該電臺的網站形容這個節目是「老套的廣播劇，但具有極其古怪的反轉，充滿新意！」	"The station's web site describes the show as ""old school radio theater with a new and outrageous geeky spin!"""
1089	6671486411037026577.wav	如果沒有熨斗，或你不喜歡穿熨過的襪子，那你可以試著使用吹風機吹乾襪子，如果有的話。	If an iron isn't available, or if you don't fancy wearing ironed socks, then you can try using a hairdryer, if available.
168	1952383866683265045.wav	此攻擊為印度和巴基斯坦間的關係帶來巨大壓力。	The attack put a huge strain on relations between India and Pakistan.
1325	7980268641510205143.wav	這個過程稱為種化，表示新物種產生。種化是演化過程中無法避免的後果，也是很重要的一環。	We call this process speciation, which just means the formation of new species. Speciation is an unavoidable consequence and a very important part of evolution.
881	4587044321306642056.wav	這些要求時常取決於遊客曾經或打算造訪的國家。	These requirements may often depend on what countries a traveller has visited or intends to visit.
795	8830788919421230667.wav	準備一份保單影本以及保險公司的聯絡資料並隨身攜帶。	Make and carry copies of your policy and your insurer's contact details with you.
172	10606780312878801216.wav	他繼續說道：「這個案子非常嚴重。但可以放心的是，我們的系統運作一如它應有的水準。」	"He went on to say, ""This case is serious. Rest assured that our system is working as well as it should."""
1488	18039975704203423947.wav	埃德加·維古拉 (Edgar Veguilla) 的手臂和下顎受傷，而克里斯托弗·施耐德 (Kristoffer Schneider) 則需要進行臉部重建手術。	Edgar Veguilla received arm and jaw wounds while Kristoffer Schneider was left requiring reconstructive surgery for his face.
989	15111310710610005360.wav	在羅加蘭和阿格德爾，它們常被稱為「hei」，意指常佈滿石南花的無樹荒野。	"In Rogaland and Agder they are usually called ""hei"" meaning a treeless moorland often covered in heather."
821	14512296243271731663.wav	這是您需要一直銘記於心的事情，才不會讓您感到失望，或甚至是對當地的做事方式感到厭惡。	This is something you always need to keep in mind, to avoid disappointment or perhaps even distaste over local ways to do things.
228	11972102651076519774.wav	科學家發現月球表面分布許多稱為瓣狀陡坡的地形，顯然是因為月球正極緩慢縮小而形成。	Scientists have discovered landforms littered across the moon's surface called lobate scarps that have apparently resulted from the moon's shrinking very slowly.
735	6806892261112692089.wav	許可證必須事先預訂。你必須擁有許可證才能在錫雷納過夜。	Permits must be reserved in advance. You must have a permit to stay overnight at Sirena.
608	10354836693895479140.wav	我們是以從未來到現在、再到過去的一連串事件來感知時間。	We experience time as a series of events passing from the future through the present to the past.
330	3845592236894517765.wav	他在該隊期間，共計出賽 468 次，獲得 403 分。	During his time with the team, he scored 403 goals in 468 appearances.
493	1700077269237644938.wav	此文明於印度河流域興盛發展，這也是它名稱的由來。	The civilisation flourished in the basins of the Indus River wherefore it derives its name.
875	11533506607334263546.wav	或許你會找到某種簡單的飲品，可以讓你在回歸日常生活時搭配早餐飲用。	maybe you'll discover a simple beverage that you can make for breakfast when you're back to your daily routine.
17	10950822543299372166.wav	文件中指出 14 家銀行協助富有客戶藏匿了數十億美元的資產，以規避稅金與其他法規。	The documents showed fourteen banks helped wealthy clients hide billions of US dollars of wealth to avoid taxes and other regulations.
6	4860929886524229134.wav	28 歲的維達爾三個賽季前從塞維利亞足球俱樂部加入巴塞隆納足球俱樂部。	28-year-old Vidal had joined Barça three seasons ago, from Sevilla.
1160	11425826071521293307.wav	這筆錢可用於防洪房屋、更佳的水資源管理和農作物多樣化。	The money could go toward flood-proof houses, better water management, and crop diversification.
301	5588973803628397122.wav	經此程序之後，眾議院聯合決議 3 將在 2015 或 2016 年由下屆民選立法機構重新審查，以持續修法。	Following the process, HJR-3 will be reviewed again by the next elected legislature in either 2015 or 2016 to remain in process.
986	3713004906808802228.wav	大部分的案例都是家禽飼養從業人員，但賞鳥者也會有一些風險。	Most have involved people who work with poultry, but there is also some risk to birdwatchers.
222	12125276011004713078.wav	審判在伯明翰皇室法院進行，並在 8 月 3 日結束。	The trial took place at Birmingham Crown Court and concluded on August 3.
589	14862860944998923280.wav	希望多數人終將明白他們長期的最佳選擇是與他人合作。	Hopefully, most people will realise that their long term best option is to work together with others.
369	3229976259182166365.wav	三角龍的牙齒不僅能咬碎樹葉，甚至連堅硬的樹枝和樹根也能搞定。	A triceratops' teeth would have been able to crush not only leaves but even very tough branches and roots.
1079	17610367863978972572.wav	該理論聲稱一個銀河系周圍的暗物質大多會形成一種暈圈，且是由許多微粒所組成。	This theory says that most dark matter around a galaxy is located around a galaxy in a kind of halo, and is made of lots of small particles.
1191	17751778331523371794.wav	雖然四輪貨運軌道僅由平行木板條組成，卻能讓馬匹在軌道上拖拉貨物，相較於當時稍微崎嶇的路面，運送速度更快且能裝載更多貨物。	Although wagonways merely consisted of parallel planks of wood, they allowed horses pulling them to achieve greater speeds and pull larger loads than on the slightly more rough roads of the day.
1353	8109962247847693443.wav	沒有提供其他的交通方式、地上鐵將不會停靠溫布利，現場也無可用的停車場與停車轉乘規劃。	No extra transport is being put on and overground trains will not stop at Wembley, and car parking and park-and-ride facilities are unavailable at the ground.
364	9065447275391871744.wav	這時就需要更換燈泡了。更換燈泡時必須非常小心。	The light bulb then needs replacing. It is necessary to be careful in replacing the light bulb.
182	6852616345064626615.wav	愛爾蘭政府強調議會立法改正此狀況的迫切性。	The Irish government is stressing the urgency of parliamentary legislation to rectify the situation.
1048	12005108318413307754.wav	他接受訓練成為產科醫生，並於 1959 年開始在奧克蘭國立婦女醫院執業。	He trained as an obstetrician and began to work at the Auckland's National Women's Hospital in 1959.
477	9734148604148192164.wav	希臘歷史學家史特拉波後來提到了這個名字，所以我們現在才會知道有這座神殿。神殿毀於亞歷山大大帝出生當晚。	The Greek historian Strabo later noted the name, which is how we know today. The temple was destroyed on the same night that Alexander the Great was born.
956	15383480903637751747.wav	如果你有額外的旅行時間，你可以比較看看你去非洲的總票價和環球票價。	If you have additional travel time, check to see how your total fare quote to Africa compares with a round-the-world fare.
1368	568266776835495990.wav	如果他們使用空運寄送東西，則在某些路線上可能要耗費幾天才能完成卸貨與通關。	If they sent things by air freight, on some routes it may have taken days to get through unloading and customs.
1070	2859015445042008991.wav	因此，閱讀此文法入門有助於學習更多波斯語法，並能增進對片語的理解。	Therefore, reading this grammar primer would help you learn much about Persian grammar and understand phrases better.
890	17620021113751924576.wav	南極洲內陸是一片荒蕪的高原，上面覆蓋著 2-3 公里厚的冰層。	Inland Antarctica is a desolate plateau covered by 2-3 km of ice.
412	2662468222389936781.wav	致命的十字弓所射出的箭可穿透敵軍身上的盔甲。約在西元前 1 千年，亞述人導入了史上第一支騎兵部隊。	Arrows from their deadly crossbows could penetrate the armor of rival soldiers. About 1000 B.C., the Assyrians introduced the first cavalry.
893	15869174488866923062.wav	它是壓實的雪地，裂縫也經過填補，有旗幟作為記號。只有駕駛專用拖拉機才能行駛，後方拖著載了燃油與物資的雪橇。	
178	17062433428083223736.wav	在她獲此殊榮之時，亞特蘭大的學校在考試成績上已有大幅提升。	At the time of the award, Atlanta schools had seen a large improvement on test scores.
978	3079823582511657788.wav	它們與通用語有所區別，是因某種原因而成為其他語言使用者之間的交流方式，所以成為主要語言。	
1087	11153708865740473609.wav	老虎和獅子、花豹及美洲豹屬於同一類（豹屬）。只有這四種貓科動物有吼嘯的能力。	The tiger is in the same group (Genus Panthera) as lions, leopards, and jaguars. These four cats are the only ones who can roar.
407	13058476182751299384.wav	沒錯！有時也被暱稱「圖坦王」或「少年法老」的圖坦卡門，是現代最著名的古埃及法老之一。	"Yes! King Tutankhamun, sometimes referred to as ""King Tut"" or ""The Boy King"", is one of the most well known ancient Egyptian kings in modern times."
1402	6558942581370204789.wav	賽事頭號種子南非隊開賽非常順利，以 26 比 0 輕鬆取勝第五種子尚比亞隊。	Tournament top seeds South Africa started on the right note when they had a comfortable 26 - 00 win against 5th seeded Zambia.
1118	2937393499622596102.wav	她指引警官前往 500 英尺外的黑色奧茲摩比 Intrigue 轎車。	She directed officers to her black Oldsmobile Intrigue which was 500 feet away.
764	5299613217697325153.wav	他寄電郵給當地大學的學生，接著收到大量免費住宿的邀請。	He emailed students at the local university and received an overwhelming number of offers for free accommodation.
164	9212354248488224856.wav	該艦是復仇者級的反水雷艦，當時正前往巴拉望的普林塞薩港。	An Avenger class mine countermeasures ship, the ship was on its way to Puerto Princesa in Palawan.
917	13882537813601029201.wav	翻譯引擎已有巨大的改進，現在通常提供或多或少正確的翻譯（和更少的胡言亂語），但因為翻譯結果仍可能完全是錯誤的，應對其持有一些小心謹慎的態度。	The translation engines have improved dramatically, and now often give more or less correct translations (and more seldom gibberish), but some care is due, as they still may have gotten it all wrong.
127	1064681802059859941.wav	艾爾·高爾和湯米·弗蘭克斯將軍不假思索地說出了他們最喜歡的頭條新聞（高爾的便是《洋蔥報》有關他和蒂珀在 2000 年選舉人團落敗後享受了一生中最美好的性愛的報導）。	Al Gore and General Tommy Franks casually rattle off their favorite headlines (Gore's was when The Onion reported he and Tipper were having the best sex of their lives after his 2000 Electoral College defeat).
943	53763252797171534.wav	旅行時參加志願活動是貢獻一己之力的好方法，而且這不只是單純給予。	Volunteering while travelling is a great way to make a difference but it's not just about giving.
183	6592376292694179476.wav	「就公衛和刑事司法的立場而言，現在最重要的是應盡快頒布法令」，一名政府發言人說道。	It is now important from both a public health and criminal justice perspective that the legislation be enacted as soon as possible, said a government spokesperson.
638	10858238979350593684.wav	四年後獲得一項專利，這是世界上第一個 MRI 領域的專利。	Four years later a patent was granted, which was the world's first patent issued in the field of MRI.
1199	9969248398609042787.wav	虛擬團隊成員通常都是直接配合的實體團隊的聯絡點。	Virtual team members often function as the point of contact for their immediate physical group.
220	3288477507245948231.wav	2004 年奧運銀牌得主阿米爾·汗說：「我深深認為女性不該參與打鬥。這就是我的想法。」	"2004 Olympic silver medallist Amir Khan said, ""Deep down I think women shouldn’t fight. That’s my opinion."""
366	13243938976098685788.wav	這是因為如果您在燈泡的金屬底座仍有部份插在插座上時，觸碰到插座內部或其金屬底座，則流入燈泡金屬部份插座的電流，會讓您嚴重觸電。	This is because electricity flowing into the socket where the metallic part of bulb sits can give you a severe electric shock if you touch the inside of the socket or the metal base of the bulb while it is still partly in the socket.
1168	14657869890881517993.wav	沒有任何孩童應在缺乏養育、關照與教育的環境下長大，但現實並非如此。	No child should ever have to grow up in an environment that is not nurturing, caring, and educational, but they do.
938	13869227539831202244.wav	在某些聯邦國家，例如美國和加拿大，聯邦政府和地方政府都課徵所得稅，因此稅率和稅級會因地區而有所不同。	In some federal countries, such as the United States and Canada, income tax is levied both at the federal level and at the local level, so the rates and brackets can vary from region to region.
416	2794052782951408571.wav	另一個有名的希臘人是數學家畢達哥拉斯，主要以直角三角形各邊關係的知名定理為人所知。	Another famous Greek is a mathematician Pythagoras, mostly known for his famous theorem about relations of the sides of right triangles.
409	9636784042053991252.wav	然而，他的墳墓在 1922 年被發現了，這使他成為名人。過去的許多墳墓都曾被盜過，但這座墳墓卻絲毫未被打擾。	However, the discovery of his tomb in 1922 made him a celebrity. While many tombs of the past were robbed, this tomb was left virtually undisturbed.
921	8120017737705032086.wav	如果你的手機沒有數據連線，或者已經超出連線範圍，GPS 導航的表現可能會受到限制或無法使用。	If you don't have a data connection for your phone, or when it is out of range, their performance can be limited or unavailable.
88	6654114916754091860.wav	今天於紅湖社區一帶流傳的消息為由於又有一名涉嫌 3 月 21 日校園槍擊案的學生被捕，因此傑夫·魏斯與九名受害者當中其三的葬禮暫停舉行。	News spread in the Red Lake community today as funerals for Jeff Weise and three of the nine victims were held that another student was arrested in connection with the school shootings of March 21.
893	17969341044203413399.wav	它是壓實的雪地，裂縫也經過填補，有旗幟作為記號。只有駕駛專用拖拉機才能行駛，後方拖著載了燃油與物資的雪橇。	
197	740343661393098545.wav	總理大臣羅德里戈·阿里亞斯表示，檢查證實他有病毒的輕微症狀。	Arias tested positive for a mild case of the virus, Presidential Minister Rodrigo Arias said.
1160	15169694985612765740.wav	這筆錢可用於防洪房屋、更佳的水資源管理和農作物多樣化。	The money could go toward flood-proof houses, better water management, and crop diversification.
845	10172078133011029749.wav	雖然這絕不是現代才有的現象，但提到塗鴉，或許大部分的人想到的都是年輕人用噴漆破壞公共或私人財產。	While it's far from a modern phenomenon, most people probably associate it with youth vandalizing public and private property using spray paint.
388	609332533352172872.wav	他最初將韓文字母命名為「訓民正音」，意思是「教導人民的正確聲音」。	"He originally named the Hangeul alphabet Hunmin Jeongeum, which means ""the correct sounds for the instruction of the people""."
1037	10063689713306187182.wav	依據最新公告，海平面讀數顯示有海嘯發生。帕果帕果及紐埃附近有明確的海嘯活動紀錄。	According to the latest bulletin, sea level readings indicated a tsunami was generated. There was some definite tsunami activity recorded near Pago Pago and Niue.
783	13460890400972302066.wav	人們經常認為野生動物攝影沒什麼獨特之處，但就和一般攝影作品一樣，一張照片就能包含千言萬語。	Wildlife photography is often taken for granted, but like photography in general, a picture is worth a thousand words.
15	2511026283747404783.wav	紅土之王在賽後說道：「能在最重要的賽事中重返最後一輪，我感到興奮不已，我會盡力贏得比賽。」	"After the match, King of Clay said, ""I am just excited about being back in the final rounds of the most important events. I am here to try to win this."""
631	6246413848678740309.wav	這意味著我們能夠成功預測其他人類的感知、意圖、信仰、理解和渴望。	That means we are able to successfully predict what other humans perceive, intend, believe, know or desire.
484	4247341070189311459.wav	跟隨者尋求旨在滋養這些體驗的特定生活或修行方式。	Followers pursue certain ways of living, or practices that are intended to nurture those experiences.
794	9748311521970255235.wav	在某些國家或某些類型的商店中，至少會有一間附設餐廳，通常是價格實惠且較隨意的餐廳。	In some countries or types of stores there is at least one on-site restaurant, often a rather informal one with affordable prices.
745	3753766550720428939.wav	在今日的已開發國家，提供豪華的 B&B 服務已經提升為一種藝術。	In developed countries today, providing deluxe bed and breakfasts has been raised to a sort of art-form.
12	11276532688869950661.wav	納達爾與這名加拿大選手的交手紀錄為 7–2。	Nadal's head to head record against the Canadian is 7–2.
1208	3297519211268849048.wav	目前已經救出幾名人質，並確認至少六人死亡。	Several hostages have been rescued and least six have been confirmed dead so far.
616	18444823497487406700.wav	然而，新的證據指出，莫里奧里人是一個紐西蘭大陸的毛利人族群，他們從紐西蘭遷徙到查塔姆群島，發展出了自己獨特的和平文化。	However, new evidence suggests that the Moriori were a group of mainland Maori who migrated from New Zealand to the Chatham Islands, developing their own distinctive, peaceful culture.
310	7432103850112018341.wav	為了慶祝去年舉行婚禮的伴侶結婚滿一週年，至少有 100 位民眾參加了派對。	At least 100 people had attended the party, in order to celebrate the first anniversary of a couple whose wedding was held last year.
247	15427339760462154269.wav	自 1947 年脫離英國統治獨立後，巴基斯坦總統會任命「政治代理人」來管理聯邦直轄部落地區，後者對於這些地區幾乎有完全的自治權。	"Since Pakistani independence from British rule in 1947, the Pakistani President has appointed ""Political Agents"" to govern FATA, who exercise near-complete autonomous control over the areas."
1321	9406071191228913107.wav	阿皮亞在 1850 年代被發現，1959 年至今為薩摩亞的正式首都。	Apia was founded in the 1850s and has been the official capital of Samoa since 1959.
1129	7896211056970796755.wav	美國總統喬治·W·布希在 11 月 16 日早晨抵達新加坡，開始為期一週的亞洲之旅。	U.S. President George W. Bush arrived in Singapore the morning of November 16, beginning a week-long tour of Asia.
1117	5468112000803510014.wav	試著遊向一個不會再被困住的地方，或者，根據個人的游泳技術以及是否已有人注意到，也可以等待救援。	Try aiming somewhere where you are not caught again or, depending on your skills and on whether you have been noticed, you might want to wait for rescue.
653	8593930133904924948.wav	儘管你可能聽過格陵蘭島原住民使用這個詞，但外國人應該避免使用。	While you may hear the word used by Greenlandic Natives, its use should be avoided by foreigners.
1322	11697425439574854956.wav	戴紐斯說：「現在我們什麼都不做。我打過電話、也寄了電子郵件給他最親近的合作夥伴，也收到很友善的回覆。就現在來說，那樣的確就夠了。」	"Danius said, ""Right now we are doing nothing. I have called and sent emails to his closest collaborator and received very friendly replies. For now, that is certainly enough."""
134	15859989848197448389.wav	標誌沒有遭到實際損壞，而是用有和平與心型符號裝飾的黑色防水布將字母「O」改成小寫的字母「e」。	"The sign was not physically damaged; the modification was done using black tarpaulins decorated with signs of peace and heart to alter the ""O"" to read lowercase ""e""."
15	4547753249630057786.wav	紅土之王在賽後說道：「能在最重要的賽事中重返最後一輪，我感到興奮不已，我會盡力贏得比賽。」	"After the match, King of Clay said, ""I am just excited about being back in the final rounds of the most important events. I am here to try to win this."""
599	9892473358956772670.wav	英國生物學家羅伯‧虎克透過顯微鏡觀察到軟木塞中的小方塊。	Robert Hooke, a biologist from England, saw small squares in cork with a microscope.
699	10252786121087302619.wav	厄瓜多要求古巴公民在經國際機場或入境關口進入厄瓜多之前，必須收到邀請函。	Ecuador requires that Cuban citizens receive an invitation letter prior to entering Ecuador through international airports or frontier admission points.
896	12112342565033819930.wav	你至少需要合適的鞋底。夏季鞋類在冰面和雪地上通常會打滑，某些冬季靴款甚至也不足以止滑。	At a minimum, you need footwear with suitable soles. Summer shoes are usually very slippery on ice and snow, even some winter boots are deficient.
21	1053675477456605291.wav	謝長廷在選舉期間暗指馬英九可能會在危難時刻逃出國。	Hsieh implied during the election that Ma might flee the country during a time of crisis.
124	4950260578121723118.wav	美國表示曾經接獲匿名資訊，訊息中特別提到將以自殺炸彈客的方式炸毀衣索比亞和肯亞的「著名地標」。	"The U.S. says it has received information from an undisclosed source that specifically mentions the use of suicide bombers to will blow up ""prominent landmarks"" in Ethiopia and Kenya."
150	15205657168242322165.wav	北岩銀行受 2007 年的次級房貸危機影響而請求協助。	Northern Rock had required support due to its exposure during the subprime mortgage crisis in 2007.
1431	1045519546368901618.wav	新科技的發明，讓我們能夠觀察並研究前所未見的腦部結構和運作過程。	The rise of new technologies allows us to see and investigate brain structures and processes never seen before.
1485	9165812823639138748.wav	儘管他在 1993 年退出節目，他仍保留了執行製作人的頭銜，並持續在每一季獲得數千萬元的版稅收入。	Despite leaving the show in 1993 he kept the title of executive producer, and continued to receive tens of millions of dollars every season in royalties.
189	11833461213953419417.wav	截至 8 月 9 日晚間，莫拉克颱風的颱風眼距離中國福建省約有七十公里。	As of the night of August 9, the eye of Morakot was about seventy kilometres away from the Chinese province of Fujian.
1466	16752908768497390656.wav	1980 年代，他參與了多個電視節目的製作，包括 《計程車》、《歡樂酒吧》及《 特蕾西·厄爾曼秀》。	During the 1980s he worked on shows such as Taxi, Cheers, and The Tracy Ullman Show.
489	635467856555773992.wav	此宗教是由古魯那奈克（1469–1539）於 15 世紀所創立。在他之後又依序出現了九位大師。	The religion was founded in the 15th century by Guru Nanak (1469–1539). There followed in succession a further nine gurus.
68	11187773258577463527.wav	當房客開始分享自己所遭遇的狀況，多數捲入事件的家庭突然意識到，奧克蘭房屋委員會的 Carolyn Wilson 偷走他們的保證金並已捲款潛逃。	When the tenants started sharing what had occurred to them, most of the families involved suddenly realized that Carolyn Wilson of the OHA had stolen their security deposits, and skipped out of town.
279	13925285451983250816.wav	前美國眾議院​議長紐特‧金瑞契以 32% 的選票位居第二。	Former U.S. Speaker of the House Newt Gingrich came in second with 32 percent.
359	18042943121291024691.wav	他們透過發出稱為「光子」的微粒子來完成。	"They do this by emitting a tiny particle of light called a ""photon""."
240	4475120266949737154.wav	問題始於 1 月 1 號，多位當地居民開始向尾花澤市郵局抱怨他們沒有收到以往都會寄達的傳統新年卡片。	The issue started on January 1st when dozens of local residents started complaining to the Obanazawa Post Office that they hadn't received their traditional and regular New Year cards.
532	2749524387223310954.wav	一場標準比賽是 18 洞，球員一般從球場的第一洞開始，然後在第 18 洞結束。	Eighteen holes are played during a regular round, with players usually starting on the first hole on the course and finishing on the eighteenth.
722	17716561754190240514.wav	此島最初的居民為泰諾人與加勒比人。加勒比人說的是阿拉瓦語系，在約公元前一萬年來到此地。	The island was first inhabited by the Taínos and Caribes. The Caribes were an Arawakan-speaking people who had arrived around 10,000 BCE.
1392	13531076938421380777.wav	在法國，投票傳統上是個低技術的經驗：投票者獨自在投票亭內，將事先印妥表明投票對象的選票放入信封中。	In France, voting has traditionally been a low-tech experience: voters isolate themselves in a booth, put a pre-printed sheet of paper indicating their candidate of choice into an envelope.
886	9954242284571200378.wav	超過兩名乘客需支付額外的費用，所以這個做法可能會多花不必要的錢。	There is a surcharge for having more than 2 passengers, so this option might be more expensive than necessary.
317	5700853557915617347.wav	他之前也被控侵犯版權，但沒有被起訴。	He has also been accused previously of copyright infringement, but was not charged.
612	2139416950327389806.wav	我們可以用電腦做出精緻複雜的動畫，這種動畫越來越常出現在電視與電影上。	Sophisticated animations can be constructed on computers, and this kind of animation is increasingly being used in television and films.
410	14400958397472403175.wav	大多數和圖坦卡門一起下葬的物件都保存良好，包含用貴金屬與稀有寶石製作的上千個工藝品。	Most of the items buried with Tutankhamun have been well preserved, including thousands of artefacts made from precious metals and rare stones.
1499	16013998882404588754.wav	看守總理茱莉亞‧吉拉德在 2010 年聯邦選舉的競選活動期間宣稱，她認為澳洲應該在伊莉莎白二世女王任期卸任時成為共和國。	Caretaker Prime Minister Julia Gillard claimed during the campaign of the 2010 federal election that she believed Australia should become a republic at the end of Queen Elizabeth II's reign.
515	15373216571239455661.wav	獲得資訊的方式不同。壓力不再存在於個別的回憶中，而變得比較關注在憶起文字的能力。	The approach to obtaining information was different. No longer did pressure reside within individual recall, but the ability to recall text became more of a focus.
774	3134470700513128642.wav	參與國會在各自的國家館設置藝術或教育展，用以展示世界議題或該國的文化與歷史。	Participating countries present artistic and educational displays in national pavilions to showcase world issues or their country's culture and history.
173	6779898932581707084.wav	確認為真的話，這個發現會讓艾倫八年來搜尋武藏號的工作畫下句點。	If confirmed, the find completes Allen's eight-year search for the Musashi.
393	3556340993103943604.wav	征討法國的戰爭結束後，德國開始準備入侵不列顛群島。	With the battle for France over, Germany began to get ready to invade the island of Britain.
733	11930613632172080925.wav	託 2010 冬季奧運的福，距離溫哥華車程 1.5 小時的惠斯勒又貴又出名。	Whistler (1.5 hour drive from Vancouver) is expensive but well-known because of the 2010 Winter Olympics.
66	1396571890994630840.wav	示威者希望能夠收集一百二十萬個連署簽名，在十一月提交給國會。	Protesters hope to collect a petition of 1.2 million signatures to present to the National Congress in November.
1046	6109269916720996769.wav	西裝是標準的商務服裝，同事之間會以姓氏或職稱來稱呼彼此。	Suits are standard business attire, and coworkers call each other by their family names or by job titles.
706	10397054352043282441.wav	這似乎更像是某種騙人以為他們必須付更多錢的招數。	It seems actually to be more a way of tricking people into believing they have to pay more.
1341	3155253017627575340.wav	他們通常比傳統團隊成員擁有更多的自主權，因其團隊可能會配合不同的時區開會，他們的地方管理階層可能會無法理解這點。	They often have more autonomy than conventional team members as their teams may meet according to varying time zones which may not be understood by their local management.
302	6083583708045719821.wav	沃提爾執導筒之外的成就包括在 1973 年絕食抗議所謂的政治審查。	Vautier's achievements outside of directing include a hunger strike in 1973 against what he viewed as political censorship.
945	308935300345746690.wav	由於許多志願性的工作均提供食宿，而少數工作還支付微薄薪水，這也不失為放寬預算，以便在某個地方停留更久的好方法。	It can also be a good way to stretch a budget to allow a longer stay somewhere since many volunteer jobs provide room and board and a few pay a small salary.
907	13017951250300441894.wav	它們優於網路代理伺服器的理由有幾個：它們能重新導向所有網路流量，而非只有 http 的流量。	They are superior to web proxies for several reasons: They re-route all Internet traffic, not only http.
603	10842757140261691122.wav	水是另一個例子。水是由兩個氫原子和一個氧原子組成的。	Water is another example. The compound water is made up of two hydrogen atoms and one oxygen atom.
29	18119389346671681866.wav	他在 1950 年從維吉尼亞大學藝術與科學學院畢業，並且大力資助該學院。	He graduated from the College of Arts & Sciences of the University of Virginia in 1950 and was a significant donor to that institution.
205	16805225829894260072.wav	這架巴布亞紐幾內亞航空航班編號 CG4684 的雙水獺飛機，昨天試圖降落在科科達，但已經失敗過一次。	The Twin Otter had been trying to land at Kokoda yesterday as Airlines PNG Flight CG4684, but had aborted once already.
607	1479050112258380798.wav	數千年來，宗教、哲學與科學學者都在研究時間。	Time has been studied by religious, philosophical, and scientific scholars for thousands of years.
516	14070826955459000962.wav	本質上，文藝復興為知識的學習及傳播方式帶來重大改變。	In essence, the Renaissance made a significant change in the approach to learning and the dissemination of knowledge.
1189	16453169187734056221.wav	亞馬遜河主流長 6,387 公里（3,980 英里），匯集了來自數千條小型河流的河水。	The main Amazon River is 6,387 km (3,980 miles). It collects water from thousands of smaller rivers.
362	11971445469696020057.wav	光子甚至比構成原子的粒子還小！	
245	180735622053083839.wav	「有些人也許不同意，但我不在乎。	"Some may not agree but I don't care.	some may not agree but i don't care	s o m e | m a y | n o t | a g r e e | b u t | i | d o n ' t | c a r e |	58560	MALE
857	2572172917290666580.wav	Carrying for others - Never let your bags out of your sight, especially when you are crossing international borders.	carrying for others never let your bags out of your sight especially when you are crossing international borders	c a r r y i n g | f o r | o t h e r s | n e v e r | l e t | y o u r | b a g s | o u t | o f | y o u r | s i g h t | e s p e c i a l l y | w h e n | y o u | a r e | c r o s s i n g | i n t e r n a t i o n a l | b o r d e r s |	133440	MALE
545	16882235500485912521.wav	The American plan relied on launching coordinated attacks from three different directions.	the american plan relied on launching coordinated attacks from three different directions	t h e | a m e r i c a n | p l a n | r e l i e d | o n | l a u n c h i n g | c o o r d i n a t e d | a t t a c k s | f r o m | t h r e e | d i f f e r e n t | d i r e c t i o n s |	107520	MALE
1105	6114369012747687147.wav	The great pyramid was created to honor the Pharaoh Khufu, and many of the smaller pyramids, tombs, and temples were built to honor Khufu's wives and family members.	the great pyramid was created to honor the pharaoh khufu and many of the smaller pyramids tombs and temples were built to honor khufu's wives and family members	t h e | g r e a t | p y r a m i d | w a s | c r e a t e d | t o | h o n o r | t h e | p h a r a o h | k h u f u | a n d | m a n y | o f | t h e | s m a l l e r | p y r a m i d s | t o m b s | a n d | t e m p l e s | w e r e | b u i l t | t o | h o n o r | k h u f u ' s | w i v e s | a n d | f a m i l y | m e m b e r s |	213120	FEMALE
10	16061555128855936456.wav	At 11:20, the police asked the protesters to move back on to the pavement, stating that they needed to balance the right to protest with the traffic building up.	at 11:20 the police asked the protesters to move back on to the pavement stating that they needed to balance the right to protest with the traffic building up	a t | 1 1 : 2 0 | t h e | p o l i c e | a s k e d | t h e | p r o t e s t e r s | t o | m o v e | b a c k | o n | t o | t h e | p a v e m e n t | s t a t i n g | t h a t | t h e y | n e e d e d | t o | b a l a n c e | t h e | r i g h t | t o | p r o t e s t | w i t h | t h e | t r a f f i c | b u i l d i n g | u p |	190080	MALE
290	8286884867556729518.wav	The United States Geological Survey international earthquake map showed no earthquakes in Iceland in the week prior.	the united states geological survey international earthquake map showed no earthquakes in iceland in the week prior	t h e | u n i t e d | s t a t e s | g e o l o g i c a l | s u r v e y | i n t e r n a t i o n a l | e a r t h q u a k e | m a p | s h o w e d | n o | e a r t h q u a k e s | i n | i c e l a n d | i n | t h e | w e e k | p r i o r |	128640	MALE
491	11077024995055450843.wav	Although in the end, Krushchev sent in tanks to restore order, he did give way to some economic demands and agreed to appoint the popular Wladyslaw Gomulka as the new prime minister.	although in the end krushchev sent in tanks to restore order he did give way to some economic demands and agreed to appoint the popular wladyslaw gomulka as the new prime minister	a l t h o u g h | i n | t h e | e n d | k r u s h c h e v | s e n t | i n | t a n k s | t o | r e s t o r e | o r d e r | h e | d i d | g i v e | w a y | t o | s o m e | e c o n o m i c | d e m a n d s | a n d | a g r e e d | t o | a p p o i n t | t h e | p o p u l a r | w l a d y s l a w | g o m u l k a | a s | t h e | n e w | p r i m e | m i n i s t e r |	284160	MALE
806	16950942347306585366.wav	Consider getting an eye exam at home, especially if insurance covers it, and bringing the prescription along to be filed elsewhere.	consider getting an eye exam at home especially if insurance covers it and bringing the prescription along to be filed elsewhere	c o n s i d e r | g e t t i n g | a n | e y e | e x a m | a t | h o m e | e s p e c i a l l y | i f | i n s u r a n c e | c o v e r s | i t | a n d | b r i n g i n g | t h e | p r e s c r i p t i o n | a l o n g | t o | b e | f i l e d | e l s e w h e r e |	133440	FEMALE
33	5916919541223849997.wav	As the cars ahead of Alonso went in for fuel under the safety car, he moved up the pack to take victory.	as the cars ahead of alonso went in for fuel under the safety car he moved up the pack to take victory	a s | t h e | c a r s | a h e a d | o f | a l o n s o | w e n t | i n | f o r | f u e l | u n d e r | t h e | s a f e t y | c a r | h e | m o v e d | u p | t h e | p a c k | t o | t a k e | v i c t o r y |	180480	FEMALE
1063	9047683831664964836.wav	For example, one might say that the motor car necessarily leads to the development of roads.	for example one might say that the motor car necessarily leads to the development of roads	f o r | e x a m p l e | o n e | m i g h t | s a y | t h a t | t h e | m o t o r | c a r | n e c e s s a r i l y | l e a d s | t o | t h e | d e v e l o p m e n t | o f | r o a d s |	141120	MALE
1070	6992513743013987318.wav	Therefore, reading this grammar primer would help you learn much about Persian grammar and understand phrases better.	therefore reading this grammar primer would help you learn much about persian grammar and understand phrases better	t h e r e f o r e | r e a d i n g | t h i s | g r a m m a r | p r i m e r | w o u l d | h e l p | y o u | l e a r n | m u c h | a b o u t | p e r s i a n | g r a m m a r | a n d | u n d e r s t a n d | p h r a s e s | b e t t e r |	132480	FEMALE
355	10174405558343851822.wav	The blade on a modern ice skate has a double edge with a concave hollow between them. The two edges allow for a better grasp of the ice, even when tilted.	the blade on a modern ice skate has a double edge with a concave hollow between them the two edges allow for a better grasp of the ice even when tilted	t h e | b l a d e | o n | a | m o d e r n | i c e | s k a t e | h a s | a | d o u b l e | e d g e | w i t h | a | c o n c a v e | h o l l o w | b e t w e e n | t h e m | t h e | t w o | e d g e s | a l l o w | f o r | a | b e t t e r | g r a s p | o f | t h e | i c e | e v e n | w h e n | t i l t e d |	192960	MALE
650	4900329448416352783.wav	Thanks to undersea fiber optic cable links to Europe and broadband satellite, Greenland is well connected with 93% of the population having internet access.	thanks to undersea fiber optic cable links to europe and broadband satellite greenland is well connected with 93% of the population having internet access	t h a n k s | t o | u n d e r s e a | f i b e r | o p t i c | c a b l e | l i n k s | t o | e u r o p e | a n d | b r o a d b a n d | s a t e l l i t e | g r e e n l a n d | i s | w e l l | c o n n e c t e d | w i t h | 9 3 % | o f | t h e | p o p u l a t i o n | h a v i n g | i n t e r n e t | a c c e s s |	176640	MALE
920	1357401829541507985.wav	It can save money over buying new maps for a GPS, or a standalone GPS device or renting one from a car rental company.	it can save money over buying new maps for a gps or a standalone gps device or renting one from a car rental company	i t | c a n | s a v e | m o n e y | o v e r | b u y i n g | n e w | m a p s | f o r | a | g p s | o r | a | s t a n d a l o n e | g p s | d e v i c e | o r | r e n t i n g | o n e | f r o m | a | c a r | r e n t a l | c o m p a n y |	173760	MALE
1165	4709842804446646549.wav	Historians have criticized past FBI policies for focusing resources on cases which are easy to solve, especially stolen car cases, with the intent of boosting the agency's success rate.	historians have criticized past fbi policies for focusing resources on cases which are easy to solve especially stolen car cases with the intent of boosting the agency's success rate	h i s t o r i a n s | h a v e | c r i t i c i z e d | p a s t | f b i | p o l i c i e s | f o r | f o c u s i n g | r e s o u r c e s | o n | c a s e s | w h i c h | a r e | e a s y | t o | s o l v e | e s p e c i a l l y | s t o l e n | c a r | c a s e s | w i t h | t h e | i n t e n t | o f | b o o s t i n g | t h e | a g e n c y ' s | s u c c e s s | r a t e |	251520	MALE
678	18034238669406905517.wav	Visa requirements and costs vary from nation to nation and are affected by the country you come from.	visa requirements and costs vary from nation to nation and are affected by the country you come from	v i s a | r e q u i r e m e n t s | a n d | c o s t s | v a r y | f r o m | n a t i o n | t o | n a t i o n | a n d | a r e | a f f e c t e d | b y | t h e | c o u n t r y | y o u | c o m e | f r o m |	144000	MALE
570	609476255896872342.wav	A population is the collection of organisms of a particular species within a given geographic area.	a population is the collection of organisms of a particular species within a given geographic area	a | p o p u l a t i o n | i s | t h e | c o l l e c t i o n | o f | o r g a n i s m s | o f | a | p a r t i c u l a r | s p e c i e s | w i t h i n | a | g i v e n | g e o g r a p h i c | a r e a |	138240	MALE
342	9481485290221600645.wav	Regarding the global financial situation, Zapatero continued by saying that the financial system is a part of the economy, a crucial part."
1134	12797644982060566765.wav	查科地區是瓜庫魯和帕亞瓜等其他原住民部落的家園，這些原住民以打獵、採集和捕魚維生。	The Chaco region was home to other groups of indigenous tribes such as the Guaycurú and Payaguá, who survived by hunting, gathering and fishing.
508	4763785199829819475.wav	您可自訂頁面，使之易於閱讀：亦可根據喜好，使用大量或少量顏色。	It can be customized to make it easy to read and also with as much or little color as desired.
1229	18367550145150813536.wav	他的隊友費爾南多·阿隆索在大部分的賽程都領先，但一離開維修站，他的賽事也跟著告終，大概是因為右前輪沒裝好。	His teammate Fernando Alonso was in the lead for most of the race, but ended it right after his pit-stop, probably because a badly tucked right front wheel.
1267	16764706497310464360.wav	「每一次我們進行彩排時，我都打從心底受到感動。」	I was moved every time we did a rehearsal on this, from the bottom of my heart.
95	2277017454675717457.wav	飛機原定由內務部內衛部隊駕駛飛往伊爾庫次克。	The aircraft had been headed to Irkutsk and was being operated by interior troops.
426	13115882486321592574.wav	然而，查爾斯卻去劍橋的三一學院，修習人類學和考古學，後來又修了歷史，得到了 2:2（二等二級學位）。	
649	10746413267000470727.wav	我們永遠不會去改造汽車、在後院蓋一座噴水池、去祕魯考察古代遺跡，或是翻修鄰居的房子。	We will never overhaul a car, build a fountain in our backyard, travel to Peru to examine ancient ruins, or remodel our neighbour's house.
54	17293479510862023044.wav	聽證會同時也確定了嫌疑犯獲得訊速審判的日期。	The hearing also marks the date for the suspect’s right to a speedy trial.
768	528001292491026163.wav	北京將主辦開幕及閉幕式，還有室內冰上項目。	Beijing will host the opening and closing ceremonies and the indoor ice events.
1136	11880749655822969330.wav	當地自來水十分安全，可直接飲用，但如果不放心，也很容易能買到瓶裝水。	The local tap water is perfectly safe to drink, but bottled water is easy to find if you are fearful.
693	1182491967612690224.wav	必須持吳哥窟通行證才能進入神廟，所以去洞里薩湖時別忘了帶吳哥窟門票。	The Angkor Pass is needed to enter the temple so do not forget to bring your passport along when heading to Tonle Sap.
1206	1605106434244042654.wav	根據該起訴訟，聯合國營地的廢棄物未經適當消毒，導致海地最大河流之一阿蒂博尼特河的支流滋生細菌。	According to the lawsuit, waste from the UN camp was not properly sanitized, causing bacteria to enter the tributary of the Artibonite River, one of Haiti's largest.
1234	16561704788688029508.wav	利金斯追隨父親的腳步，進入醫學界。	Liggins followed in his father’s footsteps and entered a career in medicine.
661	538323596861426758.wav	就業人口最多的領域為專業服務、公家機關、金融、貿易和觀光。	The largest employment sectors are professional services, government, finance, trade, and tourism.
1408	5294257448481701341.wav	他為瑞典和其他 28 個國家製作了一千多枚郵票。	He produced over 1,000 stamps for Sweden and 28 other countries.
129	3722781352258640088.wav	此藝術活動也是布加勒斯特市政廳舉辦的一場活動的一部分，該活動試圖將羅馬尼亞首都的形象，重新塑造成具有創意且多采多姿的大都會。	The artistic event is also part of a campaign by the Bucharest City Hall that seeks to relaunch the image of the Romanian capital as a creative and colourful metropolis.
705	1737891492179942042.wav	但您不需要太擔心，因為通常都會有許多旅客四處詢問加入旅行團。	However, this shouldn't really be off your concern, because often tourists are shuffled around to fill the cars.
1503	300060333453484673.wav	歷史上，大部分的農民都從事自給自足農業，且許多開發中國家依舊如此。	Historically most farmers were engaged in subsistence agriculture and this is still the case in many developing nations.
703	18329831959895910410.wav	從旅行日期開始計算，你的護照必須擁有 6 個月以上有效期限。此外還需要來回票或前往他地機票，證明你的停留時間。	Your passport must be valid for at least 6 months beyond your travel dates. A round/onward trip ticket is needed to prove the length of your stay.
371	12874852422978767197.wav	這些植物看起來像是小型的棕櫚樹，樹冠有銳利尖刺形葉片。	These plants look like a small palm tree with a crown of sharp, spiky leaves.
993	381311410472662283.wav	避暑勝地的旅遊季節，通常在印度的夏季期間達到頂峰。	The tourist season for the hill stations generally peaks during the Indian summer.
452	2293386359079589688.wav	學習創造互動式多媒體需要常規及傳統技能，也需要在互動式課程中學會的工具（分鏡、聲音及影像編輯、故事編劇等）。	Learning to create interactive media requires conventional and traditional skills, as well as tools mastered in interactive classes (storyboarding, audio and video editing, story telling, etc.)
1236	10641604572491673652.wav	有些場所會免費招待含酒精飲料。不過喝醉酒可是會削減判斷力，好的賭徒都很清楚保持清醒的重要性。	Some venues offer alcoholic beverages on the house. However, drunkenness impairs judgement, and all good gamblers know the importance of staying sober.
110	2042999545358959967.wav	太空艙以每秒 12.8 公里或 8 英里的速率前進，這個速度足以在一分鐘內從舊金山抵達洛杉磯。	The capsule will be traveling at about 12.8 km or 8 miles per second, fast enough to go from San Francisco to Los Angeles in one minute.
388	10325585449581542413.wav	他最初將韓文字母命名為「訓民正音」，意思是「教導人民的正確聲音」。	"He originally named the Hangeul alphabet Hunmin Jeongeum, which means ""the correct sounds for the instruction of the people""."
85	1653268396321894461.wav	極端天氣狀況除了會導致冰層破碎，也阻礙了救援工作。	In addition to the crushing ice, extreme weather conditions have been hampering rescue efforts.
841	10546580684404508055.wav	不過，上面列出的賭場幾乎全都有供應飲料，其中的幾個賭場亦會請來知名的娛樂表演（主要是阿爾伯克基和聖塔菲周遭鄰近的較大賭場）。	However, nearly all of the casinos listed above serve drinks, and several of them bring in name-brand entertainment (primarily the large ones immediately surrounding Albuquerque and Santa Fe).
736	14267710662216938721.wav	只有西雷納林區管理站提供露營地以外的合宿房與熱食。拉萊歐那、聖佩德里羅和洛斯帕托斯只提供露營地，不提供食物。	Sirena is the only ranger station that offers dormitory lodging and hot meals in addition to camping. La Leona, San Pedrillo, and Los Patos offer only camping with no food service.
1260	16574209175216349727.wav	主要需要留意的字母是 c 和 g，因為它們的發音會根據其後的母音而產生變化。	The main letters to watch out for are c and g, since their pronunciation varies based on the following vowel.
381	11869003479243742078.wav	接著在幾年後的 1639 年，一名名為傑雷米亞·霍羅克斯的天文學家觀察到了金星凌日。	Then, a few years later in 1639, an English astronomer named Jeremiah Horrocks observed a transit of Venus.
647	11251951249835044129.wav	從我們目前對 DIY 和資訊呈現的經驗來看，以教學為主的電視節目說明了這一點。	Our current experience with all the do-it-yourself and information presenting, learning-based television shows illustrates this point.
1318	13132188704807260590.wav	在周二與新民主黨領導人傑克‧林頓於總理辦公室進行 25 分鐘會晤後，總理史蒂芬‧哈珀同意將政府的《空氣潔淨法》送交由所有黨派組成的委員會審核，再進行二讀。	Prime Minister Stephen Harper has agreed to send the government's 'Clean Air Act' to an all-party committee for review, before its second reading, after Tuesday's 25 minute meeting with NDP leader Jack Layton at the PMO.
1412	16492863104288338400.wav	在民調的兩個極端結果中，29% 的受訪者認為澳洲應該盡快成為共和國，而 31%的人認為澳洲永遠不該成為共和國。	At the extremes of the poll, 29 per cent of those surveyed believe Australia should become a republic as soon as possible, while 31 per cent believe Australia should never become a republic.
1049	18298795653642833733.wav	法國大革命也啟發了許多其他國家的受迫勞工階級展開革命。	The French Revolution also inspired many other repressed working class people of other country's to began their own revolutions.
327	16739943160988799064.wav	預計暴風雨還要很久才會登陸，會對美國或加勒比海地區造成多大的影響還很難說。	As the storm is far from landfall, it remains difficult to assess potential impact to the United States or Caribbean.
296	8162049721312117341.wav	直升機救出了十二名船員，只有一人鼻骨骨折。	Helicopters rescued the twelve crewmembers and the only injury was a broken nose.
1276	4149341303464674914.wav	俄亥俄州有關當局週三表示，一名在賓州匹玆堡兒童醫院工作的醫師，在被發現她母親死於她後車箱中後，將被控加重謀殺罪。	A doctor who worked at Children's Hospital of Pittsburgh, Pennsylvania will be charged with aggravated murder after her mother was found dead in the trunk of her car Wednesday, authorities in Ohio say.
1347	9400281170740614371.wav	有點像是推著沉重推車上山。再次分裂原子核會接著釋出一部份的該能量。	Sort of like rolling a heavy cart up a hill. Splitting the nucleus up again then releases some of that energy.
897	1140729663576246970.wav	鞋底紋路應當夠深，至少達 5 公釐（1/5 英寸），且材質在冷天中仍保持柔軟。	
325	2648688456097627661.wav	這場颶風距離佛羅里達州邁阿密約三千英里，最大持續風速是每小時 40 英里（每小時 64 公里）。	The storm, located approximately 3,000 miles from Miami, Florida, has maximum sustained winds of 40 mph (64 kph).
723	10408306518516277231.wav	在歐洲探險家抵達後的短短幾年內，塔伊諾城的人口遭到西班牙征服者大幅地削減。	Within a few short years following the arrival of European explorers, the population of Tainos had significantly been reduced by the Spanish conquerors
959	15431811252447197849.wav	沒有任何航空聯盟提供橫跨南半球所有三大洋之航線（天合聯盟未橫跨任一海洋）。	No airline alliance covers all three ocean crossings in the Southern Hemisphere (and SkyTeam covers none of the crossings).
493	16213293529501054954.wav	此文明於印度河流域興盛發展，這也是它名稱的由來。	The civilisation flourished in the basins of the Indus River wherefore it derives its name.
71	1194348166312016096.wav	樂團的管理公司 HK Management Inc. 在 9 月 20 日取消活動時，並未給出最初的原因，但在第二天將原因歸咎於後勤問題。	The band's management company, HK Management Inc., gave no initial reason when they canceled on September 20, but blamed logistical reasons by the next day.
1190	3580137144666161513.wav	幾名比斯凱克居民譴責來自南方的抗議人士違法亂紀。	Several Bishkek residents blamed protesters from the south for the lawlessness.
335	4565404422445849801.wav	接著是土耳其旋轉舞表演。	
274	5702603792515411763.wav	令人擔憂的是，仍有輕微流感症狀的病患可能會經由日常作息繼續傳染給更多的人。	There is concern that patients may continue to infect more people by going through their daily routines if the flu symptoms remain mild.
449	1611784363457033932.wav	每年十月左右，都有將近 150 萬隻草食動物為了雨水，會從北邊的山丘跨越馬拉河，遷移至南方的平原。	
475	16112484901055865373.wav	位於艾費蘇斯的阿緹密絲神殿於西元前 356 年 7 月 21 日，因黑若史達特斯蓄意縱火而燒毀。	The temple of Artemis at Ephesus was destroyed on July 21, 356 BCE in an act of arson committed by Herostratus.
869	18115838222460778320.wav	尤其在一開始的時候，可以考慮多花一些錢在西式風格及品質的飯店、餐飲及服務上，以幫助適應。	Especially in your initial days, consider splurging on Western-style and -quality hotels, food, and services to help acclimatize.
1146	7616843845637601942.wav	然而，那名司機的頭部受到了嚴重的傷害。	However, the driver sustained serious injuries to the head.
1339	12160377084301868584.wav	64 歲的卡車司機沒有在車禍中受傷。	The truck driver, who is aged 64, was not injured in the crash.
745	1733852079958927424.wav	在今日的已開發國家，提供豪華的 B&B 服務已經提升為一種藝術。	In developed countries today, providing deluxe bed and breakfasts has been raised to a sort of art-form.
1113	7045316052063201868.wav	經官方人員確認選民的身份後，選民再將信封放入投票箱，並在投票單上簽名。	After officials verify the voter's identity, the voter drops the envelope into the ballot box and signs the voting roll.
362	10731691458106723483.wav	光子甚至比構成原子的粒子還小！	
986	14992200227377050835.wav	大部分的案例都是家禽飼養從業人員，但賞鳥者也會有一些風險。	Most have involved people who work with poultry, but there is also some risk to birdwatchers.
266	13731517343329770938.wav	據報導，焦立中和沙里波夫與姿態調整推進器保持安全距離。	Chiao and Sharipov reported being a safe distance from the attitude adjustment thrusters.
170	15250966264664093713.wav	佩里明確指出：「全世界幾乎找不到其他地方比我們準備更周全，足以面對這個案例帶來的挑戰。」	"Perry specifically said, ""There are few places in the world better equipped to meet the challenge that is posed in this case."""
760	16433383944566676640.wav	住宿交換網站是一個能將遊客和他們欲前往的城市當地人連結起來的組織。	A hospitality exchange network is the organization that connects travelers with locals in the cities they are going to visit.
464	12099472795987804908.wav	問題是，製作 DVD 時，邊緣很可能也會被切掉，如果影片中的字幕太靠近底部，就沒辦法完整顯示。	Unfortunately, when you make a DVD, it's borders will most likely be cut too, and if the video had subtitles too close to the bottom, they won't be fully shown.
1038	8085711706400865605.wav	馬鐙用以支撐騎士懸在馬鞍兩側的雙腳。	Stirrups are supports for the rider's feet that hang down on either side of the saddle.
754	17591200004584070549.wav	如果您有一輛座椅能放平的大型迷你廂型車、休旅車、轎車或是旅行車，便能從事汽車露營。	Car camping is possible if you have a large minivan, SUV, Sedan or Station Wagon with seats that lay down.
176	6769006096416895607.wav	她在亞特蘭大服務期間獲得高度評價，並因創新的城市教育受到肯定。	She gained critical acclaim during her time in Atlanta and was recognized for innovative urban education.
921	12525179783975814078.wav	如果你的手機沒有數據連線，或者已經超出連線範圍，GPS 導航的表現可能會受到限制或無法使用。	If you don't have a data connection for your phone, or when it is out of range, their performance can be limited or unavailable.
999	4870075248103054903.wav	但無論他的發現為何，愛斯基摩部落那時已經居住在那裡了。	But regardless of his discovery, Eskimo tribes were already living there at the time.
1423	2887524645595618793.wav	這個名稱來自於古代對於臭蟲的了解──牠們是高度適應以寄生於人體的昆蟲。	This term derives from ancient familiarity with Bed-bugs, which are insects highly adapted to parasitize humans.
162	909422550761525786.wav	美國海軍表示他們正在調查該起事件。	The US Navy also said they were investigating the incident.
341	10377232854930384445.wav	扎耶特並未因事故受傷。	Zayat was unhurt in the accident.
1235	14304782339725192717.wav	「我們有 4 個月大曾經罹患糖尿病老鼠現在沒有糖尿病了」他補充道。	We now have 4-month-old mice that are non-diabetic that used to be diabetic, he added.
1348	5391899387113507941.wav	划船是芬蘭的國民消遣，每七或八個人就有一艘船。	Boating is a national pastime in Finland, with a boat to every seven or eight people.
304	10965624533749113640.wav	他在 1998 年的一本書中記錄了自己的一生。	He documented himself in a 1998 book.
50	9107023545326307557.wav	因為黑美人車身太低，紐西蘭警方未能使用測速槍測得瑞德的車速，直到車速降至時速 160 公里，警察才成功測得一次。	The New Zealand police had trouble using their speed radar guns to see how fast Mr Reid was going because of how low Black Beauty is, and the only time the police managed to clock Mr Reid was when he slowed down to 160km/h.
848	3901300030930491167.wav	如果你想學習如何讓迴力鏢丟出後回到你手上，請確定你有適合飛回來的迴力鏢。	If you want to learn throwing a boomerang that comes back to your hand, make sure you have a suitable boomerang for returning.
25	306828133981639875.wav	在華盛頓以五比三擊敗亞特蘭大鶇鳥的比賽中，他進了兩球並有兩次助攻。	He had 2 goals and 2 assists in Washington's 5-3 win over the Atlanta Thrashers.
147	5080286059023094629.wav	在這樣的安排下，這種自由可能會告終。	With this arrangement in place, this freedom might end.
265	5187940948910063497.wav	雖然該站在先前的太空站任務中損失陀螺儀，但還是維持了其姿態直到太空漫步結束。	The station maintained its attitude, despite the loss of a gyroscope earlier in the space station mission, until the end of the spacewalk.
892	3707814913544274800.wav	南極橫貫公路是一條一千六百公里長的道路，從羅斯海的麥克默多站一路通到南極。	The South Pole Traverse (or Highway) is a 1600 km trail from McMurdo Station on the Ross Sea to the Pole.
1050	7647477489688018318.wav	兩座塔高達 83 公尺，長度 378 公尺，兩條車道分別為 3.5 公尺寬。	The two towers rise to a height of 83 meters, it's 378 meters long and it has two lanes of 3.50 m wide.
903	9982090047663759853.wav	龍捲風是一個極低氣壓的旋轉空氣柱，它把周圍的空氣往內、往上吸。	A tornado is a spinning column of very low-pressure air, which sucks the surrounding air inward and upward.
500	17437358092213092430.wav	淨土 (Pureland) 摺紙是規定一次只能一摺的摺紙類型，不可以使用反摺等更複雜的摺法，而且每個摺都有明確的位置。	Pureland origami is origami with the restriction that only one fold may be done at a time, more complex folds like reverse folds are not allowed, and all folds have straightforward locations.
656	13580547323083335077.wav	毫無準備的人唯一真正會遭遇的危險，也許就只有寒冷的天氣了。	Cold weather is perhaps the only real danger the unprepared will face.
81	6443148569666917412.wav	接著，馬魯基多爾隊在準決賽打敗了卡布丘隊。	Maroochydore then defeated Caboolture in the Preliminary Final.
1307	5768256013729608930.wav	雖然石製金字塔的建造一直延續到古王國末期，但吉薩金字塔的施工規模和卓越技術無人可及。	
686	6854507303033674747.wav	相較於大多數的皇陵，小而簡約的圖坦卡門墓穴顯得幾乎不值一顧。	Compared to most of the other royal tombs, however, the tomb of Tutankhamun is barely worth visiting, being much smaller and with limited decoration.
901	15286836382770494689.wav	問題是雪有黏性，因此需要一些契機才會滑落，而有些許的雪滑落後，才有可能帶動其他的雪塊崩落。	The problem is that snow is sticky, so it needs some triggering to come down, and some snow coming down can be the triggering event for the rest.
1451	7265313005492373821.wav	於此同時，德國海軍則試圖阻斷運輸（主要使用 U 型潛艇）。	At the same time, the German navy, using mainly U-boats, was trying to stop this traffic.
1476	2832631039449329900.wav	與其相符的有挪威、瑞典和紐西蘭，但在其他地區卻顯得相當特別（例如：在荷蘭此數字是 1 比 40）。	This is matched by Norway, Sweden and New Zealand, but otherwise quite unique (e.g. in the Netherlands the figure is one to forty).
186	16598554210424363463.wav	在星期天對戰波隆那的球賽之前，他一直待在球隊下榻的飯店裡。	He was staying in the team hotel ahead of a match planned for Sunday against Bolonia.
878	5817794518850500847.wav	傳染性疾病是由病毒、細菌、真菌或其他寄生蟲等病原體造成的疾病。	An infectious disease is one that is caused by a pathogen, such as a virus, bacterium, fungus or other parasites.
282	6444080711396756961.wav	據警方估計，柏林約有 6,500 名抗議者。	In Berlin, police estimated 6,500 protestors.
679	8853862048944865447.wav	每個國家也有各自的法律，要求車內必須放置哪些緊急物品。	Each country also has unique laws requiring what emergency items need to be in the car.
704	17892856748914040497.wav	越多人的旅行團價格越便宜，所以若是單獨或與一名朋友外出旅行，可以與其他人結伴組成四到六人的團體，以降低個人單價。	Tours are cheaper for larger groups, so if you're by yourself or with just one friend, try to meet other people and form a group of four to six for a better per-person rate.
58	7257742413907299478.wav	Ansa 表示，警方憂心最猛烈的數起攻擊恐造成繼任之爭全面爆發。	"According to Ansa, ""police were concerned by a couple of top-level hits they feared might spark a full-blown war of succession."
589	6852379793332723948.wav	希望多數人終將明白他們長期的最佳選擇是與他人合作。	Hopefully, most people will realise that their long term best option is to work together with others.
755	2028292624619286546.wav	有些旅館保留了屬於蒸氣鐵路與遠洋郵輪黃金時代的遺跡，來自於二戰前，19 世紀或 20 世紀初。	Some hotels have a heritage from the golden age of steam railways and ocean liners; before the Second World War, in the 19th or early 20th centuries.
565	3645358597161409700.wav	只有災難性的，而非抑鬱和恐懼的作用，才是需要每週定期結構性身體活動訓練的條件。	Only the effects of catastrophizing, not depression and fear was conditional of regular weekly structured PA sessions.
1282	2363282571430547122.wav	德國是二戰時期的共同敵人，促使蘇聯與美國合作。隨著戰爭結束，制度、做法和文化方面的衝突使這些國家有了嫌隙。	Germany was a common enemy in World War 2, leading to cooperation between the USSR and USA. With the end of the war the clashes of system, process and culture led to the countries falling out.
203	4030728031749629389.wav	歐胡島的降水量經估量已來到 6.34 英寸，可說是「很有幫助」。	"The precipitation, reaching 6.34 inches at a gauge on Oahu, was described as ""beneficial""."
866	9689025154661983607.wav	就像寒冷氣候常見的呼吸系統問題，腸道問題在炎熱氣候也相當普遍，而多數情況下確實很擾人，但並不真的危險。	As with respiratory problems in colder climates, intestinal problems in hot climates are fairly common and in most cases are distinctly annoying but not really dangerous.
422	17530104648595593054.wav	有些德國修士想讓本地人民更接近上帝，因此發明了愛沙尼亞文字。	Some German monks wanted to bring God closer to the native people, so they invented the Estonian literal language.
1418	8957936074136779892.wav	可惜，隨著新的書寫方式興起，鉛筆的地位和使用率逐漸衰退。	Sadly, as newer methods of writing have emerged, the pencil has been relegated to lesser status and uses.
351	10948794387406602543.wav	然而，這是一道艱澀的難題，在我們看到實用的核子反應器建造之前，需要花上許多年才能解決。	This, however, is a very hard problem to solve and will take many years before we see useful fusion reactors built.
481	2708356871863993169.wav	彈手風琴時，若要增大音量，可更用力或更快速擠壓風箱。	On the accordion, to get extra volume, you use the bellows with more pressure or speed.
345	13487612491949014377.wav	這個全球性組織已有英語及日語報導，現在要在電視、網路和行動裝置上推出西班牙語、義大利語和韓語節目。	Already reporting in English and Japanese, the global organization is launching Spanish, Italian, and Korean-language programs, for television, the web, and mobile devices.
933	11303355804805534236.wav	學生簽證的要求和申請程序通常與一般觀光或商務簽證不同。	Student visas generally have different requirements and application procedures from normal tourist or business visas.
20	10067419940695581499.wav	馬英九出生於香港，曾就讀於紐約大學和哈佛法學院，並曾持有美國永久居民的「綠卡」。	"Born in Hong Kong, Ma studied at New York University and Harvard Law School and once held an American permanent resident ""green card""."
627	776087991183563222.wav	這種心態最重要的特點就是只有一個正確答案。只考慮兩種解答，即對或不對。	The most important factor of this mindset is: there is only one correct answer. You only think of two answers, namely right or wrong.
104	14670130337608904574.wav	在電視上直播的評論中，伊朗高層消息來源首次承認制裁有產生影響。	The comments, live on television, were the first time that senior Iranian sources have admitted that the sanctions are having any effect.
223	3461206202493047079.wav	當場被捕的主播否認自己的攻擊行為，聲稱棍子是用來保護自己，因為有多達 30 個人朝他扔瓶子。	The presenter, who was arrested at the scene, denied the attack and claimed he used the pole to protect himself from bottles being thrown at him by up to thirty people.
1508	18186357925124711001.wav	根據記者會的文字記錄，他說：「她很可愛，也很會唱歌。」	She’s very cute and sings quite well, too, he said according to a transcript of the news conference.
805	11799961062664825403.wav	在外國眼鏡可能較為便宜，尤其是在勞動成本低廉的低收入國家。	Eyeglasses can be cheaper in a foreign country, especially in low-income countries where labour costs are lower.
770	13651909468354731273.wav	從十一月底到五月中，大多數寺廟都會舉辦年度慶典，確切日期則依每間寺廟的年度行事曆而定。	Most of the temples do have an Annual festival starting from November end to Mid of May, which varies according to each temple's annual calendar.
455	13830692199500496874.wav	變焦鏡頭的缺點是，達到一定焦距範圍所需的焦點複雜度和鏡片元件數量，遠大於定焦鏡頭。	The disadvantage of zoom lenses is that the focal complexity and number of lens elements required to achieve a range of focal lengths is much greater than for prime lenses.
1115	5335025374595827626.wav	醫療慈善機構曼戈拉、無國界醫生和世界衛生組織表示，這是該國有記錄以來，爆發過的最嚴重的疫情。	The medical charity Mangola, Medecines Sans Frontieres and the World Health Organisation say it is the worst outbreak recorded in the country.
478	14834551371322929003.wav	亞歷山大作為國王主動提議出資重建神廟，但他的提議遭到否決。亞歷山大死後，神廟才於公元前 323 年被重建起來。	Alexander, as king, offered to pay to rebuild the temple, but his offer was denied. Later, after Alexander died, the temple was rebuilt in 323 BCE.
427	7529548330935422450.wav	查爾斯是首位被授予學位的英國王室成員。	Charles was the first member of the British Royal Family to be awarded a degree.
1006	12592808710990263916.wav	每座神廟都有一個開闊的神廟中庭，接著是一間只有祭司才能進入的內部聖殿。	Each temple had an open temple courtyard and then an inner sanctuary that only the priests could enter.
758	13281404021852638405.wav	儘管這類旅館大多是私有的，但有時也會接待來訪的國家元首和其他達官顯貴。	While they are usually privately owned, they sometimes accommodate visiting heads of state and other dignitaries.
340	12856338740351380427.wav	賽道現場的醫護人員立刻為他急救，並將他送往當地醫院，後來他於該院逝世。	He was immediately attended to by the on-track medical staff and transported to a local hospital where he later died.
1093	5440108870467291266.wav	成功的秘訣在於利基的觀念，也就是每一隻貓要做的工作都是獨特的，如此一來牠們就不會彼此競爭。	The secret to their success is the concept of the niche, a special job each cat holds that keeps it from competing with others.
777	12276047779517356959.wav	這些活動通常會持續 3 至 6 個月，且舉辦場地不會小於 50 公頃。	These events normally last anywhere between three and six months, and are held on sites no smaller than 50 hectares.
63	8083070947248319284.wav	巴西是地球上最大的羅馬天主教國家，而羅馬天主教會一向反對同性婚姻在巴西合法化。	Brazil is the largest Roman Catholic country on Earth, and the Roman Catholic Church has consistently opposed the legalization of same-sex marriage in the country.
536	7211867561582839286.wav	就是去一些跟日常生活環境截然不同的地方，放鬆玩樂。	This is when people go to a place that is very different from their regular day-to-day life to relax and have fun.
463	14182934454764902619.wav	這麼做是為了確保圖像能蓋滿整個螢幕，這個動作稱為「過掃描」。	This is made to ensure that the image covers the whole screen. That is called overscan.
439	4849903176532826596.wav	1951 年，一場大火使得杜克耶古堡只遺下了一部份的文物，像夏巴尊王的畫像。	In 1951, a fire caused for only some of the relics of the Drukgyal Dzong to remain, such as the image of Zhabdrung Ngawang Namgyal.
1478	16446984402650898425.wav	它至今日仍持續在生產，不過更重要的是，數位相機的感光元件規格沿用了其長寬比。	It is still produced today, but more importantly its aspect ratio has been inherited by digital camera image sensor formats.
559	11266841701376893131.wav	原子核由中子和質子兩種粒子組成。	The nucleus consists of two particles - neutrons and protons.
246	16569702669908341509.wav	很高興看到有人挺我。	I am happy that there are people willing to support me.
1196	9986090426613238012.wav	瓜拉尼人是居住於現今巴拉圭東部最重要的原住民族，過著半游獵的生活，同時也從事自給農業。	The Guaraní were the most significant indigenous group inhabiting what is now Eastern Paraguay, living as semi-nomadic hunters who also practised subsistence agriculture.
356	18298725939302381182.wav	由於冰刀底部略有弧度，當冰刀往某側傾斜時，其接觸冰面的邊緣亦呈彎曲。	Because the bottom of the blade is slightly curved, as the blade tilts to one side or the other, the edge which is in contact with the ice also curves.
56	6508188781743669200.wav	科斯特洛部長表示，一旦經濟方面可行，澳洲應使用核能發電。	Mr Costello said that when nuclear power generation becomes economically viable, Australia should pursue its use.
734	8138848981761092199.wav	冬季可享受北美洲最棒的滑雪場地，夏季則可體驗最正統的登山自行車。	In the winter, enjoy some of the best skiing in North America, and in the summer try some authentic mountain biking.
289	9743294118295377144.wav	「監視器一定會向這些養殖工作者傳達一個強烈訊息，也就是動物的福利是重中之重。」	The CCTV would certainly send a strong signal to those people working with animals that their welfare is of the highest priority.
423	12162201681242081643.wav	"它源自於德語字母，並增加了一個 Õ/õ"" 字符。"""""	"It was based on the German alphabet and one character ""Õ/õ"" was added."
1155	328151173231022314.wav	範例包含控制、計畫與排程，回答顧客診斷與問題的能力，以及辨識手寫文字、聲音與人臉。	Examples include control, planning and scheduling, the ability to answer customer diagnoses and questions, as well as handwriting recognition, voice and face.
753	9836063663088897854.wav	簡而言之，開車是進行公路旅行的好方式，但那本身鮮少是一種「露營」方式。	"In short, using your car is a great way to take a road trip but seldom in itself a way to ""camp""."
385	720384653423780556.wav	歷經一開始的軍事挫敗後，埃塞爾雷德得以和奧拉夫簽訂條款，奧拉夫憑著一連串的成功，重返挪威，試圖奪回他的王國。	After initial military setbacks, Ethelred was able to agree to terms with Olaf, who returned to Norway to try to gain his kingdom with mixed success.
636	14716596805974068793.wav	共振時，磁場和無線電波會使原子發出微小的無線電信號。	In this resonance, magnetic field and radio waves cause atoms to give off tiny radio signals.
434	12781566232951383056.wav	現今，比利時的部分地區在過去曾是盧森堡的一部分，但在 1830 年代的比利時革命之後變成比利時。	Present-day parts of Belgium were part of Luxembourg in the past but became Belgian after the 1830s Belgian Revolution.
1017	10084174679045132940.wav	該搖滾樂團將在美國和加拿大巡迴直到 9 月 16 日。	The rock band was due to tour the United States and Canada until September 16.
228	1418916353734140254.wav	科學家發現月球表面分布許多稱為瓣狀陡坡的地形，顯然是因為月球正極緩慢縮小而形成。	Scientists have discovered landforms littered across the moon's surface called lobate scarps that have apparently resulted from the moon's shrinking very slowly.
403	13486003181916404639.wav	第一次和第二次世界大戰都使用了潛水艇。當時潛水艇移動得很慢，而且射程極有限。	Submarines were used in World War I and World War II. Back then they were very slow and had a very limited shooting range.
587	10560109422379621244.wav	這些望遠鏡使用兩個鏡片，讓遠方的物體顯得更近且更大。	These telescopes used a combination of two lenses to make distant objects appear both nearer and larger.
757	9568416350084308119.wav	過時的五金配件、沒有新型家電設施，以及特有的優雅年代感，都是這種飯店的特色。	The old fashioned fittings, the lack of the latest amenities, and a certain graceful agedness are also part of their character.
1107	8882105639530090480.wav	無論他們看起來有多溫順，野牛、駝鹿、麋鹿、熊與幾乎所有大型動物都具攻擊性。	No matter how docile they may look, bison, elk, moose, bears, and nearly all large animals can attack.
726	2344550254759155901.wav	如今此空間被當作中央廣場，不論日夜都十分熱鬧。	It now functions as the central plaza, and always has a lot of things going on, day and night.
696	4875175648014167467.wav	該城市是三種一神教──猶太教、基督教和伊斯蘭教的聖地，也是精神、宗教和文化的中心。	The city is holy to the three monotheistic religions - Judaism, Christianity and Islam, and serves as a spiritual, religious, and cultural center.
905	12151517611410595242.wav	它們開始時是從風暴雲中下降造成的漏斗，而後在接觸地面時成為「龍捲風」。	"They begin as funnels descending from storm clouds, and become ""tornadoes"" when they touch the ground."
1013	11483300354539254810.wav	由 1 萬 7000 多座島嶼的食物組成的印尼料理是一個總稱，涵蓋該國廣泛多樣的區域性菜色。	With 17,000 islands to choose from, Indonesian food is an umbrella term covering a vast variety of regional cuisines found across the nation.
51	6340368938601503681.wav	在過去 3 個月裏，中央懲處中心釋放了超過 80 名被捕人士，他們都沒有被正式起訴。	In the last 3 months, over 80 arrestees were released from the Central Booking facility without being formally charged.
10	3568510006078400671.wav	警察在 11 點 20 分要求抗議者退回到人行道，並對抗議者表明他們得在抗議權和堵塞交通間取得平衡。	At 11:20, the police asked the protesters to move back on to the pavement, stating that they needed to balance the right to protest with the traffic building up.
485	9651584423486669566.wav	神祕主義與其它宗教信仰與崇拜能有所分別，是因為它看重個人對於一種獨特意識狀態的直接經驗，尤其是那種平和、洞察、喜悅、甚至是狂喜的特質。	Mysticism can be distinguished from other forms of religious belief and worship by its emphasis on the direct personal experience of a unique state of consciousness, particularly those of a peaceful, insightful, blissful, or even ecstatic character.
481	8847709168625196988.wav	彈手風琴時，若要增大音量，可更用力或更快速擠壓風箱。	On the accordion, to get extra volume, you use the bellows with more pressure or speed.
1263	14685939061372312606.wav	城邦是國家的前身，文明文化意指傳承數個世代的知識、綿延不斷的文化足跡與普遍的傳播。	City-states are the precursors of nations. A civilizational culture implies the passing on of knowledge across several generations, a lingering cultural footprint and fair dissemination.
624	16146701185152555367.wav	這種成功故事可以減弱對於改變的恐懼，同時讓人更願意接受未來的改變。	Such success stories lessened the fears of change, while creating positive inclinations toward change in the future.
367	515221205220972326.wav	循環系統中的主要器官是心臟，它將血液輸送至全身。	The major organ of the circulatory system is the heart, which pumps the blood.
1356	2014817863697880963.wav	在意外發生地點旁的車庫工作的人說：「當時那裡有一些孩子在等著過馬路，他們全都在尖叫和哭泣。」	"A person working in a garage near where the accident occurred said: ""There were children waiting to cross the road and they were all screaming and crying."""
911	3514545302907667004.wav	實際目的是讓公司更能掌控他們的市場；一切都是為了賺錢。	The actual purpose is to give those companies more control over their markets; it's all about money spinning.
311	1193919943028500582.wav	官員們表示，原訂於幾日之後舉辦正式的週年紀念活動。	A formal anniversary event was scheduled for a later date, officials said.
381	5700273070267049186.wav	接著在幾年後的 1639 年，一名名為傑雷米亞·霍羅克斯的天文學家觀察到了金星凌日。	Then, a few years later in 1639, an English astronomer named Jeremiah Horrocks observed a transit of Venus.
1183	16437600651247621840.wav	實際上，現在所有電腦都以操作二進位制編碼組成的訊息為基礎。	Virtually all computers in use today are based on the manipulation of information which is coded in the form of binary numbers.
1244	6067753084050176698.wav	梵蒂岡的所有公民都是羅馬天主教徒。	All citizens of Vatican City are Roman Catholic.
1192	1472429617745121999.wav	不過，這並不便宜：粗略計算一下，您大概需要花費經機艙四倍的價格購買商務艙，以及十一倍的價格購買頭等艙！	However, this does not come cheap: as rough rules of thumb, you can expect to pay up to four times the normal economy fare for business, and eleven times for first class!
468	5235540144967200677.wav	柯比莫斯洛 (Kirby Muxloe) 城堡在當時極為典型，比較像是加強防守的住家，而非真正的城堡。	Typical for the period, Kirby Muxloe Castle is more of a fortified house than a true castle.
1019	9354985467931621781.wav	位於牠們之下的是種類較多的中型貓科動物，主要以兔子、羚羊和鹿等中型獵物為食。	Under them are more medium sized cats that eat medium sized prey ranging from rabbits to antelopes and deer.
175	3566532257569624118.wav	據報導，身為世界上最富有的人之一，艾倫已將大部分財產投入於海洋探勘中，並出於對戰爭的畢生興趣，開始尋找武藏號。	One of the world's richest people, Allen has reportedly invested much of his wealth in marine exploration and began his quest to find the Musashi out of a lifelong interest in the war.
180	5186036831272824859.wav	此報告顯示測驗分數進步速度之快令人難以置信，並指出學校有進行內部調查，但並未對結果採許行動。	The report showed test scores had increased implausibly fast, and alleged the school internally detected problems but didn't act on the findings.
271	12929755819300118035.wav	自此之後，這位巴西選手共為該球隊踢了 53 場球賽，進了 24 球。	Since then, the Brazilian has featured in 53 matches for the club in all competitions and has scored 24 goals.
346	10468584699457378986.wav	「我很幸運地毫髮無傷，但我目睹了大家試著打破窗戶逃生的恐怖景象。」	"Luckily nothing happened to me, but I saw a macabre scene, as people tried to break windows in order to get out.	luckily nothing happened to me but i saw a macabre scene as people tried to break windows in order to get out	l u c k i l y | n o t h i n g | h a p p e n e d | t o | m e | b u t | i | s a w | a | m a c a b r e | s c e n e | a s | p e o p l e | t r i e d | t o | b r e a k | w i n d o w s | i n | o r d e r | t o | g e t | o u t |	121920	MALE
312	15461705091328737858.wav	The couple had married in Texas one year ago and came to Buffalo to celebrate with friends and relatives.	the couple had married in texas one year ago and came to buffalo to celebrate with friends and relatives	t h e | c o u p l e | h a d | m a r r i e d | i n | t e x a s | o n e | y e a r | a g o | a n d | c a m e | t o | b u f f a l o | t o | c e l e b r a t e | w i t h | f r i e n d s | a n d | r e l a t i v e s |	96960	MALE
143	15354963166861447959.wav	The NBA's decision followed a Utah Jazz player testing positive for the COVID-19 virus.	the nba's decision followed a utah jazz player testing positive for the covid-19 virus	t h e | n b a ' s | d e c i s i o n | f o l l o w e d | a | u t a h | j a z z | p l a y e r | t e s t i n g | p o s i t i v e | f o r | t h e | c o v i d - 1 9 | v i r u s |	114240	MALE
303	17198670821523769119.wav	French law was changed. His activism went back to age 15 when he joined the French Resistance during World War II.	french law was changed his activism went back to age 15 when he joined the french resistance during world war ii	f r e n c h | l a w | w a s | c h a n g e d | h i s | a c t i v i s m | w e n t | b a c k | t o | a g e | 1 5 | w h e n | h e | j o i n e d | t h e | f r e n c h | r e s i s t a n c e | d u r i n g | w o r l d | w a r | i i |	125760	MALE
943	418101521265467354.wav	Volunteering while travelling is a great way to make a difference but it's not just about giving.	volunteering while travelling is a great way to make a difference but it's not just about giving	v o l u n t e e r i n g | w h i l e | t r a v e l l i n g | i s | a | g r e a t | w a y | t o | m a k e | a | d i f f e r e n c e | b u t | i t ' s | n o t | j u s t | a b o u t | g i v i n g |	98880	FEMALE
67	16081057236669034996.wav	After it became apparent that many families were seeking legal help to fight the evictions, a meeting was held on March 20 at the East Bay Community Law Center for the victims of the housing scam.	after it became apparent that many families were seeking legal help to fight the evictions a meeting was held on march 20 at the east bay community law center for the victims of the housing scam	a f t e r | i t | b e c a m e | a p p a r e n t | t h a t | m a n y | f a m i l i e s | w e r e | s e e k i n g | l e g a l | h e l p | t o | f i g h t | t h e | e v i c t i o n s | a | m e e t i n g | w a s | h e l d | o n | m a r c h | 2 0 | a t | t h e | e a s t | b a y | c o m m u n i t y | l a w | c e n t e r | f o r | t h e | v i c t i m s | o f | t h e | h o u s i n g | s c a m |	199680	FEMALE
1368	1876688468336475280.wav	If they sent things by air freight, on some routes it may have taken days to get through unloading and customs.	if they sent things by air freight on some routes it may have taken days to get through unloading and customs	i f | t h e y | s e n t | t h i n g s | b y | a i r | f r e i g h t | o n | s o m e | r o u t e s | i t | m a y | h a v e | t a k e n | d a y s | t o | g e t | t h r o u g h | u n l o a d i n g | a n d | c u s t o m s |	129600	MALE
284	4541843964029985523.wav	In London, about 200 people protested outside some major copyright holders' offices.	in london about 200 people protested outside some major copyright holders' offices	i n | l o n d o n | a b o u t | 2 0 0 | p e o p l e | p r o t e s t e d | o u t s i d e | s o m e | m a j o r | c o p y r i g h t | h o l d e r s ' | o f f i c e s |	103680	MALE
714	644201987443883799.wav	Most people book their place well in advance (as the boats are usually full during the high season).	most people book their place well in advance as the boats are usually full during the high season	m o s t | p e o p l e | b o o k | t h e i r | p l a c e | w e l l | i n | a d v a n c e | a s | t h e | b o a t s | a r e | u s u a l l y | f u l l | d u r i n g | t h e | h i g h | s e a s o n |	119040	FEMALE
1344	6925583276019241057.wav	Lions, cheetahs and leopards are sometimes shy and you will see them better with binoculars.	lions cheetahs and leopards are sometimes shy and you will see them better with binoculars	l i o n s | c h e e t a h s | a n d | l e o p a r d s | a r e | s o m e t i m e s | s h y | a n d | y o u | w i l l | s e e | t h e m | b e t t e r | w i t h | b i n o c u l a r s |	140160	MALE
712	16033322135402779302.wav	Seeing the sites and wildlife of the Galapagos is best done by boat, just as Charles Darwin did it in 1835.	seeing the sites and wildlife of the galapagos is best done by boat just as charles darwin did it in 1835	s e e i n g | t h e | s i t e s | a n d | w i l d l i f e | o f | t h e | g a l a p a g o s | i s | b e s t | d o n e | b y | b o a t | j u s t | a s | c h a r l e s | d a r w i n | d i d | i t | i n | 1 8 3 5 |	140160	FEMALE
505	12662322186860851345.wav	These websites have gotten a lot of attention, especially in the education setting.	these websites have gotten a lot of attention especially in the education setting	t h e s e | w e b s i t e s | h a v e | g o t t e n | a | l o t | o f | a t t e n t i o n | e s p e c i a l l y | i n | t h e | e d u c a t i o n | s e t t i n g |	82560	FEMALE
1007	1115175528648666278.wav	Subsistence agriculture is agriculture carried out for the production of enough food to meet just the needs of the agriculturalist and his/her family.	subsistence agriculture is agriculture carried out for the production of enough food to meet just the needs of the agriculturalist and his/her family	s u b s i s t e n c e | a g r i c u l t u r e | i s | a g r i c u l t u r e | c a r r i e d | o u t | f o r | t h e | p r o d u c t i o n | o f | e n o u g h | f o o d | t o | m e e t | j u s t | t h e | n e e d s | o f | t h e | a g r i c u l t u r a l i s t | a n d | h i s / h e r | f a m i l y |	160320	FEMALE
613	15072411285443595825.wav	Music is often recorded using sophisticated computers to process and mix sounds together.	music is often recorded using sophisticated computers to process and mix sounds together	m u s i c | i s | o f t e n | r e c o r d e d | u s i n g | s o p h i s t i c a t e d | c o m p u t e r s | t o | p r o c e s s | a n d | m i x | s o u n d s | t o g e t h e r |	119040	FEMALE
750	1785035377608320859.wav	Getting into your own car and heading off on a long road trip has an intrinsic appeal in its simplicity.	getting into your own car and heading off on a long road trip has an intrinsic appeal in its simplicity	g e t t i n g | i n t o | y o u r | o w n | c a r | a n d | h e a d i n g | o f f | o n | a | l o n g | r o a d | t r i p | h a s | a n | i n t r i n s i c | a p p e a l | i n | i t s | s i m p l i c i t y |	165120	FEMALE
1136	15886029359935496154.wav	The local tap water is perfectly safe to drink, but bottled water is easy to find if you are fearful.	the local tap water is perfectly safe to drink but bottled water is easy to find if you are fearful	t h e | l o c a l | t a p | w a t e r | i s | p e r f e c t l y | s a f e | t o | d r i n k | b u t | b o t t l e d | w a t e r | i s | e a s y | t o | f i n d | i f | y o u | a r e | f e a r f u l |	134400	FEMALE
661	7140107396500159370.wav	The largest employment sectors are professional services, government, finance, trade, and tourism.	the largest employment sectors are professional services government finance trade and tourism	t h e | l a r g e s t | e m p l o y m e n t | s e c t o r s | a r e | p r o f e s s i o n a l | s e r v i c e s | g o v e r n m e n t | f i n a n c e | t r a d e | a n d | t o u r i s m |	106560	FEMALE
1264	14250391829200997292.wav	Tommy Dreamer said Luna was the first Queen of Extreme. My first manager. Luna passed away on the night of two moons. Pretty unique just like her. Strong woman."""
1101	17755042931517880335.wav	每年有數十名遊客因為未保持適當距離而受傷。這些動物體型龐大、未經馴養，且具有潛在的危險性，因此請給牠們足夠的空間。	Each year, dozens of visitors are injured because they didn't keep a proper distance. These animals are large, wild, and potentially dangerous, so give them their space.
1067	11606635063685482642.wav	狀況好的時候，雪地負重滑行的距離將比徒步健走稍微長一些，但你鮮少在淨空雪道上達到無重裝越野滑雪的速度。	In good conditions you will be able to cover somewhat greater distances than walking – but only very seldom you will get the speeds of cross country skiing without a heavy backpack in groomed tracks.
296	12006683432006012785.wav	直升機救出了十二名船員，只有一人鼻骨骨折。	Helicopters rescued the twelve crewmembers and the only injury was a broken nose.
628	16063989991568679092.wav	這種思維方式與特定的科學或標準程序有關。	This type of thinking is associated with certain science or standard procedures.
273	18369461365859004202.wav	他指出，部分研究認為這種疾病必須先變得較不致命，才有可能造成全球大流行。	Some studies suggest that the disease must become less lethal before it can cause a global epidemic, he noted.
155	16197780858670052823.wav	地球上將近兩萬四千顆已知的隕石中，只有 34 顆確定來自火星。	Out of the approximately 24,000 known meteorites to have fallen to Earth, only about 34 have been verified to be martian in origin.
1494	3225105191389911184.wav	尚未接受手術的跨性別者不應期待能在隱私權和尊嚴無損的情況下通過掃描機。	Pre-operative transgender people should not expect to pass through the scanners with their privacy and dignity intact.
1106	7948011437094376045.wav	內容理論的核心，是找出讓人心動或吸引他們的東西。	Content theories are centered on finding what makes people tick or appeals to them.
188	3868807900689673571.wav	據目擊者所述，周六凌晨 1:15 公車在綠燈通行時，汽車在公車前方轉了一個彎。	At 1:15 a.m. Saturday, according to witnesses, the bus was going through a green light when the car made a turn in front of it.
1045	11059116894485319830.wav	如同巴黎被譽為當代世界的時尚之都，君士坦丁堡也被譽為封建歐洲的時尚之都。	In the manner that Paris is known as the fashion capital of the contemporary world, Constantinople was regarded as the fashion capital of feudal Europe.
386	11849450616240684235.wav	諺文是唯一一個在日常使用中特意發明的字母。其字母是在世宗年間（1418-1450 年）於 1444 年所發明。	Hangeul is the only purposely invented alphabet in popular daily use. The alphabet was invented in 1444 during the reign of King Sejong (1418 – 1450).
260	10006932954100932914.wav	自卸卡車被用來堵住隧道的各個入口處，並在 80 名警力的協助下指揮駕駛們改道行駛。	Dump trucks were used to block tube entrances and assistance of 80 police were on hand to direct motorists to detours.
393	16167052574803213375.wav	征討法國的戰爭結束後，德國開始準備入侵不列顛群島。	With the battle for France over, Germany began to get ready to invade the island of Britain.
1293	15081198021557054939.wav	如果您展現了基本的禮節，巴黎人表面上的粗率無禮就會迅速消失。	Parisians' abrupt exteriors will rapidly evaporate if you display some basic courtesies.
1296	3958459055983317678.wav	奧亞波克河大橋是一座斜張橋，橫跨奧亞波克河，連接巴西的奧亞波基與法屬圭亞那的聖喬治德奧亞波克。	
1455	7686411673739943275.wav	從使用和滿足的途徑來看，網際網路的鮮明特性開啟了新的境界。	The distinct characteristics of the Internet lead to additional dimensions in terms of the uses and gratifications approach.
352	13992420377625021842.wav	鋼針會浮在水面上是因為表面張力。	The steel needle floats on top of the water because of surface tension.
52	3810629782467745230.wav	今年四月，葛林法官針對監獄核發臨時禁制令，要求強制釋放在被捕後已拘留超過 24 小時但仍未收到法院通知預審的人。	In April this year, a temporary restaining order was issued by Judge Glynn against the facility to enforce the release of those held more than 24 hours after their intake who did not receive a hearing by a court commissioner.
562	5275753619870089958.wav	靠近傷者時須注意傷者位置和任何出現的警訊。	You need to notice the victim's position as you approach him or her and any automatic red flags.
37	10966005785881222777.wav	目前正在原址興建五座新的摩天大樓，中間有一座轉運站和紀念公園。	Construction is ongoing for five new skyscrapers at the site, with a transportation center and memorial park in the middle.
1038	13704665315561587708.wav	馬鐙用以支撐騎士懸在馬鞍兩側的雙腳。	Stirrups are supports for the rider's feet that hang down on either side of the saddle.
44	1553076390206489323.wav	弗雷德 (Fred) 目前風速為每小時 105 英里（165 公里／小時）並往西北方前進。	Fred currently has winds of 105 miles per hour (165 km/h) and is moving towards the northwest.
571	1960981589012273625.wav	當群體內的所有個體在特定表徵方面都一致之時，便稱為單型性。	When all individuals in a population are identical with regard to a particular phenotypic trait they are known as monomorphic.
14	1616858698210441831.wav	納達爾在這場比賽中拿下了 88% 的網前分，首發贏得 76 分。	Nadal bagged 88% net points in the match winning 76 points in the first serve.
1336	4662484563380627765.wav	漢彌爾頓 (Hamilton) 證實霍華德大學醫院 (Howard University Hospital) 收治了病情穩定的病人。	Hamilton confirmed Howard University Hospital admitted the patient in stable condition.
364	10365969945333107668.wav	這時就需要更換燈泡了。更換燈泡時必須非常小心。	The light bulb then needs replacing. It is necessary to be careful in replacing the light bulb.
602	539735139415441615.wav	氮在氣態之下，仍然與液態氮具有相同的性質。儘管液態密度較高，但兩者分子組成是一樣的。	Nitrogen as a gas still has the same properties as liquid nitrogen. The liquid state is denser but the molecules are still the same.
611	15048915332329318627.wav	現在都用電腦來修改照片和影片。	Computers today are used to manipulate pictures and videos.
102	5004039444276703543.wav	截至週三下午，油槽排氣孔仍在漏油，可能是油槽內部的熱膨脹所致。	
150	3173164019323863155.wav	北岩銀行受 2007 年的次級房貸危機影響而請求協助。	Northern Rock had required support due to its exposure during the subprime mortgage crisis in 2007.
280	2745636609847484079.wav	作為贏者全拿的州，佛羅里達州的五十名代表全數歸予羅姆尼，這使他成為共和黨提名的領先者。	As a winner-takes-all state, Florida awarded all fifty of its delegates to Romney, pushing him ahead as the front-runner for the Republican Party nomination.
254	4420586453210823647.wav	1965 年 3 月 18 日，他執行首次太空載具外活動 (EVA) ，或稱「太空漫步」，獨自待在太空船外剛好超過 12 分鐘。	"On March 18, 1965, he performed the first manned extravehicular activity (EVA), or ""spacewalk"", remaining alone outside the spacecraft for just over twelve minutes."
751	14827989080993014186.wav	與大型車輛不同，你很可能已經對於駕駛自己的車輛很熟悉，也了解它的侷限。	Unlike larger vehicles, you are probably already familiar with driving your car and know its limitations.
798	5853956988116585010.wav	若攜帶筆電或平板電腦旅行，請在其記憶體或光碟中儲存備份（在沒有網際網路時仍可存取）。	If traveling with a laptop or tablet, store a copy in its memory or disc (accessible without the internet).
918	14635288509752840015.wav	此類別中最著名的應用程式之一是 Google 翻譯，它可以在下載所需的語言資料後，進行離線翻譯。	One of the most prominent apps in this category is Google Translate, which allows offline translation after downloading the desired language data.
807	10776814622619366505.wav	在此等地區所提供的高級名牌眼鏡框可能會有兩個問題；有些可能是仿冒品，而真正的進口名牌商品售價可能比原產地更昂貴。	High-end brand-name frames available in such areas may have two problems; some may be knock-offs, and the real imported ones may be more expensive than at home.
383	10249602591715541530.wav	然而，埃塞爾雷德 (Ethelred) 在 991 年面臨了一支維京艦隊，其規模是一個世紀前古思倫 (Guthrum) 的艦隊以來最龐大的艦隊。	However in 991 Ethelred was faced with a Viking fleet larger than any since Guthrum's a century earlier.
170	12412674290588205142.wav	佩里明確指出：「全世界幾乎找不到其他地方比我們準備更周全，足以面對這個案例帶來的挑戰。」	"Perry specifically said, ""There are few places in the world better equipped to meet the challenge that is posed in this case."""
1031	17001576233096891220.wav	由於日本有一群 / 組島嶼，以地理學的觀點來看，日本常被歸類為「群島」	"Due to the cluster/group of islands Japan has, Japan is often referred to, on a geographical stance, as an ""archipelago"""
537	15663872263700175230.wav	海灘、主題公園和露營區通常是休閒遊客經常造訪的常見地方。	Beaches, theme parks and camp grounds are often the most common places frequented by recreational tourists.
1482	5855813408007635347.wav	知名摔角手「金粉」達斯汀·讓尼爾斯 (Dustin Runnels) 評論說：「盧納和我一樣怪異…或許甚至比我還要怪異…我愛她，並且會想念她……希望她去了一個更好的地方。」	"Dustin ""Goldust"" Runnels commented that ""Luna was as freaky as me...maybe even more...love her and will miss her...hopefully she's in a better place."""
791	13988462735884697827.wav	他們以獨特口音和地方俚語說著自己家鄉的故事，逗彼此開心。	They're regaling each other with stories from their hometowns, told in their distinct accents and local argot.
563	10863767048725750581.wav	如果你在試圖幫助時受傷，可能只會讓事態變得更糟。	If you get hurt trying to help, you may only serve to make matters worse.
847	11700627289028128647.wav	迴力鏢投擲是很多遊客想要獲得的熱門技能。	Boomerang throwing is a popular skill that many tourists want to acquire.
100	12892707044839063871.wav	斷電之後，隨之而來的是常規的火災指揮系統測試，導致放洩閥開啟，使原油流洩到附近的格里利堡 9 號泵站。	A power failure following a routine fire-command system test caused relief valves to open and crude oil overflowed near the Fort Greely pump station 9.
213	17682489333271961813.wav	公寓內沒有任何人。	No one was inside the apartment.
842	17392357483739753424.wav	提醒您：這兒的小鎮酒吧並非總適合外州來的遊客閒逛。	Beware: small-town bars here are not always good places for the out-of-state visitor to hang out.
1229	10174238901002779693.wav	他的隊友費爾南多·阿隆索在大部分的賽程都領先，但一離開維修站，他的賽事也跟著告終，大概是因為右前輪沒裝好。	His teammate Fernando Alonso was in the lead for most of the race, but ended it right after his pit-stop, probably because a badly tucked right front wheel.
407	15071858133671652650.wav	沒錯！有時也被暱稱「圖坦王」或「少年法老」的圖坦卡門，是現代最著名的古埃及法老之一。	"Yes! King Tutankhamun, sometimes referred to as ""King Tut"" or ""The Boy King"", is one of the most well known ancient Egyptian kings in modern times."
445	7948662767058017919.wav	三分之二的委內瑞拉工作人口從事服務業，將近四分之一的人從事工業，五分之一的人從事農業。	Two thirds of Venezuelans who work do so in the service sector, nearly a quarter work in industry and a fifth work in agriculture.
293	4854626178617606828.wav	有人說山腳下出現與任何火山活動皆無關的烏雲據。	Dark clouds unrelated to any volcanic activity were reported at the base of the mountain.
146	4105505640410429966.wav	直至現在，由於美國境內的廣泛使用，AOL 已能夠以自己的步調轉移與發展即時通訊市場。	Until now, AOL has been able to move and develop the IM market at its own pace, due to its widespread use within the United States.
641	518875081962967100.wav	這讓學生得以按照自己的步調學習，並控制教學資訊的呈現速度。	It allows students the ability to work at their own pace and control the pace of instructional information.
551	15797083291700168319.wav	冬天適度的越野長跑，加上強化上身的體操訓練，是為跑季準備的最佳方式。	Some cross country running during the winter, combined with gymnasium work for the upper part of the body, is the best preparation for the running season.
147	12751910094660825949.wav	在這樣的安排下，這種自由可能會告終。	With this arrangement in place, this freedom might end.
187	5409769603400090065.wav	這輛遊覽車是要前往密蘇里的聖路易六旗樂園，該樂團要在那裡開一場座無虛席的演唱會。	The bus was headed to Six Flags St. Louis in Missouri for the band to play to a sold-out crowd.
1047	15359361303378386364.wav	科技決定論這個詞彙涵蓋了許多已實踐的概念，從技術推動或科技主導型變革，一直到較嚴謹「科學定律與科學在科技中的表現形式背後的相關邏輯會推動人類命運」。	Technological determinism is a term that encompasses a wide range of ideas in practice, from technology-push or the technological imperative to a strict sense that human destiny is driven by an underlying logic associated with scientific laws and their manifestation in technology.
1075	5884214302927845546.wav	濾網的效力各不相同，如果您有任何疑慮，不妨向商譽良好的公司購買密封的瓶裝水。	Filters vary in effectiveness, and should you have a concern, then you should consider buying your water in a sealed bottle from a reputable company.
1287	15377198449497007087.wav	也有一些往北開往希伯崙的巴士，該地是亞伯拉罕、以撒、雅各等聖經中的先祖和他們的妻子所埋葬的傳統墓地所在。	There are also a few buses going north to Hebron, the traditional burial place of the Biblical patriarchs Abraham, Isaac, Jacob, and their wives.
1033	3050702284244852631.wav	復活節有個傳統是在露天處醒著通霄不眠，並觀賞日出。	There's a tradition to pass the Easter night awake at some exposed point to see the sunrise.
590	8351861528106364660.wav	許多人夢想著有一天，人類能到達另一個星球，探索其他嶄新的世界；有些人對太陽系外的事物感到好奇；有些則相信外星人或其他形式的生命可能存在於另一顆星球之上。	Many people dream of the day when humans can travel to another star and explore other worlds, some people wonder what's out there some belive that aliens or other life may live on another plant.
1013	11373230474224709565.wav	由 1 萬 7000 多座島嶼的食物組成的印尼料理是一個總稱，涵蓋該國廣泛多樣的區域性菜色。	With 17,000 islands to choose from, Indonesian food is an umbrella term covering a vast variety of regional cuisines found across the nation.
1131	14820497125780652000.wav	該地震在當地時間 07:19 a.m. 襲擊馬里亞納（格林威治標準時間為星期五 09:19 p.m.）	The eathquake struck Mariana at 07:19 a.m. local time (09:19 p.m. GMT Friday).
561	6599459657902491150.wav	檢查傷者之前，你必須先觀察周邊環境，確保自己的安全。	To Check the victim, you must first survey the scene to ensure your safety.
1506	14719964241648390696.wav	對於容易適應新文化的遊客來說，有時重新調整融入自身的本土文化反而特別難。	Travellers who had an easy time adjusting to the new culture sometimes have a particularly hard time readjusting to their native culture.
692	5875078265974786916.wav	入園參觀行程可與乘船遊湖行程合併，十分便利。	A visit to the site can be conveniently combined with a boat trip to the lake.
1091	10232359687309836874.wav	在造訪修道院時，女子必須穿上過膝的裙子，也不能露肩。	While visiting the monasteries, women are required to wear skirts covering the knees and have their shoulders covered, too.
58	3741033402457213855.wav	Ansa 表示，警方憂心最猛烈的數起攻擊恐造成繼任之爭全面爆發。	"According to Ansa, ""police were concerned by a couple of top-level hits they feared might spark a full-blown war of succession."
222	16424435915669927139.wav	審判在伯明翰皇室法院進行，並在 8 月 3 日結束。	The trial took place at Birmingham Crown Court and concluded on August 3.
633	1234368417419005291.wav	舉例來說，如果您看到某個人正在打破車窗，您可能會假定他正在偷陌生人的車。	For example, if you were to see someone breaking a car window, you would probably assume he was trying to steal a stranger’s car.
1316	1581958667290266688.wav	部分道路已受損，受災地區的鐵路服務中斷，而石川縣的能登機場依舊關閉。	Some roads have been damaged, railway service interrupted in the affected areas, and the Noto Airport in Ishikawa prefecture remains closed.
403	7248305582825933975.wav	第一次和第二次世界大戰都使用了潛水艇。當時潛水艇移動得很慢，而且射程極有限。	Submarines were used in World War I and World War II. Back then they were very slow and had a very limited shooting range.
327	8715301393026913245.wav	預計暴風雨還要很久才會登陸，會對美國或加勒比海地區造成多大的影響還很難說。	As the storm is far from landfall, it remains difficult to assess potential impact to the United States or Caribbean.
1162	15585052926462281775.wav	夫妻可能會認定撫養寶寶不合乎他們或孩子的最大利益。	A couple may decide it is not in their best interest, or in the interest of their child, to raise a baby.
1062	2813987173930783979.wav	埃爾斯沃思地位於半島南方，以別林斯高晉海為界。	Ellsworth Land is the region south of the Peninsula, bounded by the Bellingshausen Sea.
1165	10877667874286911066.wav	歷史學家曾經批評，過去聯邦調查局的政策是將資源集中在容易解決的案件，尤其是汽車失竊案，目的是要提高該機構的成功率。	Historians have criticized past FBI policies for focusing resources on cases which are easy to solve, especially stolen car cases, with the intent of boosting the agency's success rate.
767	6637585316351281841.wav	中國的北京市將主辦 2022 年的冬季奧林匹克運動會，這將使北京成為第一座主辦過夏季與冬季奧運的城市。	The city of Beijing in China will be the host city of the Olympic Winter Games in 2022, which will make it the first city to have hosted both the summer and winter Olympics.
167	10248746365009210553.wav	大衛·韓德利的偵查與資訊聚會促成了由 10 名來自巴基斯坦激進組織虔誠軍的槍手所為的行動。	David Headley's scouting and information gathering had helped to enable the operation by the 10 gunmen from the Pakistani militant group Laskhar-e-Taiba.
850	13042672984220262482.wav	毛利杭吉美食是在地下的熱坑中烹煮。	A Hangi Meal is cooked in a hot pit in the ground.
307	3627857629380943752.wav	公布的死因為肝內膽管癌。	The cause of death was announced as intrahepatic bile duct cancer.
83	13553806550767226248.wav	這種全身覆蓋羽毛、溫血的猛禽據信已能以帶爪的雙腳直立行走，像迅猛龍一樣。	This fully feathered, warm blooded bird of prey was believed to have walked upright on two legs with claws like the Velociraptor.
732	11380838822697651169.wav	對那些喜歡戶外活動的人來說，一定要到海天走廊旅行。	For those who enjoy outdoor activities, a trek up the Sea to Sky corridor is essential.
1099	10181089459830294953.wav	發射約 3 分鐘後，艙內攝影機顯示許多絕緣泡沫塑料碎片自油箱脫落。	Around 3 minutes into the launch, an on-board camera showed numerous pieces of insulation foam break away from the fuel tank.
1402	12585145979739138213.wav	賽事頭號種子南非隊開賽非常順利，以 26 比 0 輕鬆取勝第五種子尚比亞隊。	Tournament top seeds South Africa started on the right note when they had a comfortable 26 - 00 win against 5th seeded Zambia.
360	11389136424434682019.wav	科學家稱此過程為「刺激輻射排放」，因為原子會受到亮光刺激，放射出光子，而光線就是一種輻射。	"Scientists call this process ""stimulated emission of radiation"" because the atoms are stimulated by the bright light, causing the emission of a photon of light, and light is a type of radiation."
665	17051626125868382428.wav	對很多美國家庭而言，前往迪士尼世界遊玩是心目中最重要的朝聖之旅。	Traveling to Walt Disney World represents a major pilgrimage for many American families.
390	13123119582302553533.wav	梵語是一種古老語言，歷史可媲美歐洲的拉丁語。	Sanskrit is an ancient language and is comparable to the Latin language spoken in Europe.
252	7074327909946952561.wav	至少 15 人死亡，預期這個數字會繼續上升。	The death toll is at least 15, a figure which is expected to rise.
340	4150016818205970123.wav	賽道現場的醫護人員立刻為他急救，並將他送往當地醫院，後來他於該院逝世。	He was immediately attended to by the on-track medical staff and transported to a local hospital where he later died.
1029	13915475045165927263.wav	另一個差別是窮人和女人坐在椅子上吃他們的食物時，富有的男人則喜歡一同參加宴席，並在席間側臥享用他們的大餐。	Another difference was that while the poor people and the woman ate their food while sitting in chairs, the rich men liked to have banquets together where they would lounge on their sides while they ate their meals.
555	16273030300425466017.wav	需要時可購買此類產品，但多數對實質表現影響不大或甚至沒有影響。	Products can be purchased as needed, but most will have little or no real impact on performance.
367	1449924987631532897.wav	循環系統中的主要器官是心臟，它將血液輸送至全身。	The major organ of the circulatory system is the heart, which pumps the blood.
462	3556689076787286744.wav	因此，你在電視上看到的所有畫面，邊界的上邊、下邊，和側邊都被切掉了。	For that reason, everything you see on the TV had the borders cut, top, bottom and sides.
1171	6188514281922609743.wav	常被濫用和嘲笑的三分法是種簡單的指導方針，在創造活力的同時，也使畫面保持井然有序。	The much-abused and often-ridiculed rule of thirds is a simple guideline creating dynamism while keeping a measure of order in an image.
534	7501919419318682405.wav	球賽在草地上進行，球洞周圍的草割得較短，稱為果嶺。	The game is played on grass, and the grass around the hole is mown shorter and called the green.
1057	14281000852857877574.wav	Eighmey and McCord (1998) 論文中調查受眾對網站的反應時，發現「個人參與」及「持續性關係」同樣也是新的動機層面。	“Personal involvement” and “continuing relationships” were also identified as new motivation aspects by Eighmey and McCord (1998) when they investigated audience reactions to websites.
474	14243946601966366194.wav	這是一項重大改變，代表歐洲列強不能再以宗教戰爭作為藉口，因此，三十年戰爭成為最後一場宗教戰爭。	This marked an important change, as European powers would no longer have the pretext of being religious wars. Thus, the Thirty Years' War would be the last war to be labeled a religious war.
1120	6310091917016183275.wav	山地滑雪運動，包括雙板滑雪和單板滑雪，是廣受歡迎的運動，運動方式是將雙板滑雪板或單板滑雪板固定在雙腳上，然後沿著白雪覆蓋的地形滑下來。	Downhill snowsports, which include skiing and snowboarding, are popular sports involving sliding down snow-covered terrain with skis or a snowboard attached to your feet.
504	3686401706160270227.wav	MySpace 是美國排名第三受使用者歡迎的網站，目前有 5 千 4 百萬個帳戶。	MySpace is the third most popular website used in the United States and has 54 million profiles currently.
584	14790540716011759641.wav	這些怪獸風暴的風速高達每小時 480 公里（每秒 133 公尺；每小時 300 英里）。	
558	11372894556565145873.wav	原子是一組非常複雜的結構。根據簡化的波爾模型，其包含在中央的核心，以及環繞核心的電子，與環繞太陽的行星有些類似。見圖表 1.1。	Its a very complex entity which consists, according to a simplified Bohr model, of a central nucleus orbited by electrons, somewhat similar to planets orbiting the sun - see Figure 1.1.
35	4148107857558392498.wav	上午8點46分時，整座城市陷入一片寂靜，此刻正是第一架噴射機撞擊目標的確切時間。	At exactly 8:46 a.m. a hush fell across the city, marking the exact moment the first jet struck its target.
623	561001927859001804.wav	在這種情況下，回想起過去的創業行為及成功經驗，可幫助人們樂於接受當地教會的新改變與新方向。	In this instance, recalling previous instances of entrepreneurial behavior and resulting successes helped people to be open to new changes and new direction for the local church.
401	4039257031114842259.wav	再來是日本，日本和英國一樣是島國。	Now for Japan. Japan was an island country, just like Britain.
538	17608409137382257511.wav	如果造訪特定地點的目的是為了瞭解其歷史及文化，則此類型的旅遊稱為文化之旅。	If the objective of one’s visit to a particular place is to get to know its history and culture then this type of tourism is known as cultural tourism.
748	1001764359178375185.wav	早餐可能包含當地的季節性美食或民宿主人的特製佳餚。	Breakfast may include seasonal delights of the region or the host's speciality dish.
716	1899182022435285759.wav	這將確保您的特定興趣和/或限制會與最適合它們的船隻相符。	This will ensure that your particular interests and/or constraints are matched with the ship most suitable to them.
662	12090076628375718248.wav	音樂、電影、文學和流行文化中的頻繁描述使這座城市及其地標變得舉世聞名。	Its frequent portrayal in music, films, literature and popular culture has helped make the city and its landmarks known throughout the world.
763	13897772672662824870.wav	沙發衝浪於 2004 年 1 月成立，起因是電腦程式設計師凱西‧芬頓找到廉價班機飛往冰島，卻沒地方住。	Couchsurfing was founded in January 2004 after computer programmer Casey Fenton found a cheap flight to Iceland but did not have a place to stay.
1052	17159416606994383355.wav	其他基於生理週期的選擇包括在睡前喝下大量液體（尤其是水或茶，一種公認的利尿劑），使人不得不起床排尿。	Other biorhythm-based options involve drinking lots of fluid (particularly water or tea, a known diuretic) prior to sleep, forcing one to get up to urinate.
887	43387378222569113.wav	圍繞南極的南極洲是地球上最冷的地方。	Antarctica is the coldest place on Earth, and surrounds the South Pole.
259	2599270716604807737.wav	馬里蘭交通管理局無法確定威脅是否屬實，但在聯邦調查局的力勸下依然決定關閉。	While authorities are unsure of the credibility of the threat, the Maryland Transportaion Authority made the closure with the urging of the FBI.
1352	16055952981696134630.wav	對某些人而言，認識飛機的運作原理以及飛行中發生的事，這可能有助於他們克服基於未知或不可控因素的恐懼。	For some, understanding something about how aircraft work and what happens during a flight may help to overcome a fear which is based on the unknown or on not being in control.
1438	15660497178384807142.wav	兩顆人造衛星重量都超過一千磅，並以每小時 17,500 英里左右的速度移動。它們在地球上方 491 英里處相撞。	The satellites, both of which weighed in excess of 1,000 pounds, and traveling at approximately 17,500 miles per hour, collided 491 miles above the Earth.
803	7246683106906159999.wav	過量飲酒造成的長期健康問題可能包括肝臟受損，甚或失明與死亡。飲用非法釀造的酒也會增加潛在危險。	Possible long term health events from excessive drinking can include liver damage and even blindness and death. The potential danger is increased when consuming illegally produced alcohol.
1045	18197289795786898444.wav	如同巴黎被譽為當代世界的時尚之都，君士坦丁堡也被譽為封建歐洲的時尚之都。	In the manner that Paris is known as the fashion capital of the contemporary world, Constantinople was regarded as the fashion capital of feudal Europe.
253	12372027752210552582.wav	雷歐諾夫，又名「11 號太空人」，是蘇聯最早的太空飛行員團隊成員。	"Leonov, also known as ""cosmonaut No. 11"", was part of the Soviet Union's original team of cosmonauts."
299	11446240662160422731.wav	本立法會期對該修正案進行修正，先經眾議院刪除第二條文，參議院再於本周一通過相似版本。	A change was made this legislative session when the second sentence was deleted first by the House of Representatives and then was passed in a similar form by the Senate Monday.
67	6478442845519227693.wav	在許多抗拒驅逐令的家庭尋求法律援助一事浮上檯面後，東灣社區法律中心遂於 3 月 20 日為住所詐騙案的受害者辦了一場公聽會。	After it became apparent that many families were seeking legal help to fight the evictions, a meeting was held on March 20 at the East Bay Community Law Center for the victims of the housing scam.
853	5866857400538589593.wav	在羅托魯瓦的幾個地方可以吃到地熱土窯料理，而在基督城、威靈頓和其他地方也能品嚐到其他土窯料理。	Several places in Rotorua offer geothermal hangi, while other hangi can be sampled in Christchurch, Wellington and elsewhere.
1496	2465142581638637733.wav	一般來說，參加這些教學計畫必須支付學費。	Typically there will be a tuition fee to enroll in these educational programs.
1312	2782278713284869791.wav	請隨意用鉛筆做記號，但請記得，頁面上印出的運弓記號都有音樂上的作用，所以不應忽略。	Feel free to pencil in your own marks, but remember the printed bowing marks are there for a musical reason, so they should usually be respected.
853	14991263052632051362.wav	在羅托魯瓦的幾個地方可以吃到地熱土窯料理，而在基督城、威靈頓和其他地方也能品嚐到其他土窯料理。	Several places in Rotorua offer geothermal hangi, while other hangi can be sampled in Christchurch, Wellington and elsewhere.
158	12472172720087600535.wav	比賽結束後，凱瑟洛夫斯基以 2,250 的積分保持車手排行榜的領先地位。	Following the race, Keselowski remains the Drivers' Championship leader with 2,250 points.
579	14167051362677172505.wav	細胞對於生命的研究是如此基本而重要，事實上，它們常被稱作「生命的積木」。	"Cells are so basic and critical to the study of life, in fact, that they are often referred to as ""the building blocks of life""."
336	8248745118625863967.wav	土耳其天后蘇珊‧雅克蘇與義大利男高音亞歷山大‧沙費納和希臘歌手哈麗絲‧亞力克西烏同臺演出。	Turkish diva Sezen Aksu performed with the Italian tenor Alessandro Safina and Greek singer Haris Alexiou.
1233	13431919858061393480.wav	這種觀念來自中國，而中國人賞的是梅花。	The concept came from China where plum blossoms were the flower of choice.
837	14796341731288174435.wav	建築關乎建築物的設計和建造。某個地方的建築常因本身特色而成為旅遊景點。	Architecture is concerned with the design and construction of buildings. The architecture of a place is often a tourist attraction in its own right.
1195	2392470314568788281.wav	由於蒙特維多位於赤道以南，因此當北半球冬季時，那裡是夏季，反之亦然。	Since Montevideo is south of the Equator, it is summer there when it's winter in the Northern Hemisphere and vice versa.
392	8295310629197444458.wav	梵語是一種非常複雜又豐富的語言，也是印度許多種現代語言的來源，好比拉丁語也是法語和西班牙語等歐洲語言之源頭一樣。	Sanskrit is a very complex and rich language, which has served to be the source for many modern Indian languages, just like Latin is the source for European languages like French and Spanish.
584	3130355597703030862.wav	這些怪獸風暴的風速高達每小時 480 公里（每秒 133 公尺；每小時 300 英里）。	
438	4892278910953056923.wav	據說在 1649 年，活佛夏仲阿旺朗傑為了紀念他對抗西藏蒙古軍隊的勝利，而興建了該碉堡。	It is said that in 1649, Zhabdrung Ngawang Namgyel created the fortress to commemorate his victory against the Tibetan-Mongol forces.
442	3369281765353466817.wav	泰國人在 18 世紀多次侵略柬埔寨，並在 1772 年摧毀金邊。	The Thais invaded Cambodia several times in the 18th century and in 1772 they destroyed Phnom Phen.
1242	6479165578313123975.wav	參與有害動物控制補強試驗的狩獵者會受到國家公園管理員之緊密監督，因相關單位需要監控並評估此試驗的績效。	Shooters in the supplementary pest control trial were to be closely supervised by rangers, as the trial was monitored and its effectiveness evaluated.
1290	16292374928282890581.wav	賽事相關消息以及馬球比賽購票處，請洽阿根廷馬球協會。	For news on tournaments and where to buy tickets for polo matches, check Asociacion Argentina de Polo.
583	9469403464200141977.wav	龍捲風能將樹連根拔起，將建築物上的木板扯掉，並將車輛拋向空中。龍捲風之中最猛烈的 2% 能持續超過 3 小時。	Tornadoes uproot trees, rip boards from buildings, and fling cars up into the sky. The most violent two percent of tornadoes last more than three hours.
78	2586253075257981873.wav	他也確認，他深信羅訴韋德案所仰賴的隱含隱私權。	He also confirmed that he believed in the implied right to privacy which the Roe decision depended upon.
689	16742112276482673423.wav	時間不充裕的旅客，最好把時間花在其他地方。	Visitors with limited time would be best to spend their time elsewhere.
120	3637397168453248214.wav	遊戲以第二次法魯加戰役為背景，這是一場美國和伊拉克軍隊之間的惡鬥。	The game is based on the Second Battle of Fallujah, a vicious battle between American and Iraqi forces.
299	4799764546047478079.wav	本立法會期對該修正案進行修正，先經眾議院刪除第二條文，參議院再於本周一通過相似版本。	A change was made this legislative session when the second sentence was deleted first by the House of Representatives and then was passed in a similar form by the Senate Monday.
130	11079438628763263038.wav	該城市將成為東南歐首座主辦奔牛藝術節城市。奔牛藝術節是世界上最盛大的公共藝術活動，今年將在六月到八月間舉辦。	The city will be the first in southeastern Europe to host CowParade, the world's largest public art event, between June and August this year.
961	6355875858320937414.wav	如果你想跳過南太平洋及南美洲西岸，此航班並非唯一的選項。（見下文）	This flight is not the only option if you want to skip the South Pacific and the west coast of South America. (see below)
276	3504545533534856661.wav	由於國會議員克里夫‧斯特恩斯還在調查美國計劃生育聯盟支出及報銷其費用的方式，科曼的政策遂取消了美國計劃生育聯盟的資格。	Komen's policy disqualified Planned Parenthood due to a pending investigation on how Planned Parenthood spends and reports its money that is being conducted by Representative Cliff Stearns.
1037	10574209086413006619.wav	依據最新公告，海平面讀數顯示有海嘯發生。帕果帕果及紐埃附近有明確的海嘯活動紀錄。	According to the latest bulletin, sea level readings indicated a tsunami was generated. There was some definite tsunami activity recorded near Pago Pago and Niue.
658	6093175852439614670.wav	夏季漫長的白晝可能會導致難以獲得充足的睡眠等相關健康問題。	The very long days in the summer can lead to problems getting sufficient sleep and associated health issues.
1278	10281945682170650791.wav	若要了解聖殿騎士團，就必須了解促使這個組織創立的脈絡。	To understand the Templars one must understand the context that prompted the creation of the order.
286	17664619759977474946.wav	拉脫維亞及斯洛伐克都推遲加入反仿冒貿易協定的程序。	Latvia and Slovakia have both delayed the process of joining ACTA.
229	10520079234857929120.wav	月球上到處都是這種陡坡，而且風化程度很小，這顯示創造陡坡的地質事件發生於不久之前。	These scarps were found all over the moon and appear to be minimally weathered, indicating that the geologic events that created them were fairly recent.
1201	7865919739053926985.wav	被告的姓名為巴巴·康戛爾、布薩·康戛爾、藍普洛·康戛爾、迦札·康戛爾和維斯努·康戛爾。	The accused are named as Baba Kanjar, Bhutha Kanjar, Rampro Kanjar, Gaza Kanjar and Vishnu Kanjar.
538	11072569233046308574.wav	如果造訪特定地點的目的是為了瞭解其歷史及文化，則此類型的旅遊稱為文化之旅。	If the objective of one’s visit to a particular place is to get to know its history and culture then this type of tourism is known as cultural tourism.
727	10071650856048275974.wav	花園周圍有幾間餐廳，下午和晚上通常在中央涼亭有免費演奏會。	There are a number of restaurants surrounding the garden, and in the afternoons and evening there free concerts are often given from the central gazebo.
343	9396447158100386658.wav	我們經歷了長達一年的金融危機，而最近兩個月是情況最為嚴峻的時期，我認為金融市場現在已經開始復甦了。」	"We have a year-long financial crisis, which has had its most acute moment in the past two months, and I think now the financial markets are beginning to recover."""
318	6682129136671782230.wav	他以前的學生表示：「他在課堂上會用俚語，做筆記教我們約會技巧，他跟學生亦師亦友。」	A former student said that he 'used slang in class, taught dating skills in notes, and was just like the students' friend.'
939	12665756773255997185.wav	回國時，可能不必經過移民署檢查，或僅是例行公事，但海關控管就可能十分惱人。	While immigration check is usually absent or a formality when you arrive in your homeland, customs control can be a hassle.
997	12245578665399508123.wav	不論任何情況，都必須打電話直接跟航空公司訂位。	In all cases, you must book by phone directly with the airline.
1217	10696469168072799897.wav	候選人能派遣代表見證流程的每一部分。在晚間，志工在嚴格監督之下遵循特定程序計票。	Candidates can send representatives to witness every part of the process. In the evening, votes are counted by volunteers under heavy supervision, following specific procedures.
96	5272937227885573466.wav	一支調查小組奉命成立。	An inquiry was established to investigate.
232	4954618421820349332.wav	涉嫌引爆炸彈的男子，在爆炸中受傷後被拘留。	The man suspected of detonating the bomb was detained, after sustaining injuries from the blast.
1034	13230176328923742012.wav	沒有特定的「雨季」及「旱季」，全年雨量大約是平均分配。	"There are no particular ""rainy"" and ""dry"" seasons: the amount of rain stays roughly the same throughout the year."
581	8920644622392569664.wav	這些神經脈衝以極快的速度傳送到身體各處，協助身體避開潛在威脅。	These nerve impulses can be sent so quickly throughout the body which helps keep the body safe from any potential threat.
1421	18080703843273104212.wav	1683 年，清朝（1644-1912 年）政府以武力掌控了臺灣西部及北部沿海地區，並於 1885 年宣布臺灣是清朝的一省。	In 1683, Qing dynasty (1644-1912) forces take control of Taiwan’s western and northern coastal areas and declared Taiwan as a province of the Qing Empire in 1885.
93	5913403591421823465.wav	外交人員說他們已在阿富汗憲法中找到足夠的歧義，因此決定沒有必要進行決選投票。	Diplomats said that they had found enough ambiguity in the Afghan constitution to determine the runoff as unnecessary.
1437	13625888861498929682.wav	此行為時常會造就領導者與其他團隊成員間的分歧。	This behavior oftentimes results in rifts between the leaders and the rest of the team.
1417	10869526495382265471.wav	如果盟軍戰敗，德國可能會像征服歐洲其他地區一樣征服英國。	Had the Allies failed, Germany probably would have been able to conquer Britain as it had the rest of Europe.
1373	16541324607168180931.wav	該聲明表示，土耳其也將負責看守遭囚禁的伊斯蘭國 (ISIS) 成員，歐洲眾國拒將那些成員遣送回國。	Turkey would also take over guarding captured ISIS fighters which, the statement said, European nations have refused to repatriate.
1228	7041724846790237626.wav	這是黑衫軍的最後一場比賽，該隊在兩週前已贏得獎盃。	It was the final match for the All Blacks, who had already won the trophy two weeks ago.
492	12139360696440461089.wav	印度河流域文明是印度次大陸西北部的青銅時代文明，範圍涵蓋現今巴基斯坦的大部分、印度西北及阿富汗東北的部分地區。	The Indus Valley Civilization was a Bronze Age civilisation in the northwest Indian subcontinent encompassing most of modern-day Pakistan and some regions in northwest India and northeast Afghanistan.
265	17349574394791811706.wav	雖然該站在先前的太空站任務中損失陀螺儀，但還是維持了其姿態直到太空漫步結束。	The station maintained its attitude, despite the loss of a gyroscope earlier in the space station mission, until the end of the spacewalk.
553	11401196179855948312.wav	維持健康的能量平衡、遵守真正有效的飲水習慣，並全面了解補充營養品，都能幫助運動員改進運動成績、提升運動樂趣。	Maintaining a healthy energy balance, practicing effective hydration habits, and understanding the various aspects of supplementation practices can help athletes improve their performance and increase their enjoyment of the sport.
1505	6940976618953674503.wav	2001 年 9 月 11 日之後，安全檢查站的搜查工作變得更加強硬。	Searches at security checkpoints have also become far more intrusive in the post-September 11, 2001 era.
1388	7377193330400571997.wav	歌手桑傑‧夏滿揭開了晚場的序幕，隨後登場的是傑‧香卡‧喬杜理。拉克‧辛格也獻唱了拜讚歌 chhappan bhog。陪同他表演的是歌手拉朱‧坎德瓦。	Singer Sanju Sharma started the evening, followed by Jai Shankar Choudhary. esented the chhappan bhog bhajan as well. Singer, Raju Khandelwal was accompanying him.
139	1886935348044916139.wav	人類可能會吸入被風和海浪帶入空中的含毒水，因而受到影響。	Humans can be affected by breathing affected water taken into the air by wind and waves.
361	13654488564323549.wav	接下來是原子發射光子的圖片。當然，實際上的光子比圖片中小很多。	The next picture shows the atoms emitting photons. Of course, in reality photons are a lot smaller than those in the picture.
7	7115983072114281054.wav	自從搬到加泰隆尼亞的首府後，比達爾已經為球隊踢了 49 場球賽。	Since moving to the Catalan-capital, Vidal had played 49 games for the club.
73	4213330625478035941.wav	為此之故，法官、律師、事務律師及檢察官過去幾年來從事過的非法行為也跟著曝光，從而揭發了希臘司法體系的大醜聞。	As a result of this, a big scandal within the Greek legal community has been raised through the exposure of illegal actions that judges, lawyers, solicitors and attorneys have done during the previous years.
232	10471581826014872928.wav	涉嫌引爆炸彈的男子，在爆炸中受傷後被拘留。	The man suspected of detonating the bomb was detained, after sustaining injuries from the blast.
8	1867417599109649553.wav	抗議活動在當地時間約 11 點開始 (UTC+1)，地點在白廳街，正對著有警察駐守的唐寧街首相官邸入口。	The protest started around 11:00 local time (UTC+1) on Whitehall opposite the police-guarded entrance to Downing Street, the Prime Minister's official residence.
154	12593303031984890273.wav	據信這是史上第五次人類發現並經由化學方式證明有火星物質掉落到地球上。	This is believed to be the fifth time in history that people have observed what turned out to be chemically confirmed martian material falling to Earth.
418	13593640272991287984.wav	持母語者的數量，會根據是否算入近似方言的使用者數量而改變。	The number of native speakers varies depending on whether or not very closely related dialects are counted.
196	17327937619871678940.wav	因此馬薩至少會缺席 2009 年賽季的剩餘賽事。	Massa is due to be out for at least the rest of the 2009 season.
221	5798673143460745844.wav	儘管他做出那樣的評論，他仍表示會支持 2012 年倫敦奧運的英國參賽者。	Despite his comments he said he will be supporting the British competitors at the 2012 Olympics being held in London.
79	704585112957787540.wav	馬魯基多爾隊最後摘下冠軍，領先第二名的努沙隊六分。	Maroochydore had finished on top of the ladder, six points clear of Noosa in second.
417	12608811240439061083.wav	對於說印地語的人數有許多不同的估計；印地語估計是世界上使用人口第二至第四大的語言。	There are varying estimates for how many people speak Hindi. It is estimated to be between the second and fourth most commonly spoken language in the world.
860	10399772297589495243.wav	有些國家就算對初犯也有嚴重的刑罰，包含 10 年以上徒刑或死刑。	Some countries have exceedingly draconian punishments even for first time offenses; these can include prison sentences of over 10 years or death.
1433	5486846925069328731.wav	現今許多薩米人投入現代產業。旅遊業是薩米地區重要的收入來源。	Today many Sámi work in modern trades. Tourism is an important income in Sápmi, the Sámi area.
597	14225693070618637181.wav	細胞一詞來自拉丁文的 cella，意指小空間。	Cell comes from the Latin word cella which means small room.
22	9780064885443338940.wav	謝長廷還表明，上相的馬英九只是虛有其表。	Hsieh also argued that the photogenic Ma was more style than substance.
248	3752405679288727884.wav	根據巴基斯坦憲法第 247 條，這些官員需負責治理與提供司法服務。	These agents are responsible for providing government and judicial services under Article 247 of the Pakistani Constitution.
476	17183176985249313641.wav	從故事可知，他的動機來自不計代價獲取聲望。憤怒的以弗所人宣告黑若斯達特斯之名永遠都不會載入史冊。	According to the story, his motivation was fame at any cost. The Ephesians, outraged, announced that Herostratus' name never be recorded.
1035	17113118021231546216.wav	地球上的水可能是彗星帶來的，水中的有機物質則可以形成蛋白質並供應生命所需。	Comets may possibly have been a source of water delivery to the earth along with organic matter that can form proteins and support life.
607	14330690564826741929.wav	數千年來，宗教、哲學與科學學者都在研究時間。	Time has been studied by religious, philosophical, and scientific scholars for thousands of years.
672	12186130594985049444.wav	因此，5 月任一日期的偏遠地許可會在 1 月 1 日開放申請。	Thus, a backcountry permit for any start date in May becomes available on 1 Jan.
101	15898596409385046863.wav	開啟的閥門導致系統壓力釋放，原油則自能儲存 55,000 桶（230 萬加侖）的油槽溢出至輸送平台。	The valves opening allowed a pressure release for the system and oil flowed on a pad to a tank that can hold 55,000 barrels (2.3 million gallons).
307	11487367383651478967.wav	公布的死因為肝內膽管癌。	The cause of death was announced as intrahepatic bile duct cancer.
389	1029450134719555840.wav	有許多關於梵文起源的理論。其中之一為雅利安人從西方遷徙至印度時帶入了原本使用的語言。	There are many theories to how Sanskrit came into existence. One of them is about an Aryan migration from the west into India who brought their language with them.
306	802318000377376395.wav	日本柔道選手，也是兩屆奧運金牌得主，齊藤仁 (Hitoshi Saito) 去世，時年 54 歲。	
1441	3353146854173894910.wav	在許多淨化水的方式中，有些可以更有效地處理特定威脅。	There are different ways of purifying water, some more effective against specific threats.
389	11176316469154720299.wav	有許多關於梵文起源的理論。其中之一為雅利安人從西方遷徙至印度時帶入了原本使用的語言。	There are many theories to how Sanskrit came into existence. One of them is about an Aryan migration from the west into India who brought their language with them.
1379	1839233082004178619.wav	據報約有 60 件 iPod 過熱的故障案例，總計造成 6 起火災，並導致 4 人輕度灼傷。	Around 60 cases of malfunctioning iPods overheating have been reported, causing a total of six fires and leaving four people with minor burns.
548	16734076666714475549.wav	由 2,400 人組成的主要突擊部隊會在特倫頓以北九英里處過河，然後分成兩組，一組由格林帶領，另一組由蘇利文帶領，在破曉前發動進攻。	The main assault force of 2,400 men would cross the river nine miles north of Trenton, and then split into two groups, one under Greene and one under Sullivan, in order to launch a pre-dawn attack.
436	18278660926073902409.wav	1957 年，盧森堡成為了如今被稱為歐洲聯盟的組織的創始成員之一。	In 1957 Luxembourg became a founding member of the organization which is today known as the European Union.
1482	578185713699073104.wav	知名摔角手「金粉」達斯汀·讓尼爾斯 (Dustin Runnels) 評論說：「盧納和我一樣怪異…或許甚至比我還要怪異…我愛她，並且會想念她……希望她去了一個更好的地方。」	"Dustin ""Goldust"" Runnels commented that ""Luna was as freaky as me...maybe even more...love her and will miss her...hopefully she's in a better place."""
1046	13192473266480567005.wav	西裝是標準的商務服裝，同事之間會以姓氏或職稱來稱呼彼此。	Suits are standard business attire, and coworkers call each other by their family names or by job titles.
222	5764859143087014903.wav	審判在伯明翰皇室法院進行，並在 8 月 3 日結束。	The trial took place at Birmingham Crown Court and concluded on August 3.
271	4387871819112111261.wav	自此之後，這位巴西選手共為該球隊踢了 53 場球賽，進了 24 球。	Since then, the Brazilian has featured in 53 matches for the club in all competitions and has scored 24 goals.
687	17851907813335829957.wav	若有任何人想要看當初人們因為試圖把木乃伊移出棺木而造成的損壞，他們只會大失所望，因為他們只能看見木乃伊的頭和肩膀。	Anyone interested in seeing evidence of the damage to the mummy done during attempts to remove it from the coffin will be disappointed as only the head and shoulders are visible.
233	813577498288420022.wav	有關當局還不知道他的名字，但他們知道他是維吾爾族的一份子。	His name is still unknown to authorities, although they do know he is a member of the Uighur ethnic group.
1422	914953586138786682.wav	要搭上頭等艙或商務艙，最直接了當的方式，就是拿出厚厚一疊鈔票享受優待（還有更好的方式，那就是讓公司出錢）。	The obvious way of flying in first or business class is to fork out a thick wad of money for the privilege (or, better yet, get your company to do it for you).
387	18445016907750785156.wav	朝鮮王朝的第四任國王是世宗大王，他是最受景仰的國王之一。	King Sejong was the fourth king of the Joseon Dynasty and is one of the most highly regarded.
1269	16003843958075314477.wav	不過令人好奇的是，這裡的行動通訊服務比沿途其他路段還要強得多，例如賓州野地。	Curiously, though, mobile phone service is much stronger here than along many other stretches of the route, e.g. the Pennsylvania Wilds.
1208	1809973202025433980.wav	目前已經救出幾名人質，並確認至少六人死亡。	Several hostages have been rescued and least six have been confirmed dead so far.
500	15286516584399003266.wav	淨土 (Pureland) 摺紙是規定一次只能一摺的摺紙類型，不可以使用反摺等更複雜的摺法，而且每個摺都有明確的位置。	Pureland origami is origami with the restriction that only one fold may be done at a time, more complex folds like reverse folds are not allowed, and all folds have straightforward locations.
443	11489627048415382716.wav	在 18 世紀最後幾年，越南人也入侵了柬埔寨。	In the last years of the 18th century the Vietnamese also invaded Cambodia.
207	234004310861383484.wav	墜機地點已於今日確認，且因該地點難以到達，因此由兩名警員空降至叢林裡，以便步行至事故現場尋找倖存者。	The crash site was located today and is so inaccessable that two policemen were dropped into the jungle in order to hike to the scene and seek survivors.
1110	10662784930573773647.wav	休恩和普賴斯定於 2 月 16 日在威斯敏斯特裁判法院出庭。	Huhne and Pryce are scheduled to appear at the Westminster Magistrates Court on February 16.
1334	1632759904645611098.wav	藉由使用相對安靜的鬧鐘，讓你有意識卻不會完全醒來，就能輕鬆做到這件事。	This can be easily done by using a relatively quiet alarm clock to bring you to consciousness without fully waking you.
424	6166859489589110302.wav	隨著時間的推移，許多從德語借來的詞也融在一起。這是啟蒙的開端。	As time passed, many words that were borrowed from German coalesced. This was the beginning of enlightenment.
50	15063987243973172335.wav	因為黑美人車身太低，紐西蘭警方未能使用測速槍測得瑞德的車速，直到車速降至時速 160 公里，警察才成功測得一次。	The New Zealand police had trouble using their speed radar guns to see how fast Mr Reid was going because of how low Black Beauty is, and the only time the police managed to clock Mr Reid was when he slowed down to 160km/h.
435	5400342847168899770.wav	盧森堡一直試圖保持中立國的立場，但在第一次和第二次世界大戰時皆被德國佔領。	Luxembourg has always tried to remain a neutral country but it was occupied in both World War I and World War II by Germany.
418	14317061751578958168.wav	持母語者的數量，會根據是否算入近似方言的使用者數量而改變。	The number of native speakers varies depending on whether or not very closely related dialects are counted.
1356	3512386030697354277.wav	在意外發生地點旁的車庫工作的人說：「當時那裡有一些孩子在等著過馬路，他們全都在尖叫和哭泣。」	"A person working in a garage near where the accident occurred said: ""There were children waiting to cross the road and they were all screaming and crying."""
411	6593264488879246418.wav	幅條輪的發明讓亞述人的馬車更輕、更快，且更能跑贏士兵與其他馬車。	The invention of spoke wheels made Assyrian chariots lighter, faster, and better prepared to outrun soldiers and other chariots.
1012	14736881970729925896.wav	紅外線影像顯示其日夜溫差，顯現這些地方可能是洞穴。	Infrared images show that the temperature variations from night and day show that they are likely caves.
169	2395052969725909463.wav	在那些官員的陪同下，他向德州居民保證已採取措施保護公眾安全。	Accompanied by those officials, he assured Texas citizens that steps were being taken to protect the public's safety.
308	9188594669987748975.wav	本週二他在大阪辭世。	He died in Osaka on Tuesday.
398	12427786595098439158.wav	其陸軍及海軍較弱，雖然戰爭開始前不久才剛打造四艘新艦。	It had a weaker army and a weaker navy, although they had just built four new ships right before the beginning of the war.
1166	8557192730207594052.wav	巴基斯坦和北印度內陸區的咖哩料理中常用到優格；南印度和印度次大陸的其他沿海地區則常改用椰奶。	In inland regions of Northern India and Pakistan, yogurt is commonly used in curries; in Southern India and some other coastal regions of the subcontinent, coconut milk is commonly used.
206	15507821969067318653.wav	它消失在第二次試圖降落過程中即將著陸的十分鐘前。	About ten minutes before it was due to land from its second approach it disapeared.
1397	11627044370804567941.wav	此外，要注意氣味會吸引熊和其他野生動物，因此請避免攜帶或烹煮氣味濃重的食物，並維持營地乾淨。	In addition, be aware that odors attract bears and other wildlife, so avoid carrying or cooking odorous foods and keep a clean camp.
782	2100784274821832377.wav	野生動物對攝影師來說可能是最有挑戰性的主題，並且需要結合運氣、耐心、經驗和良好的器材。	Wildlife is among the most challenging motifs for a photographer, and needs a combination of good luck, patience, experience and good equipment.
80	6749752471249643154.wav	兩隊將在大準決賽時碰頭，因為努沙隊以 11 分贏得比賽。	The two sides would meet in the major semi final where Noosa ran out winners by 11 points.
341	8985293942474198990.wav	扎耶特並未因事故受傷。	Zayat was unhurt in the accident.
1100	15741768163414559224.wav	南非隊在南非勒斯滕堡的皇家班巴夫肯球場舉辦的英式橄欖球三國聯賽中打敗了全黑隊（紐西蘭）。	South Africa have defeated the All Blacks (New Zealand) in a rugby union Tri Nations match at the Royal Bafokeng Stadium in Rustenburg, South Africa.
499	8053840122177671027.wav	數世紀以來，羅馬帝國在醫學領域的研究成果豐碩，奠定現今許多醫學知識的基礎。	Over multiple centuries, the Roman empire led to great gains in the field of medicine and formed much of the knowledge we know today.
922	8351794170903368643.wav	每一間雜貨店都有販售預付電話卡，種類多到不知如何選擇，這些電話卡可以用於付費電話或普通的電話。	Every corner store is filled with a confusing array of pre-paid phone cards that can be used from pay phones or ordinary telephones.
643	11622291336432445265.wav	網際網路和全球資訊網的使用，讓學習者無時無刻都能取得資訊。	The use of the Internet and the World Wide Web allows learners to have access to information at all times.
1148	9791637163223607746.wav	到了二月初，幾個人用不同的硬體和軟體驗證了這項發現，於是在星期二正式宣布。	Several people verified the discovery using different hardware and software by the beginning of February and it was announced on Tuesday.
1127	14192392084187758532.wav	麥地那舊城一帶可輕易找到販售傳統摩洛哥商品的地方，包括塔吉鍋、陶器、皮製品、水煙及各式各樣的花俏飾品，但這些都是賣給遊客的。	Around the old Medina it's easy to find places selling traditional Moroccan goods, such as tagines, pottery, leather goods, hookahs, and a whole spectrum of geegaws, but it's all for the tourists.
217	9243969645135192357.wav	壁球、空手道和滑輪溜冰就像棒球與壘球，都試圖躋身奧運項目，但在 2005 年的投票表決中紛紛落選。	Squash, karate and roller sports tried to get onto the Olympic program as well as baseball and softball, which were voted out of the Olympic Games in 2005.
811	14846201476085171425.wav	溪降結合了游泳、攀爬和跳躍等要素，但訓練或身體狀態的入門要求相對較低（例如相較於攀岩、水肺潛水或高山滑雪）。	Canyoning combines elements from swimming, climbing and jumping--but requires relatively little training or physical shape to get started (compared to rock climbing, scuba diving or alpine skiing, for example).
422	6411339395215977674.wav	有些德國修士想讓本地人民更接近上帝，因此發明了愛沙尼亞文字。	Some German monks wanted to bring God closer to the native people, so they invented the Estonian literal language.
1470	11402780567463047158.wav	其中近代最值得關注的例子之一，是第二次世界大戰的北大西洋戰役。美國人試圖將人員和物資運送到大西洋的另外一邊，以幫助英國。	One of the most noteworthy recent examples of this was the North Atlantic campaign of WWII. The Americans were trying to move men and materials across the Atlantic Ocean to help Britain.
966	47710990363219889.wav	由於其獨特的文化與歷史價值，這整個區域被聯合國教科文組織列為世界遺產，其地產價值屬國內最高。	The whole district is designated as a UNESCO World Heritage Site for its unique cultural and historical value, and its property values are among the highest of the country.
529	7870476142116972436.wav	現代運動擊劍具有許多級別。從大學學習的學生，到職業以及奧運競賽都有。	The modern sport of fencing is played at many levels, from students learning at a university to professional and Olympic competition.
287	5734444510177969796.wav	動物解放組織和英國皇家防止虐待動物協會 (RSPCA) 再次呼籲，所有澳洲屠宰場中都要強制安裝閉路電視攝影機。	Animal Liberation and the Royal Society for the Prevention of Cruelty to Animals (RSPCA) are again calling for the mandatory installation of CCTV cameras in all Australian abattoirs.
1027	8230404080758348735.wav	寄養家庭應該要提供他們在先前家庭缺少的所有必需品。	Foster care is supposed to provide all the necessities that were lacking in the home they were previously taken from.
929	8103260769992948168.wav	如今，很少人會不先經過搜尋或比價，就直接向航空公司訂機票旅行。	Nowadays air travel is only rarely booked directly through the airline without first searching and comparing prices.
147	18058846726513208340.wav	在這樣的安排下，這種自由可能會告終。	With this arrangement in place, this freedom might end.
838	8035174395407888532.wav	許多建築物的外觀都非常美麗，從高樓或位置巧妙的窗口，可以飽覽令人驚嘆的美景。	Many buildings are quite beautiful to look at and the view from a tall building or from a cleverly-positioned window can be a beauty to behold.
843	14037200344247287022.wav	一方面是因為新墨西哥北部有嚴重的酒駕問題，而且小鎮酒吧附近的酒醉駕駛特別多。	For one thing, northern New Mexico has significant problems with drunk driving, and the concentration of intoxicated drivers is high close to small-town bars.
1223	8855927924715852439.wav	胡錦濤鼓勵發展中的國家「避免先汙染、後清理的老路」。	"Hu encouraged developing countries ""to avoid the old path of polluting first and cleaning up later."""
81	7103231735688112709.wav	接著，馬魯基多爾隊在準決賽打敗了卡布丘隊。	Maroochydore then defeated Caboolture in the Preliminary Final.
282	4828404064010279769.wav	據警方估計，柏林約有 6,500 名抗議者。	In Berlin, police estimated 6,500 protestors.
1026	6819154064628500095.wav	恆星的羅士比數跟電漿的流動有關，必須以光度和自轉來判斷。	The luminosity and rotation are used together to determine a star's Rossby number, which is related to plasma flow.
1362	4269204901944088768.wav	美洲豹貓喜歡吃小型動物，牠們會獵捕猴子、蛇和齧齒動物，可以的話也會獵捕鳥類。美洲豹貓的獵物幾乎都比牠們的體型小很多。	Ocelots like to eat small animals. They will catch monkeys, snakes, rodents and birds if they can. Almost all of the animals that the ocelot hunts are far smaller than it is.
1368	4299537196553144500.wav	如果他們使用空運寄送東西，則在某些路線上可能要耗費幾天才能完成卸貨與通關。	If they sent things by air freight, on some routes it may have taken days to get through unloading and customs.
1343	3811893195113296813.wav	此外，胺基酸攝取不足會導致嚴重的後果：生長不良及營養不良，最終導致死亡。	Moreover, failure to do so has serious consequences: growth depression, malnutrition, and ultimately death.
184	17905337040842619087.wav	對於趁機利用相關物質的暫時合法性的個人之健康，以及自目前違憲變更生效後毒品相關犯罪的判決，衛生部長都表達了關切之意。	The Health Minister expressed concern both for the welfare of individuals taking advantage of the temporary legality of the substances involved, and for drug-related convictions handed down since the now-unconstitutional changes came into effect.
992	2665771268462455647.wav	在冰川的邊緣，巨大的冰塊會鬆動並落下，也許會從冰川邊緣彈跳或滾動到更遠的地方。	At the edge of glaciers huge blocks break loose, fall down and perhaps jump or roll farther from the edge.
577	3172817531617108678.wav	什麼是細胞？細胞一詞來自拉丁語「cella」，意指「小房間」，而最初是由一位使用顯微鏡觀察軟木塞結構的人率先使用這個詞彙。	"What is a cell? The word cell comes from the Latin word ""cella"", meaning ""small room"", and it was first coined by a microscopist observing the structure of cork."
47	14933812341322755704.wav	250 年後，健力士已發展為一間全球企業，每年營業額超過 100 億歐元（約 147 億美元）。	250 years later, Guinness has grown to a global business that turns over 10 billion euros (US$14.7 billion) every year.
852	14630173062043613598.wav	土窯常用於烹煮傳統烘烤式的晚餐。	The hangi is often used to cook a traditional roast style dinner.
6	4254262512568711380.wav	28 歲的維達爾三個賽季前從塞維利亞足球俱樂部加入巴塞隆納足球俱樂部。	28-year-old Vidal had joined Barça three seasons ago, from Sevilla.
1173	16403113783928948419.wav	打算到國外接受變性手術的旅人，務必要攜帶有效的回程文件。	Voyagers planning sex reassignment surgery abroad must ensure they're carrying valid documents for the return trip.
20	16232547039245052066.wav	馬英九出生於香港，曾就讀於紐約大學和哈佛法學院，並曾持有美國永久居民的「綠卡」。	"Born in Hong Kong, Ma studied at New York University and Harvard Law School and once held an American permanent resident ""green card""."
1025	6040082426810779239.wav	雖然在洪水過後，水位只會上升幾英尺，政府仍希望這足以恢復下游被侵蝕的沙洲。	Although the water level will only rise a few feet after the flood, officials are hoping it will be enough to restore eroded sandbars downstream.
512	8206295938551805427.wav	這些孩子容易惹上很多麻煩，因為他們不能用尋常的方法刺激大腦，要「做出危險的行為、牽扯進打架並挑戰權威」才能刺激大腦。	"These children tend to get into a lot of trouble, because they ""engage in risky behaviors, get into fights, and challenge authority"" in order to stimulate their brain, since their brain can not be stimulated by normal methods."
1252	17059184495288836634.wav	負責整體檢察事宜的蘇格蘭皇家檢察院向記者表示，至少在起訴前，將不再做出任何評論。	Crown Office, which is in overall charge of prosecutions, has indicated to journalists that no further comment will be made at least until indictment.
1416	12270638364508203833.wav	根據突變的種類、受影響遺傳物質的重要性、以及受影響細胞是否為生殖系細胞，突變能有各種不同的效果。	Mutations can have a variety of different effects depending on the type of mutation, the significance of the piece of genetic material affected and whether the cells affected are germ-line cells.
82	8700365135324669699.wav	伊氏西爪龍屬於馳龍科，是迅猛龍的近親。	Hesperonychus elizabethae is a species of the family Dromaeosauridae and is a cousin of Velociraptor .
1431	10120415438008316068.wav	新科技的發明，讓我們能夠觀察並研究前所未見的腦部結構和運作過程。	The rise of new technologies allows us to see and investigate brain structures and processes never seen before.
1343	11901664547556840162.wav	此外，胺基酸攝取不足會導致嚴重的後果：生長不良及營養不良，最終導致死亡。	Moreover, failure to do so has serious consequences: growth depression, malnutrition, and ultimately death.
429	8690962359619935582.wav	土耳其的領土長 1,600 多公里（1,000 英里），寬 800 公里（500 英里），大致上呈現一個矩形形狀。	The territory of Turkey is more than 1,600 kilometres (1,000 mi) long and 800 km (500 mi) wide, with a roughly rectangular shape.
407	908834267209028573.wav	沒錯！有時也被暱稱「圖坦王」或「少年法老」的圖坦卡門，是現代最著名的古埃及法老之一。	"Yes! King Tutankhamun, sometimes referred to as ""King Tut"" or ""The Boy King"", is one of the most well known ancient Egyptian kings in modern times."
1157	9085936018620533945.wav	蒙特維多位於亞熱帶地區，夏季時氣溫經常超過攝氏 30 度。	Montevideo is in the subtropics; in the summer months, temperatures above +30°C are common.
863	13613845231812516008.wav	但在世界的其他地方，當細菌群對您而言是新的，您更可能遇到麻煩。	But in other parts of the world, where the bacteriological fauna are new to you, you're far more likely to run into problems.
1367	7176901419150524629.wav	新加坡大體上是極安全的去處，交通非常便利，入境後你幾乎什麼都能買到。	Singapore is generally an extremely safe place to be and very easy to navigate, and you can buy almost anything after arriving.
1396	16469888853287759055.wav	研究人員在貓尿中加入三聚氰胺和三聚氰酸，並觀察其中形成的結晶。	The researchers observed crystals formed in cat urine by the addition of melamine and cyanuric acid.
73	17905657342507985427.wav	為此之故，法官、律師、事務律師及檢察官過去幾年來從事過的非法行為也跟著曝光，從而揭發了希臘司法體系的大醜聞。	As a result of this, a big scandal within the Greek legal community has been raised through the exposure of illegal actions that judges, lawyers, solicitors and attorneys have done during the previous years.
522	2360030002743676413.wav	這種現象的主要原因是，清醒夢增加了快速動眼期狀態的間隔時間。	The main reason for this phenomenon is the result of the lucid dreams expanding the length of time between REM states.
450	9603910074553142106.wav	四月左右的雨季後，牠們再次跨過馬拉河，然後經由西部回到北方。	And then back to the north through the west, once again crossing the Mara river, after the rains in around April.
298	2833178104583260453.wav	憲法修正案之提案已在 2011 年由兩院通過。	The proposed amendment already passed both houses in 2011.
1361	2560870130301583717.wav	金可被延展成細絲，再進行纏繞和編織。亦可搥打或捲成薄片。	It can be pulled into thin wire, which can be twisted and plaited. It can be hammered or rolled into sheets.
94	6195656191656973617.wav	這與之前的報告互相矛盾，後者曾表示取消第二輪選舉將違反憲法。	This contradicts earlier reports, which said that cancelling the runoff would have been against the constitution.
106	17917066085634286108.wav	在最近一期的月報中，石油輸出國組織表示原油的出口降到了 20 年來的新低，一天只有 280 萬桶。	In its most recent monthly report, OPEC said exports of crude had fallen to their lowest level for two decades at 2.8 million barrels per day.
1262	7965943269464386771.wav	哈拉帕城和摩亨佐-達羅城的每座房屋裡幾乎都有抽水馬桶，並與一個精密的污水處理系統相連。	The cities of Harappa and Mohenjo-daro had a flush toilet in almost every house, attached to a sophisticated sewage system.
476	15285324941871394897.wav	從故事可知，他的動機來自不計代價獲取聲望。憤怒的以弗所人宣告黑若斯達特斯之名永遠都不會載入史冊。	According to the story, his motivation was fame at any cost. The Ephesians, outraged, announced that Herostratus' name never be recorded.
25	2684651576471468079.wav	在華盛頓以五比三擊敗亞特蘭大鶇鳥的比賽中，他進了兩球並有兩次助攻。	He had 2 goals and 2 assists in Washington's 5-3 win over the Atlanta Thrashers.
281	1194746965423854134.wav	抗議活動的組織者表示，柏林、科隆、漢堡和漢諾威等德國城市約有 10 萬人參與。	Organisers of the protest said about 100,000 people turned up in German cities such as Berlin, Cologne, Hamburg, and Hanover.
506	3468930779472050383.wav	這些網站的優點包含能輕鬆建立班級頁面，涵蓋了部落格、影片、照片與其他功能。	There are positive aspects to these websites, which include, being able to easily setup a class page which can include blogs, videos, photos, and other features.
908	7220118940338310864.wav	他們通常會提供更高的頻寬與更好的服務品質，且經過加密，因此較難被監控。	They normally offer higher bandwidth and better quality of service. They are encrypted and thus harder to spy on.
397	16563397429758944518.wav	我們先解釋一下義大利的計畫。義大利主要是德國和日本的「小跟班」。	"Let's start with an explanation about Italy's plans. Italy was mainly the ""little brother"" of Germany and Japan."
1171	14854034757114196097.wav	常被濫用和嘲笑的三分法是種簡單的指導方針，在創造活力的同時，也使畫面保持井然有序。	The much-abused and often-ridiculed rule of thirds is a simple guideline creating dynamism while keeping a measure of order in an image.
382	11781442692403265521.wav	英格蘭在重新征服丹麥區之後，經歷了一段長時間的和平。	England had experienced a long period of peace after the reconquest of the Danelaw.
631	4303852344520201325.wav	這意味著我們能夠成功預測其他人類的感知、意圖、信仰、理解和渴望。	That means we are able to successfully predict what other humans perceive, intend, believe, know or desire.
94	5670250385790576268.wav	這與之前的報告互相矛盾，後者曾表示取消第二輪選舉將違反憲法。	This contradicts earlier reports, which said that cancelling the runoff would have been against the constitution.
387	14813021212001998604.wav	朝鮮王朝的第四任國王是世宗大王，他是最受景仰的國王之一。	King Sejong was the fourth king of the Joseon Dynasty and is one of the most highly regarded.
1114	15776071483587943599.wav	許多基督教國家中的非信徒，及全球各地中不信仰基督教的人，也採納了這些節慶傳統。	Many of the traditions surrounding the holiday have been adopted also by non-believers in Christian countries and non-Christians around the world.
768	14813018235938828576.wav	北京將主辦開幕及閉幕式，還有室內冰上項目。	Beijing will host the opening and closing ceremonies and the indoor ice events.
876	2962871363390804849.wav	如果你生活在一個具有各種飲酒文化的城市裡，你應該去周遭平常不太去的酒吧或酒館。	If you live in a city with a varied drinking culture, go to bars or pubs in neighborhoods you don't frequent.
65	9570738540078441776.wav	原本的法案是由前聖保羅市長瑪爾塔‧蘇普利希起草的。草擬的法案經過修改後，現已交給羅伯托‧傑弗遜處理。	The original bill was drafted by former mayor of São Paulo, Marta Suplicy. The proposed legislation, after being amended, is now in the hands of Roberto Jefferson.
151	13312487475350818363.wav	理查‧布蘭森爵士的維珍集團在該銀行國有化之前曾出價收購但遭拒。	Sir Richard Branson's Virgin Group had a bid for the bank rejected prior to the bank’s nationalisation.
1262	1293251957336954359.wav	哈拉帕城和摩亨佐-達羅城的每座房屋裡幾乎都有抽水馬桶，並與一個精密的污水處理系統相連。	The cities of Harappa and Mohenjo-daro had a flush toilet in almost every house, attached to a sophisticated sewage system.
232	13421578287131271858.wav	涉嫌引爆炸彈的男子，在爆炸中受傷後被拘留。	The man suspected of detonating the bomb was detained, after sustaining injuries from the blast.
1069	17526608893385821164.wav	在手機訊號到不了的偏遠地區，您可能只能選用衛星電話。	In remote locations, without cell phone coverage, a satellite phone may be your only option.
191	10658662556087939572.wav	在華氏 90 度的高溫中，等待中的乘客得以補充水份。	Passengers were given water as they waited in 90(F)-degree heat.
501	3943885339498676057.wav	約翰‧史密斯在七零年代發展出此方法，為了幫助摺紙新手或較不靈活的摺紙練習者。	It was developed by John Smith in the 1970s to help inexperienced folders or those with limited motor skills.
89	5351227204907708522.wav	當局除了確認今日的逮捕行動之外，透露甚少訊息。	Authorities said little officially beyond confirming today's arrest.
93	6217866912490109674.wav	外交人員說他們已在阿富汗憲法中找到足夠的歧義，因此決定沒有必要進行決選投票。	Diplomats said that they had found enough ambiguity in the Afghan constitution to determine the runoff as unnecessary.
374	11611435153967423848.wav	艾奧的重力有多大 對我有多少影響？如果您站在艾奧的地面上，您的體重會比您在地球上的體重輕。	
87	16261279808460849020.wav	根據皮特曼的說法，這次堆冰的數量和厚度，是海豹獵人這十五年來見過最糟的情況。	The amount and thickness of the pack ice, according to Pittman, is the worst it has been for sealers in the past 15 years.
1022	753402514408718070.wav	錢伯斯曾控告上帝「造成數百萬的地球居民大量死亡、毀滅和驚恐不安。」	"Chambers had sued God for ""widespread death, destruction and terrorization of millions upon millions of the Earth's inhabitants."""
990	15840633115562999029.wav	冰河並不穩定，而是會順著山脈流下。這種狀況會導致冰體斷裂或有隙縫，但可能會被雪橋掩蓋。	The glaciers are not stable, but flow down the mountain. This will cause cracks, crevasses, which may be obscured by snow bridges.
389	4915407566660154347.wav	有許多關於梵文起源的理論。其中之一為雅利安人從西方遷徙至印度時帶入了原本使用的語言。	There are many theories to how Sanskrit came into existence. One of them is about an Aryan migration from the west into India who brought their language with them.
1323	12990655887784461825.wav	但在華碩獲得中華民國行政院所頒發的 2007 年台灣永續獎之後，筆記型電腦的消費者市場即發生劇烈變化和改變。	But the consumer market on laptop computer will be radically varied and changed after ASUS was awarded in the 2007 Taiwan Sustainable Award by Executive Yuan of the Republic of China.
515	10316067527916370330.wav	獲得資訊的方式不同。壓力不再存在於個別的回憶中，而變得比較關注在憶起文字的能力。	The approach to obtaining information was different. No longer did pressure reside within individual recall, but the ability to recall text became more of a focus.
390	220355113897279085.wav	梵語是一種古老語言，歷史可媲美歐洲的拉丁語。	Sanskrit is an ancient language and is comparable to the Latin language spoken in Europe.
284	14963330877872343080.wav	在倫敦，大約有 200 位民眾在部份版權持有商的辦公室外抗議。	In London, about 200 people protested outside some major copyright holders' offices.
246	10256785666312219904.wav	很高興看到有人挺我。	I am happy that there are people willing to support me.
202	10307951160800248105.wav	它的殘餘影響為多數島嶼帶來陣雨，不過迄今為止，還沒有災害或洪水的報導。	Its remnants produced showers across most of the islands, though as of yet, no damage or flooding has been reported.
1117	13546960030811918829.wav	試著遊向一個不會再被困住的地方，或者，根據個人的游泳技術以及是否已有人注意到，也可以等待救援。	Try aiming somewhere where you are not caught again or, depending on your skills and on whether you have been noticed, you might want to wait for rescue.
1094	9563522707038552868.wav	大部分致死原因都是在嘗試逆著海流游回去時用盡體力，此舉成功率可能非常渺茫。	Most deaths happen as result of fatigue trying to swim back against the current, which may be impossible.
787	14640779854539322850.wav	全世界有五千多種語言，其中超過二十種最少都有五千萬的使用者。	The world has over 5,000 different languages, including more than twenty with 50 million or more speakers.
379	10381376269079884517.wav	大約三千年後，1610 年義大利天文學家伽利略·伽利萊使用望遠鏡觀察到金星和月亮一樣有圓缺變化。	About three thousand years later, in 1610, Italian astronomer Galileo Galilei used a telescope to observe that Venus has phases, just as the moon does.
165	10689205314659162801.wav	這艘船被派給美國海軍的第七艦隊，並常駐日本長崎的佐世保市。	It is assigned to the U.S. Navy’s Seventh Fleet and based in Sasebo, Nagasaki in Japan.
1447	1669476218944591759.wav	東尼·摩爾醫師 (Tony Moll) 在南非誇祖魯-納塔爾省發現了極具抗藥性的結核病（XDR-TB）。	Dr. Tony Moll discovered the Extremely Drug Resistant Tuberculosis (XDR-TB) in the South African region KwaZulu-Natal.
219	13541327823283230732.wav	並非所有人都支持加入女性的排名。	Not all were supportive of the inclusion of the women’s ranks.
92	14335034265599179154.wav	羅汀還說，官方決定取消第兩輪決選，以為阿富汗節省經費並避免再次選舉產生的安全風險。	Lodin also said officials decided to cancel the runoff in order to save Afghans the expense and security risk of another election.
431	6417438891056315512.wav	土耳其的面積使它成為世界第 37 大的國家，與法國本土加上英國面積差不多大小。	Turkey's area makes it the world's 37th-largest country, and is about the size of Metropolitan France and the United Kingdom combined.
1500	5312730930635792244.wav	生理時鐘是自我維持的振盪器，即使沒有外部信號，也會持續自主運行的週期。	Biological clocks are self sustaining oscillators which will continue a period of free-running cycling even in the absence of external cues.
550	237926575074053976.wav	當然，一流的跑者，可以在兩分鐘內跑完八百公尺的人，速度一定夠快，但他不論如何一定要培養耐力。	Of course a first-class half-miler, a man who can beat two minutes, must be possessed of a fair amount of speed, but endurance must be cultivated at all hazards.
184	1046897488861961266.wav	對於趁機利用相關物質的暫時合法性的個人之健康，以及自目前違憲變更生效後毒品相關犯罪的判決，衛生部長都表達了關切之意。	The Health Minister expressed concern both for the welfare of individuals taking advantage of the temporary legality of the substances involved, and for drug-related convictions handed down since the now-unconstitutional changes came into effect.
149	10027116849791235696.wav	在傳出銀行獲得英國政府緊急紓困的消息後，北岩銀行於 2008 年國有化。	The Northern Rock bank had been nationalised in 2008 following the revelation that the company had received emergency support from the UK Government.
67	14684033204909061651.wav	在許多抗拒驅逐令的家庭尋求法律援助一事浮上檯面後，東灣社區法律中心遂於 3 月 20 日為住所詐騙案的受害者辦了一場公聽會。	After it became apparent that many families were seeking legal help to fight the evictions, a meeting was held on March 20 at the East Bay Community Law Center for the victims of the housing scam.
1249	12602029592902421599.wav	如果你是在宣布延期之前就預訂了 2020 年的機票和住宿，你面臨的情況可能有點棘手。	If you booked your flights and accommodation for 2020 before the postponement was announced, you may have a tricky situation.
82	16153187455074337810.wav	伊氏西爪龍屬於馳龍科，是迅猛龍的近親。	Hesperonychus elizabethae is a species of the family Dromaeosauridae and is a cousin of Velociraptor .
991	14171395762606089544.wav	冰穴的冰壁和洞頂可能會坍塌，裂縫也可能閉合。	The walls and roofs of ice caves can collapse and cracks can get closed.
173	7939406507696088028.wav	確認為真的話，這個發現會讓艾倫八年來搜尋武藏號的工作畫下句點。	If confirmed, the find completes Allen's eight-year search for the Musashi.
46	8989678151866186464.wav	1759 年 9 月 24 日，亞瑟‧健力士簽署了愛爾蘭都柏林聖詹姆士門釀酒廠的租約，租期九千年。	On September 24, 1759, Arthur Guinness signed a 9,000 year lease for the St James' Gate Brewery in Dublin, Ireland.
1132	4074900709193047779.wav	日本的工作文化比起西方人所習慣的更為階級化且正式。	Japanese work culture is more hierarchical and formal that what Westerners may be used to.
223	4967537701768431971.wav	當場被捕的主播否認自己的攻擊行為，聲稱棍子是用來保護自己，因為有多達 30 個人朝他扔瓶子。	The presenter, who was arrested at the scene, denied the attack and claimed he used the pole to protect himself from bottles being thrown at him by up to thirty people.
1448	4672667731657375211.wav	政府也承諾生產數百萬支腦炎疫苗，此舉將幫助衛生單位做好準備因應明年的疫情。	Several million vials of encephalitis vaccine have also been promised by the government, which will help prepare health agencies for next year.
926	8276919536414001122.wav	如果連拍張照片都不被允許，那麼就更不要想要將它錄成影片了。	If just taking a photo of something isn't allowed, then you shouldn't even think of recording a video of it.
365	14706245401731923129.wav	首先，必須關閉燈具開關，或拔掉電源線。	First, the switch for the light fixture needs to be turned off or the cable disconnected.
572	7001941027340147545.wav	如果個體某項特徵呈現多種差異，即稱為多態性。	When the individuals show several variants of a particular trait they are polymorphic.
650	10696848649293067580.wav	感謝連接到歐洲的海底光纖電纜和衛星寬頻，格陵蘭島上的網際網路非常發達，93% 人口皆能上網。	Thanks to undersea fiber optic cable links to Europe and broadband satellite, Greenland is well connected with 93% of the population having internet access.
879	17676185537457933712.wav	傳染病是人在受感染者附近便容易被傳播的疾病。	A contagious disease is a disease which is easily transmitted by being in the vicinity of an infected person.
684	10264678033377780725.wav	不過，正因為水量太大，觀看瀑布本身的視線會被大量的水遮蔽！	
1060	17039016610154898129.wav	最早為人所知的運輸是走路，隨著 Homo Erectus（亦即直立人）的出現，人類在兩百萬年前開始直立行走。	The first known transportation was walking, humans began walking upright two million years ago with the emergence of Homo Erectus (meaning upright man).
1305	7314470682720687677.wav	不過，西班牙語也被廣泛地使用在大眾運輸與其他場所。	Yet, Spanish is also widely used in public transport and other facilities.
1072	4143347599665771832.wav	水道也會形成一些熱門的健行和單車路線。	They also define routes for popular hiking and cycling trails.
569	14805292581121046691.wav	不同的結構有不同的功能、對不同的波長敏感、具有不同的敏銳度，還需要不同的處理過程來理解輸入，以及不同的數量達到最佳效率。	The different constructions have different capabilities, are sensitive to different wave-lengths and have differing degrees of acuity, also they require different processing to make sense of the input and different numbers to work optimally.
55	16588094506513410212.wav	澳洲財政部長彼德‧寇斯特洛，同時也是最可能接任約翰‧霍華德總理成為自由黨主席的人選，表示支持澳洲核能產業。	Peter Costello, Australian treasurer and the man most likely to succeed Prime Minister John Howard as Liberal party leader has thrown his support behind a nuclear power industry in Australia.
1373	12610035671258810264.wav	該聲明表示，土耳其也將負責看守遭囚禁的伊斯蘭國 (ISIS) 成員，歐洲眾國拒將那些成員遣送回國。	Turkey would also take over guarding captured ISIS fighters which, the statement said, European nations have refused to repatriate.
1461	10979667480342297575.wav	英格蘭早在十六世紀就建造了馬拉軌道。	Wagonways were built in England as early as the 16th Century.
660	8170359529186430265.wav	舊金山的經濟雖然與其身為世界級觀光景點息息相關，不過這裡的經濟活動其實非常多元。	While San Francisco's economy is linked to it being a world-class tourist attraction, its economy is diversified.
895	15312945156049944348.wav	冬天最常見的意外成因是溼滑的馬路、人行道、及最容易發生危險的階梯。	The most common cause for accidents in winter is slippery roads, pavements (sidewalks) and especially steps.
755	5753989083656218456.wav	有些旅館保留了屬於蒸氣鐵路與遠洋郵輪黃金時代的遺跡，來自於二戰前，19 世紀或 20 世紀初。	Some hotels have a heritage from the golden age of steam railways and ocean liners; before the Second World War, in the 19th or early 20th centuries.
968	17775099168599104709.wav	它們被列入聯合國教科文組織世界遺產的清單中。	They are listed on the UNESCO World Heritage List.
700	16283639754650914847.wav	此信必須經厄瓜多外交部批准，並符合相關要求。	This letter must be legalized by the Ecuadorian Ministry of Foreign Affairs, and comply with certain requirements.
137	10355057950378128934.wav	這種藻類會產生神經毒素，癱瘓人類和魚類的神經。	The algae produces a neurotoxin that can disable nerves in both humans and fish.
189	17128644076490399692.wav	截至 8 月 9 日晚間，莫拉克颱風的颱風眼距離中國福建省約有七十公里。	As of the night of August 9, the eye of Morakot was about seventy kilometres away from the Chinese province of Fujian.
1323	14259931141639410856.wav	但在華碩獲得中華民國行政院所頒發的 2007 年台灣永續獎之後，筆記型電腦的消費者市場即發生劇烈變化和改變。	But the consumer market on laptop computer will be radically varied and changed after ASUS was awarded in the 2007 Taiwan Sustainable Award by Executive Yuan of the Republic of China.
1152	12357530038251743761.wav	暴風雪期間，極短時間內便可降下足以讓您動彈不得的雪量。	During blizzards, enough snow to get you stuck can fall in very little time.
292	16579121218140605655.wav	引發狀態改變的明顯地震活動發生於 3 月 10 日，位置在火山頂端火山口的東北側。	The significant earthquake activity resulting in the phase change had took place on March 10 on the northeast side of the volcano's summit caldera.
377	16965089391390882337.wav	離太陽中心越遠，氣體就越稀薄。	The gas becomes thinner as you go farther from the center of the Sun.
57	4028661116011145953.wav	「一旦它能夠商業化，我們就應該要擁有。也就是說，對核能發電並沒有原則上的反對，」卡斯特洛先生說。	If it becomes commercial, we should have it. That is, there's no in-principle objection to nuclear energy Mr Costello said.
827	9221600069764307188.wav	基本上，分為兩種類型：在您的旅途中工作或試著限制您的開支。本文主要討論後者。	Basically, they fall into two categories: Either work while you travel or try and limit your expenses. This article is focused on the latter.
456	11554521989744544986.wav	隨著鏡片製造商的鏡片生產達到更高水準，這已不再成為問題。	This is becoming less of an issue as lens manufacturers achieve higher standards in lens production.
760	3135173872819492085.wav	住宿交換網站是一個能將遊客和他們欲前往的城市當地人連結起來的組織。	A hospitality exchange network is the organization that connects travelers with locals in the cities they are going to visit.
1434	14036775538201882343.wav	後續的報告說明該飛機接獲炸彈威脅，因而改道返回阿富汗，降落於坎大哈。	Later reports then stated the plane received a bomb threat and was diverted back to Afghanistan, landing in Kandahar.
230	14182502792284516086.wav	此理論與月球完全沒有地質活動的說法相違悖。	This theory contradicts the claim that the moon is completely devoid of geologic activity.
162	7124012304860236932.wav	美國海軍表示他們正在調查該起事件。	The US Navy also said they were investigating the incident.
884	890200323403167227.wav	過去 20 年，夏洛特上城區適合兒童去的地方數量倍增。	In the past 20 years, the amount of child-friendly options in Uptown Charlotte has grown exponentially.
744	16629550903517600305.wav	庫克群島沒有任何城市，而是由十五個不同島嶼組成。主要島嶼是拉羅湯加島及艾圖塔基島。	The Cook Islands do not have any cities but are composed of 15 different islands. The main ones are Rarotonga and Aitutaki.
736	9530475502630373187.wav	只有西雷納林區管理站提供露營地以外的合宿房與熱食。拉萊歐那、聖佩德里羅和洛斯帕托斯只提供露營地，不提供食物。	Sirena is the only ranger station that offers dormitory lodging and hot meals in addition to camping. La Leona, San Pedrillo, and Los Patos offer only camping with no food service.
1139	15484480021229892794.wav	惡劣天氣可能發生在世界上任何地方，且有不同的類型，會取決於地理、地形和大氣條件。	Severe weather can occur anywhere in the world, and there are different types of it, which can depend on geography, topography, and atmospheric conditions.
334	3306037685743144432.wav	緊接著是伊斯坦堡國家交響樂團 (Istanbul State Symphony Orchestra) —一支軍樂隊，以及歌手法蒂赫·埃爾科克 (Fatih Erkoç) 和穆斯呂姆·古爾斯 (Müslüm Gürses)。	It was followed by the Istanbul State Symphony Orchestra, a Janissary band, and the singers Fatih Erkoç and Müslüm Gürses.
831	2662675865074920750.wav	某些跨越邊境的火車會在行進時進行檢查，因此搭乘這種火車時，你應該攜帶有效的身分證明。	In some cross-border trains inspections are done on the running train and you should have valid ID with you when boarding one of those trains.
958	6133471880230441639.wav	如果你想飛遍整個南半球，航班和目的地的選擇十分有限的，因為缺乏越洋路線。	If you want to fly around the world completely in the Southern Hemisphere, the choice of flights and destinations is limited due to the lack of transoceanic routes.
869	10382318893636601154.wav	尤其在一開始的時候，可以考慮多花一些錢在西式風格及品質的飯店、餐飲及服務上，以幫助適應。	Especially in your initial days, consider splurging on Western-style and -quality hotels, food, and services to help acclimatize.
654	12018344271828147657.wav	在加拿大的格陵蘭原住民自稱為因紐特人，在格陵蘭則自稱為「Kalaalleq」（複數為 Kalaallit），意指「格陵蘭人」。	The native inhabitants of Greenland call themselves Inuit in Canada and Kalaalleq (plural Kalaallit), a Greenlander, in Greenland.
1064	9863272038596168426.wav	在主唱史蒂芬·泰勒於 8 月 5 日表演時跌落舞台受傷後，他們便取消了巡迴演出。	They have cancelled the tour after lead singer Steven Tyler was injured after he fell off stage while performing on August 5.
128	7626184063689111999.wav	許多《洋蔥報》的作者持續對喬恩・史都華及史蒂芬・荷伯的新聞脫口秀造成大幅的影響。	Many of their writers have gone on to wield great influence on Jon Stewart and Stephen Colbert's news parody shows.
201	6308032930713537233.wav	原為薩菲爾-辛普森颶風風力等級分類中第四級颶風的費莉希亞在星期二消散前減弱為熱帶低氣壓。	Felicia, once a Category 4 storm on the Saffir-Simpson Hurricane Scale, weakened to a tropical depression before dissipating Tuesday.
1016	3530523611819170351.wav	原子小得不可思議，小到數以兆計的原子足以塞進本句結尾的句點.	
337	18040544145510571726.wav	在結尾，土耳其舞蹈團體「安納托利亞之火」 表演了「特洛伊」這個戲碼。	"To finish, Turkish dance group Fire of Anatolia performed the show ""Troy""."
1158	16647071253228342090.wav	美國體操協會支持一項獨立調查，這項調查可能有助於釐清，在賴瑞·納薩爾事件中倖存下來的人提起勇氣描述的虐待內容，長期以來無人發現的原因，且會引入任何必需且妥當的調整。	USA Gymnastics supports an independent investigation that may shine light on how abuse of the proportion described so courageously by the survivors of Larry Nassar could have gone undetected for so long and embraces any necessary and appropriate changes.
1421	2761333486587841646.wav	1683 年，清朝（1644-1912 年）政府以武力掌控了臺灣西部及北部沿海地區，並於 1885 年宣布臺灣是清朝的一省。	In 1683, Qing dynasty (1644-1912) forces take control of Taiwan’s western and northern coastal areas and declared Taiwan as a province of the Qing Empire in 1885.
1141	9162242013030649971.wav	副督察長 D K 阿爾雅說：「我們已逮捕五名強暴那名瑞士女人的嫌犯，並取回她的手機和筆記型電腦」。	"Deputy Inspector General D K Arya said, ""We have arrested five persons who raped the Swiss woman and recovered her mobile and laptop""."
249	17403499638296997950.wav	當地時間今天早上 10 點，伊斯蘭聖城麥加有一處旅館倒塌。	
405	7890291099175045222.wav	德國潛水艇稱為「U 艇」。德國人非常擅長駕駛和操控他們的潛水艇。	German submarines were called U-Boats. The Germans were very good at navigating and operating their submarines.
321	9144662019274643004.wav	自此之後，中國的經濟規模成長了 90 倍。	Since then, China's economic size has grown by 90 times.
148	18217843787121288251.wav	雅虎和微軟服務的使用者人數加總，將可匹敵 AOL 的客戶數量。	The number of users of the Yahoo! and Microsoft services combined will rival the number of AOL's customers.
128	3859763572521282802.wav	許多《洋蔥報》的作者持續對喬恩・史都華及史蒂芬・荷伯的新聞脫口秀造成大幅的影響。	Many of their writers have gone on to wield great influence on Jon Stewart and Stephen Colbert's news parody shows.
505	2542365188155588180.wav	這些網站獲得了很多關注，尤其是在教育領域方面。	These websites have gotten a lot of attention, especially in the education setting.
831	12724370902283580927.wav	某些跨越邊境的火車會在行進時進行檢查，因此搭乘這種火車時，你應該攜帶有效的身分證明。	In some cross-border trains inspections are done on the running train and you should have valid ID with you when boarding one of those trains.
1191	5934069805050056670.wav	雖然四輪貨運軌道僅由平行木板條組成，卻能讓馬匹在軌道上拖拉貨物，相較於當時稍微崎嶇的路面，運送速度更快且能裝載更多貨物。	Although wagonways merely consisted of parallel planks of wood, they allowed horses pulling them to achieve greater speeds and pull larger loads than on the slightly more rough roads of the day.
312	9451820316462112736.wav	這對夫妻在一年前於德州結婚，當時是到水牛城與親友慶祝。	The couple had married in Texas one year ago and came to Buffalo to celebrate with friends and relatives.
670	123048614473104910.wav	必須具備野地許可證，才能在大峽谷邊緣之下的位置露營。	Any camping below the rim in Grand Canyon requires a backcountry permit.
1291	5884943860887556960.wav	該網站為數百萬個獲得公開許可的媒體提供服務，而社群的不滿促使相關單位目前正在努力為該網站起草一項關於性內容的政策。	The community irritation led to current efforts to draft a policy regarding sexual content for the site which hosts millions of openly-licensed media.
749	9201332678829540934.wav	那可能是一棟具歷史意義的老建築，擁有古董家具、修剪整齊的庭園和游泳池。	The setting might be an historic old building with antique furnishings, manicured grounds and a swimming pool.
401	3410050371676754049.wav	再來是日本，日本和英國一樣是島國。	Now for Japan. Japan was an island country, just like Britain.
1381	15241173992423790495.wav	共乘計程車是旅行至鄰近地方快速且舒適的方式，例如帕羅（150 努）和普那卡（200 努）。	Shared taxis are a quick and comfortable means to travel to nearby places, such as Paro (Nu 150) and Punakha (Nu 200).
1273	18421363054391571457.wav	新華社報導，政府調查人員於週三找回了兩個「黑盒子」飛行記錄器。	Xinhua reported that government investigators recovered two 'black box' flight recorders on Wednesday.
131	16057418282776149692.wav	今天的公告也延續了政府在今年三月所說、將撥款購買更多車廂的承諾。	Today's announcement also extended the government's commitment made in March of this year to fund extra carriages.
915	11237402725581307175.wav	即時文本翻譯應用程式 – 可自動將整段文本從一種語言翻譯成另一種語言的應用程式。	Real-time text translator apps – applications that are capable of automatically translating whole segments of text from one language into another.
924	11750024969875645370.wav	通常可以透過撥打一支免付費電話號碼來取得這些服務，大多數手機可以免費撥打該電話號碼。	Access to these services is often through a toll-free telephone number that can be called from most phones without charge.
1123	10186684914900512883.wav	巽達班斯森林面積達 3,850 平方公里，其中約三分之一為水域或沼澤。	The Sundarbans cover an area of 3,850 km², of which about one-third is covered in water/marsh areas.
372	14405604869892043627.wav	三角龍會在食用樹幹之前，用牠強而有力的喙扯下樹葉。	A Triceratops could have used its strong beak to strip off the leaves before eating the trunk.
1092	5682931532465015954.wav	由於它的微氣候範圍、相異的土壤及不同海拔高度，使它擁有相當廣泛多樣的植物群落。	It has a notably wide variety of plant communities, due to its range of microclimates, differing soils and varying levels of altitude.
256	17007714323116923350.wav	10 年後，他帶領阿波羅-聯盟測試計劃中的蘇聯部份，象徵了太空競賽的結束。	Ten years later, he led the Soviet part of the Apollo–Soyuz mission symbolizing that the Space Race was over.
117	1268678584941107958.wav	科學家懷疑土衛二的地表活動活躍，可能是土星冰狀 E 環的來源。	Scientists have suspected Enceladus as geologically active and a possible source of Saturn's icy E ring.
467	18215483589415008552.wav	但我們的想像是否基於現實？最初建造城堡的原因是什麼？它們是如何設計和建造的？	But is our imagination based on reality? Why were castles built in the first place? How were they designed and built?
329	10038746587888337760.wav	他在 1945 年加入該隊，並一直待到 1958 年。	He joined them in 1945 and stayed until 1958.
195	5804438174289900696.wav	這位巴西人在 2009 年匈牙利大獎賽中遭遇車禍，頭部嚴重傷害。	The Brazilian suffered a serious head injury after a crash during the 2009 Hungarian Grand Prix.
78	18360801993215321427.wav	他也確認，他深信羅訴韋德案所仰賴的隱含隱私權。	He also confirmed that he believed in the implied right to privacy which the Roe decision depended upon.
596	3748296767780406373.wav	細胞是生命 (物) 有機體最小的構造單位和功能單位。	A cell is the smallest structural and functional unit of a living (things) organism.
629	16229528785346075274.wav	這類思考模式的人擅邏輯，他們能記住模式、解決問題、進行科學測試。	People with this type of thinking have logical thinking, are able to memorize patterns, solve problems and work on scientific tests.
1063	4013143257343992458.wav	舉例來說，有人說汽車必然會推動道路發展。	For example, one might say that the motor car necessarily leads to the development of roads.
833	590984655483157143.wav	登記註冊是簽證流程中的附加要求。在某些國家/地區，你必須向當地政府機關登記入境和您的住宿地址。	Registration is an additional requirement for the visa process. In some countries, you must register your presence and address where you are staying with the local authorities.
405	1490772765677634764.wav	德國潛水艇稱為「U 艇」。德國人非常擅長駕駛和操控他們的潛水艇。	German submarines were called U-Boats. The Germans were very good at navigating and operating their submarines.
193	6857435017021609071.wav	退一步來說，無論困在雲霄飛車上的時間長短，這都是令人非常不舒服的經歷，而且至少要花一個小時才能把第一個人從雲霄飛車上救下來。」	"Any length of time trapped on a roller coaster would be uncomfortable, to say the least, and it took at least an hour to get the first person off the ride."""
439	4487647746513675916.wav	1951 年，一場大火使得杜克耶古堡只遺下了一部份的文物，像夏巴尊王的畫像。	In 1951, a fire caused for only some of the relics of the Drukgyal Dzong to remain, such as the image of Zhabdrung Ngawang Namgyal.
459	17392944142565930304.wav	這就使得平價的變焦鏡頭在低光源、無閃光燈的環境中難以使用。	This makes inexpensive zoom lenses hard to use in low-light conditions without a flash.
363	13022568946117154604.wav	在通電數百小時之後，燈泡中的鎢絲最終會燒壞，燈泡也不再發亮。	After hundreds of hours of operation the filament in the bulb eventually burns out and the light bulb no longer works.
819	13725430130563410929.wav	旅行開始前或當你旅行時，有許多必須考慮的事。	There are many things you have to take into consideration before and when you travel somewhere.
151	7853838932003306631.wav	理查‧布蘭森爵士的維珍集團在該銀行國有化之前曾出價收購但遭拒。	Sir Richard Branson's Virgin Group had a bid for the bank rejected prior to the bank’s nationalisation.
267	13270660997372702270.wav	俄羅斯的地面控制中心啟動了噴射口，接著太空站就重新恢復了正常姿態。	
1375	13673374036628990078.wav	上表示您應該從弓尖開始推弓，下表示您應該從弓根（您的手握住弓的地方）開始拉弓。	
99	17841987799978196304.wav	數千桶原油在阿拉斯加費爾班克斯以南外漏之後， 800 英里的縱貫阿拉斯加管道遭到關閉。	800 miles of the Trans-Alaska Pipeline System were closed down following a spill of thousands of barrels of crude oil south of Fairbanks, Alaska.
956	12998943138195624792.wav	如果你有額外的旅行時間，你可以比較看看你去非洲的總票價和環球票價。	If you have additional travel time, check to see how your total fare quote to Africa compares with a round-the-world fare.
1420	2381174889097432114.wav	在 2017 年末，西米諾夫出現在 QVC 購物頻道 上。	In late 2017, Siminoff appeared on shopping television channel QVC.
381	7408197507452478027.wav	接著在幾年後的 1639 年，一名名為傑雷米亞·霍羅克斯的天文學家觀察到了金星凌日。	Then, a few years later in 1639, an English astronomer named Jeremiah Horrocks observed a transit of Venus.
1310	10282138112656313154.wav	畢竟，領袖終究得對團隊的成敗負責。	After all, the leader is ultimately responsible for the success and failure of the team.
781	2569430369907692807.wav	這種格式的解析度幾乎是 35 釐米負片的四倍（3136 平方釐米相對於 864 平方釐米）。	This gives resolution almost four times that of a 35 mm negative (3136 mm2 versus 864).
1111	3053944089423566431.wav	Adekoya（阿代科亞） 隨後在愛丁堡郡法院被控謀殺她的兒子。	Adekoya has since been in Edinburgh Sheriff Court charged with murdering her son.
397	14605334827553441213.wav	我們先解釋一下義大利的計畫。義大利主要是德國和日本的「小跟班」。	"Let's start with an explanation about Italy's plans. Italy was mainly the ""little brother"" of Germany and Japan."
1483	11685240112980863516.wav	該團隊想觀察到的效應，是由此星系與銀河各自之暗物質交互影響潮汐的結果	The effect the team was looking for would be caused by tidal forces between the galaxy's dark matter and the Milky Way's dark matter.
1378	15402190034615538340.wav	神經生物學資料為認知研究的理論方法提供具體證明，於是使研究範圍縮小並且更確切。	Neurobiological data provide physical evidence for a theoretical approach to the investigation of cognition. Therefore it narrows the research area and makes it much more exact.
752	11308320441927733246.wav	在私人土地或任何大小的城鎮搭起帳棚，都很容易引起不必要的注意。	Setting up a tent on private property or in a town of any size can easily attract unwanted attention.
1122	9248203497232434291.wav	員工所做的決定多半都必須通過上級批准，而且必須服從上級指示，不能有異議。	Workers must often get their superiors' approval for any decisions they make, and are expected to obey their superiors' instructions without question.
17	17812237840528812695.wav	文件中指出 14 家銀行協助富有客戶藏匿了數十億美元的資產，以規避稅金與其他法規。	The documents showed fourteen banks helped wealthy clients hide billions of US dollars of wealth to avoid taxes and other regulations.
808	18082878229672109788.wav	咖啡是全球貿易量數一數二大的商品，你在住家附近也許就能找到各式各樣的咖啡。	Coffee is one of the world's most traded commodities, and you can probably find many types in your home region.
1507	13665872359338375233.wav	遊客可能會遇到在自己的家鄉不常見的動物害蟲。	Travellers may encounter animal pests that they are not familiar with in their home regions.
858	12768532770888146223.wav	你可能會在不知情的情況下發現自己被利用，變成攜帶毒品者，這會給你帶來很大的麻煩。	You could find yourself being used as a drug carrier without your knowledge, which will land you in a great deal of trouble.
344	2526071181659795896.wav	裸體新聞上週宣布它將推出三個新廣播節目，大幅增加其新聞報導的國際語言授權。	Last week, Naked News announced that it would dramatically increase its international language mandate to news reporting, with three new broadcasts.
1188	7316926245287004189.wav	塔的頂部是神的特殊聖殿。	The top of the tower was special sanctuary for the god.
861	7554140051934181141.wav	無人看管的包袋是竊賊的目標，也可能引起提防炸彈威脅的相關單位注意。	Unattended bags are a target for theft and can also attract attention from authorities wary of bomb threats.
298	8987849703128281265.wav	憲法修正案之提案已在 2011 年由兩院通過。	The proposed amendment already passed both houses in 2011.
378	8912650582347294444.wav	我們看見的太陽外層稱為「photosphere」，意即「光球」。	"The outer-part we see when we look at the Sun is called the photosphere, which means ""ball of light""."
989	6402458979895643228.wav	在羅加蘭和阿格德爾，它們常被稱為「hei」，意指常佈滿石南花的無樹荒野。	"In Rogaland and Agder they are usually called ""hei"" meaning a treeless moorland often covered in heather."
1151	11759001944463259607.wav	這在許多狀況下就跟「頭痛醫頭，腳痛醫腳」一樣。不過，如果我們想要的不止是暫時性的解決方案，那麼我們就應該找到問題的根源，然後徹底解決它們。	This is just like symptomatic treatment in many cases. However, if we do not only want a temporary solution, then we should find the root of the problems, and we should deactivate them.
671	10453394082774577403.wav	為了保護峽谷，許可證的數量有限，每月 1 號可申請四個月後的起程月許可證。	Permits are limited to protect the canyon, and become available on the 1st day of the month, four months prior to the start month.
1286	2347615101377565342.wav	上弓記號通常代表的是比較輕柔的聲響，而下弓記號則代表比較強烈又比較堅定的聲響。	An up-bow usually generates a softer sound, while a down-bow is stronger and more assertive.
291	9174390242861803961.wav	冰島氣象局亦表示海克拉火山地區在過去 48 小時無地震活動。	
245	9449967032001884655.wav	「有些人也許不同意，但我不在乎。	"Some may not agree but I don't care.	some may not agree but i don't care	s o m e | m a y | n o t | a g r e e | b u t | i | d o n ' t | c a r e |	58560	MALE
857	2572172917290666580.wav	Carrying for others - Never let your bags out of your sight, especially when you are crossing international borders.	carrying for others never let your bags out of your sight especially when you are crossing international borders	c a r r y i n g | f o r | o t h e r s | n e v e r | l e t | y o u r | b a g s | o u t | o f | y o u r | s i g h t | e s p e c i a l l y | w h e n | y o u | a r e | c r o s s i n g | i n t e r n a t i o n a l | b o r d e r s |	133440	MALE
545	16882235500485912521.wav	The American plan relied on launching coordinated attacks from three different directions.	the american plan relied on launching coordinated attacks from three different directions	t h e | a m e r i c a n | p l a n | r e l i e d | o n | l a u n c h i n g | c o o r d i n a t e d | a t t a c k s | f r o m | t h r e e | d i f f e r e n t | d i r e c t i o n s |	107520	MALE
1105	6114369012747687147.wav	The great pyramid was created to honor the Pharaoh Khufu, and many of the smaller pyramids, tombs, and temples were built to honor Khufu's wives and family members.	the great pyramid was created to honor the pharaoh khufu and many of the smaller pyramids tombs and temples were built to honor khufu's wives and family members	t h e | g r e a t | p y r a m i d | w a s | c r e a t e d | t o | h o n o r | t h e | p h a r a o h | k h u f u | a n d | m a n y | o f | t h e | s m a l l e r | p y r a m i d s | t o m b s | a n d | t e m p l e s | w e r e | b u i l t | t o | h o n o r | k h u f u ' s | w i v e s | a n d | f a m i l y | m e m b e r s |	213120	FEMALE
10	16061555128855936456.wav	At 11:20, the police asked the protesters to move back on to the pavement, stating that they needed to balance the right to protest with the traffic building up.	at 11:20 the police asked the protesters to move back on to the pavement stating that they needed to balance the right to protest with the traffic building up	a t | 1 1 : 2 0 | t h e | p o l i c e | a s k e d | t h e | p r o t e s t e r s | t o | m o v e | b a c k | o n | t o | t h e | p a v e m e n t | s t a t i n g | t h a t | t h e y | n e e d e d | t o | b a l a n c e | t h e | r i g h t | t o | p r o t e s t | w i t h | t h e | t r a f f i c | b u i l d i n g | u p |	190080	MALE
290	8286884867556729518.wav	The United States Geological Survey international earthquake map showed no earthquakes in Iceland in the week prior.	the united states geological survey international earthquake map showed no earthquakes in iceland in the week prior	t h e | u n i t e d | s t a t e s | g e o l o g i c a l | s u r v e y | i n t e r n a t i o n a l | e a r t h q u a k e | m a p | s h o w e d | n o | e a r t h q u a k e s | i n | i c e l a n d | i n | t h e | w e e k | p r i o r |	128640	MALE
491	11077024995055450843.wav	Although in the end, Krushchev sent in tanks to restore order, he did give way to some economic demands and agreed to appoint the popular Wladyslaw Gomulka as the new prime minister.	although in the end krushchev sent in tanks to restore order he did give way to some economic demands and agreed to appoint the popular wladyslaw gomulka as the new prime minister	a l t h o u g h | i n | t h e | e n d | k r u s h c h e v | s e n t | i n | t a n k s | t o | r e s t o r e | o r d e r | h e | d i d | g i v e | w a y | t o | s o m e | e c o n o m i c | d e m a n d s | a n d | a g r e e d | t o | a p p o i n t | t h e | p o p u l a r | w l a d y s l a w | g o m u l k a | a s | t h e | n e w | p r i m e | m i n i s t e r |	284160	MALE
806	16950942347306585366.wav	Consider getting an eye exam at home, especially if insurance covers it, and bringing the prescription along to be filed elsewhere.	consider getting an eye exam at home especially if insurance covers it and bringing the prescription along to be filed elsewhere	c o n s i d e r | g e t t i n g | a n | e y e | e x a m | a t | h o m e | e s p e c i a l l y | i f | i n s u r a n c e | c o v e r s | i t | a n d | b r i n g i n g | t h e | p r e s c r i p t i o n | a l o n g | t o | b e | f i l e d | e l s e w h e r e |	133440	FEMALE
33	5916919541223849997.wav	As the cars ahead of Alonso went in for fuel under the safety car, he moved up the pack to take victory.	as the cars ahead of alonso went in for fuel under the safety car he moved up the pack to take victory	a s | t h e | c a r s | a h e a d | o f | a l o n s o | w e n t | i n | f o r | f u e l | u n d e r | t h e | s a f e t y | c a r | h e | m o v e d | u p | t h e | p a c k | t o | t a k e | v i c t o r y |	180480	FEMALE
1063	9047683831664964836.wav	For example, one might say that the motor car necessarily leads to the development of roads.	for example one might say that the motor car necessarily leads to the development of roads	f o r | e x a m p l e | o n e | m i g h t | s a y | t h a t | t h e | m o t o r | c a r | n e c e s s a r i l y | l e a d s | t o | t h e | d e v e l o p m e n t | o f | r o a d s |	141120	MALE
1070	6992513743013987318.wav	Therefore, reading this grammar primer would help you learn much about Persian grammar and understand phrases better.	therefore reading this grammar primer would help you learn much about persian grammar and understand phrases better	t h e r e f o r e | r e a d i n g | t h i s | g r a m m a r | p r i m e r | w o u l d | h e l p | y o u | l e a r n | m u c h | a b o u t | p e r s i a n | g r a m m a r | a n d | u n d e r s t a n d | p h r a s e s | b e t t e r |	132480	FEMALE
355	10174405558343851822.wav	The blade on a modern ice skate has a double edge with a concave hollow between them. The two edges allow for a better grasp of the ice, even when tilted.	the blade on a modern ice skate has a double edge with a concave hollow between them the two edges allow for a better grasp of the ice even when tilted	t h e | b l a d e | o n | a | m o d e r n | i c e | s k a t e | h a s | a | d o u b l e | e d g e | w i t h | a | c o n c a v e | h o l l o w | b e t w e e n | t h e m | t h e | t w o | e d g e s | a l l o w | f o r | a | b e t t e r | g r a s p | o f | t h e | i c e | e v e n | w h e n | t i l t e d |	192960	MALE
650	4900329448416352783.wav	Thanks to undersea fiber optic cable links to Europe and broadband satellite, Greenland is well connected with 93% of the population having internet access.	thanks to undersea fiber optic cable links to europe and broadband satellite greenland is well connected with 93% of the population having internet access	t h a n k s | t o | u n d e r s e a | f i b e r | o p t i c | c a b l e | l i n k s | t o | e u r o p e | a n d | b r o a d b a n d | s a t e l l i t e | g r e e n l a n d | i s | w e l l | c o n n e c t e d | w i t h | 9 3 % | o f | t h e | p o p u l a t i o n | h a v i n g | i n t e r n e t | a c c e s s |	176640	MALE
920	1357401829541507985.wav	It can save money over buying new maps for a GPS, or a standalone GPS device or renting one from a car rental company.	it can save money over buying new maps for a gps or a standalone gps device or renting one from a car rental company	i t | c a n | s a v e | m o n e y | o v e r | b u y i n g | n e w | m a p s | f o r | a | g p s | o r | a | s t a n d a l o n e | g p s | d e v i c e | o r | r e n t i n g | o n e | f r o m | a | c a r | r e n t a l | c o m p a n y |	173760	MALE
1165	4709842804446646549.wav	Historians have criticized past FBI policies for focusing resources on cases which are easy to solve, especially stolen car cases, with the intent of boosting the agency's success rate.	historians have criticized past fbi policies for focusing resources on cases which are easy to solve especially stolen car cases with the intent of boosting the agency's success rate	h i s t o r i a n s | h a v e | c r i t i c i z e d | p a s t | f b i | p o l i c i e s | f o r | f o c u s i n g | r e s o u r c e s | o n | c a s e s | w h i c h | a r e | e a s y | t o | s o l v e | e s p e c i a l l y | s t o l e n | c a r | c a s e s | w i t h | t h e | i n t e n t | o f | b o o s t i n g | t h e | a g e n c y ' s | s u c c e s s | r a t e |	251520	MALE
678	18034238669406905517.wav	Visa requirements and costs vary from nation to nation and are affected by the country you come from.	visa requirements and costs vary from nation to nation and are affected by the country you come from	v i s a | r e q u i r e m e n t s | a n d | c o s t s | v a r y | f r o m | n a t i o n | t o | n a t i o n | a n d | a r e | a f f e c t e d | b y | t h e | c o u n t r y | y o u | c o m e | f r o m |	144000	MALE
570	609476255896872342.wav	A population is the collection of organisms of a particular species within a given geographic area.	a population is the collection of organisms of a particular species within a given geographic area	a | p o p u l a t i o n | i s | t h e | c o l l e c t i o n | o f | o r g a n i s m s | o f | a | p a r t i c u l a r | s p e c i e s | w i t h i n | a | g i v e n | g e o g r a p h i c | a r e a |	138240	MALE
342	9481485290221600645.wav	Regarding the global financial situation, Zapatero continued by saying that the financial system is a part of the economy, a crucial part."
109	7889083824176980066.wav	太空艙會像流星一樣劃過天際。	The capsule will look much like a shooting star going across the sky.
1270	9924225828650357827.wav	在古埃及、波斯和中國也有廁所。羅馬文明中，廁所有時是男女混浴公共澡堂的一部份。	There were also toilets in ancient Egypt, Persia and China. In Roman civilization, toilets were sometimes part of public bath houses where men and women were together in mixed company.
300	14519165689541933059.wav	禁止同性民事結合的提議經第二次宣判失敗，有可能開啟未來同性民事結合之門。	The failure of the second sentence, which proposes to ban same-sex civil unions, could possibly open the door for civil unions in the future.
227	12333626685853226073.wav	人們因為它對宇宙膨脹的影響才確知它的存在。	Its existence is known only because of its effects on the expansion of the universe.
138	533925981907269309.wav	魚類常死於水中高濃度的毒素。	Fish often die because of the high concentrations of the toxin in the waters.
470	100505492203016885.wav	1480 年代，當黑斯廷斯爵士開始建造這座城堡時，國家當時相對來說和平，只需要抵禦一些四處遊走的小群掠奪者。	In the 1480s, when its construction was begun by Lord Hastings, the country was relatively peaceful and defense was only required against small bands of roving marauders.
1429	10456664845341289507.wav	為什麼交通系統會招來這些怨言，為什麼每天都會出問題？是因為交通工程師能力不足？還是有更根本性的原因？	Why do transportation systems engender such complaints, why do they fail on a daily basis? Are transportation engineers just incompetent? Or is something more fundamental going on?
545	10798890908908574167.wav	美國的計畫仰仗從三個方向同時發動攻擊。	The American plan relied on launching coordinated attacks from three different directions.
118	17464708348902301286.wav	土衛二是太陽系中反射率最高的星體，能反射約 90% 抵達其表面的太陽光。	Enceladus is the most reflective object in the solar system, reflecting about 90 percent of the sunlight that hits it.
663	471219701954382779.wav	舊金山發展出了大規模的觀光基礎建設，包括無數家飯店、餐廳，以及一流的會議設施。	San Francisco has developed a large tourist infrastructure with numerous hotels, restaurants, and top-notch convention facilities.
565	13397832495516834065.wav	只有災難性的，而非抑鬱和恐懼的作用，才是需要每週定期結構性身體活動訓練的條件。	Only the effects of catastrophizing, not depression and fear was conditional of regular weekly structured PA sessions.
77	17767714513958633056.wav	然而，他重申了他先前的說法：「羅訴韋德案」是「國家的既定法律」，並強調了最高法院一致裁決的重要性。	"He did, however, reiterate his earlier statement that Roe v. Wade was the ""settled law of the land"", emphasizing the importance of consistent Supreme Court rulings."
34	16084404375653919333.wav	小畢奇在 2009 年匈牙利大獎賽後失去賽車手的身分。	Piquet Jr. was sacked after the 2009 Hungarian Grand Prix.
421	3970395531019431787.wav	15 世紀左右，愛沙尼亞北部深受德國文化影響。	Around the 15th century, northern Estonia was under great cultural influence of Germany.
418	3382926013494446544.wav	持母語者的數量，會根據是否算入近似方言的使用者數量而改變。	The number of native speakers varies depending on whether or not very closely related dialects are counted.
1252	16420389864759184698.wav	負責整體檢察事宜的蘇格蘭皇家檢察院向記者表示，至少在起訴前，將不再做出任何評論。	Crown Office, which is in overall charge of prosecutions, has indicated to journalists that no further comment will be made at least until indictment.
293	9291096256026588251.wav	有人說山腳下出現與任何火山活動皆無關的烏雲據。	Dark clouds unrelated to any volcanic activity were reported at the base of the mountain.
1387	11275417052456328456.wav	在某些節慶中，參加音樂節的大部分遊客都會選擇在現場露營，而且他們大多認為這是體驗的重要環節。	For some festivals, the vast majority of the attendants to music festivals decide to camp on site, and most attendants consider it a vital part of the experience.
1501	17899117989078361970.wav	該政府部門回應，稱蘋果公司推遲報告一事「令人遺憾」。	"The ministry responded by calling Apple's postponement of the report ""truly regrettable."""
1259	10663149137001351985.wav	輪子以驚人的方式改變了這個世界。輪子對人類最大的貢獻，就是為我們提供了更簡單、更快速的交通運輸方式。	The wheel has changed the world in incredible ways. The biggest thing that the wheel has done for us is given us much easier and faster transportation.
532	14509256553249211170.wav	一場標準比賽是 18 洞，球員一般從球場的第一洞開始，然後在第 18 洞結束。	Eighteen holes are played during a regular round, with players usually starting on the first hole on the course and finishing on the eighteenth.
1397	15401552276584215468.wav	此外，要注意氣味會吸引熊和其他野生動物，因此請避免攜帶或烹煮氣味濃重的食物，並維持營地乾淨。	In addition, be aware that odors attract bears and other wildlife, so avoid carrying or cooking odorous foods and keep a clean camp.
329	16904829726007885353.wav	他在 1945 年加入該隊，並一直待到 1958 年。	He joined them in 1945 and stayed until 1958.
1215	10173306181682446971.wav	位於新斯科舍省哈利法克斯的戴爾豪斯大學醫學教授、加拿大糖尿病協會臨床及科學部門主席埃胡德·烏爾 (Ehud Ur) 醫師警告說，此研究仍在初期階段。	Dr. Ehud Ur, professor of medicine at Dalhousie University in Halifax, Nova Scotia and chair of the clinical and scientific division of the Canadian Diabetes Association cautioned that the research is still in its early days.
103	3494168859087705417.wav	油槽下方有另一個能容納 104,500 桶的第二攔油區，目前尚未裝滿。	Another secondary containment area below the tanks capable of holding 104,500 barrels was not yet filled to capacity.
1314	2251459734205844434.wav	只要您待在此區域，一般而言，不必再次通過護照控制檢查站，即可出入邊境。	As long as you stay in this zone, you can generally cross borders without going through passport control checkpoints again.
160	14002700498679279280.wav	第三名漢姆林落後 20 分，但領先波伊爾 5 分。卡恩和小楚克斯分別以 2220 分和 2207 分位居第五和第六名。	In third, Hamlin is twenty points behind, but five ahead of Bowyer. Kahne and Truex, Jr. are fifth and sixth respectively with 2,220 and 2,207 points.
131	685605276188885778.wav	今天的公告也延續了政府在今年三月所說、將撥款購買更多車廂的承諾。	Today's announcement also extended the government's commitment made in March of this year to fund extra carriages.
764	3082747062505838298.wav	他寄電郵給當地大學的學生，接著收到大量免費住宿的邀請。	He emailed students at the local university and received an overwhelming number of offers for free accommodation.
1350	2242513137507859496.wav	不同的地理區域有不同的定義，在北美等地方，年代限制可能比歐洲短。	The definition has geographic variations, where the age limit might be shorter in places such as North America than in Europe.
1317	11000110177994185487.wav	自給自足式農業是一種單純的農業系統，通常採行有機耕種，保留並使用當地生態區原生作物的種子，採用輪作或其他相對簡單的技術來增加產量。	Subsistence agriculture is a simple, often organic, system using saved seed native to the ecoregion combined with crop rotation or other relatively simple techniques to maximize yield.
1095	10811195666350364929.wav	他們被迫繳稅給美國殖民政權，支付大部分的政府開支，而債券利息則以菲律賓政府的名義透過華爾街銀行浮動。	They were compelled to pay taxes to the U.S. colonial regime to defray a major part of the expenditures and the interest on bonds floated in the name of the Philippine government through the Wall Street banking houses.
447	15349817140251409592.wav	在國家獨立的初期，新加坡植物園的專業知識協助將此島嶼轉變成一個熱帶花園城市。	Early in the nation's independence, Singapore Botanic Gardens' expertise helped to transform the island into a tropical Garden City.
1489	6413544541500952152.wav	弗路克寫到：企圖掩蓋女性疾呼婦女健康的作為都不會成功。	Fluke wrote that the efforts by some to drown out women from speaking out about women’s health were unsuccessful.
940	16678094449532926573.wav	一定要知道可攜帶及不可攜帶的物品種類，若攜帶超出規定數量必須詳實申報。	Make sure you know what you can and cannot bring in and declare anything over the legal limits.
177	341611009683335795.wav	她於 2009 年獲頒年度國家教育局長的頭銜。	In 2009 she was awarded the title of National Superintendent of the Year.
123	4413421307702800387.wav	位在肯亞奈洛比的美國大使館發布一項警告，聲明「索馬利亞的極端主義者」正打算在肯亞和衣索比亞發動自殺炸彈攻擊。	"The United States embassy located in Nairobi, Kenya has issued a warning that ""extremists from Somalia"" are planning to launch suicide bomb attacks in Kenya and Ethiopia."
1282	342208394915253269.wav	德國是二戰時期的共同敵人，促使蘇聯與美國合作。隨著戰爭結束，制度、做法和文化方面的衝突使這些國家有了嫌隙。	Germany was a common enemy in World War 2, leading to cooperation between the USSR and USA. With the end of the war the clashes of system, process and culture led to the countries falling out.
576	13445256471043473731.wav	這種橫衝直撞的遷徙或行進，每次持續約 17 天。	Each of these nomadic rampages or marches lasts for approximately 17 days.
231	4129766362142199236.wav	據說這名男子駕著一輛裝有炸藥的三輪車衝進人群。	The man allegedly drove a three-wheeled vehicle armed with explosives into a crowd.
1444	9604200706610302009.wav	死者為 25 歲的尼可拉斯．阿爾登 (Nicholas Alden) 和 21 歲的札克利．庫德巴克 Zachary Cuddeback 。庫德巴克是巴士的駕駛。	The fatalities were Nicholas Alden, 25, and Zachary Cuddeback, 21. Cuddeback had been the driver.
432	5127487862604571045.wav	土耳其三面環海：西邊的愛琴海﹑北邊的黑海以及南邊的地中海。	Turkey is encircled by seas on three sides: the Aegean Sea to the west, the Black Sea to the north and the Mediterranean Sea to the south.
242	2971064004009958709.wav	無人月球軌道探測器月船 1 號彈出月球撞擊探測器 (MIP)，以每秒 1.5 公里（時速 3000 英里）的速度在月球表面飛馳，成功在月球南極點附近強行著陸。	The unmanned lunar orbiter Chandrayaan-1 ejected its Moon Impact Probe (MIP), which hurtled across the surface of the Moon at 1.5 kilometres per second (3000 miles per hour), and successfully crash landed near the Moon's south pole.
331	3346622683314522425.wav	博貝克在球隊中的出場數與進球數居冠。	No one else has ever made more appearances or scored more goals for the club than Bobek.
1416	12727474637008190849.wav	根據突變的種類、受影響遺傳物質的重要性、以及受影響細胞是否為生殖系細胞，突變能有各種不同的效果。	Mutations can have a variety of different effects depending on the type of mutation, the significance of the piece of genetic material affected and whether the cells affected are germ-line cells.
1068	7749332737188638407.wav	暴民迫使國王和皇后敞開馬車的窗戶。	The mob of people forced the King And Queen to have their carriage windows wide open.
438	3470228403515472427.wav	據說在 1649 年，活佛夏仲阿旺朗傑為了紀念他對抗西藏蒙古軍隊的勝利，而興建了該碉堡。	It is said that in 1649, Zhabdrung Ngawang Namgyel created the fortress to commemorate his victory against the Tibetan-Mongol forces.
520	10125578225016852597.wav	兩百萬到三百萬年前的手骨化石，顯示從運動到操作，手部功能的轉變。	Fossil hand bones two million to three million years old reveal this shift in specialization of the hand from locomotion to manipulation.
136	2139083359284840534.wav	自然因素可以交互作用產生理想的環境，讓這種藻類的數量急速增加。	Natural factors can intersect to produce ideal conditions, allowing this algae to increase in number dramatically.
1226	5079652911554537318.wav	中央邦警方找回了失竊的筆記型電腦和手機。	The Madhya Pradesh Police recovered the stolen laptop and mobile phone.
440	15903331705495291395.wav	大火過後，堡壘倖存且受到保護，仍是不丹最令人驚嘆的景點之一。	After the fire, the fortress was preserved and protected, remaining to be one of Bhutan's most sensational attractions.
1173	10089815354585807899.wav	打算到國外接受變性手術的旅人，務必要攜帶有效的回程文件。	Voyagers planning sex reassignment surgery abroad must ensure they're carrying valid documents for the return trip.
783	10460520966668281800.wav	人們經常認為野生動物攝影沒什麼獨特之處，但就和一般攝影作品一樣，一張照片就能包含千言萬語。	Wildlife photography is often taken for granted, but like photography in general, a picture is worth a thousand words.
1284	7496369752192534353.wav	這並不是什麼丟臉的事：這和許多人害怕或厭惡某些特定的東西沒什麼不同。	It is not something to be ashamed of: it is no different from the personal fears and dislikes of other things that very many people have.
133	10241525661764476501.wav	洛杉磯警局發言人克里斯多夫．賈西亞表示，該名男性嫌疑犯正以非法侵入罪名接受調查，而非破壞公物。	Christopher Garcia, a spokesperson of the Los Angeles Police Department, said the suspected male offender is being investigated for trespassing rather than vandalism.
894	11817106839043855977.wav	它們不太靈活，所以路徑必須沿著橫貫南極山脈繞著長長的彎路才能抵達高原上方。	These aren't very nimble so the trail has to take a long swerve around the Transantarctic Mountains to come onto the plateau.
1007	7332402294566555089.wav	自給自足式農業是作物產量只足夠讓農人和其家人溫飽的農業型態。	Subsistence agriculture is agriculture carried out for the production of enough food to meet just the needs of the agriculturalist and his/her family.
39	4051977328315122951.wav	節目的每一集將專注在一本特定書籍中的某個主題上，並接著藉由多個故事來探索該主題。	Each episode of the show would focus on a theme in a specific book and then explore that theme through multiple stories.
690	2485166687503883036.wav	豬山寺廟位於暹粒市西南方 12 公里處。這座山頂上的寺廟建於 9 世紀末，時值耶輸跋摩國王統治時期。	Phnom Krom, 12 km southwest of Siem Reap. This hilltop temple was built at the end of the 9th century, during the reign of King Yasovarman.
10	2726989454313649878.wav	警察在 11 點 20 分要求抗議者退回到人行道，並對抗議者表明他們得在抗議權和堵塞交通間取得平衡。	At 11:20, the police asked the protesters to move back on to the pavement, stating that they needed to balance the right to protest with the traffic building up.
486	5651994169989955911.wav	錫克教是源自印度次大陸的宗教。其起源為 15 世紀旁遮普地區自印度教傳統中分裂出來的派別。	Sikhism is a religion from the Indian sub-continent. It originated in the Punjab region during the 15th century from a sectarian split within the Hindu tradition.
443	15932031224889954340.wav	在 18 世紀最後幾年，越南人也入侵了柬埔寨。	In the last years of the 18th century the Vietnamese also invaded Cambodia.
518	17028471832326831098.wav	黑猩猩手和腳的尺寸與長度相當，反映了牠們的手在握拳行走時承受重量的作用。	The chimpanzee's hand and foot are similar in size and length, reflecting the hand's use for bearing weight in knuckle walking.
84	4117520410556283925.wav	牠的第二隻爪比較大，使牠獲得西爪龍的封號，意指「西方之爪」。	"Its second claw was larger, giving rise to the name Hesperonychus which means ""western claw."""
1071	3725131937684955853.wav	國際制裁表示無法購入新飛機。	International sanctions have meant that new aircraft cannot be purchased.
1231	9048598682477779036.wav	對人體有致命危險的禽流感病毒株 H5N1，已證實感染了一隻於週一在法國東部里昂附近沼澤地中發現的死野鴨。	The strain of bird flu lethal to humans, H5N1, has been confirmed to have infected a dead wild duck, found on Monday, in marshland near Lyon in the east of France.
24	11452465928127924120.wav	獲得今日最佳球員的是華盛頓首都隊的亞歷克斯．歐維契金。	Today's Player of the Day is Alex Ovechkin of the Washington Capitals.
1032	6724246664828144135.wav	緊急救難人員將駕駛員從紅色奧迪 TT 中救出來時，發生車禍的路段暫時封閉。	The road where the crash happened was temporarily closed while emergency services freed the driver from the red Audi TT.
519	10457642894676225140.wav	人類的手比腳短，且手的指骨較直。	The human hand is shorter than the foot, with straighter phalanges.
673	17434434344925823012.wav	比鄰幻影牧場的光耀天使營地等最熱門的營位區通常在開放預約申請的第一天就滿額了。	Space for the most popular areas, such as the Bright Angel Campground adjacent to Phantom Ranch, generally fill up by the requests received on first date they are opened to reservations.
1174	669059692933283161.wav	談判者嘗試矯正當時的狀況，但囚犯們的需求並不明確。	Negotiators tried to rectify the situation, but the prisoners' demands are not clear.
546	3379509046287112788.wav	約翰·卡德瓦爾德 (John Cadwalder) 將軍將對在博登敦 (Bordentown) 的英國駐軍發動牽制攻擊，以封鎖任何支援部隊。	General John Cadwalder would launch a diversionary attack against the British garrison at Bordentown, in order to block off any reinforcements.
237	5116993564790171437.wav	「它的特性就跟水一樣。透明如水。	"It's going to behave like water. It's transparent just the way water is.	it's going to behave like water it's transparent just the way water is	i t ' s | g o i n g | t o | b e h a v e | l i k e | w a t e r | i t ' s | t r a n s p a r e n t | j u s t | t h e | w a y | w a t e r | i s |	100800	FEMALE
684	1084651661465491232.wav	On the other hand, it is precisely because the volume of water is so high that your viewing of the actual Falls will be obscured—by all the water!	on the other hand it is precisely because the volume of water is so high that your viewing of the actual falls will be obscured-by all the water	o n | t h e | o t h e r | h a n d | i t | i s | p r e c i s e l y | b e c a u s e | t h e | v o l u m e | o f | w a t e r | i s | s o | h i g h | t h a t | y o u r | v i e w i n g | o f | t h e | a c t u a l | f a l l s | w i l l | b e | o b s c u r e d - b y | a l l | t h e | w a t e r |	139200	FEMALE
1350	2009822590749185603.wav	The definition has geographic variations, where the age limit might be shorter in places such as North America than in Europe.	the definition has geographic variations where the age limit might be shorter in places such as north america than in europe	t h e | d e f i n i t i o n | h a s | g e o g r a p h i c | v a r i a t i o n s | w h e r e | t h e | a g e | l i m i t | m i g h t | b e | s h o r t e r | i n | p l a c e s | s u c h | a s | n o r t h | a m e r i c a | t h a n | i n | e u r o p e |	173760	FEMALE
586	14665137902362733249.wav	However, the first true telescopes were made in Europe in the late 16th century.	however the first true telescopes were made in europe in the late 16th century	h o w e v e r | t h e | f i r s t | t r u e | t e l e s c o p e s | w e r e | m a d e | i n | e u r o p e | i n | t h e | l a t e | 1 6 t h | c e n t u r y |	89280	FEMALE
434	5050128232683050697.wav	Present-day parts of Belgium were part of Luxembourg in the past but became Belgian after the 1830s Belgian Revolution.	present-day parts of belgium were part of luxembourg in the past but became belgian after the 1830s belgian revolution	p r e s e n t - d a y | p a r t s | o f | b e l g i u m | w e r e | p a r t | o f | l u x e m b o u r g | i n | t h e | p a s t | b u t | b e c a m e | b e l g i a n | a f t e r | t h e | 1 8 3 0 s | b e l g i a n | r e v o l u t i o n |	217920	FEMALE
1358	403262002602123645.wav	One antibody cocktail, ZMapp, initially showed promise in the field, but formal studies indicated it had less benefit than sought in preventing death.	one antibody cocktail zmapp initially showed promise in the field but formal studies indicated it had less benefit than sought in preventing death	o n e | a n t i b o d y | c o c k t a i l | z m a p p | i n i t i a l l y | s h o w e d | p r o m i s e | i n | t h e | f i e l d | b u t | f o r m a l | s t u d i e s | i n d i c a t e d | i t | h a d | l e s s | b e n e f i t | t h a n | s o u g h t | i n | p r e v e n t i n g | d e a t h |	169920	MALE
1495	13848213392004173961.wav	Others include Livingston Island, and Deception where the flooded caldera of a still-active volcano provides a spectacular natural harbour.	others include livingston island and deception where the flooded caldera of a still-active volcano provides a spectacular natural harbour	o t h e r s | i n c l u d e | l i v i n g s t o n | i s l a n d | a n d | d e c e p t i o n | w h e r e | t h e | f l o o d e d | c a l d e r a | o f | a | s t i l l - a c t i v e | v o l c a n o | p r o v i d e s | a | s p e c t a c u l a r | n a t u r a l | h a r b o u r |	206400	MALE
100	5620659463737783173.wav	A power failure following a routine fire-command system test caused relief valves to open and crude oil overflowed near the Fort Greely pump station 9.	a power failure following a routine fire-command system test caused relief valves to open and crude oil overflowed near the fort greely pump station 9	a | p o w e r | f a i l u r e | f o l l o w i n g | a | r o u t i n e | f i r e - c o m m a n d | s y s t e m | t e s t | c a u s e d | r e l i e f | v a l v e s | t o | o p e n | a n d | c r u d e | o i l | o v e r f l o w e d | n e a r | t h e | f o r t | g r e e l y | p u m p | s t a t i o n | 9 |	196800	MALE
67	10880833674931415946.wav	After it became apparent that many families were seeking legal help to fight the evictions, a meeting was held on March 20 at the East Bay Community Law Center for the victims of the housing scam.	after it became apparent that many families were seeking legal help to fight the evictions a meeting was held on march 20 at the east bay community law center for the victims of the housing scam	a f t e r | i t | b e c a m e | a p p a r e n t | t h a t | m a n y | f a m i l i e s | w e r e | s e e k i n g | l e g a l | h e l p | t o | f i g h t | t h e | e v i c t i o n s | a | m e e t i n g | w a s | h e l d | o n | m a r c h | 2 0 | a t | t h e | e a s t | b a y | c o m m u n i t y | l a w | c e n t e r | f o r | t h e | v i c t i m s | o f | t h e | h o u s i n g | s c a m |	228480	FEMALE
504	6862060734025715797.wav	MySpace is the third most popular website used in the United States and has 54 million profiles currently.	myspace is the third most popular website used in the united states and has 54 million profiles currently	m y s p a c e | i s | t h e | t h i r d | m o s t | p o p u l a r | w e b s i t e | u s e d | i n | t h e | u n i t e d | s t a t e s | a n d | h a s | 5 4 | m i l l i o n | p r o f i l e s | c u r r e n t l y |	183360	FEMALE
632	2394313082741771249.wav	Among these abilities, understanding the intention of others is crucial. It allows us to resolve possible ambiguities of physical actions.	among these abilities understanding the intention of others is crucial it allows us to resolve possible ambiguities of physical actions	a m o n g | t h e s e | a b i l i t i e s | u n d e r s t a n d i n g | t h e | i n t e n t i o n | o f | o t h e r s | i s | c r u c i a l | i t | a l l o w s | u s | t o | r e s o l v e | p o s s i b l e | a m b i g u i t i e s | o f | p h y s i c a l | a c t i o n s |	303360	MALE
518	1409468527352167880.wav	The chimpanzee's hand and foot are similar in size and length, reflecting the hand's use for bearing weight in knuckle walking.	the chimpanzee's hand and foot are similar in size and length reflecting the hand's use for bearing weight in knuckle walking	t h e | c h i m p a n z e e ' s | h a n d | a n d | f o o t | a r e | s i m i l a r | i n | s i z e | a n d | l e n g t h | r e f l e c t i n g | t h e | h a n d ' s | u s e | f o r | b e a r i n g | w e i g h t | i n | k n u c k l e | w a l k i n g |	156480	FEMALE
55	587868860924920396.wav	Peter Costello, Australian treasurer and the man most likely to succeed Prime Minister John Howard as Liberal party leader has thrown his support behind a nuclear power industry in Australia.	peter costello australian treasurer and the man most likely to succeed prime minister john howard as liberal party leader has thrown his support behind a nuclear power industry in australia	p e t e r | c o s t e l l o | a u s t r a l i a n | t r e a s u r e r | a n d | t h e | m a n | m o s t | l i k e l y | t o | s u c c e e d | p r i m e | m i n i s t e r | j o h n | h o w a r d | a s | l i b e r a l | p a r t y | l e a d e r | h a s | t h r o w n | h i s | s u p p o r t | b e h i n d | a | n u c l e a r | p o w e r | i n d u s t r y | i n | a u s t r a l i a |	260160	FEMALE
360	2251322340497037905.wav	Scientists call this process stimulated emission of radiation"" because the atoms are stimulated by the bright light, causing the emission of a photon of light, and light is a type of radiation."
1312	1858371708629586855.wav	請隨意用鉛筆做記號，但請記得，頁面上印出的運弓記號都有音樂上的作用，所以不應忽略。	Feel free to pencil in your own marks, but remember the printed bowing marks are there for a musical reason, so they should usually be respected.
680	4499937620833296873.wav	維多利亞瀑布鎮位在辛巴威西部，鄰近尚比亞邊境的利文斯頓，也很靠近波札那。	Victoria Falls is a town in the western portion of Zimbabwe, across the border from Livingstone, Zambia, and near Botswana.
747	8796622836771170834.wav	因此，在最頂級的這類場所容易找到最奢華的寢具，也許是手工被單或骨董床。	Accordingly, at the finest such establishments one is apt to find the most luxurious bedding, maybe a handmade quilt or an antique bed.
350	6703728213523596032.wav	科學家正努力打造一種可透過相同方式產生能源的反應器。	Scientists are working to create a reactor that can make energy in the same way.
1159	8144958815936629122.wav	不僅是對於外在週期線索做出反應的週期節律，在細菌、真菌、植物與動物等大部分的生物身上都可觀察到。	Periodic rhythms, which are not simply responses to external periodic cues, have been documented for most living beings, including bacteria, fungi, plants, and animals.
432	10087110044227387688.wav	土耳其三面環海：西邊的愛琴海﹑北邊的黑海以及南邊的地中海。	Turkey is encircled by seas on three sides: the Aegean Sea to the west, the Black Sea to the north and the Mediterranean Sea to the south.
618	10537317531072924285.wav	它們稱自己為莫里奧里人，之前發生了一些小衝突，而最終莫里奧里人被抹消了。	They called themselves the Moriori there were a few skirmishes and in the end, the Moriori were wiped out
26	16981116384677472497.wav	奧維琴根當晚第一記助攻，就獻給新人尼可拉斯‧巴克斯卓打進的那顆致勝球；	Ovechkin's first assist of the night was on the game-winning goal by rookie Nicklas Backstrom;
159	10243842285681366454.wav	強森獲得 2,243 分，以七分之差的成績屈居第二。	Seven points behind, Johnson is second with 2,243.
152	13825276315824176501.wav	2010 年，如今的高街銀行北岩銀行公眾有限公司儘管已經國有化，但卻從被稱為「壞銀行」的北岩（資產管理）分離出來。	In 2010, while nationalised, the current high street bank Northern Rock plc was split from the ‘bad bank’, Northern Rock (Asset Management).
1496	4838777010987446495.wav	一般來說，參加這些教學計畫必須支付學費。	Typically there will be a tuition fee to enroll in these educational programs.
918	12543048220964544212.wav	此類別中最著名的應用程式之一是 Google 翻譯，它可以在下載所需的語言資料後，進行離線翻譯。	One of the most prominent apps in this category is Google Translate, which allows offline translation after downloading the desired language data.
195	1410646742059961342.wav	這位巴西人在 2009 年匈牙利大獎賽中遭遇車禍，頭部嚴重傷害。	The Brazilian suffered a serious head injury after a crash during the 2009 Hungarian Grand Prix.
1002	9027741735182648618.wav	該名攝影師被送往加州大學洛杉磯分校雷根醫學中心，之後仍不幸死亡。	The photographer was transported to Ronald Reagan UCLA Medical Center, where he subsequently died.
318	6402683583479912783.wav	他以前的學生表示：「他在課堂上會用俚語，做筆記教我們約會技巧，他跟學生亦師亦友。」	A former student said that he 'used slang in class, taught dating skills in notes, and was just like the students' friend.'
179	8962996922643708560.wav	不久之後，亞特蘭大憲法報發布了一份報告，指出測試結果存在問題。	Shortly after, The Atlanta Journal-Constitution published a report showing problems with test results.
1398	6523856151461033874.wav	伊朗在上個月發生了數年來最慘的一起空難，一架飛往亞美尼亞的班機墜毀，機上有 168 人罹難。	Last month Iran saw its worst air disaster in years when an airliner heading to Armenia crashed, killing the 168 on board.
436	12412242099097277885.wav	1957 年，盧森堡成為了如今被稱為歐洲聯盟的組織的創始成員之一。	In 1957 Luxembourg became a founding member of the organization which is today known as the European Union.
1024	3897131973515096592.wav	東京將成為唯一一座主辦過兩場夏季奧林匹克運動會的亞洲城市，上一次舉辦是在 1964 年。	Tokyo will be the only Asian city to have hosted two summer Olympics, having hosted the games in 1964.
414	2586945128582604616.wav	我們認識許多希臘政治家、科學家和藝術家；此文化中最知名的人物也許是傳奇的失明詩人—荷馬，他創作了希臘兩大傑作：史詩《伊利亞德》和《奧德賽》。	We know many Greek politicians, scientists, and artists. Possibly the most known person of this culture is Homer, the legendary blind poet, who composed two masterpieces of Greek literature: the poems Iliad and Odyssey.
11	330086180618883874.wav	11:29 左右，示威者朝白廳移動，越過特拉法加廣場，沿著河岸街，經過奧德維奇，自金斯威往北朝霍本前進，當時保守黨正於此處的格蘭康納特飯店舉行春季座談會。	Around 11:29, the protest moved up Whitehall, past Trafalgar Square, along the Strand, passing by Aldwych and up Kingsway towards Holborn where the Conservative Party were holding their Spring Forum in the Grand Connaught Rooms hotel.
282	3723279784450180428.wav	據警方估計，柏林約有 6,500 名抗議者。	In Berlin, police estimated 6,500 protestors.
904	2398730584494067357.wav	它們會產生強風（通常為 100-200 英里/小時），且可以將重物抬舉至空中，並隨著龍捲風移動。	They generate high winds (often 100-200 miles/hour) and can lift heavy objects into the air, carrying them as the tornado moves.
415	14381909989639419435.wav	蘇弗克里茲和亞里斯多芬至今依然是備受歡迎的劇作家，他們的劇本被視為最偉大的世界文學作品之一。	Sophocles and Aristophanes are still popular playwrights and their plays are considered to be among the greatest works of world literature.
1107	9683409938852257951.wav	無論他們看起來有多溫順，野牛、駝鹿、麋鹿、熊與幾乎所有大型動物都具攻擊性。	No matter how docile they may look, bison, elk, moose, bears, and nearly all large animals can attack.
917	13409637334167113884.wav	翻譯引擎已有巨大的改進，現在通常提供或多或少正確的翻譯（和更少的胡言亂語），但因為翻譯結果仍可能完全是錯誤的，應對其持有一些小心謹慎的態度。	The translation engines have improved dramatically, and now often give more or less correct translations (and more seldom gibberish), but some care is due, as they still may have gotten it all wrong.
1309	6488027498610909072.wav	其中包含在昨天的女子站姿滑雪超大曲道比賽中獲得第九名之荷蘭選手安娜‧約赫姆森，以及同一賽事裡第十名的芬蘭選手卡蒂亞·薩利寧。	They include the Netherlands, with Anna Jochemsen finishing ninth in the women's standing class in the Super-G yesterday, and Finland with Katja Saarinen finishing tenth in the same event.
94	15550640847437407629.wav	這與之前的報告互相矛盾，後者曾表示取消第二輪選舉將違反憲法。	This contradicts earlier reports, which said that cancelling the runoff would have been against the constitution.
1084	1591401699610416799.wav	這不僅證明了一個廣泛流傳的理論，認為至少某些恐龍有羽毛，也提供了大部分化石無法提供的細節，例如顏色和立體組成方式。	This not only confirms that at least some dinosaurs had feathers, a theory already widespread, but provides details fossils generally cannot, such as color and three-dimensional arrangement.
1055	6516757062940969948.wav	2010 年發生地震後，抵達海地的聯合國維和部隊被認為是傳播該疾病的罪魁禍首，該疾病始於部隊的營地附近。	UN peacekeepers, whom arrived in Haiti after the 2010 earthquake, are being blamed for the spread of the disease which started near the troop's encampment.
482	16289880254650002520.wav	神祕主義是追求與終極現實、神性、屬靈的真理、或神之間的交流、認同、或意識覺醒。	Mysticism is the pursuit of communion with, identity with, or conscious awareness of an ultimate reality, divinity, spiritual truth, or God.
511	15638546961018730748.wav	患有注意力缺失症的兒童，很難專注於學校作業之類的事物，但他們能專心做自己有興趣的事情，比方玩遊戲或觀賞他們喜歡的卡通，或書寫文句但不加標點符號。	Children with ADD have a hard time focusing on things like school work, but they can concentrate on things they enjoy doing like playing games or watching their favorite cartoons or writing sentences without punctuation.
864	7212926604340208135.wav	此外，在溫暖的氣候下，細菌不但繁殖得更快，也能在體外存活較長的時間。	Also, in warmer climates bacteria both grow more quickly and survive longer outside the body.
453	10831717536013439646.wav	互動式設計需要你重新評估對媒體製作的假設，以及學習以非線性的方式思考。	Interactive design requires that you re-assess your assumptions about media production and learn to think in a non-linear ways.
1137	10159240090532271705.wav	在哈爾多斯維克村能看到鄰近的東島景色，且有一座而特別的八角形教堂。	The village of Haldarsvík offer views of the nearby island Eysturoy and has an unusual octagonal church.
1159	4132654941132886101.wav	不僅是對於外在週期線索做出反應的週期節律，在細菌、真菌、植物與動物等大部分的生物身上都可觀察到。	Periodic rhythms, which are not simply responses to external periodic cues, have been documented for most living beings, including bacteria, fungi, plants, and animals.
1424	15434804711798233935.wav	檢視該特定毒物標籤上的急救說明。	Check the label for specific first aid instructions for that specific poison.
313	915785380181476635.wav	那名 30 歲、生於水牛城的丈夫，是在槍擊案中被殺的四名死者之一，但她的妻子並未受傷。	The 30-year-old husband, who was born in Buffalo, was one of the four killed in the shooting, but his wife was not hurt.
809	2753714376613160623.wav	不過，全世界有許多大異其趣的咖啡飲用方式都值得體驗。	Nevertheless, there are many distinctive ways of drinking coffee around the world that are worth experiencing.
428	9454424934266963053.wav	歐洲土耳其 (位於巴爾幹半島的東色雷斯，或稱魯米利亞) 占其國家面積 3%。	European Turkey (eastern Thrace or Rumelia in the Balkan peninsula) includes 3% of the country.
1233	492930629519266157.wav	這種觀念來自中國，而中國人賞的是梅花。	The concept came from China where plum blossoms were the flower of choice.
468	7608752733635664456.wav	柯比莫斯洛 (Kirby Muxloe) 城堡在當時極為典型，比較像是加強防守的住家，而非真正的城堡。	Typical for the period, Kirby Muxloe Castle is more of a fortified house than a true castle.
1276	10954743077464821322.wav	俄亥俄州有關當局週三表示，一名在賓州匹玆堡兒童醫院工作的醫師，在被發現她母親死於她後車箱中後，將被控加重謀殺罪。	A doctor who worked at Children's Hospital of Pittsburgh, Pennsylvania will be charged with aggravated murder after her mother was found dead in the trunk of her car Wednesday, authorities in Ohio say.
1205	17273883148415987607.wav	表演節目從當地時間晚間 8 點半開始（UTC 15:00 ）。	The program started at 8:30 p.m. local time (15.00 UTC).
571	3157309414725841232.wav	當群體內的所有個體在特定表徵方面都一致之時，便稱為單型性。	When all individuals in a population are identical with regard to a particular phenotypic trait they are known as monomorphic.
392	12825614608879766496.wav	梵語是一種非常複雜又豐富的語言，也是印度許多種現代語言的來源，好比拉丁語也是法語和西班牙語等歐洲語言之源頭一樣。	Sanskrit is a very complex and rich language, which has served to be the source for many modern Indian languages, just like Latin is the source for European languages like French and Spanish.
117	13785994003273981927.wav	科學家懷疑土衛二的地表活動活躍，可能是土星冰狀 E 環的來源。	Scientists have suspected Enceladus as geologically active and a possible source of Saturn's icy E ring.
1325	11897275616568663744.wav	這個過程稱為種化，表示新物種產生。種化是演化過程中無法避免的後果，也是很重要的一環。	We call this process speciation, which just means the formation of new species. Speciation is an unavoidable consequence and a very important part of evolution.
201	902639387960011469.wav	原為薩菲爾-辛普森颶風風力等級分類中第四級颶風的費莉希亞在星期二消散前減弱為熱帶低氣壓。	Felicia, once a Category 4 storm on the Saffir-Simpson Hurricane Scale, weakened to a tropical depression before dissipating Tuesday.
800	11217521543128343280.wav	駝鹿（常稱為麋鹿）並非天生就具有攻擊性，但遭受威脅時會保護自己。	Moose (also known as elk) aren't inherently aggressive, but will defend themselves if they perceive a threat.
1443	1304948498532922841.wav	賞櫻，又稱為「花見」，從西元 8 世紀起就是日本文化的一環。	Cherry blossom viewing, known as hanami, has been a part of Japanese culture since the 8th century.
200	7472268941270116144.wav	阿里亞斯在一份聲明中表示：「我希望在週一返回我的工作崗位。」	"I expect to return to all my duties on Monday,"" Arias said in a statement."
138	2655705404671231209.wav	魚類常死於水中高濃度的毒素。	Fish often die because of the high concentrations of the toxin in the waters.
834	9658062651757906399.wav	可能須至當地警局填寫表單或走一趟移民局。	This might require filling out a form with the local police or a visit to the immigration offices.
1269	6866729023063669803.wav	不過令人好奇的是，這裡的行動通訊服務比沿途其他路段還要強得多，例如賓州野地。	Curiously, though, mobile phone service is much stronger here than along many other stretches of the route, e.g. the Pennsylvania Wilds.
1401	10256013293762944029.wav	美國地質調查局 (USGS) 和美國地震資訊中心並未收到任何立即的災害報告。	No immediate reports of damage have been received by the United States Geological Survey (USGS) and its National Earthquake Information Center.
472	12263802139028609267.wav	這其中的概念是，所有歐洲國家必須努力預防單一國家壯大，因此各國政府常常改換同盟來維持平衡。	The concept was that all European nations had to seek to prevent one nation from becoming powerful, and thus national governments often changed their alliances in order to maintain the balance.
1214	13791677372421135736.wav	但一般認為這並未對太空梭造成任何損害。	However, they are not thought to have caused any damage to the shuttle.
1135	1297859081997741355.wav	該文件由約翰尼克森於 7 月 8 日在獨立廳的庭院內首次公開宣讀。	The first public reading of the document was by John Nixon in the yard of Independence Hall on July 8.
75	15800697648892510818.wav	此外，首席法官依凡傑洛斯・克勞西斯因涉嫌貪瀆及墮落行為而鋃鐺入獄。	Moreover, top judge Evangelos Kalousis is imprisoned as he found guilty of corruption and degenerate behaviour.
1165	2617109351273539543.wav	歷史學家曾經批評，過去聯邦調查局的政策是將資源集中在容易解決的案件，尤其是汽車失竊案，目的是要提高該機構的成功率。	Historians have criticized past FBI policies for focusing resources on cases which are easy to solve, especially stolen car cases, with the intent of boosting the agency's success rate.
15	9783372532457692260.wav	紅土之王在賽後說道：「能在最重要的賽事中重返最後一輪，我感到興奮不已，我會盡力贏得比賽。」	"After the match, King of Clay said, ""I am just excited about being back in the final rounds of the most important events. I am here to try to win this."""
193	8427117277401438361.wav	退一步來說，無論困在雲霄飛車上的時間長短，這都是令人非常不舒服的經歷，而且至少要花一個小時才能把第一個人從雲霄飛車上救下來。」	"Any length of time trapped on a roller coaster would be uncomfortable, to say the least, and it took at least an hour to get the first person off the ride."""
1056	2534558286369144994.wav	但若用於沒有其他修飾語的情況，此用語通常是指源於爪哇本島中部和東部的食物。	But, if used without further qualifiers, the term tends to mean the food originally from the central and eastern parts of the main island Java.
663	3686187884234078278.wav	舊金山發展出了大規模的觀光基礎建設，包括無數家飯店、餐廳，以及一流的會議設施。	San Francisco has developed a large tourist infrastructure with numerous hotels, restaurants, and top-notch convention facilities.
1155	4815113989083120454.wav	範例包含控制、計畫與排程，回答顧客診斷與問題的能力，以及辨識手寫文字、聲音與人臉。	Examples include control, planning and scheduling, the ability to answer customer diagnoses and questions, as well as handwriting recognition, voice and face.
678	6890188012001931806.wav	各國的簽證要求和費用不盡相同，也會跟所屬國家或地區有關。	Visa requirements and costs vary from nation to nation and are affected by the country you come from.
379	15664323559960065877.wav	大約三千年後，1610 年義大利天文學家伽利略·伽利萊使用望遠鏡觀察到金星和月亮一樣有圓缺變化。	About three thousand years later, in 1610, Italian astronomer Galileo Galilei used a telescope to observe that Venus has phases, just as the moon does.
911	5255840285841674705.wav	實際目的是讓公司更能掌控他們的市場；一切都是為了賺錢。	The actual purpose is to give those companies more control over their markets; it's all about money spinning.
218	507313760800359284.wav	表決仍需在 10 月份的哥本哈根會議上經國際奧林匹克委員會全體委員批准。	The vote must still be ratified by the full IOC at it's October meeting in Copenhagen.
952	6161652588109866034.wav	航空聯盟中要選哪家作為飛行常客航空公司應當謹慎考慮。	You should choose your Frequent Flyer airline in an alliance carefully.
521	14206179551838859214.wav	有些人認為時常體驗多次人為誘發的清醒夢會變得非常疲倦。	Some people believe that experiencing many artificially induced lucid dreams often enough can be very exhausting.
321	12870603204156537063.wav	自此之後，中國的經濟規模成長了 90 倍。	Since then, China's economic size has grown by 90 times.
433	7315965879728367276.wav	盧森堡的歷史悠久，但 1839 年後才獨立 。	Luxembourg has a long history but its independence dates from 1839.
705	14387970203332277069.wav	但您不需要太擔心，因為通常都會有許多旅客四處詢問加入旅行團。	However, this shouldn't really be off your concern, because often tourists are shuffled around to fill the cars.
119	13061535308816764876.wav	遊戲發行商科樂美今日於一家日本報紙發表聲明，表示不會發表《法魯加六日》這款遊戲。	The game publisher Konami stated today in a Japanese newspaper that they will not be releasing the game Six Days in Fallujah.
341	7510345146266867594.wav	扎耶特並未因事故受傷。	Zayat was unhurt in the accident.
108	3192681132287272062.wav	當太空艙在大約凌晨 5 點 (美東時間) 抵達地球並進入大氣層時，預計將會為北加州、奧瑞岡州、內華達州和猶他州居民上演一場精采燈光秀。	When the capsule gets to Earth and enters the atmosphere, at about 5am (eastern time), it is expected to put on quite a light show for folks in Northern California, Oregon, Nevada, and Utah.
339	8945157527169199984.wav	蘭茲在熱身圈時摔車，被同為選手的賽維爾‧札亞特撞上。	While on his warm-up lap, Lenz fell off his bike, and was then struck by fellow racer Xavier Zayat.
790	14758323927813560221.wav	想像一下，在多倫多一間餐廳裡，各有一名曼徹斯特人、波士頓人、牙買加人和雪梨人圍坐在一張桌子吃晚餐。	Imagine, if you will, a Mancunian, Bostonian, Jamaican and Sydneysider sitting around a table having dinner at a restaurant in Toronto.
566	15232803496755370631.wav	那些進行規律活動的人在對於疼痛的負面感知即慢性疼痛及一般物理性動作所造成的不適感之間的區別，需要更多的協助。	Those participating in regular activity required more support in terms of negative perception of pain distinguishing the differences of chronic pain and discomfort feel from normal physical movement.
53	2267919291671523492.wav	如果獲得批准，法院助理法官會決定保釋金額，並正式受理執行逮捕之警員提出的指控。接下來這些指控會進入該州的電腦系統，藉以追蹤案件進度。	The commissioner sets bail, if granted, and formalizes the charges filed by the arresting officer. The charges are then entered into the state's computer system where the case is tracked.
277	7785036228919536105.wav	身為美國眾議院能源及貿易委員會的監督和調查小組委員會的主席，司坦斯正在調查納稅人的錢是否透過「計劃生育協會」被用來資助墮胎。	Stearns is investigating whether taxes are used to fund abortions through Planned Parenthood in his role as chairman of the Oversight and Investigations Subcommittee, which is under the umbrella of the House Energy and Commerce Committee.
394	3692659452011127289.wav	德國給那次攻擊取了「海獅計畫」的代號。英國軍隊從敦克爾克撤退時，大多數的重型武器和補給品都沒了，所以那時的英軍相當虛弱。	Germany code-named the attack “Operation Sealion”. Most of the British Army's heavy weapons and supplies had been lost when it evacuated from Dunkirk, so the army was fairly weak.
1205	11535045497145318399.wav	表演節目從當地時間晚間 8 點半開始（UTC 15:00 ）。	The program started at 8:30 p.m. local time (15.00 UTC).
235	13713158087796891453.wav	「我們真的都嚇呆了」這位母親表示。	We were all simply in shock, the mother stated.
57	4777246460650373528.wav	「一旦它能夠商業化，我們就應該要擁有。也就是說，對核能發電並沒有原則上的反對，」卡斯特洛先生說。	If it becomes commercial, we should have it. That is, there's no in-principle objection to nuclear energy Mr Costello said.
787	243088588523307488.wav	全世界有五千多種語言，其中超過二十種最少都有五千萬的使用者。	The world has over 5,000 different languages, including more than twenty with 50 million or more speakers.
248	4563206365419273093.wav	根據巴基斯坦憲法第 247 條，這些官員需負責治理與提供司法服務。	These agents are responsible for providing government and judicial services under Article 247 of the Pakistani Constitution.
558	11193822108411724872.wav	原子是一組非常複雜的結構。根據簡化的波爾模型，其包含在中央的核心，以及環繞核心的電子，與環繞太陽的行星有些類似。見圖表 1.1。	Its a very complex entity which consists, according to a simplified Bohr model, of a central nucleus orbited by electrons, somewhat similar to planets orbiting the sun - see Figure 1.1.
601	9450508058863921903.wav	元素和化合物可以從一種狀態移動到另外一種狀態時，而本質不會產生變化。	Elements and compounds can move from one state to another and not change.
453	13430347788468011672.wav	互動式設計需要你重新評估對媒體製作的假設，以及學習以非線性的方式思考。	Interactive design requires that you re-assess your assumptions about media production and learn to think in a non-linear ways.
421	9840070276380521658.wav	15 世紀左右，愛沙尼亞北部深受德國文化影響。	Around the 15th century, northern Estonia was under great cultural influence of Germany.
456	8716437240221527640.wav	隨著鏡片製造商的鏡片生產達到更高水準，這已不再成為問題。	This is becoming less of an issue as lens manufacturers achieve higher standards in lens production.
564	9226147720802812305.wav	研究發現，抑鬱、恐懼感和災難化可以調解下背部疼痛患者疼痛與失能之間的關係。	The study found that depression, fear and catastrophising mediated the relationship between pain and disability in lower back pain sufferers.
161	10711551306421828904.wav	在賽季仍剩四場賽事的情況下，史都華、戈登、肯瑟斯和哈維克分佔了車手冠軍排行榜的前十名。	Stewart, Gordon, Kenseth, and Harvick round out the top-ten positions for the Drivers' Championship with four races remaining in the season.
1289	8216170007469588283.wav	鯊魚的確存在，然而牠們很少攻擊人類。多數鯊魚害怕人類且會游走。	Sharks do exist, however they rarely attack humans. Most sharks are scared of humans and would swim away.
1213	5095248344885848588.wav	不過，即便是在傳統上，也並非所有薩米人都從事大規模馴鹿畜牧，反而是以捕魚、狩獵及類似活動為生，並將馴鹿視為拉重、背物的役用動物。	Even traditionally, though, not all Sámi have been involved in big scale reindeer husbandry, but lived from fishing, hunting and similar, having reindeer mostly as draft animals.
533	561760981645168898.wav	打完全場後，由以最低桿數，也就是最少揮桿次數進洞的球員贏得比賽。	The player who takes the fewest strokes, or swings of the club, to complete the course wins.
312	3303077743422787848.wav	這對夫妻在一年前於德州結婚，當時是到水牛城與親友慶祝。	The couple had married in Texas one year ago and came to Buffalo to celebrate with friends and relatives.
1346	733196342306047771.wav	在星期四的東京電玩展主題演講中，任天堂總裁岩田聰公布了公司新的任天堂 Revolution 遊戲機。	At Thursday's keynote presentation of the Tokyo Game Show, Nintendo president Satoru Iwata unveiled the controller design for the company's new Nintendo Revolution console.
1235	16005047842269801416.wav	「我們有 4 個月大曾經罹患糖尿病老鼠現在沒有糖尿病了」他補充道。	We now have 4-month-old mice that are non-diabetic that used to be diabetic, he added.
181	14116147128627222377.wav	此後，有證據顯示試卷經過竄改。霍爾與其他 34 名教育官員在 2013 年被起訴。	Evidence thereafter indicated test papers were tampered with Hall, along with 34 other education officials, was indicted in 2013.
927	15247511513049395894.wav	若要使用無人機，請事先仔細確認可以拍攝什麼以及是否需要什麼許可或額外授權。	If using a drone, check well in advance as to what you are allowed to film and what permits or additional licensing are required.
224	2483517088130786365.wav	布雷克也被以企圖妨礙司法公正定罪。	Blake was also convicted of attempting to pervert the course of justice.
931	17353887845788767801.wav	到某些國家旅遊或出差的短期停留可能不需要簽證，但以國際學生身分前往，需要待的時間通常比觀光客更長。	While you may not need a visa for short visits to certain countries as a tourist or for business, going there as an international student generally requires a longer stay than going there just as a casual tourist.
452	3591510207341043436.wav	學習創造互動式多媒體需要常規及傳統技能，也需要在互動式課程中學會的工具（分鏡、聲音及影像編輯、故事編劇等）。	Learning to create interactive media requires conventional and traditional skills, as well as tools mastered in interactive classes (storyboarding, audio and video editing, story telling, etc.)
31	9478662866768715120.wav	此監獄因美軍接手後爆發的虐囚事件而惡名昭彰。	The jail became notorious after prisoner abuse was discovered there after US forces took over.
975	3613116718697581293.wav	不過，在馬來西亞，或至少對鄉下地區的馬來人來說，它代表「過來」，類似在某些西方國家會把食指彎向身體的手勢，並且只應該用來表達這個意思。	"However, in Malaysia, at least among the Malays in rural areas, it means ""come over,"" similar to the index finger bent toward the body, a gesture which is used in certain Western countries, and should be used only for that purpose."
116	14659367007521550581.wav	該公司希望將其利潤來源多元化，並在中國、東歐及巴西等 Skype 佔據優勢的地區增加知名度。	The company hopes to diversify its profit sources and gain popularity in areas where Skype holds a strong position, such as China, Eastern Europe, and Brazil.
28	12495706429207938552.wav	巴汀以估計為 23 億美元的財產，在 2008 年美國前四百大富豪排行榜上名列第 190 位。	Batten was ranked 190th on the 2008 400 Richest Americans list with an estimated fortune of $2.3 billion.
81	12151486807603609018.wav	接著，馬魯基多爾隊在準決賽打敗了卡布丘隊。	Maroochydore then defeated Caboolture in the Preliminary Final.
953	4091139335872895282.wav	雖然你可能覺得加入你最常搭乘的航空公司才符合直覺，但你應留意他們提供的優惠通常不同，而且相同聯盟的不同航空公司給予的飛行常客點數可能會更多。	Although you may think it is intuitive to join the airline you fly most, you should be aware that privileges offered are often different and frequent flyer points may be more generous under a different airline in the same alliance.
419	4530493492247574681.wav	使用該語言的人口，估計約有 3.4 億至 5 億人，並且多達 8 億人能了解該語言。	Estimates range from 340 million to 500 million speakers, and as many as 800 million people can understand the language.
109	13031282093885478495.wav	太空艙會像流星一樣劃過天際。	The capsule will look much like a shooting star going across the sky.
390	14209801058235267554.wav	梵語是一種古老語言，歷史可媲美歐洲的拉丁語。	Sanskrit is an ancient language and is comparable to the Latin language spoken in Europe.
930	5877606664849246038.wav	有時在不同的資料彙集網站上，同一班機的價差很大，比較搜尋結果之餘，也查查看航空公司本身的網站再下單有其回報。	Sometimes the same flight can have vastly differing prices at various agregators and it pays to compare search results and to also look at the website of the airline itself before booking.
599	14238612658551827304.wav	英國生物學家羅伯‧虎克透過顯微鏡觀察到軟木塞中的小方塊。	Robert Hooke, a biologist from England, saw small squares in cork with a microscope.
609	15123035687216996386.wav	時間也是我們比對事件持續期間（長度）的方式。	Time is also how we compare the duration (length) of events.
1382	2356846976342389475.wav	瑞典學院諾貝爾文學委員會常任秘書莎拉．戴紐斯，週一在瑞典的瑞典廣播電台節目中公開表示，委員會因為無法直接與巴布．狄倫聯繫領取 2016 年諾貝爾文學獎事宜，已放棄嘗試。	On Monday, Sara Danius, permanent secretary of the Nobel Committee for Literature at the Swedish Academy, publicly announced during a radio program on Sveriges Radio in Sweden the committee, unable to reach Bob Dylan directly about winning the 2016 Nobel Prize in Literature, had abandoned its efforts to reach him.
204	16681463205165585173.wav	有時降雨會伴隨著雷鳴與經常性的閃電。	Some of the rainfall was accompanied by thunderstorms and frequent lightning.
1315	16673063797758417947.wav	冬季運動項目在北部地區最受歡迎，這裡的義大利人也會參與相關的國際和奧林匹克賽事。	Winter sports are most popular in the Northern regions, with Italians competing in international games and Olympic events.
18	9509391258396354963.wav	英國報紙《衛報》暗指，用於實現此目的的 1,200 間空殼公司裡，德意志銀行控制了大約三分之一。	British newspaper The Guardian suggested Deutsche Bank controlled roughly a third of the 1200 shell companies used to accomplish this.
1324	2489295715294500580.wav	這使牠們有更多可鑽入的小地方來躲避捕食者。	This gives them a wider range of small places to hide from predators.
251	852875209159279210.wav	該青年旅館的房客主要為阿拉伯聯合大公國人民。	The hostel's guests were mostly citizens of the United Arab Emirates.
1218	3119777414464409481.wav	我們的寄養系統應當提供安全的住家、充滿關愛的照顧者、穩定的教育和可靠的醫療照護。	Our foster care system is supposed to provide safe homes, loving caregivers, stable education, and reliable health care.
473	3419054336706618670.wav	西班牙王位繼承戰爭成為以權力平衡為核心議題的第一場戰爭。	The War of Spanish Succession marked the first war whose central issue was the balance of power.
469	4278543334074127869.wav	它的大玻璃窗和薄牆無法長時間阻擋猛攻。	Its large glazed windows and thin walls would not have been able to resist a determined attack for long.
1301	5229995057688039244.wav	他的研究顯示，如果施打某種荷爾蒙，將加速胎兒肺部的成熟。	His research showed that if a hormone was administered it would speed up the baby's foetal lung maturation.
49	1851723655930577184.wav	里德先生駕駛紐西蘭的 A1GP 汽車「黑美人」，以時速超過 160 公里成功過橋七次。	
996	8460433187708585907.wav	提供這些服務的航空公司包括加拿大航空、達美航空、漢莎航空（從美國或加拿大出發的航班）和西捷航空。	Airlines that offer these include Air Canada, Delta Air Lines, Lufthansa for flights originating from the U.S. or Canada, and WestJet.
1167	7728633575718883402.wav	他們的演化前輩南方古猿並不習慣直立行走。	Their predecessors, the Australopithecus did not walk upright as habitually.
748	11442762148615496492.wav	早餐可能包含當地的季節性美食或民宿主人的特製佳餚。	Breakfast may include seasonal delights of the region or the host's speciality dish.
153	13608758918638264478.wav	維珍集團只購買了北岩銀行旗下的「優良銀行」，而非該資產管理公司。	Virgin have only purchased the ‘good bank’ of Northern Rock, not the asset management company.
854	5365726039781237080.wav	MetroRail通勤鐵路在開普敦及周圍地區的車廂有兩種艙等：MetroPlus（也稱為頭等艙）和 Metro（也稱為三等艙）。	MetroRail has two classes on commuter trains in and around Cape Town: MetroPlus (also called First Class) and Metro (called Third Class).
868	14255291456811162765.wav	許多身經百戰的資深旅人到開發中國家旅行都感受過陌生文化的震撼，在這種地方很快就會累積大量需要調適的文化差異。	Many a stable, capable traveler has been overcome by the newness of developing world travel, where many little cultural adjustments can add up quickly.
1153	11240716371535098426.wav	許多學者觀察到的生理及行為上的節律，通常高度倚賴生物內生性的週期，及其隨生理時鐘所產生的物質。	Many observed rhythms in physiology and behavior often crucially depend on the presence of endogenous cycles and their production through biological clocks.
1415	13919027639586733648.wav	哥德式風格在 10 到 11 世紀間和 14 世紀達到高峰。	Gothic style peaked in the period between the 10th - 11th centuries and the 14th century.
1221	4010537757864727911.wav	帕運會將於 2021 年 8 月 24 日至 9 月 5 日舉行。其中幾個項目將在日本其他地方進行。	The Paralympics will take place from 24 August to 5 September 2021. Some events will be held in other locations throughout Japan.
675	14103847581704324087.wav	開車進入南部非洲是一種很好的方式，能看見該地區的所有美景，也能到達一般旅遊路線以外的地方。	Entering Southern Africa by car is an amazing way to see all the region's beauty as well as to get to places off the normal tourist routes.
446	5203435647931841168.wav	委內瑞拉人的重要產業是石油，僅管只有百分之一的人口在石油業工作，該國卻是石油淨出口國。	An important industry for Venezuelans is oil, where the country is a net exporter, even though only one percent work in the oil industry.
855	10464404546468981691.wav	MetroPlus 艙等較舒適且較不擁擠，價格雖然稍貴一些，但還是比一般的歐洲地鐵票便宜。	MetroPlus is more comfortable and less crowded but slightly more expensive, though still cheaper than normal metro tickets in Europe.
78	1758109526552924072.wav	他也確認，他深信羅訴韋德案所仰賴的隱含隱私權。	He also confirmed that he believed in the implied right to privacy which the Roe decision depended upon.
304	7002286319887231449.wav	他在 1998 年的一本書中記錄了自己的一生。	He documented himself in a 1998 book.
566	4573234369703217773.wav	那些進行規律活動的人在對於疼痛的負面感知即慢性疼痛及一般物理性動作所造成的不適感之間的區別，需要更多的協助。	Those participating in regular activity required more support in terms of negative perception of pain distinguishing the differences of chronic pain and discomfort feel from normal physical movement.
422	835196930590986088.wav	有些德國修士想讓本地人民更接近上帝，因此發明了愛沙尼亞文字。	Some German monks wanted to bring God closer to the native people, so they invented the Estonian literal language.
1011	15663604402142332389.wav	雖然也有許多法國酒，但紐西蘭及澳洲酒可能較經得起長途運送。	There are many French wines to be had, but the New Zealand and Australian wines might travel better.
475	17228382740178352090.wav	位於艾費蘇斯的阿緹密絲神殿於西元前 356 年 7 月 21 日，因黑若史達特斯蓄意縱火而燒毀。	The temple of Artemis at Ephesus was destroyed on July 21, 356 BCE in an act of arson committed by Herostratus.
432	4440132309304099108.wav	土耳其三面環海：西邊的愛琴海﹑北邊的黑海以及南邊的地中海。	Turkey is encircled by seas on three sides: the Aegean Sea to the west, the Black Sea to the north and the Mediterranean Sea to the south.
968	14262340614904820154.wav	它們被列入聯合國教科文組織世界遺產的清單中。	They are listed on the UNESCO World Heritage List.
331	17515519776635686522.wav	博貝克在球隊中的出場數與進球數居冠。	No one else has ever made more appearances or scored more goals for the club than Bobek.
714	1011626309898170252.wav	大多數遊客很早就提前訂位（旺季的船票通常一位難求）。	Most people book their place well in advance (as the boats are usually full during the high season).
218	5624147374519655189.wav	表決仍需在 10 月份的哥本哈根會議上經國際奧林匹克委員會全體委員批准。	The vote must still be ratified by the full IOC at it's October meeting in Copenhagen.
371	11341503520508071662.wav	這些植物看起來像是小型的棕櫚樹，樹冠有銳利尖刺形葉片。	These plants look like a small palm tree with a crown of sharp, spiky leaves.
812	2245099427422320795.wav	健行是一種在自然環境中（通常是在健行步道上）行走的戶外活動。	Hiking is an outdoor activity which consists of walking in natural environments, often on hiking trails.
259	3501717642895565645.wav	馬里蘭交通管理局無法確定威脅是否屬實，但在聯邦調查局的力勸下依然決定關閉。	While authorities are unsure of the credibility of the threat, the Maryland Transportaion Authority made the closure with the urging of the FBI.
1342	8602451210656221660.wav	「它們在白天比附近的平面更冷，夜晚則比附近的平面熱。	"They are cooler than the surrounding surface in the day and warmer at night.	they are cooler than the surrounding surface in the day and warmer at night	t h e y | a r e | c o o l e r | t h a n | t h e | s u r r o u n d i n g | s u r f a c e | i n | t h e | d a y | a n d | w a r m e r | a t | n i g h t |	83520	MALE
986	1179589707314604085.wav	Most have involved people who work with poultry, but there is also some risk to birdwatchers.	most have involved people who work with poultry but there is also some risk to birdwatchers	m o s t | h a v e | i n v o l v e d | p e o p l e | w h o | w o r k | w i t h | p o u l t r y | b u t | t h e r e | i s | a l s o | s o m e | r i s k | t o | b i r d w a t c h e r s |	110400	MALE
940	5615995863953601630.wav	Make sure you know what you can and cannot bring in and declare anything over the legal limits.	make sure you know what you can and cannot bring in and declare anything over the legal limits	m a k e | s u r e | y o u | k n o w | w h a t | y o u | c a n | a n d | c a n n o t | b r i n g | i n | a n d | d e c l a r e | a n y t h i n g | o v e r | t h e | l e g a l | l i m i t s |	132480	FEMALE
1463	8943036589905798133.wav	A binary number can have only one of two values, i.e. 0 or 1, and these numbers are referred to as binary digits - or bits, to use computer jargon.	a binary number can have only one of two values i.e. 0 or 1 and these numbers are referred to as binary digits or bits to use computer jargon	a | b i n a r y | n u m b e r | c a n | h a v e | o n l y | o n e | o f | t w o | v a l u e s | i . e . | 0 | o r | 1 | a n d | t h e s e | n u m b e r s | a r e | r e f e r r e d | t o | a s | b i n a r y | d i g i t s | o r | b i t s | t o | u s e | c o m p u t e r | j a r g o n |	182400	MALE
679	4562905313991530021.wav	Each country also has unique laws requiring what emergency items need to be in the car.	each country also has unique laws requiring what emergency items need to be in the car	e a c h | c o u n t r y | a l s o | h a s | u n i q u e | l a w s | r e q u i r i n g | w h a t | e m e r g e n c y | i t e m s | n e e d | t o | b e | i n | t h e | c a r |	115200	FEMALE
579	4957914118003281601.wav	Cells are so basic and critical to the study of life, in fact, that they are often referred to as the building blocks of life""."
1230	14704573898640631173.wav	由於區間巴士經常客滿，建議您提前幾天購買車票。	As the inter-district buses are often full, it is advisable to purchase a ticket a few days in advance.
406	18006937672653459462.wav	由於德國人在潛水艇方面的成功，戰後人們對德國人擁有太多潛水艇感到不信任。	Because of their success with submarines, after the war Germans aren't trusted to have many of them.
1169	16554687236626320004.wav	亞馬遜河是地球上第二長、水量最大的一條河。它的水量是世界第二大河的八倍。	The Amazon River is the second longest and the biggest river on Earth. It carries more than 8 times as much water as the second biggest river.
523	2057335719219299982.wav	由於快速動眼期是人實際入眠且身體修復的階段，如果每晚發生次數降至過低，就會產生問題。	With fewer REMs per night, this state in which you experience actual sleep and your body recovers becomes infrequent enough to become a problem.
399	3864931766455334826.wav	義大利的主要目標是非洲國家。為了攻佔那些國家，他們需有軍隊可用的跳板，使軍隊能夠渡過地中海並侵略非洲。	Italy's main goals were African countries. To capture those countries, they would need to have a troop launching pad, so as troops could sail across the Mediterranean Sea and invade Africa.
874	10094509286846585781.wav	如果你更有冒險精神，你可以把握機會榨果汁或打一些果昔：	If you're feeling more adventurous, take the opportunity to juice or blend up some smoothies:
1350	7888851547775545850.wav	不同的地理區域有不同的定義，在北美等地方，年代限制可能比歐洲短。	The definition has geographic variations, where the age limit might be shorter in places such as North America than in Europe.
449	8933275676846616809.wav	每年十月左右，都有將近 150 萬隻草食動物為了雨水，會從北邊的山丘跨越馬拉河，遷移至南方的平原。	
462	6357137424756608307.wav	因此，你在電視上看到的所有畫面，邊界的上邊、下邊，和側邊都被切掉了。	For that reason, everything you see on the TV had the borders cut, top, bottom and sides.
62	3453770835199706243.wav	在他為時 2 個小時的演說中，他表示：「今天蘋果將重新打造電話，我們會在今天創造歷史。」	"During his 2 hour speech he stated that ""Today Apple is going to reinvent the phone, We are going to make history today""."
401	11375493319842591624.wav	再來是日本，日本和英國一樣是島國。	Now for Japan. Japan was an island country, just like Britain.
350	10272444459781809634.wav	科學家正努力打造一種可透過相同方式產生能源的反應器。	Scientists are working to create a reactor that can make energy in the same way.
1175	10079772081908510138.wav	義大利國家足球隊和德國國家足球隊均是世界第二成功的球隊，他們也是 2006 年國際足球總會世界盃的冠軍。	Italy's national football, along with German national football team is the second most successful team in the world and were the FIFA World Cup champions in 2006.
880	17521783680517516910.wav	各國政府通常會要求入境的遊客和出境的居民注射各類疫苗，預防疾病。	Many governments require visitors entering, or residents leaving, their countries to be vaccinated for a range of diseases.
1135	9464044957180140254.wav	該文件由約翰尼克森於 7 月 8 日在獨立廳的庭院內首次公開宣讀。	The first public reading of the document was by John Nixon in the yard of Independence Hall on July 8.
1498	11363434875930395454.wav	一年四季都有許多人到大堡礁旅行，鮮少有人因此在大堡礁受傷。	Many trips to the reef are made all year around, and injuries due to any of these causes on the reef are rare.
621	5477570141717174557.wav	儘管了解一個人的歷史並不代表了解文化，但這至少可以讓人理解他們在組織的歷史中處在什麼樣的位置上。	While understanding one’s history does not assume understanding of culture, it does at least help people gain a sense of where they fall within the history of the organization.
377	8928553657284229072.wav	離太陽中心越遠，氣體就越稀薄。	The gas becomes thinner as you go farther from the center of the Sun.
461	4662740147349073063.wav	多數電視節目的製作目的是取悅一般大眾。	Most televisions are made in a way to please the general public.
159	16259099213442566941.wav	強森獲得 2,243 分，以七分之差的成績屈居第二。	Seven points behind, Johnson is second with 2,243.
600	2099291248855309449.wav	它們看起來像一個個房間。他是首位觀察到死亡細胞的人。	They looked like rooms. He was the first person to observe dead cells
779	9502664095753944771.wav	用完時，補充起來通常相當簡單，解析度堪可比擬現代的數位單眼相機。	It can usually be replenished fairly easily if you run out, and gives resolution roughly comparable to a current DSLR.
644	5498133396960104808.wav	學生也可以隨時提交問題給老師，並在合理時間內快速得到回覆，不必等到下一次面對面的會談。	Students can also submit questions to instructors at any time of day and expect reasonably quick responses, rather than waiting until the next face-to-face meeting.
234	17657990925912745680.wav	2007 年 9 月 17 日，納迪亞 (Nadia) 於俄羅斯阿列伊斯克的一間婦產科診所以剖腹產方式出生，體重重達 17 磅又 1盎司。	Nadia, born on September 17, 2007, by Cesarean section at a maternity clinic in Aleisk, Russia, weighed in at a massive 17 pounds 1 ounce.
163	8118273589626109806.wav	他們也在一項聲明中表示：「全體船員正努力尋求將船安全拖出的方法。」	"They also said in a statement, ""The crew is currently working to determine the best method of safely extracting the ship""."
111	8558945364012030777.wav	星塵號將是最快返回地球的太空船並因而創下新的歷史紀錄，打破 1969 年 5 月阿波羅 10 號指揮艙返航時所創的舊紀錄。	Stardust will set a new all-time record for being the fastest spacecraft to return to Earth, breaking the previous record set in May of 1969 during the return of the Apollo X command module.
1035	17404675312093542661.wav	地球上的水可能是彗星帶來的，水中的有機物質則可以形成蛋白質並供應生命所需。	Comets may possibly have been a source of water delivery to the earth along with organic matter that can form proteins and support life.
894	572779490605388033.wav	它們不太靈活，所以路徑必須沿著橫貫南極山脈繞著長長的彎路才能抵達高原上方。	These aren't very nimble so the trail has to take a long swerve around the Transantarctic Mountains to come onto the plateau.
76	1627136998732037124.wav	羅伯茲斷然拒絕說明他所相信的生命起始點，這在墮胎倫理議題上是非常重要的問題，並表示評論特定可能的具體情況是不道德的。	Roberts flatly refused to say about when he believes life begins, an important question when considering the ethics of abortion, saying that it would be unethical to comment on the specifics of likely cases.
448	7878190189234359899.wav	1981 年，一種蘭花雜交種「卓錦萬代蘭」被獲選為該國國花。	In 1981, Vanda Miss Joaquim, an orchid hybrid, was chosen as the nation's national flower.
393	4917886814984472604.wav	征討法國的戰爭結束後，德國開始準備入侵不列顛群島。	With the battle for France over, Germany began to get ready to invade the island of Britain.
230	7389945765495015139.wav	此理論與月球完全沒有地質活動的說法相違悖。	This theory contradicts the claim that the moon is completely devoid of geologic activity.
913	18024727836247478791.wav	無需擁有居住社區的當地電話號碼；你可以在阿拉斯加州奇金野外取得衛星網際網路連線，然後選擇一組電話號碼，宣稱你人在陽光普照的亞利桑那州。	There is also no requirement that you obtain a local number from the community in which you live; you can obtain a satellite Internet connection in the wilds of Chicken, Alaska and select a number which claims you're in sunny Arizona.
1376	2038664346311304689.wav	這部電影由雷恩·葛斯林和艾瑪·史東主演，並獲得所有主要獎項的提名。	The movie, featuring Ryan Gosling and Emma Stone, received nominations in all major categories.
1294	9815456410892039294.wav	太平洋海嘯警報中心也表示沒有海嘯跡象。	Also the Pacific Tsunami Warning Center said that there was no Tsunami indication.
732	1748336494318429441.wav	對那些喜歡戶外活動的人來說，一定要到海天走廊旅行。	For those who enjoy outdoor activities, a trek up the Sea to Sky corridor is essential.
304	2181764987920828738.wav	他在 1998 年的一本書中記錄了自己的一生。	He documented himself in a 1998 book.
469	7771282212543723293.wav	它的大玻璃窗和薄牆無法長時間阻擋猛攻。	Its large glazed windows and thin walls would not have been able to resist a determined attack for long.
1239	470057476768964259.wav	若有人計畫要前往那些被視為戰爭區域的國家，就該接受專業訓練。	Anyone planning a visit to a country that could be considered a war zone should get professional training.
588	9241443572677740805.wav	我們將永遠無法擺脫貪婪與自私。合作的本質就是當大多數人受益時，自私的行為在短期總能得到更多利益。	Greed and selfishness will always be with us and it is the nature of cooperation that when the majority benefit there will always be more to gain in the short term by acting selfishly
320	13406907440471416622.wav	首次經濟改革是在鄧小平的帶領之下進行。	The first economic reforms were made under the leadership of Deng Xiaoping.
326	5059163868363768836.wav	美國國家颶風中心的科學家預測熱帶風暴丹妮爾會在周三增強為颶風。	Scientists at the National Hurricane Center predict that Danielle will strengthen to a hurricane by Wednesday.
535	17108479900146449480.wav	也許最常見的旅遊型態正是多數人對旅行的聯想：休閒旅遊。	Perhaps the most common type of tourism is what most people associate with traveling: Recreation tourism.
28	4809576711500899801.wav	巴汀以估計為 23 億美元的財產，在 2008 年美國前四百大富豪排行榜上名列第 190 位。	Batten was ranked 190th on the 2008 400 Richest Americans list with an estimated fortune of $2.3 billion.
648	8740663257280957411.wav	因此，許多人會發現自己在電視節目中看到的是我們永遠都不會參與或應用的程序或經驗，我們永遠都用不到那些知識。	So many of us find ourselves watching a television show that informs us of a process or experience in which we will never participate or apply that knowledge.
165	9025302348022765167.wav	這艘船被派給美國海軍的第七艦隊，並常駐日本長崎的佐世保市。	It is assigned to the U.S. Navy’s Seventh Fleet and based in Sasebo, Nagasaki in Japan.
218	12444067432703818635.wav	表決仍需在 10 月份的哥本哈根會議上經國際奧林匹克委員會全體委員批准。	The vote must still be ratified by the full IOC at it's October meeting in Copenhagen.
1219	1516539957329524029.wav	一個讓許多人感到驚訝的人口比較：居住在美國境內的非裔美國人，多於加拿大的公民人口。	For a comparison of population that surprises many: There are more African Americans living in the US than there are Canadian citizens.
23	13784887079382158762.wav	儘管有這些指控，馬英九仍以提倡與中國大陸形成更緊密連結的政見輕易獲勝。	Despite these accusations, Ma won handily on a platform advocating closer ties with the Chinese mainland.
1440	13656142331410163698.wav	突變會增加新的基因變異，而天擇則會將其從顯性變異庫中移除。	Mutation adds new genetic variation, and selection removes it from the pool of expressed variation.
326	1579049425246447858.wav	美國國家颶風中心的科學家預測熱帶風暴丹妮爾會在周三增強為颶風。	Scientists at the National Hurricane Center predict that Danielle will strengthen to a hurricane by Wednesday.
