prediction	reference
In a short period of time, the U.S. Army and the French Army released a new plan and moved to Germany.	in just two weeks the americans and free french forces had liberated southern france and were turning towards germany
In a short period of time, the U.S. Army and the French Army released a new plan and moved to Germany.	in just two weeks the americans and free french forces had liberated southern france and were turning towards germany
O'Neill-Fertsahack, the president of the United Nations, said that because of his efforts, he was unable to understand the people of the United Nations, he was able to accurately feel the sincerity of the citizens of the United Nations.	oliver sacks in his paper the president's speech indicated how people who are unable to understand speech because of brain damage are nevertheless able to assess sincerity accurately
O'Neill-Fertsahack, the president of the United Nations, said that because of his efforts, he was unable to understand the people of the United Nations, he was able to accurately feel the sincerity of the citizens of the United Nations.	oliver sacks in his paper the president's speech indicated how people who are unable to understand speech because of brain damage are nevertheless able to assess sincerity accurately
After two pictures, one of them needs to be exchanged with his wife, and the last one is to be killed.	the photographers later took the place of an aged lady as she needed the lavatory mendoza was gunned down
After two pictures, one of them needs to be exchanged with his wife, and the last one is to be killed.	the photographers later took the place of an aged lady as she needed the lavatory mendoza was gunned down
The poet Faisun has already cancelled their concert concert's performance in Changsha.	aerosmith have cancelled their remaining concerts on their tour
The poet Faisun has already cancelled their concert concert's performance in Changsha.	aerosmith have cancelled their remaining concerts on their tour
The city is clearly different from other cities in the country because it has a strong Asian style and is not African style.	the city is in stark contrast to the rest of the country's cities because it has more of an arabic flair than of an african
The city is clearly different from other cities in the country because it has a strong Asian style and is not African style.	the city is in stark contrast to the rest of the country's cities because it has more of an arabic flair than of an african
It is said that the most interesting thing in Shigai-de-kui is the small stone.	the pyramid sound and light show is one of the most interesting things in the area for kids
It is said that the most interesting thing in Shigai-de-kui is the small stone.	the pyramid sound and light show is one of the most interesting things in the area for kids
The door of the palace is open, waiting for a new name to appear, and the keyboard is receding again.	one can only wonder what the keyboard will become when something newer comes along
The door of the palace is open, waiting for a new name to appear, and the keyboard is receding again.	one can only wonder what the keyboard will become when something newer comes along
The U.S. Department of Health and Welfare said that the U.S. Department of Health and Welfare uses the same goals as the Department of Health and Welfare and other activities to ensure safety. The Department of Health and Welfare said that the U.S. Department of Health and Welfare uses the same goals as the Department of Health and Welfare and other activities to ensure safety. The Department of Health and Welfare said that the U.S. Department of Health and Welfare said that the U.S. Department of Health and Welfare said that the U.S. Department of Health and Welfare said that the U.S. Department of Health and Welfare said that the U.S. Department of Health and Welfare said that the U.S. Department of Health and Welfare said that the U.S. Department of Health and Welfare said that the U.S. Department of Health and Welfare said that the U.S Department of Health and Welfare said that the U.S Department of Health and Welfare said that the U.S Department of Health and Welfare said that the U.S Department of Health and Welfare said that the U.S Department of Health and Welfare said that the U.S Department of Health and Welfare said that the U.S Department of Health and Welfare said that the U.S Department of Health and Welfare said that the U.S Department of Health and Welfare said that the U.S Department of Health and Welfare said that the U.S Department of Health and Welfare said that the U.S Department of Health and Welfare said that the U.S Department of Health and Welfare said that the U.S Department of Health and Welfare said that the U.S Department of Health and Welfare said that the U.S Department of Health and Welfare said that the U.S Department of Health and Welfare said that the U.S Department of Health and Welfare said that	usa gymnastics and the usoc have the same goal making the sport of gymnastics and others as safe as possible for athletes to follow their dreams in a safe positive and empowered environment
The U.S. Department of Health and Welfare said that the U.S. Department of Health and Welfare uses the same goals as the Department of Health and Welfare and other activities to ensure safety. The Department of Health and Welfare said that the U.S. Department of Health and Welfare uses the same goals as the Department of Health and Welfare and other activities to ensure safety. The Department of Health and Welfare said that the U.S. Department of Health and Welfare said that the U.S. Department of Health and Welfare said that the U.S. Department of Health and Welfare said that the U.S. Department of Health and Welfare said that the U.S. Department of Health and Welfare said that the U.S. Department of Health and Welfare said that the U.S. Department of Health and Welfare said that the U.S. Department of Health and Welfare said that the U.S Department of Health and Welfare said that the U.S Department of Health and Welfare said that the U.S Department of Health and Welfare said that the U.S Department of Health and Welfare said that the U.S Department of Health and Welfare said that the U.S Department of Health and Welfare said that the U.S Department of Health and Welfare said that the U.S Department of Health and Welfare said that the U.S Department of Health and Welfare said that the U.S Department of Health and Welfare said that the U.S Department of Health and Welfare said that the U.S Department of Health and Welfare said that the U.S Department of Health and Welfare said that the U.S Department of Health and Welfare said that the U.S Department of Health and Welfare said that the U.S Department of Health and Welfare said that the U.S Department of Health and Welfare said that the U.S Department of Health and Welfare said that	usa gymnastics and the usoc have the same goal making the sport of gymnastics and others as safe as possible for athletes to follow their dreams in a safe positive and empowered environment
There is no need to sign up and check the relevant regulations in order to ensure that there is no need to sign up and check the relevant regulations in order to ensure that there is no need to sign up and check the relevant regulations in order to ensure that there is no need to sign up and check the relevant regulations in order to ensure that there is no need to sign up and check the relevant regulations in order to ensure that there is no need to sign up and check the relevant regulations in order to ensure that there is no need to sign up and check the relevant regulations in order to ensure that there is no need to sign up and check the relevant regulations in order to ensure that there is no need to sign up and check the relevant regulations in order to ensure that there is no need to sign up and check the relevant regulations in order to ensure that there is no need to sign up and check the relevant regulations in order to ensure that there is no need to sign up and check the relevant regulations in order to ensure that there is no need to sign up and check the relevant regulations in order to ensure that there is no need to sign up and check the relevant regulations in order to ensure that there is no need to sign up and check the relevant regulations in order to ensure that there is no need to sign up and check the relevant regulations in order to ensure that there is no need to sign up and check the relevant regulations in order to ensure that there is no need to sign up and check the relevant regulations in order to ensure that there is no need to sign up and check the relevant regulations in order to ensure that there is no need to sign up and check the relevant regulations in order to ensure that there is no need to sign up and check the relevant regulations in order to ensure that there is no need to sign up and check the relevant regulations in order to ensure that there is no need to sign up and check the relevant regulations in order to ensure that there is no need to sign up and check the relevant regulations in order to ensure that there is no need to sign up and check the relevant regulations in order to ensure that there is no need to sign up and check the relevant regulations in order to ensure that there is	saint petersburg cruises include time in town. cruise passengers are exempted from visa requirements check the terms
There is no need to sign up and check the relevant regulations in order to ensure that there is no need to sign up and check the relevant regulations in order to ensure that there is no need to sign up and check the relevant regulations in order to ensure that there is no need to sign up and check the relevant regulations in order to ensure that there is no need to sign up and check the relevant regulations in order to ensure that there is no need to sign up and check the relevant regulations in order to ensure that there is no need to sign up and check the relevant regulations in order to ensure that there is no need to sign up and check the relevant regulations in order to ensure that there is no need to sign up and check the relevant regulations in order to ensure that there is no need to sign up and check the relevant regulations in order to ensure that there is no need to sign up and check the relevant regulations in order to ensure that there is no need to sign up and check the relevant regulations in order to ensure that there is no need to sign up and check the relevant regulations in order to ensure that there is no need to sign up and check the relevant regulations in order to ensure that there is no need to sign up and check the relevant regulations in order to ensure that there is no need to sign up and check the relevant regulations in order to ensure that there is no need to sign up and check the relevant regulations in order to ensure that there is no need to sign up and check the relevant regulations in order to ensure that there is no need to sign up and check the relevant regulations in order to ensure that there is no need to sign up and check the relevant regulations in order to ensure that there is no need to sign up and check the relevant regulations in order to ensure that there is no need to sign up and check the relevant regulations in order to ensure that there is no need to sign up and check the relevant regulations in order to ensure that there is no need to sign up and check the relevant regulations in order to ensure that there is no need to sign up and check the relevant regulations in order to ensure that there is no need to sign up and check the relevant regulations in order to ensure that there is	saint petersburg cruises include time in town. cruise passengers are exempted from visa requirements check the terms
Most of the modern research shows that the lens is a huge design, along with a large air condition that is far away from the area.	most modern research telescopes are enormous facilities in remote areas with favorable atmospheric conditions
Most of the modern research shows that the lens is a huge design, along with a large air condition that is far away from the area.	most modern research telescopes are enormous facilities in remote areas with favorable atmospheric conditions
The Ministry of Justice said that it should not demand that it take the burden on the development of the development of any capacity.	he added that they should not however be asked to take on obligations that go beyond their development stage responsibility and capabilities
The Ministry of Justice said that it should not demand that it take the burden on the development of the development of any capacity.	he added that they should not however be asked to take on obligations that go beyond their development stage responsibility and capabilities
In the UK, there are a lot of people who believe that if you want to cover up the evidence on the land, you have to try your best to prove it.	this is the place the british colonisers took as their own and so if you are looking for evidence of the territory's colonial past this is a good place to start
In the UK, there are a lot of people who believe that if you want to cover up the evidence on the land, you have to try your best to prove it.	this is the place the british colonisers took as their own and so if you are looking for evidence of the territory's colonial past this is a good place to start
This place is almost as safe and safe as a desert, and most of it has the sound of the sound of the sound of the sound of the sound of the sound of the sound of the sound of the sound of the sound of the sound of the sound of the sound of the sound of the sound of the sound of the sound of the sound of the sound of the sound of the sound of the sound of the sound of the sound of the sound of the sound of the sound of the sound of the sound of the sound of the sound of the sound of the sound of the sound of the sound of the sound of the sound of the sound of the sound of the sound of the sound of the sound of the sound of the sound of the sound of the sound of the sound of the sound of the sound of the sound of the sound of the sound of the sound of the sound of the sound of the sound of the sound of the sound of the sound of the sound of the sound of the sound of the sound of the sound of the sound of the sound of the sound of the sound of the sound of the sound of the sound of the sound of the sound of the sound of the sound of the sound of the sound of the sound of the sound of the sound of the sound of the sound of the sound of the sound of the sound of the sound of the sound of the sound of the sound of the sound of the sound of the sound of the sound of the sound of the sound of the sound of the sound of the sound of the sound of the sound of the sound of the sound of the sound of the sound of the sound of the sound of the sound of the sound of the sound of the sound of the sound of the sound of the sound of the sound of the sound of the sound of the sound of the sound of the sound of the sound of the sound of the sound of the sound of the sound of the sound of the sound of the sound of the sound of the sound of the sound of the sound of the sound of the sound of the sound of the sound of the sound of the sound of the sound of the sound of the sound of the sound of the sound of the	they are almost all sandy beaches with safe swimming and most have shade provided by pohutukawa trees
This place is almost as safe and safe as a desert, and most of it has the sound of the sound of the sound of the sound of the sound of the sound of the sound of the sound of the sound of the sound of the sound of the sound of the sound of the sound of the sound of the sound of the sound of the sound of the sound of the sound of the sound of the sound of the sound of the sound of the sound of the sound of the sound of the sound of the sound of the sound of the sound of the sound of the sound of the sound of the sound of the sound of the sound of the sound of the sound of the sound of the sound of the sound of the sound of the sound of the sound of the sound of the sound of the sound of the sound of the sound of the sound of the sound of the sound of the sound of the sound of the sound of the sound of the sound of the sound of the sound of the sound of the sound of the sound of the sound of the sound of the sound of the sound of the sound of the sound of the sound of the sound of the sound of the sound of the sound of the sound of the sound of the sound of the sound of the sound of the sound of the sound of the sound of the sound of the sound of the sound of the sound of the sound of the sound of the sound of the sound of the sound of the sound of the sound of the sound of the sound of the sound of the sound of the sound of the sound of the sound of the sound of the sound of the sound of the sound of the sound of the sound of the sound of the sound of the sound of the sound of the sound of the sound of the sound of the sound of the sound of the sound of the sound of the sound of the sound of the sound of the sound of the sound of the sound of the sound of the sound of the sound of the sound of the sound of the sound of the sound of the sound of the sound of the sound of the sound of the sound of the sound of the sound of the sound of the sound of the sound of the sound of the sound of the	they are almost all sandy beaches with safe swimming and most have shade provided by pohutukawa trees
The chairman of the committee, Mr. Martin, will start from October to the end of the large-scale anti-government and anti-government activities.	the commission was martelly's response to widespread anti-regime protests that started in october
FKP is equivalent to UKG, BP is equivalent to FKP, FKP is equivalent to UKG, BP is equivalent to FKP, FKP is equivalent to UKG, BP is equivalent to UKG, BP is equivalent to UKG, BP is equivalent to UKG, BP is equivalent to UKG, BP is equivalent to UKG, BP is equivalent to UKG, BP is equivalent to UKG, BP is equivalent to UKG, BP is equivalent to UKG, BP is equivalent to UKG, BP is equivalent to UKG, BP is equivalent to UKG, BP is equivalent to UKG, BP is equivalent to UKG, BP is equivalent to UKG, BP is equivalent to UKG, BP is equivalent to UKG, BP is equivalent to UKG, BP is equivalent to UKG, BP is equivalent to UKG, BP is equivalent to UKG, BP is equivalent to UKG, BP is equivalent to UKG, BP is equivalent to UKG, BP is equivalent to UKG, BP is equivalent to UKG, BP is equivalent to UKG, BP is equivalent to UKG, BP is equivalent to UKG, BP is equivalent to UKG, BP is equivalent to UKG, BP is equivalent to UKG, BP is equivalent to UKG, BP is equivalent to UKG, BP is equivalent to UKG, BP is equivalent to UKG, BP is equivalent to UKG, BP is equivalent to UKG, BP is equivalent to UKG, BP is equivalent to UKG, BP is equivalent to UKG, BP is equivalent to UKG, BP is equivalent to UKG, BP is equivalent to UKG, BP is equivalent to UKG, BP is equivalent to UKG, BP is equivalent to UKG, BP is equivalent to UKG, BP is equivalent to UKG, BP is equivalent to UKG, BP is equivalent to UKG, BP is equivalent to UKG, BP is equivalent to UKG, BP is equivalent to UKG, BP is equivalent to UKG, BP is equivalent to UKG, BP is equivalent to UKG, BP is	the official falklands currency is the falkland pound fkp whose value is set equivalent to that of one british pound gbp
FKP is equivalent to UKG, BP is equivalent to FKP, FKP is equivalent to UKG, BP is equivalent to FKP, FKP is equivalent to UKG, BP is equivalent to UKG, BP is equivalent to UKG, BP is equivalent to UKG, BP is equivalent to UKG, BP is equivalent to UKG, BP is equivalent to UKG, BP is equivalent to UKG, BP is equivalent to UKG, BP is equivalent to UKG, BP is equivalent to UKG, BP is equivalent to UKG, BP is equivalent to UKG, BP is equivalent to UKG, BP is equivalent to UKG, BP is equivalent to UKG, BP is equivalent to UKG, BP is equivalent to UKG, BP is equivalent to UKG, BP is equivalent to UKG, BP is equivalent to UKG, BP is equivalent to UKG, BP is equivalent to UKG, BP is equivalent to UKG, BP is equivalent to UKG, BP is equivalent to UKG, BP is equivalent to UKG, BP is equivalent to UKG, BP is equivalent to UKG, BP is equivalent to UKG, BP is equivalent to UKG, BP is equivalent to UKG, BP is equivalent to UKG, BP is equivalent to UKG, BP is equivalent to UKG, BP is equivalent to UKG, BP is equivalent to UKG, BP is equivalent to UKG, BP is equivalent to UKG, BP is equivalent to UKG, BP is equivalent to UKG, BP is equivalent to UKG, BP is equivalent to UKG, BP is equivalent to UKG, BP is equivalent to UKG, BP is equivalent to UKG, BP is equivalent to UKG, BP is equivalent to UKG, BP is equivalent to UKG, BP is equivalent to UKG, BP is equivalent to UKG, BP is equivalent to UKG, BP is equivalent to UKG, BP is equivalent to UKG, BP is equivalent to UKG, BP is equivalent to UKG, BP is equivalent to UKG, BP is equivalent to UKG, BP is	the official falklands currency is the falkland pound fkp whose value is set equivalent to that of one british pound gbp
English-language teaching is not a method of learning, but a kind of support that can be experienced through new learning experience, as well as using new computer programming or starting new projects, etc. to provide support.	scaffolding is not a method of learning but rather an aid that provides support to individuals whom are undergoing a new learning experience such as using a new computer program or beginning a new project
English-language teaching is not a method of learning, but a kind of support that can be experienced through new learning experience, as well as using new computer programming or starting new projects, etc. to provide support.	scaffolding is not a method of learning but rather an aid that provides support to individuals whom are undergoing a new learning experience such as using a new computer program or beginning a new project
There are two types of gold-grilled boxes in the box. The box contains a variety of different kinds of gold-grilled boxes. The box contains a variety of different kinds of gold-grilled boxes. The box contains a variety of different kinds of gold-grilled boxes. The box contains a variety of different kinds of gold-grilled boxes. The box contains a variety of different kinds of gold-grilled boxes. The box contains a variety of different kinds of gold-grilled boxes. The box contains a variety of different kinds of gold-grilled boxes. The box contains a variety of different kinds of gold-grilled boxes. The box contains a variety of different kinds of gold-grilled boxes. The box contains a variety of different kinds of gold-grilled boxes. The box contains a variety of different kinds of gold-grilled boxes. The box contains a variety of different kinds of gold-grilled boxes. The box contains a variety of different kinds of gold-grilled boxes. The box contains a variety of different kinds of gold-grilled boxes. The box contains a variety of different kinds of gold-grilled boxes. The box contains a variety of different kinds of gold-grilled boxes. The box contains a variety of different kinds of gold-grilled boxes. The box contains a variety of different kinds of gold-grilled boxes. The box contains a variety of different kinds of gold-grill boxes. The box contains a variety of different kinds of gold-grill boxes. The box contains a variety of different kinds of gold-grill boxes. The box contains a variety of different kinds of gold-grill boxes. The box contains a variety of different kinds of gold-grill boxes. The box contains a variety of different kinds of gold-grill boxes. The box contains a variety of different kinds of gold-grill boxes. The box contains a variety of different kinds of gold-grill boxes. The box contains a variety of different kinds of gold-grill boxes. The box contains a variety of different kinds of gold-grill boxes. The box contains a variety of different kinds of gold	alloys are basically a mixture of two or more metals don't forget that there are many elements on the periodic table
There are two types of gold-grilled boxes in the box. The box contains a variety of different kinds of gold-grilled boxes. The box contains a variety of different kinds of gold-grilled boxes. The box contains a variety of different kinds of gold-grilled boxes. The box contains a variety of different kinds of gold-grilled boxes. The box contains a variety of different kinds of gold-grilled boxes. The box contains a variety of different kinds of gold-grilled boxes. The box contains a variety of different kinds of gold-grilled boxes. The box contains a variety of different kinds of gold-grilled boxes. The box contains a variety of different kinds of gold-grilled boxes. The box contains a variety of different kinds of gold-grilled boxes. The box contains a variety of different kinds of gold-grilled boxes. The box contains a variety of different kinds of gold-grilled boxes. The box contains a variety of different kinds of gold-grilled boxes. The box contains a variety of different kinds of gold-grilled boxes. The box contains a variety of different kinds of gold-grilled boxes. The box contains a variety of different kinds of gold-grilled boxes. The box contains a variety of different kinds of gold-grilled boxes. The box contains a variety of different kinds of gold-grilled boxes. The box contains a variety of different kinds of gold-grill boxes. The box contains a variety of different kinds of gold-grill boxes. The box contains a variety of different kinds of gold-grill boxes. The box contains a variety of different kinds of gold-grill boxes. The box contains a variety of different kinds of gold-grill boxes. The box contains a variety of different kinds of gold-grill boxes. The box contains a variety of different kinds of gold-grill boxes. The box contains a variety of different kinds of gold-grill boxes. The box contains a variety of different kinds of gold-grill boxes. The box contains a variety of different kinds of gold-grill boxes. The box contains a variety of different kinds of gold	alloys are basically a mixture of two or more metals don't forget that there are many elements on the periodic table
This is the most important way to separate some frozen and cooked food.	this is an important way to distinguish between some verbs and objects
This is the most important way to separate some frozen and cooked food.	this is an important way to distinguish between some verbs and objects
The tourists must listen to the advice of the authorities to follow all the instructions and keep an eye on the safety of the police.	still take advice from authorities obey all signs and pay close attention to safety warnings
The tourists must listen to the advice of the authorities to follow all the instructions and keep an eye on the safety of the police.	still take advice from authorities obey all signs and pay close attention to safety warnings
Boil the water for 1 minute on low heat. The rest of the water needs to be boiled for a few minutes.	in some areas boiling water for a minute is enough in others several minutes are needed
Boil the water for 1 minute on low heat. The rest of the water needs to be boiled for a few minutes.	in some areas boiling water for a minute is enough in others several minutes are needed
Traditionally, the mission of the navy is to ensure that the country is safe and secure, to transfer people and goods, and to transfer people and goods to the enemy at the same time.	the job of navies has traditionally been to ensure that your country maintains the ability to move your people and goods while at the same time interfering with your enemy's ability to move his people and goods
Traditionally, the mission of the navy is to ensure that the country is safe and secure, to transfer people and goods, and to transfer people and goods to the enemy at the same time.	the job of navies has traditionally been to ensure that your country maintains the ability to move your people and goods while at the same time interfering with your enemy's ability to move his people and goods
The bridge is 15 meters long and it was built in August 2011, but it was built in March 2017.	the vertical clearance under the bridge is 15 meters construction was completed in august 2011 it didn't open to traffic until march 2017
The bridge is 15 meters long and it was built in August 2011, but it was built in March 2017.	the vertical clearance under the bridge is 15 meters construction was completed in august 2011 it didn't open to traffic until march 2017
Tanya will attack all the things in the water, and immediately try to explode the dragon, hoping that the giant dinosaur is no other opponent.	it also attacked anything that entered the water even a giant dinosaur such as t rex would be no match for it
Tanya will attack all the things in the water, and immediately try to explode the dragon, hoping that the giant dinosaur is no other opponent.	it also attacked anything that entered the water even a giant dinosaur such as t rex would be no match for it
All the names and poems mean one word, even if there is no beginning in the middle of the sentence.	all nouns alongside the word sie for you always begin with a capital letter even in the middle of a sentence
All the names and poems mean one word, even if there is no beginning in the middle of the sentence.	all nouns alongside the word sie for you always begin with a capital letter even in the middle of a sentence
It is a place that is very suitable for painting in Finland. There are thousands of countries known as Finland, and there are more than 2,000 islands in the U.S.	finland is a great boating destination the land of a thousand lakes has thousands of islands too in the lakes and in the coastal archipelagos
It is a place that is very suitable for painting in Finland. There are thousands of countries known as Finland, and there are more than 2,000 islands in the U.S.	finland is a great boating destination the land of a thousand lakes has thousands of islands too in the lakes and in the coastal archipelagos
However, among the total number of patients who are infected with COVID-19, the number of patients who are infected with COVID-19 is relatively low. In South Africa, there are 6,000 people infected with COVID-19 every 30,000 people in a specific period of time.	however the percentage of xdr-tb in the entire group of people with tuberculosis still seems to be low 6,000 of the total 330,000 people infected at any particular moment in south africa
Height of the bridge is 15 cm. It was built in August 2011, but it was demolished in March 2017.	the vertical clearance under the bridge is 15 meters construction was completed in august 2011 it didn't open to traffic until march 2017
Height of the bridge is 15 cm. It was built in August 2011, but it was demolished in March 2017.	the vertical clearance under the bridge is 15 meters construction was completed in august 2011 it didn't open to traffic until march 2017
Everyone participates in social activities and uses the transportation system for almost everyone. Almost everyone uses the transportation system.	everyone participates in society and uses transportation systems almost everyone complains about transportation systems
Everyone participates in social activities and uses the transportation system for almost everyone. Almost everyone uses the transportation system.	everyone participates in society and uses transportation systems almost everyone complains about transportation systems
The method is the same as the other materials.	the scientists were able to conclude that the dark matter affect other dark matter in the same way regular matter does
You can also use the application card in the area of ​​the island, but you should not use the application card. Please ask the seller first and make sure you can use that kind of payment method.	on the outlying islands credit cards will probably not be accepted although british and united states currency may be taken check with the owners in advance to determine what is an acceptable payment method
Be careful not to let the temperature of the plants rise too high, it may cause dehydration and may burn in a short period of time.	be careful not to allow fabric to become too hot which can cause shrinkage or in extreme cases scorch
Be careful not to let the temperature of the plants rise too high, it may cause dehydration and may burn in a short period of time.	be careful not to allow fabric to become too hot which can cause shrinkage or in extreme cases scorch
The freedom派對推動重建的批評,主要在於重建合約構想要一般認為的華府宣內人。	liberal criticism of the reconstruction effort has focused on the awarding of reconstruction contracts to perceived washington insiders
The freedom派對推動重建的批評,主要在於重建合約構想要一般認為的華府宣內人。	liberal criticism of the reconstruction effort has focused on the awarding of reconstruction contracts to perceived washington insiders
There are many places that can be used to feed people, such as a safe swimming pool, and most of them have a swimming pool provided by the Nau Sai Lan Christmas tree.	they are almost all sandy beaches with safe swimming and most have shade provided by pohutukawa trees
There are many places that can be used to feed people, such as a safe swimming pool, and most of them have a swimming pool provided by the Nau Sai Lan Christmas tree.	they are almost all sandy beaches with safe swimming and most have shade provided by pohutukawa trees
19 police officers were found in the shopping mall	the governor's office said nineteen of the injured were police officers
19 police officers were found in the shopping mall	the governor's office said nineteen of the injured were police officers
In addition, there is also a source of information about the source of the source of the source of the source of the source of the source of the source of the source of the source of the source of the source of the source of the source of the source of the source of the source of the source of the source of the source of the source of the source of the source of the source of the source of the source of the source of the source of the source of the source of the source of the source of the source of the source of the source of the source of the source of the source of the source of the source of the source of the source of the source of the source of the source of the source of the source of the source of the source of the source of the source of the source of the source of the source of the source of the source of the source of the source of the source of the source of the source of the source of source of the source of source of the source of source of the source of source of source of source of source of source of source of source of source of source of source of source of source of source of source of source of source of source of source of source of source of source of source of source of source of source of source of source of source of source of source of source of source of source of source of source of source of source of source of source of source of source of source of source of source of source of source of source of source of source of source of source of source of source of source of source of source of source of source of source of source of source of source of source of source of source of source of source of source of source of source of source of source of source of source of source of source of source of source of source of source of source of source of source of source of source of source of source of source of source of source of source of source of source of source of source of source of source of source of source of source of source of source of source of source of source of source of source of source of source of source of source of source of source of source of source of source of source of source	the service is frequently used by shipping including pleasure craft as well as expeditions who have remote data and voice needs
In addition, there is also a source of information about the source of the source of the source of the source of the source of the source of the source of the source of the source of the source of the source of the source of the source of the source of the source of the source of the source of the source of the source of the source of the source of the source of the source of the source of the source of the source of the source of the source of the source of the source of the source of the source of the source of the source of the source of the source of the source of the source of the source of the source of the source of the source of the source of the source of the source of the source of the source of the source of the source of the source of the source of the source of the source of the source of the source of the source of the source of the source of the source of the source of the source of source of the source of source of the source of source of the source of source of source of source of source of source of source of source of source of source of source of source of source of source of source of source of source of source of source of source of source of source of source of source of source of source of source of source of source of source of source of source of source of source of source of source of source of source of source of source of source of source of source of source of source of source of source of source of source of source of source of source of source of source of source of source of source of source of source of source of source of source of source of source of source of source of source of source of source of source of source of source of source of source of source of source of source of source of source of source of source of source of source of source of source of source of source of source of source of source of source of source of source of source of source of source of source of source of source of source of source of source of source of source of source of source of source of source of source of source of source of source of source of source of source of source of source of source of source	the service is frequently used by shipping including pleasure craft as well as expeditions who have remote data and voice needs
All of this is due to the lack of evidence, and the lack of evidence is due to the lack of evidence, and the lack of evidence is due to the lack of evidence, and the lack of evidence is due to the lack of evidence, and the lack of evidence is due to the lack of evidence, and the lack of evidence is due to the lack of evidence, and the lack of evidence is due to the lack of evidence, and the lack of evidence is due to the lack of evidence, and the lack of evidence, and the lack of evidence, and the lack of evidence, and the lack of evidence, and the lack of evidence, and the lack of evidence, and the lack of evidence, and the lack of evidence, and the lack of evidence, and the lack of evidence, and the lack of evidence, and the lack of evidence, and the lack of evidence, and the lack of evidence, and the lack of evidence, and the lack of evidence, and the lack of evidence, and the lack of evidence, and the lack of evidence, and the lack of evidence, and the lack of evidence, and the lack of evidence, and the lack of evidence, and the lack of evidence, and the lack of evidence, and the lack of evidence, and the lack of evidence, and the lack of evidence, and the lack of evidence, and the lack of evidence, and the lack of evidence, and the lack of evidence, and the lack of evidence, and the lack of evidence, and the lack of evidence, and the lack of evidence, and the lack of evidence, and the lack of evidence, and the lack of evidence, and the lack of evidence, and the lack of evidence, and the lack of evidence, and the lack of evidence, and the lack of evidence, and the lack of evidence, and the lack of evidence, and the lack of evidence, and the lack of evidence, and the lack of evidence, and the lack of evidence, and the lack of evidence, and the lack of evidence, and the lack of evidence, and the lack of evidence, and the lack of evidence, and the lack of evidence, and the lack of evidence,	ms is a disease that affects the central nervous system which is made up of the brain the spinal cord and the optic nerve
All of this is due to the lack of evidence, and the lack of evidence is due to the lack of evidence, and the lack of evidence is due to the lack of evidence, and the lack of evidence is due to the lack of evidence, and the lack of evidence is due to the lack of evidence, and the lack of evidence is due to the lack of evidence, and the lack of evidence is due to the lack of evidence, and the lack of evidence is due to the lack of evidence, and the lack of evidence, and the lack of evidence, and the lack of evidence, and the lack of evidence, and the lack of evidence, and the lack of evidence, and the lack of evidence, and the lack of evidence, and the lack of evidence, and the lack of evidence, and the lack of evidence, and the lack of evidence, and the lack of evidence, and the lack of evidence, and the lack of evidence, and the lack of evidence, and the lack of evidence, and the lack of evidence, and the lack of evidence, and the lack of evidence, and the lack of evidence, and the lack of evidence, and the lack of evidence, and the lack of evidence, and the lack of evidence, and the lack of evidence, and the lack of evidence, and the lack of evidence, and the lack of evidence, and the lack of evidence, and the lack of evidence, and the lack of evidence, and the lack of evidence, and the lack of evidence, and the lack of evidence, and the lack of evidence, and the lack of evidence, and the lack of evidence, and the lack of evidence, and the lack of evidence, and the lack of evidence, and the lack of evidence, and the lack of evidence, and the lack of evidence, and the lack of evidence, and the lack of evidence, and the lack of evidence, and the lack of evidence, and the lack of evidence, and the lack of evidence, and the lack of evidence, and the lack of evidence, and the lack of evidence, and the lack of evidence, and the lack of evidence, and the lack of evidence, and the lack of evidence,	ms is a disease that affects the central nervous system which is made up of the brain the spinal cord and the optic nerve
It takes about 10-60 minutes to get into the water after 10-60 minutes.	sleep interruption is the process of purposefully awakening during your normal sleep period and falling asleep a short time later 10–60 minutes
It takes about 10-60 minutes to get into the water after 10-60 minutes.	sleep interruption is the process of purposefully awakening during your normal sleep period and falling asleep a short time later 10–60 minutes
The driver of the car is not able to control the car when the driver of the car is not able to control the car when the driver of the car is not able to control the car when the driver of the car is not able to control the car when the driver of the car is not able to control the car when the driver of the car is not able to control the car when the driver of the car is not able to control the car when the driver of the car is not able to control the car when the driver of the car is not able to control the car when the driver of the car is not able to control the car when the driver of the car is not able to control the car when the driver of the car is not able to control the car when the driver of the car is not able to control the car when the driver of the car is not able to control the car when the driver of the car is not able to control the car when the driver of the car is not able to control the car when the driver of the car is not able to control the car when the driver of the car is not able to control the car when the driver of the car is not able to control the car when the driver of the car is not able to control the car when the driver of the car when the driver of the car is not able to control the car when the driver of the car when the driver of the car is not able to control the car when the driver of the car when the driver of the car is not able to control the car when the driver of the car when the driver of the car is not able to control the car when the driver of the car when the driver of the car is not able to control the car when the driver of the car when the driver of the driver of the car when the driver of the car is not able to control the car when the driver of the car when the driver of the driver of the car when the driver of the driver of the car when the driver of the driver of the car when the driver of the driver of the car when the driver of the driver of the driver when the driver of the driver of the driver when the	giancarlo fisichella lost control of his car and ended the race very soon after the start
The driver of the car is not able to control the car when the driver of the car is not able to control the car when the driver of the car is not able to control the car when the driver of the car is not able to control the car when the driver of the car is not able to control the car when the driver of the car is not able to control the car when the driver of the car is not able to control the car when the driver of the car is not able to control the car when the driver of the car is not able to control the car when the driver of the car is not able to control the car when the driver of the car is not able to control the car when the driver of the car is not able to control the car when the driver of the car is not able to control the car when the driver of the car is not able to control the car when the driver of the car is not able to control the car when the driver of the car is not able to control the car when the driver of the car is not able to control the car when the driver of the car is not able to control the car when the driver of the car is not able to control the car when the driver of the car is not able to control the car when the driver of the car when the driver of the car is not able to control the car when the driver of the car when the driver of the car is not able to control the car when the driver of the car when the driver of the car is not able to control the car when the driver of the car when the driver of the car is not able to control the car when the driver of the car when the driver of the car is not able to control the car when the driver of the car when the driver of the driver of the car when the driver of the car is not able to control the car when the driver of the car when the driver of the driver of the car when the driver of the driver of the car when the driver of the driver of the car when the driver of the driver of the car when the driver of the driver of the driver when the driver of the driver of the driver when the	giancarlo fisichella lost control of his car and ended the race very soon after the start
Taiwan has no way to use medicine to cure pain because the Olympic Committee has禁止使用那些藥物	he has been unable to take the drugs needed to overcome his pain as they are banned from the games
Taiwan has no way to use medicine to cure pain because the Olympic Committee has禁止使用那些藥物	he has been unable to take the drugs needed to overcome his pain as they are banned from the games
We can only be curious to see if there is a new invention, and see what it is capable of.	one can only wonder what the keyboard will become when something newer comes along
We can only be curious to see if there is a new invention, and see what it is capable of.	one can only wonder what the keyboard will become when something newer comes along
Although in Paris life, you have to show the best side of yourself. This kind of speech is not necessarily a black version of the image, but it is still a sentence that shows that beyond your girlfriend, you have a good image, or it is easier for you to let you go.	while this is often only an inaccurate stereotype the best way to get along in paris still is to be on your best behavior acting like someone who is bien élevé well brought up. it will make getting about considerably easier
Although in Paris life, you have to show the best side of yourself. This kind of speech is not necessarily a black version of the image, but it is still a sentence that shows that beyond your girlfriend, you have a good image, or it is easier for you to let you go.	while this is often only an inaccurate stereotype the best way to get along in paris still is to be on your best behavior acting like someone who is bien élevé well brought up. it will make getting about considerably easier
Mostly, there are two main reasons for the decision-making of the technology. The development of the technology is far from the culture or political factors that have such a big impact, and the technology will affect the society in the coming time, and not the society.	most interpretations of technological determinism share two general ideas that the development of technology itself follows a path largely beyond cultural or political influence and that technology in turn has effects on societies that are inherent rather than socially conditioned
Most of the food in Germany is served with a variety of fruits and other fruits, and the temperature of the cake is usually matched with a cup of coffee.	many german baked goods also feature almonds hazelnuts and other tree nuts popular cakes often pair particularly well with a cup of strong coffee
A bomb exploded in the office of the head of the local administration.	one bomb exploded outside the governor general's office
A bomb exploded in the office of the head of the local administration.	one bomb exploded outside the governor general's office
Among the 78 suggestions, the first one is that it should be adopted before the first year of this year, and that it should be adopted before the first year of this year, and that it should be adopted before the first year of this year, and that it should be adopted before the first year of this year, and that it should be adopted before the first year, and that it should be adopted before the first year, and that it should be adopted before the first year, and that it should be adopted before the first year, and that it should be adopted before the first year, and that it should be adopted before the first year, and that it should be adopted before the first year, and that it should be adopted before the first year, and that it should be adopted before the first year, and that it should be adopted before the first year, and that it should be adopted before the first year, and that it should be adopted before the first year, and that it should be adopted before the first year, and that it should be adopted before the first year, and that it should be adopted before the first year, and that it should be adopted before the first year, and that it should be adopted before the first year, and that it should be adopted before the first year, and that it should be adopted before the first year, and that it should be adopted before the first year, and that it should be adopted before the first year, and that it should be adopted before the first year, and that it should be adopted before the first year, and that it should be adopted before the first year, and that it should be adopted before the first year, and that it should be adopted before the first year, and that it should be adopted before the first year, and that it should be adopted before the first year, and that it should be adopted before the first year, and that it should be adopted before the first year, and that it should be adopted before the first year, and that it should be adopted before the first year, and that it should be adopted before the first year, and that it should be adopted before the first year, and that it should be adopted	first among its 78 recommendations is that a new diplomatic initiative should be taken before the end of this year to secure iraq's borders against hostile interventions and to re-establish diplomatic relations with its neighbors
Among the 78 suggestions, the first one is that it should be adopted before the first year of this year, and that it should be adopted before the first year of this year, and that it should be adopted before the first year of this year, and that it should be adopted before the first year of this year, and that it should be adopted before the first year, and that it should be adopted before the first year, and that it should be adopted before the first year, and that it should be adopted before the first year, and that it should be adopted before the first year, and that it should be adopted before the first year, and that it should be adopted before the first year, and that it should be adopted before the first year, and that it should be adopted before the first year, and that it should be adopted before the first year, and that it should be adopted before the first year, and that it should be adopted before the first year, and that it should be adopted before the first year, and that it should be adopted before the first year, and that it should be adopted before the first year, and that it should be adopted before the first year, and that it should be adopted before the first year, and that it should be adopted before the first year, and that it should be adopted before the first year, and that it should be adopted before the first year, and that it should be adopted before the first year, and that it should be adopted before the first year, and that it should be adopted before the first year, and that it should be adopted before the first year, and that it should be adopted before the first year, and that it should be adopted before the first year, and that it should be adopted before the first year, and that it should be adopted before the first year, and that it should be adopted before the first year, and that it should be adopted before the first year, and that it should be adopted before the first year, and that it should be adopted before the first year, and that it should be adopted before the first year, and that it should be adopted before the first year, and that it should be adopted	first among its 78 recommendations is that a new diplomatic initiative should be taken before the end of this year to secure iraq's borders against hostile interventions and to re-establish diplomatic relations with its neighbors
According to the bottom of the water, the waves of the river will be concentrated in the lower part of the river, and it is likely to flow into the deep water area again.	due to the underwater topology the return flow is concentrated at a few deeper sections and a fast current to deep water may form there
According to the bottom of the water, the waves of the river will be concentrated in the lower part of the river, and it is likely to flow into the deep water area again.	due to the underwater topology the return flow is concentrated at a few deeper sections and a fast current to deep water may form there
In 1889, a speech was made on the occasion of the nuclear war in Germany, Germany, the United States, and the United Kingdom.	the harbor was the site of an infamous naval standoff in 1889 when seven ships from germany the us and britain refused to leave the harbor
People know that the 25-year-old version of the original version of the original version of the original version of the original version of the original version of the original version of the original version of the original version of the original version of the original version of the original version of the original version of the original version of the original version of the original version of the original version of the original version of the original version of the original version of the original version of the original version of the original version of the original version of the original version of the original version of the original version of the original version of the original version of the original version of the original version of the original version of the original version of the original version of the original version of the original version of the original version of the original version of the original version of the original version of the original version of the original version of the original version of the original version of the original version of the original version of the original version of the original version of the original version of the original version of the original version of the original version of the original version of the original version of the original version of the original version of the original version of the original version of the original version of the original version of the original version of the original version of the original version of the original version of the original version of the original version of the original version of the original version of the original version of the original version of the original version of the original version of the original version of the original version of the original version of the original version of the original version of the original version of the original version of the original version of the original version of the original version of the original version of the original version of the original version of the original version of the original version of the original version of the original version of the original version of the original version of the original version of the original version of the original version of the original version of the original version of the original version of the original version of the original version of the original version of the original version of the original version of the original version of the original version of the original version of the original version of the original version of the original version of the original version of the	the 25 dunlap broadsides still known to exist are the oldest surviving copies of the document the original handwritten copy has not survived
People know that the 25-year-old version of the original version of the original version of the original version of the original version of the original version of the original version of the original version of the original version of the original version of the original version of the original version of the original version of the original version of the original version of the original version of the original version of the original version of the original version of the original version of the original version of the original version of the original version of the original version of the original version of the original version of the original version of the original version of the original version of the original version of the original version of the original version of the original version of the original version of the original version of the original version of the original version of the original version of the original version of the original version of the original version of the original version of the original version of the original version of the original version of the original version of the original version of the original version of the original version of the original version of the original version of the original version of the original version of the original version of the original version of the original version of the original version of the original version of the original version of the original version of the original version of the original version of the original version of the original version of the original version of the original version of the original version of the original version of the original version of the original version of the original version of the original version of the original version of the original version of the original version of the original version of the original version of the original version of the original version of the original version of the original version of the original version of the original version of the original version of the original version of the original version of the original version of the original version of the original version of the original version of the original version of the original version of the original version of the original version of the original version of the original version of the original version of the original version of the original version of the original version of the original version of the original version of the original version of the original version of the original version of the original version of the original version of the original version of the original version of the	the 25 dunlap broadsides still known to exist are the oldest surviving copies of the document the original handwritten copy has not survived
The SWA-PO, a group of people from Western Africa, and the National Assembly, held a large number of seats during the election.	the ruling party south west africa people's organisation swapo also retained a majority in the parliamentary elections
The SWA-PO, a group of people from Western Africa, and the National Assembly, held a large number of seats during the election.	the ruling party south west africa people's organisation swapo also retained a majority in the parliamentary elections
More than 18 centuries ago, there has never been a problem with global warming in the 18th century.	prior to the arrival of troops haiti had not encountered problems related to the disease since the 1800s
More than 18 centuries ago, there has never been a problem with global warming in the 18th century.	prior to the arrival of troops haiti had not encountered problems related to the disease since the 1800s
It affects the brain, the body, the nerves, etc.	ms is a disease that affects the central nervous system which is made up of the brain the spinal cord and the optic nerve
It affects the brain, the body, the nerves, etc.	ms is a disease that affects the central nervous system which is made up of the brain the spinal cord and the optic nerve
Most of the research site's view is a huge facility, along with a large air-conditioned, good-quality remote area.	most modern research telescopes are enormous facilities in remote areas with favorable atmospheric conditions
Most of the research site's view is a huge facility, along with a large air-conditioned, good-quality remote area.	most modern research telescopes are enormous facilities in remote areas with favorable atmospheric conditions
Before the report was made, there was a problem with the fire that had not occurred since the 18th century.	prior to the arrival of troops haiti had not encountered problems related to the disease since the 1800s
Before the report was made, there was a problem with the fire that had not occurred since the 18th century.	prior to the arrival of troops haiti had not encountered problems related to the disease since the 1800s
In the period of the history of Europe, there was a strong, religious, religious, religious, religious, religious, religious, religious, religious, religious, religious, religious, religious, religious, religious, religious, religious, religious, religious, religious, religious, religious, religious, religious, religious, religious, religious, religious, religious, religious, religious, religious, religious, religious, religious, religious, religious, religious, religious, religious, religious, religious, religious, religious, religious, religious, religious, religious, religious, religious, religious, religious, religious, religious, religious, religious, religious, religious, religious, religious, religious, religious, religious, religious, religious, religious, religious, religious, religious, religious, religious, religious, religious, religious, religious, religious, religious, religious, religious, religious, religious, religious, religious, religious, religious, religious, religious, religious, religious, religious, religious, religious, religious, religious, religious, religious, religious, religious, religious, religious, religious, religious, religious, religious, religious, religious, religious, religious, religious, religious, religious, religious, religious, religious, religious, religious, religious, religious, religious, religious, religious, religious, religious, religious, religious, religious, religious, religious, religious, religious, religious, religious, religious, religious, religious, religious, religious, religious, religious, religious, religious, religious, religious, religious, religious, religious, religious, religious, religious, religious, religious, religious, religious, religious, religious, religious, religious, religious, religious, religious, religious, religious, religious, religious, religious, religious, religious, religious, religious, religious, religious, religious, religious, religious, religious, religious, religious, religious, religious, religious, religious, religious, religious, religious, religious, religious, religious, religious, religious, religious, religious, religious, religious, religious, religious, religious, religious, religious, religious, religious, religious, religious, religious, religious, religious, religious, religious, religious, religious, religious, religious, religious, religious, religious, religious, religious,	during this period of european history the catholic church which had become rich and powerful came under scrutiny
In the period of the history of Europe, there was a strong, religious, religious, religious, religious, religious, religious, religious, religious, religious, religious, religious, religious, religious, religious, religious, religious, religious, religious, religious, religious, religious, religious, religious, religious, religious, religious, religious, religious, religious, religious, religious, religious, religious, religious, religious, religious, religious, religious, religious, religious, religious, religious, religious, religious, religious, religious, religious, religious, religious, religious, religious, religious, religious, religious, religious, religious, religious, religious, religious, religious, religious, religious, religious, religious, religious, religious, religious, religious, religious, religious, religious, religious, religious, religious, religious, religious, religious, religious, religious, religious, religious, religious, religious, religious, religious, religious, religious, religious, religious, religious, religious, religious, religious, religious, religious, religious, religious, religious, religious, religious, religious, religious, religious, religious, religious, religious, religious, religious, religious, religious, religious, religious, religious, religious, religious, religious, religious, religious, religious, religious, religious, religious, religious, religious, religious, religious, religious, religious, religious, religious, religious, religious, religious, religious, religious, religious, religious, religious, religious, religious, religious, religious, religious, religious, religious, religious, religious, religious, religious, religious, religious, religious, religious, religious, religious, religious, religious, religious, religious, religious, religious, religious, religious, religious, religious, religious, religious, religious, religious, religious, religious, religious, religious, religious, religious, religious, religious, religious, religious, religious, religious, religious, religious, religious, religious, religious, religious, religious, religious, religious, religious, religious, religious, religious, religious, religious, religious, religious, religious, religious, religious, religious, religious, religious, religious, religious, religious, religious, religious, religious, religious, religious, religious, religious, religious,	during this period of european history the catholic church which had become rich and powerful came under scrutiny
When the fire broke out, the local head of the administration's office exploded.	one bomb exploded outside the governor general's office
When the fire broke out, the local head of the administration's office exploded.	one bomb exploded outside the governor general's office
He did not rely on the number of defenders and ball skills to assist the team, but the team did not have the strength to fight back.	their disciplined defence ball handling skills and excellent team work made them stand out and it was clear that this was the team to beat
He did not rely on the number of defenders and ball skills to assist the team, but the team did not have the strength to fight back.	their disciplined defence ball handling skills and excellent team work made them stand out and it was clear that this was the team to beat
There are a lot of sesame seeds in the egg fillet.	but there are a lot of things about birds that still look like a dinosaur
There are a lot of sesame seeds in the egg fillet.	but there are a lot of things about birds that still look like a dinosaur
Many Italian cities and other places in the world also have similar levels, especially in Borla, and there are many more people come and visit.	in many other cities of italy and in the rest of the world particularly in poland similar setups were made which were viewed by a great number of people
Many Italian cities and other places in the world also have similar levels, especially in Borla, and there are many more people come and visit.	in many other cities of italy and in the rest of the world particularly in poland similar setups were made which were viewed by a great number of people
There are two types of gold and silver boxes in the box. The silver box contains a variety of elements, and the silver box contains a variety of elements, and the silver box contains a variety of elements, and the silver box contains a variety of elements, and the silver box contains a variety of elements, and the silver box contains a variety of elements, and the silver box contains a variety of elements, and the silver box contains a variety of elements, and the silver box contains a variety of elements, and the silver box contains a variety of elements, and the silver box contains a variety of elements, and the silver box contains a variety of elements, and the silver box contains a variety of elements, and the silver box contains a variety of elements, and the silver box contains a variety of elements, and the silver box contains a variety of elements, and the silver box contains a variety of elements, and the silver box contains a variety of elements, and the silver box contains a variety of elements, and the silver box contains a variety of elements, and the silver box contains a variety of elements, and the silver box contains a variety of elements, and the silver box contains a variety of elements, and the silver box contains a variety of elements, and the silver box contains a variety of elements, and the silver box contains a variety of elements, and the silver box contains a variety of elements, and the silver box contains a variety of elements, and the silver box contains a variety of elements, and the silver box contains a variety of elements, and the silver box contains a variety of elements, and the silver box contains a variety of elements, and the silver box contains a variety of elements, and the silver box contains a variety of elements, and the silver box contains a variety of elements, and the silver box contains a variety of elements, and the silver box contains a variety of elements, and the silver box contains a variety of elements, and the silver box contains a variety of elements, and the silver box contains a variety of elements, and the silver box contains a variety of elements, and the silver box contains a variety of elements, and the silver box contains a variety of elements, and the	alloys are basically a mixture of two or more metals don't forget that there are many elements on the periodic table
There are two types of gold and silver boxes in the box. The silver box contains a variety of elements, and the silver box contains a variety of elements, and the silver box contains a variety of elements, and the silver box contains a variety of elements, and the silver box contains a variety of elements, and the silver box contains a variety of elements, and the silver box contains a variety of elements, and the silver box contains a variety of elements, and the silver box contains a variety of elements, and the silver box contains a variety of elements, and the silver box contains a variety of elements, and the silver box contains a variety of elements, and the silver box contains a variety of elements, and the silver box contains a variety of elements, and the silver box contains a variety of elements, and the silver box contains a variety of elements, and the silver box contains a variety of elements, and the silver box contains a variety of elements, and the silver box contains a variety of elements, and the silver box contains a variety of elements, and the silver box contains a variety of elements, and the silver box contains a variety of elements, and the silver box contains a variety of elements, and the silver box contains a variety of elements, and the silver box contains a variety of elements, and the silver box contains a variety of elements, and the silver box contains a variety of elements, and the silver box contains a variety of elements, and the silver box contains a variety of elements, and the silver box contains a variety of elements, and the silver box contains a variety of elements, and the silver box contains a variety of elements, and the silver box contains a variety of elements, and the silver box contains a variety of elements, and the silver box contains a variety of elements, and the silver box contains a variety of elements, and the silver box contains a variety of elements, and the silver box contains a variety of elements, and the silver box contains a variety of elements, and the silver box contains a variety of elements, and the silver box contains a variety of elements, and the silver box contains a variety of elements, and the silver box contains a variety of elements, and the	alloys are basically a mixture of two or more metals don't forget that there are many elements on the periodic table
Madeleine was elected by nine members of the National Committee of the National Committee of the National Committee of the National Committee of the National Committee of the National Committee of the National Committee of the National Committee of the National Committee of the National Committee of the National Committee of the National Committee of the National Committee of the National Committee of the National Committee of the National Committee of the National Committee of the National Committee of the National Committee of the National Committee of the National Committee of the National Committee of the National Committee of the National Committee of the National Committee of the National Committee of the National Committee of the National Committee of the National Committee of the National Committee of the National Committee of the National Committee of the National Committee of the National Committee of the National Committee of the National Committee of the National Committee of the National Committee of the National Committee of the National Committee of the National Committee of the National Committee of the National Committee of the National Committee of the National Committee of the National Committee of the National Committee of the National Committee of the National Committee of the National Committee of the National Committee of the National Committee of the National Committee of the National Committee of the National Committee of the National Committee of the National Committee of the National Committee of the National Committee of the National Committee of the National Committee of the National Committee of the National Committee of the National Committee of the National Committee of the National Committee of the National Committee of the National Committee of the National Committee of the National Committee of the National Committee of the National Committee of the National Committee of the National Committee of the National Committee of the National Committee of the National Committee of the National Committee of the National Committee of the National Committee of the National Committee of the National Committee of the National Committee of the National Committee of the National Committee of the National Committee of the National Committee of the National Committee of the National Committee of the National Committee of the National Committee of the National Committee of the National Committee of the National Committee of the National Committee of the National Committee of the National Committee of the National Committee of the National Committee of the National Committee of the National Committee of the National Committee of the National Committee of the National Committee of the National Committee of the National Committee of the National Committee of the National Committee of the National Committee	martelly swore in a new provisional electoral council cep of nine members yesterday
Madeleine was elected by nine members of the National Committee of the National Committee of the National Committee of the National Committee of the National Committee of the National Committee of the National Committee of the National Committee of the National Committee of the National Committee of the National Committee of the National Committee of the National Committee of the National Committee of the National Committee of the National Committee of the National Committee of the National Committee of the National Committee of the National Committee of the National Committee of the National Committee of the National Committee of the National Committee of the National Committee of the National Committee of the National Committee of the National Committee of the National Committee of the National Committee of the National Committee of the National Committee of the National Committee of the National Committee of the National Committee of the National Committee of the National Committee of the National Committee of the National Committee of the National Committee of the National Committee of the National Committee of the National Committee of the National Committee of the National Committee of the National Committee of the National Committee of the National Committee of the National Committee of the National Committee of the National Committee of the National Committee of the National Committee of the National Committee of the National Committee of the National Committee of the National Committee of the National Committee of the National Committee of the National Committee of the National Committee of the National Committee of the National Committee of the National Committee of the National Committee of the National Committee of the National Committee of the National Committee of the National Committee of the National Committee of the National Committee of the National Committee of the National Committee of the National Committee of the National Committee of the National Committee of the National Committee of the National Committee of the National Committee of the National Committee of the National Committee of the National Committee of the National Committee of the National Committee of the National Committee of the National Committee of the National Committee of the National Committee of the National Committee of the National Committee of the National Committee of the National Committee of the National Committee of the National Committee of the National Committee of the National Committee of the National Committee of the National Committee of the National Committee of the National Committee of the National Committee of the National Committee of the National Committee of the National Committee of the National Committee of the National Committee of the National Committee of the National Committee of the National Committee	martelly swore in a new provisional electoral council cep of nine members yesterday
If you have watched the movie, you may have thought that the back side of the United States alone has a hidden treasure.	if you have watched the movie national treasure you may think a treasure map was written on the back of the declaration of independence
If you have watched the movie, you may have thought that the back side of the United States alone has a hidden treasure.	if you have watched the movie national treasure you may think a treasure map was written on the back of the declaration of independence
According to the report, he was more than 20 years old at that time, and in one of his statements, he said, Although I was not at the scene at that time, it was a tragic incident and I was not directly involved, but I was very concerned about the family of the victim, and I was praying for them.	he was reportedly aged in his 20s. in a statement bieber said [w]hile i was not present nor directly involved with this tragic accident my thoughts and prayers are with the family of the victim.
According to the report, he was more than 20 years old at that time, and in one of his statements, he said, Although I was not at the scene at that time, it was a tragic incident and I was not directly involved, but I was very concerned about the family of the victim, and I was praying for them.	he was reportedly aged in his 20s. in a statement bieber said [w]hile i was not present nor directly involved with this tragic accident my thoughts and prayers are with the family of the victim.
Roland Mendoza used the M16 gun to shoot at the tourists	rolando mendoza fired his m16 rifle at the tourists
After the incident, the police were sent to the hospital after the gunshot.	after the accident occurred gibson was transported to a hospital but died shortly afterwards
The plant was made into a human body, and was absorbed by the human skin to make it into a flower tank.	plants make oxygen which humans breathe and they take in carbon-dioxide which humans exhale that is breathe out
The plant was made into a human body, and was absorbed by the human skin to make it into a flower tank.	plants make oxygen which humans breathe and they take in carbon-dioxide which humans exhale that is breathe out
In the middle of the game, the striker was killed, and the player was caught, and the player was caught, and the player was caught, and the player was caught, and the player was caught, and the player was caught, and the player was caught, and the player was caught, and the player was caught, and the player was caught, and the player was caught, and the player was caught, and the player was caught, and the player was caught, and the player was caught, and the player was caught, and the player was caught, and the player was caught, and the player was caught, and the player was caught, and the player was caught, and the player was caught, and the player was caught, and the player was caught, and the player was caught, and the player was caught, and the player was caught, and the player was caught, and the player was caught, and the player was caught, and the player was caught, and the player was caught, and the player was caught, and the player was caught, and the player was caught, and the player was caught, and the player was caught, and the player was caught, and the player was caught, and the player was caught, and the player was caught, and the player was caught, and the player was caught, and the player was caught, and the player was caught, and the player was caught, and the player was caught, and the player was caught, and the player was caught, and the player was caught, and the player was caught, and the player was caught, and the player was caught, and the player was caught, and the player was caught, and the player was caught, and the player was caught, and the player was caught, and the player was caught, and the player was caught, and the player was caught, and the player was caught, and the player was caught, and the player was caught, and the player was caught, and the player was caught, and the player was caught, and the player was caught, and the player was caught, and the player was caught, and the player was caught, and the player was caught	middle order batsmen sachin tendulkar and rahul dravid performed well and made a hundred-run partnership
In the middle of the game, the striker was killed, and the player was caught, and the player was caught, and the player was caught, and the player was caught, and the player was caught, and the player was caught, and the player was caught, and the player was caught, and the player was caught, and the player was caught, and the player was caught, and the player was caught, and the player was caught, and the player was caught, and the player was caught, and the player was caught, and the player was caught, and the player was caught, and the player was caught, and the player was caught, and the player was caught, and the player was caught, and the player was caught, and the player was caught, and the player was caught, and the player was caught, and the player was caught, and the player was caught, and the player was caught, and the player was caught, and the player was caught, and the player was caught, and the player was caught, and the player was caught, and the player was caught, and the player was caught, and the player was caught, and the player was caught, and the player was caught, and the player was caught, and the player was caught, and the player was caught, and the player was caught, and the player was caught, and the player was caught, and the player was caught, and the player was caught, and the player was caught, and the player was caught, and the player was caught, and the player was caught, and the player was caught, and the player was caught, and the player was caught, and the player was caught, and the player was caught, and the player was caught, and the player was caught, and the player was caught, and the player was caught, and the player was caught, and the player was caught, and the player was caught, and the player was caught, and the player was caught, and the player was caught, and the player was caught, and the player was caught, and the player was caught, and the player was caught, and the player was caught, and the player was caught	middle order batsmen sachin tendulkar and rahul dravid performed well and made a hundred-run partnership
Li Gengsi-Legens will use the time of the next class to study the early stage of the early stage of the early stage of the early stage of the early stage of the early stage of the early stage of the early stage of the early stage of the early stage of the early stage of the early stage of the early stage of the early stage of the early stage of the early stage of the early stage of the early stage of the early stage of the early stage of the early stage of the early stage of the early stage of the early stage of the early stage of the early stage of the early stage of the early stage of the early stage of the early stage of the early stage of the early stage of the early stage of the early stage of the early stage of the early stage of the early stage of the early stage of the early stage of the early stage of the early stage of the early stage of the early stage of the early stage of the early stage of the early stage of the early stage of the early stage of the early stage of the early stage of the early stage of the early stage of the early stage of the early stage of the early stage of the early stage of the early stage of the early stage of the early stage of the early stage of the early stage of the early stage of the early stage of the early stage of the early stage of the early stage of the early stage of the early stage of the early stage of the early stage of the early stage of the early stage of the early stage of the early stage of the early stage of the early stage of the early stage of the early stage of the early stage of the early stage of the early stage of the early stage of the early stage of the early stage of the early stage of the early stage of the early stage of the early stage of the early stage of the early stage of the early stage of the early stage of the early stage of the early stage of the early stage of the early stage of the early stage of the early stage of the early stage of the early stage of the early stage of the early stage of the early stage of the early stage of the early stage of the early stage of the early	while he was working at the hospital liggins began to investigate premature labor during his spare time
When I was a student, I wanted to take my students to a place where there was no traffic.	field trips are a large part of any classroom quite often a teacher would love to take her students places to which a bus trip is not an option
29-year-old Malay-Balai Sobo-Lai-Mani-A-Leon-Mala-Balasubramanian-E-San-Jai-O-He-O-Jau-Di-Bolo-I-C-San-San-Nati-I-B-Y-15-Y-N-I-D-G-O-K-B-F-E-R-E-N-T-S-H-E-R-W-N-I-E-T-T-S-H-E-R-W-N-I-T-S-H-E-R-W-N-I-T-S-H-E-R-W-N-I-T-S-H-E-R-W-N-I-T-S-H-E-R-W-N-I-T-S-H-E-R-W-N-I-T-S-H-E-R-W-N-I-T-S-H-E-R-W-N-I-T-S-H-E-R-W-N-I-T-S-H-E-R-W-N-I-T-S-H-E-R-W-N-I-T-S-H-E-R-W-N-I-T-S-H-E-R-W-N-I-T-S-H-E-R-W-N-I-T-S-H-E-R-W-N-I-T-S-H-E-R-W-N-I-T-S-H-E-R-W-N-I-T-S-H-E-R-W-N-I-T-S-H-E-R-W-N-I-T-S-H-E-R-W-N-	dr malar balasubramanian 29 was found in blue ash ohio a suburb approximately 15 miles north of cincinnati lying on the ground beside the road in a t-shirt and underwear in an apparently heavily medicated state
29-year-old Malay-Balai Sobo-Lai-Mani-A-Leon-Mala-Balasubramanian-E-San-Jai-O-He-O-Jau-Di-Bolo-I-C-San-San-Nati-I-B-Y-15-Y-N-I-D-G-O-K-B-F-E-R-E-N-T-S-H-E-R-W-N-I-E-T-T-S-H-E-R-W-N-I-T-S-H-E-R-W-N-I-T-S-H-E-R-W-N-I-T-S-H-E-R-W-N-I-T-S-H-E-R-W-N-I-T-S-H-E-R-W-N-I-T-S-H-E-R-W-N-I-T-S-H-E-R-W-N-I-T-S-H-E-R-W-N-I-T-S-H-E-R-W-N-I-T-S-H-E-R-W-N-I-T-S-H-E-R-W-N-I-T-S-H-E-R-W-N-I-T-S-H-E-R-W-N-I-T-S-H-E-R-W-N-I-T-S-H-E-R-W-N-I-T-S-H-E-R-W-N-I-T-S-H-E-R-W-N-I-T-S-H-E-R-W-N-I-T-S-H-E-R-W-N-	dr malar balasubramanian 29 was found in blue ash ohio a suburb approximately 15 miles north of cincinnati lying on the ground beside the road in a t-shirt and underwear in an apparently heavily medicated state
In the early days, this show only had an experience to go to the radio station. Toginac was on the live broadcast. Toginac is a radio station that is best for talking about live broadcasts.	in its early days the show was featured solely at the long-running internet radio site toginet radio a site focused on talk radio
In the early days, this show only had an experience to go to the radio station. Toginac was on the live broadcast. Toginac is a radio station that is best for talking about live broadcasts.	in its early days the show was featured solely at the long-running internet radio site toginet radio a site focused on talk radio
There are two elements of communication between the Internet and the Internet.	the internet combines elements of both mass and interpersonal communication
There are two elements of communication between the Internet and the Internet.	the internet combines elements of both mass and interpersonal communication
People know that the 25-part version of the Pudan version is the most ancient version of the Pudan version of the Pudan version of the Pudan version of the Pudan version of the Pudan version of the Pudan version of the Pudan version of the Pudan version of the Pudan version of the Pudan version of the Pudan version of the Pudan version of the Pudan version of the Pudan version of the Pudan version of the Pudan version of the Pudan version of the Pudan version of the Pudan version of the Pudan version of the Pudan version of the Pudan version of the Pudan version of the Pudan version of the Pudan version of the Pudan version of the Pudan version of the Pudan version of the Pudan version of the Pudan version of the Pudan version of the Pudan version of the Pudan version of the Pudan version of the Pudan version of the Pudan version of the Pudan version of the Pudan version of the Pudan version of the Pudan version of the Pudan version of the Pudan version of the Pudan version of the Pudan version of the Pudan version of the Pudan version of the Pudan version of the Pudan version of the Pudan version of the Pudan version of the Pudan version of the Pudan version of the Pudan version of the Pudan version of the Pudan version of the Pudan version of the Pudan version of the Pudan version of the Pudan version of the Pudan version of the Pudan version of the Pudan version of the Pudan version of the Pudan version of the Pudan version of the Pudan version of the Pudan version of the Pudan version of the Pudan version of the Pudan version of the Pudan	the 25 dunlap broadsides still known to exist are the oldest surviving copies of the document the original handwritten copy has not survived
People know that the 25-part version of the Pudan version is the most ancient version of the Pudan version of the Pudan version of the Pudan version of the Pudan version of the Pudan version of the Pudan version of the Pudan version of the Pudan version of the Pudan version of the Pudan version of the Pudan version of the Pudan version of the Pudan version of the Pudan version of the Pudan version of the Pudan version of the Pudan version of the Pudan version of the Pudan version of the Pudan version of the Pudan version of the Pudan version of the Pudan version of the Pudan version of the Pudan version of the Pudan version of the Pudan version of the Pudan version of the Pudan version of the Pudan version of the Pudan version of the Pudan version of the Pudan version of the Pudan version of the Pudan version of the Pudan version of the Pudan version of the Pudan version of the Pudan version of the Pudan version of the Pudan version of the Pudan version of the Pudan version of the Pudan version of the Pudan version of the Pudan version of the Pudan version of the Pudan version of the Pudan version of the Pudan version of the Pudan version of the Pudan version of the Pudan version of the Pudan version of the Pudan version of the Pudan version of the Pudan version of the Pudan version of the Pudan version of the Pudan version of the Pudan version of the Pudan version of the Pudan version of the Pudan version of the Pudan version of the Pudan version of the Pudan version of the Pudan version of the Pudan version of the Pudan version of the Pudan	the 25 dunlap broadsides still known to exist are the oldest surviving copies of the document the original handwritten copy has not survived
I hope that the pilot has already made the time to perform the performance of the game.	aerosmith have cancelled their remaining concerts on their tour
I hope that the pilot has already made the time to perform the performance of the game.	aerosmith have cancelled their remaining concerts on their tour
If you don't exercise, such as足球, 籃球, 排球, 水球, 擊劍, 鑑籃球, 自行車, 冰箱曲棍球, 直排輪曲棍球, 和F1賽車	popular sports include football basketball volleyball water-polo fencing rugby cycling ice hockey roller hockey and f1 motor racing
If you don't exercise, such as足球, 籃球, 排球, 水球, 擊劍, 鑑籃球, 自行車, 冰箱曲棍球, 直排輪曲棍球, 和F1賽車	popular sports include football basketball volleyball water-polo fencing rugby cycling ice hockey roller hockey and f1 motor racing
The Taiman team has a lot of defense and control skills, and it is not easy to deal with the strong team.	their disciplined defence ball handling skills and excellent team work made them stand out and it was clear that this was the team to beat
The Taiman team has a lot of defense and control skills, and it is not easy to deal with the strong team.	their disciplined defence ball handling skills and excellent team work made them stand out and it was clear that this was the team to beat
Tantan is a kind of traditional clothing that is suitable for dry clothes. There are many restaurants that have not been able to provide Tantan in the room yet. You can also use this version of Tantan in the restaurant.	ironing damp clothes can help them dry many hotels have an iron and ironing board available for loan even if one is not present in the room
Tantan is a kind of traditional clothing that is suitable for dry clothes. There are many restaurants that have not been able to provide Tantan in the room yet. You can also use this version of Tantan in the restaurant.	ironing damp clothes can help them dry many hotels have an iron and ironing board available for loan even if one is not present in the room
It was about 10,000 years ago when the mountain goat was slaughtered.	goats seem to have been first domesticated roughly 10,000 years ago in the zagros mountains of iran
It was about 10,000 years ago when the mountain goat was slaughtered.	goats seem to have been first domesticated roughly 10,000 years ago in the zagros mountains of iran
People use the fire to light up the sky, and scientists use the soft screen in the middle of the sky, because the earth is big, and there are times when we have to turn off the light.	the satellite was sent into space by a rocket scientists use telescopes in space because the earth's atmosphere distorts some of our light and view
People use the fire to light up the sky, and scientists use the soft screen in the middle of the sky, because the earth is big, and there are times when we have to turn off the light.	the satellite was sent into space by a rocket scientists use telescopes in space because the earth's atmosphere distorts some of our light and view
At the end of the year, in 2006, it was said that it continued to be a method that would help to form a higher and more efficient water flow.	angel 2006 explains the continuum approach as a method being used to help organizations reach a higher level of performance
And the other team will turn into different people He said that he thought he had to change the whole team and use his own way of doing things	at the other end of the spectrum one morphs into an unrecognizable individual that feels he or she must change everything the team has been doing and make it their own
And the other team will turn into different people He said that he thought he had to change the whole team and use his own way of doing things	at the other end of the spectrum one morphs into an unrecognizable individual that feels he or she must change everything the team has been doing and make it their own
It may lead to the destruction of the social chaos and the loss of lives.	severe weather is the generic term for any dangerous weather phenomenon with the potential to cause damage serious social disruption or loss of human life
It may lead to the destruction of the social chaos and the loss of lives.	severe weather is the generic term for any dangerous weather phenomenon with the potential to cause damage serious social disruption or loss of human life
In the same month, Ma Shum Hadek was hit by another anti-aircraft weapon, a gun, and a 17-person dead body.	the same month saw another airliner overrun a runway at mashhad and strike a wall killing seventeen
In the same month, Ma Shum Hadek was hit by another anti-aircraft weapon, a gun, and a 17-person dead body.	the same month saw another airliner overrun a runway at mashhad and strike a wall killing seventeen
On the side of the island, people were laughing at the black-haired black-haired black-haired black-haired black-haired black-haired black-haired black-haired black-haired black-haired black-haired black-haired black-haired black-haired black-haired black-haired black-haired black-haired black-haired black-haired black-haired black-haired black-haired black-haired black-haired black-haired black-haired black-haired black-haired black-haired black-haired black-haired black-haired black-haired black-haired black-haired black-haired black-haired black-haired black-haired black-haired black-haired black-haired black-haired black-haired black-haired black-haired black-haired black-haired black-haired black-haired black-haired black-haired black-haired black-haired black-haired black-haired black-haired black-haired black-haired black-haired black-haired black-haired black-haired black-haired black-haired black-haired black-haired black-haired black-haired black-haired black-haired black-haired black-haired black-haired black-haired black-haired black-haired black-haired black-haired black-haired black-haired black-haired black-haired black-haired black-haired black-haired black-haired black-haired black-haired black-haired black-haired black-haired black-haired black-haired black-haired black-haired black-haired black-haired black-haired black-haired black-haired black-haired black-haired black-haired black-haired black-haired black-haired	greenland was settled sparsely in the norse sagas they say that erik the red was exiled from iceland for murder and when travelling further west found greenland and named it greenland
On the side of the island, people were laughing at the black-haired black-haired black-haired black-haired black-haired black-haired black-haired black-haired black-haired black-haired black-haired black-haired black-haired black-haired black-haired black-haired black-haired black-haired black-haired black-haired black-haired black-haired black-haired black-haired black-haired black-haired black-haired black-haired black-haired black-haired black-haired black-haired black-haired black-haired black-haired black-haired black-haired black-haired black-haired black-haired black-haired black-haired black-haired black-haired black-haired black-haired black-haired black-haired black-haired black-haired black-haired black-haired black-haired black-haired black-haired black-haired black-haired black-haired black-haired black-haired black-haired black-haired black-haired black-haired black-haired black-haired black-haired black-haired black-haired black-haired black-haired black-haired black-haired black-haired black-haired black-haired black-haired black-haired black-haired black-haired black-haired black-haired black-haired black-haired black-haired black-haired black-haired black-haired black-haired black-haired black-haired black-haired black-haired black-haired black-haired black-haired black-haired black-haired black-haired black-haired black-haired black-haired black-haired black-haired black-haired black-haired black-haired black-haired	greenland was settled sparsely in the norse sagas they say that erik the red was exiled from iceland for murder and when travelling further west found greenland and named it greenland
They usually provide special meals, drinks, and fish dishes to keep the people's heart and mind warm, and let the latter stay at the scene.	they usually have special food drink and entertainment offers to keep guests in a good mood and keep them at the premise
They usually provide special meals, drinks, and fish dishes to keep the people's heart and mind warm, and let the latter stay at the scene.	they usually have special food drink and entertainment offers to keep guests in a good mood and keep them at the premise
Canglong is the top-of-the-line food-maker of that time. Therefore, except for other Canglongs, they are not afraid of any living things.	mosasaurus was the apex predator of its time so it feared nothing except other mosasaurs
Canglong is the top-of-the-line food-maker of that time. Therefore, except for other Canglongs, they are not afraid of any living things.	mosasaurus was the apex predator of its time so it feared nothing except other mosasaurs
The tourists must listen to the advice of the authorities to follow all the instructions and keep an eye on the security situation.	still take advice from authorities obey all signs and pay close attention to safety warnings
The tourists must listen to the advice of the authorities to follow all the instructions and keep an eye on the security situation.	still take advice from authorities obey all signs and pay close attention to safety warnings
On the morning of the day, the police arrested two policemen and more than 20 people were injured in a car crash.	a car bomb detonated at police headquarters in gaziantep turkey yesterday morning killed two police officers and injured more than twenty other people
On the morning of the day, the police arrested two policemen and more than 20 people were injured in a car crash.	a car bomb detonated at police headquarters in gaziantep turkey yesterday morning killed two police officers and injured more than twenty other people
There are 4 artists in the group who have not completed the competition, and there are 45 artists in the group who have not finished the competition.	four skiers in the women's sitting group failed to finish their runs and 45 of the 117 total skiers in the giant slalom failed to rank in the race
There are 4 artists in the group who have not completed the competition, and there are 45 artists in the group who have not finished the competition.	four skiers in the women's sitting group failed to finish their runs and 45 of the 117 total skiers in the giant slalom failed to rank in the race
This is a very famous quote from a foreign man. Because Bailon's men had never doubted the beauty of others before.	to the north and within easy reach is the romantic and fascinating town of sintra and which was made famous to foreigners after a glowing account of its splendours recorded by lord byron
This is a very famous quote from a foreign man. Because Bailon's men had never doubted the beauty of others before.	to the north and within easy reach is the romantic and fascinating town of sintra and which was made famous to foreigners after a glowing account of its splendours recorded by lord byron
I want to draw the line of the snowy road to make it look like the old road.	think of the skiing route as of a similar hiking route
I want to draw the line of the snowy road to make it look like the old road.	think of the skiing route as of a similar hiking route
There is no way to stop the audience, only to stop and take advantage of it.	today the only insects that cannot fold back their wings are dragon flies and mayflies
There is no way to stop the audience, only to stop and take advantage of it.	today the only insects that cannot fold back their wings are dragon flies and mayflies
The problem is that there is no 8% chance that the price is related, so the communication flow is very difficult.	unfortunately studying traffic flow is difficult because driver behavior cannot be predicted with one-hundred percent certainty
The problem is that there is no 8% chance that the price is related, so the communication flow is very difficult.	unfortunately studying traffic flow is difficult because driver behavior cannot be predicted with one-hundred percent certainty
The smaller the螺絲 is, the longer it will turn around and the weaker it will be.	the smaller the rossby number the less active the star with respect to magnetic reversals
In addition, there is also a piece of paper and a piece of fabric and a piece of fabric and a piece of fabric and a piece of fabric and a piece of fabric and a piece of fabric and a piece of fabric and a piece of fabric and a piece of fabric and a piece of fabric and a piece of fabric and a piece of fabric and a piece of fabric and a piece of fabric and a piece of fabric and a piece of fabric and a piece of fabric and a piece of fabric and a piece of fabric and a piece of fabric and a piece of fabric and a piece of fabric and a piece of fabric and a piece of fabric and a piece of fabric and a piece of fabric and a piece of fabric and a piece of fabric and a piece of fabric and a piece of fabric and a piece of fabric and a piece of fabric and a piece of fabric and a piece of fabric and a piece of fabric and a piece of fabric and a piece of fabric and a piece of fabric and a piece of fabric and a piece of fabric and a piece of fabric and a piece of fabric and a piece of fabric and a piece of fabric and a piece of fabric and a piece of fabric and a piece of fabric and a piece of fabric and a piece of fabric and a piece of fabric and a piece of fabric and a piece of fabric and a piece of fabric and a piece of fabric and a piece of fabric and a piece of fabric and a piece of fabric and a piece of fabric and a piece of fabric and a piece of fabric and a piece of fabric and a piece of fabric and a piece of fabric and a piece of fabric and a piece of fabric and a piece of fabric and a piece of fabric and a piece of fabric and a piece of fabric and a piece of fabric and a piece of fabric and a piece of fabric and a piece of fabric and a piece of fabric and a piece of fabric and a piece of fabric and a piece of fabric and a piece of fabric and a piece of fabric and a piece of fabric and a piece of fabric and a piece of fabric and a piece of fabric and a piece of fabric and a piece of fabric and a piece of fabric and a piece of	the service is frequently used by shipping including pleasure craft as well as expeditions who have remote data and voice needs
In addition, there is also a piece of paper and a piece of fabric and a piece of fabric and a piece of fabric and a piece of fabric and a piece of fabric and a piece of fabric and a piece of fabric and a piece of fabric and a piece of fabric and a piece of fabric and a piece of fabric and a piece of fabric and a piece of fabric and a piece of fabric and a piece of fabric and a piece of fabric and a piece of fabric and a piece of fabric and a piece of fabric and a piece of fabric and a piece of fabric and a piece of fabric and a piece of fabric and a piece of fabric and a piece of fabric and a piece of fabric and a piece of fabric and a piece of fabric and a piece of fabric and a piece of fabric and a piece of fabric and a piece of fabric and a piece of fabric and a piece of fabric and a piece of fabric and a piece of fabric and a piece of fabric and a piece of fabric and a piece of fabric and a piece of fabric and a piece of fabric and a piece of fabric and a piece of fabric and a piece of fabric and a piece of fabric and a piece of fabric and a piece of fabric and a piece of fabric and a piece of fabric and a piece of fabric and a piece of fabric and a piece of fabric and a piece of fabric and a piece of fabric and a piece of fabric and a piece of fabric and a piece of fabric and a piece of fabric and a piece of fabric and a piece of fabric and a piece of fabric and a piece of fabric and a piece of fabric and a piece of fabric and a piece of fabric and a piece of fabric and a piece of fabric and a piece of fabric and a piece of fabric and a piece of fabric and a piece of fabric and a piece of fabric and a piece of fabric and a piece of fabric and a piece of fabric and a piece of fabric and a piece of fabric and a piece of fabric and a piece of fabric and a piece of fabric and a piece of fabric and a piece of fabric and a piece of fabric and a piece of fabric and a piece of fabric and a piece of fabric and a piece of	the service is frequently used by shipping including pleasure craft as well as expeditions who have remote data and voice needs
This is the end of the video. Thank you for watching.	it states that the most effective place for the main subject is at the intersection of lines dividing the image into thirds vertically and horizontally see example
This is the end of the video. Thank you for watching.	it states that the most effective place for the main subject is at the intersection of lines dividing the image into thirds vertically and horizontally see example
The performance is based on the performance of the performance of the performance of the performance of the performance of the performance of the performance of the performance of the performance of the performance of the performance of the performance of the performance of the performance of the performance of the performance of the performance of the performance of the performance of the performance of the performance of the performance of the performance of the performance of the performance of the performance of the performance of the performance of the performance of the performance of the performance of the performance of the performance of the performance of the performance of the performance of the performance of the performance of the performance of the performance of the performance of the performance of the performance of the performance of the performance of the performance of the performance of the performance of the performance of the performance of the performance of the performance of the performance of the performance of the performance of the performance of the performance of the performance of the performance of the performance of the performance of the performance of the performance of the performance of the performance of the performance of the performance of the performance of the performance of the performance of the performance of the performance of the performance of the performance of the performance of the performance of the performance of the performance of the performance of the performance of the performance of the performance of the performance of the performance of the performance of the performance of the performance of the performance of the performance of the performance of the performance of the performance of the performance of the performance of the performance of the performance of the performance of the performance of the performance of the performance of the performance of the performance of the performance of the performance of the performance of the performance of the performance of the performance of the performance of the performance of the performance of the performance of the performance of the performance of the performance of the performance of the performance of the performance of the performance of the performance of the performance of the performance of the performance of the performance of the performance of the performance of the performance of the performance of the performance of the performance of the performance of the performance of the performance of the performance of the performance of the performance of the performance of the performance of the performance of the performance of the performance of the performance of the performance of the performance of the performance of the performance of the	as a result the performers smoke cannabis joints on stage and the theatre itself is encouraging the audience to join in
The performance is based on the performance of the performance of the performance of the performance of the performance of the performance of the performance of the performance of the performance of the performance of the performance of the performance of the performance of the performance of the performance of the performance of the performance of the performance of the performance of the performance of the performance of the performance of the performance of the performance of the performance of the performance of the performance of the performance of the performance of the performance of the performance of the performance of the performance of the performance of the performance of the performance of the performance of the performance of the performance of the performance of the performance of the performance of the performance of the performance of the performance of the performance of the performance of the performance of the performance of the performance of the performance of the performance of the performance of the performance of the performance of the performance of the performance of the performance of the performance of the performance of the performance of the performance of the performance of the performance of the performance of the performance of the performance of the performance of the performance of the performance of the performance of the performance of the performance of the performance of the performance of the performance of the performance of the performance of the performance of the performance of the performance of the performance of the performance of the performance of the performance of the performance of the performance of the performance of the performance of the performance of the performance of the performance of the performance of the performance of the performance of the performance of the performance of the performance of the performance of the performance of the performance of the performance of the performance of the performance of the performance of the performance of the performance of the performance of the performance of the performance of the performance of the performance of the performance of the performance of the performance of the performance of the performance of the performance of the performance of the performance of the performance of the performance of the performance of the performance of the performance of the performance of the performance of the performance of the performance of the performance of the performance of the performance of the performance of the performance of the performance of the performance of the performance of the performance of the performance of the performance of the performance of the performance of the performance of the performance of the performance of the performance of the	as a result the performers smoke cannabis joints on stage and the theatre itself is encouraging the audience to join in
The Ministry of Justice has confirmed that it can increase the ability of students to analyze and judge, and students can access the online textbook directly. It is also clear that it is also clear that it is also clear that it is also clear that it is also clear that it is also clear that it is also clear that it is also clear that it is also clear that it is also clear that it is also clear that it is also clear that it is also clear that it is also clear that it is also clear that it is also clear that it is also clear that it is also clear that it is also clear that it is also clear that it is also clear that it is also clear that it is also clear that it is also clear that it is also clear that it is also clear that it is also clear that it is also clear that it is also clear that it is also clear that it is also clear that it is also clear that it is also clear that it is also clear that it is also clear that it is also clear that it is also clear that it is also clear that it is also clear that it is also clear that it is also clear that it is also clear that it is also clear that it is also clear that it is clear that it is also clear that it is clear that it is also clear that it is clear that it is clear that it is also clear that it is clear that it is clear that it is clear that it is clear that it is clear that it is clear that it is clear that it is clear that it is clear that it is clear that it is clear that it is clear that it is clear that it is clear that it is clear that it is clear that it is clear that it is clear that it is clear that it is clear that it is clear that it is clear that it is clear that it is clear that it is clear that it is clear that it is clear that it is clear that it is clear that it is clear that it is clear that it is clear that it is clear that it is clear that it is clear that it is clear that it is clear that it is clear that it is clear that it is clear that it is clear that it	appropriate use of blogs can empower students to become more analytical and critical; through actively responding to internet materials students can define their positions in the context of others' writings as well as outline their own perspectives on particular issues oravec 2002
The Ministry of Justice has confirmed that it can increase the ability of students to analyze and judge, and students can access the online textbook directly. It is also clear that it is also clear that it is also clear that it is also clear that it is also clear that it is also clear that it is also clear that it is also clear that it is also clear that it is also clear that it is also clear that it is also clear that it is also clear that it is also clear that it is also clear that it is also clear that it is also clear that it is also clear that it is also clear that it is also clear that it is also clear that it is also clear that it is also clear that it is also clear that it is also clear that it is also clear that it is also clear that it is also clear that it is also clear that it is also clear that it is also clear that it is also clear that it is also clear that it is also clear that it is also clear that it is also clear that it is also clear that it is also clear that it is also clear that it is also clear that it is also clear that it is also clear that it is also clear that it is also clear that it is clear that it is also clear that it is clear that it is also clear that it is clear that it is clear that it is also clear that it is clear that it is clear that it is clear that it is clear that it is clear that it is clear that it is clear that it is clear that it is clear that it is clear that it is clear that it is clear that it is clear that it is clear that it is clear that it is clear that it is clear that it is clear that it is clear that it is clear that it is clear that it is clear that it is clear that it is clear that it is clear that it is clear that it is clear that it is clear that it is clear that it is clear that it is clear that it is clear that it is clear that it is clear that it is clear that it is clear that it is clear that it is clear that it is clear that it is clear that it is clear that it	appropriate use of blogs can empower students to become more analytical and critical; through actively responding to internet materials students can define their positions in the context of others' writings as well as outline their own perspectives on particular issues oravec 2002
Holi Fassahashi, in his article on the presidential speech, pointed out that because his wife was elected as a lawless person in the speech, she could still accurately feel the sincerity of the speech.	oliver sacks in his paper the president's speech indicated how people who are unable to understand speech because of brain damage are nevertheless able to assess sincerity accurately
Holi Fassahashi, in his article on the presidential speech, pointed out that because his wife was elected as a lawless person in the speech, she could still accurately feel the sincerity of the speech.	oliver sacks in his paper the president's speech indicated how people who are unable to understand speech because of brain damage are nevertheless able to assess sincerity accurately
It's free to promote re-select, mainly for re-selecting the structure of the structure in the shape of a painting circle.	liberal criticism of the reconstruction effort has focused on the awarding of reconstruction contracts to perceived washington insiders
It's free to promote re-select, mainly for re-selecting the structure of the structure in the shape of a painting circle.	liberal criticism of the reconstruction effort has focused on the awarding of reconstruction contracts to perceived washington insiders
Usually you will hear the sound of the sound of the sound of the sound of the sound of the sound of the sound of the sound of the sound of the sound of the sound of the sound of the sound of the sound of the sound of the sound of the sound of the sound of the sound of the sound of the sound of the sound of the sound of the sound of the sound of the sound of the sound of the sound of the sound of the sound of the sound of the sound of the sound of the sound of the sound of the sound of the sound of the sound of the sound of the sound of the sound of the sound of the sound of the sound of the sound of the sound of the sound of the sound of the sound of the sound of the sound of the sound of the sound of the sound of the sound of the sound of the sound of the sound of the sound of the sound of the sound of the sound of the sound of the sound of the sound of the sound of the sound of the sound of the sound of the sound of the sound of the sound of the sound of the sound of the sound of the sound of the sound of the sound of the sound of the sound of the sound of the sound of the sound of the sound of the sound of the sound of the sound of the sound of the sound of the sound of the sound of the sound of the sound of the sound of the sound of the sound of the sound of the sound of the sound of the sound of the sound of the sound of the sound of the sound of the sound of the sound of the sound of the sound of the sound of the sound of the sound of the sound of the sound of the sound of the sound of the sound of the sound of the sound of the sound of the sound of the sound of the sound of the sound of the sound of the sound of the sound of the sound of the sound of the sound of the sound of the sound of the sound of the sound of the sound of the sound of the sound of the sound of the sound of the sound of the sound of the sound of the sound of the sound of the sound of the sound of the sound of the sound	usually you always here the sound of tourists and vendors the story of the sound and light is just like a story book
As a result, the two kinds of fish have already been removed, including the long-tailed fish, and the other two kinds of seagulls have already been removed.	as a result two fish species have become extinct and two others have become endangered including the humpback chub
As a result, the two kinds of fish have already been removed, including the long-tailed fish, and the other two kinds of seagulls have already been removed.	as a result two fish species have become extinct and two others have become endangered including the humpback chub
Chui Xiao Zheng Tsak is different from other countries, but after March, most of the COVID-19 cases have been diagnosed, and the Chui Xiao Zheng Tsak has not been confirmed until July, 2020, which is the date of the end of the COVID-19 outbreak.	cancellation policies vary but as of late march most coronavirus-based cancellation policies don't extend to july 2020 when the olympics had been scheduled
First of all, most of the knight's clothes are made of leather, shoes are made of leather, shoes are made of leather, shoes are made of leather, shoes are made of leather, shoes are made of leather, shoes are made of leather, shoes are made of leather, shoes are made of leather, shoes are made of leather, shoes are made of leather, shoes are made of leather, shoes are made of leather, shoes are made of leather, shoes are made of leather, shoes are made of leather, shoes are made of leather, shoes are made of leather, shoes are made of leather, shoes are made of leather, shoes are made of leather, shoes are made of leather, shoes are made of leather, shoes are made of leather, shoes are made of leather, shoes are made of leather, shoes are made of leather, shoes are made of leather, shoes are made of leather, shoes are made of leather, shoes are made of leather, shoes are made of leather, shoes are made of leather, shoes are made of leather, shoes are made of leather, shoes are made of leather, shoes are made of leather, shoes are made of leather, shoes are made of leather, shoes are made of leather, shoes are made of leather, shoes are made of leather, shoes are made of leather, shoes are made of leather, shoes are made of leather, shoes are made of leather, shoes are made of leather, shoes are made of leather, shoes are made of leather, shoes are made of leather, shoes are made of leather, shoes are made of leather, shoes are made of leather, shoes are made of leather, shoes are made of leather, shoes are made of leather, shoes are made of leather, shoes are made of leather, shoes are made of leather, shoes are made of leather, shoes are made of leather, shoes are made of leather, shoes are made of leather, shoes are made of leather, shoes are made of leather, shoes are made of leather, shoes are made of leather, shoes are made of leather, shoes are made of leather, shoes are made of leather, shoes are made of leather, shoes are made of leather, shoes are made	first most riders wear riding boots with a heel and a smooth quite narrow sole
First of all, most of the knight's clothes are made of leather, shoes are made of leather, shoes are made of leather, shoes are made of leather, shoes are made of leather, shoes are made of leather, shoes are made of leather, shoes are made of leather, shoes are made of leather, shoes are made of leather, shoes are made of leather, shoes are made of leather, shoes are made of leather, shoes are made of leather, shoes are made of leather, shoes are made of leather, shoes are made of leather, shoes are made of leather, shoes are made of leather, shoes are made of leather, shoes are made of leather, shoes are made of leather, shoes are made of leather, shoes are made of leather, shoes are made of leather, shoes are made of leather, shoes are made of leather, shoes are made of leather, shoes are made of leather, shoes are made of leather, shoes are made of leather, shoes are made of leather, shoes are made of leather, shoes are made of leather, shoes are made of leather, shoes are made of leather, shoes are made of leather, shoes are made of leather, shoes are made of leather, shoes are made of leather, shoes are made of leather, shoes are made of leather, shoes are made of leather, shoes are made of leather, shoes are made of leather, shoes are made of leather, shoes are made of leather, shoes are made of leather, shoes are made of leather, shoes are made of leather, shoes are made of leather, shoes are made of leather, shoes are made of leather, shoes are made of leather, shoes are made of leather, shoes are made of leather, shoes are made of leather, shoes are made of leather, shoes are made of leather, shoes are made of leather, shoes are made of leather, shoes are made of leather, shoes are made of leather, shoes are made of leather, shoes are made of leather, shoes are made of leather, shoes are made of leather, shoes are made of leather, shoes are made of leather, shoes are made of leather, shoes are made of leather, shoes are made of leather, shoes are made	first most riders wear riding boots with a heel and a smooth quite narrow sole
Some say Hong Kong is one of the most beautiful and beautiful cities in the world, and that it is the most beautiful and beautiful city in the world, and that it is the most beautiful and beautiful city in the world, and that it is the most beautiful city in the world, and that it is the most beautiful city in the world, and that it is the most beautiful city in the world, and that it is the most beautiful city in the world, and that it is the most beautiful city in the world, and that it is the most beautiful city in the world, and that it is the most beautiful city in the world, and that it is the most beautiful city in the world, and that it is the most beautiful city in the world, and that it is the most beautiful city in the world, and that it is the most beautiful city in the world, and that it is the most beautiful city in the world, and that it is the most beautiful city in the world, and that it is the most beautiful city in the world, and that it is the most beautiful city in the world, and that it is the most beautiful city in the world, and that it is the most beautiful city in the world, and that it is the most beautiful city in the world, and that it is the most beautiful city in the world, and that it is the most beautiful city in the world, and that it is the most beautiful city in the world, and that it is the most beautiful city in the world, and that it is the most beautiful city in the world, and that it is the most beautiful city in the world, and that it is the most beautiful city in the world, and that it is the most beautiful city in the world, and that it is the most beautiful city in the world, and that it is the most beautiful city in the world, and that it is the most beautiful city in the world, and that it is the most beautiful city in the world, and that it is the most beautiful city in the world, and that it is the most beautiful city in the world, and that it is the most beautiful city in the world, and that it	the parade of buildings that make the hong kong skyline has been likened to a glittering bar chart that is made apparent by the presence of the waters of victoria harbour
Some say Hong Kong is one of the most beautiful and beautiful cities in the world, and that it is the most beautiful and beautiful city in the world, and that it is the most beautiful and beautiful city in the world, and that it is the most beautiful city in the world, and that it is the most beautiful city in the world, and that it is the most beautiful city in the world, and that it is the most beautiful city in the world, and that it is the most beautiful city in the world, and that it is the most beautiful city in the world, and that it is the most beautiful city in the world, and that it is the most beautiful city in the world, and that it is the most beautiful city in the world, and that it is the most beautiful city in the world, and that it is the most beautiful city in the world, and that it is the most beautiful city in the world, and that it is the most beautiful city in the world, and that it is the most beautiful city in the world, and that it is the most beautiful city in the world, and that it is the most beautiful city in the world, and that it is the most beautiful city in the world, and that it is the most beautiful city in the world, and that it is the most beautiful city in the world, and that it is the most beautiful city in the world, and that it is the most beautiful city in the world, and that it is the most beautiful city in the world, and that it is the most beautiful city in the world, and that it is the most beautiful city in the world, and that it is the most beautiful city in the world, and that it is the most beautiful city in the world, and that it is the most beautiful city in the world, and that it is the most beautiful city in the world, and that it is the most beautiful city in the world, and that it is the most beautiful city in the world, and that it is the most beautiful city in the world, and that it is the most beautiful city in the world, and that it is the most beautiful city in the world, and that it	the parade of buildings that make the hong kong skyline has been likened to a glittering bar chart that is made apparent by the presence of the waters of victoria harbour
In total, the海關的任務是確保國家可安穩地轉移人民和貨物,同時干擾敵國轉移人員和貨物的作業。	the job of navies has traditionally been to ensure that your country maintains the ability to move your people and goods while at the same time interfering with your enemy's ability to move his people and goods
In total, the海關的任務是確保國家可安穩地轉移人民和貨物,同時干擾敵國轉移人員和貨物的作業。	the job of navies has traditionally been to ensure that your country maintains the ability to move your people and goods while at the same time interfering with your enemy's ability to move his people and goods
Previously, the global推出的華碩 EEPC 兼顧的精神與功能承領元素,這款電腦已成為 2007 年台北資訊月的月滿話題。	asus eee pc earlier launched world-wide for cost-saving and functionality factors became a hot topic in 2007 taipei it month
Previously, the global推出的華碩 EEPC 兼顧的精神與功能承領元素,這款電腦已成為 2007 年台北資訊月的月滿話題。	asus eee pc earlier launched world-wide for cost-saving and functionality factors became a hot topic in 2007 taipei it month
After the water level is leveled and the water level is leveled and the water level is leveled and the water level is leveled and the water level is leveled and the water level is leveled and the water level is leveled and the water level is leveled and the water level is leveled and the water level is leveled and the water level is leveled and the water level is leveled and the water level is leveled and the water level is leveled and the water level is leveled and the water level is leveled and the water level is leveled and the water level is leveled and the water level is leveled and the water level is leveled and the water level is leveled and the water level is leveled and the water level is leveled and the water level is leveled and the water level is leveled and the water level is leveled and the water level is leveled and the water level is leveled and the water level is leveled and the water level is leveled and the water level is leveled and the water level is leveled and the water level is leveled and the water level is leveled and the water level is leveled and the water level is leveled and the water level is leveled and the water level is leveled and the water level is leveled and the water level is leveled and the water level is leveled and the water level is leveled and the water level is leveled and the water level is leveled and the water level is leveled and the water level is leveled and the water level is leveled and the water level is leveled and the water level is leveled and the water level is leveled and the water level is leveled and the water level is leveled and the water level is leveled and the water level is leveled and the water level is leveled and the water level is leveled and the water level is leveled and the water level is leveled and the water level is leveled and the water level is leveled and the water level is leveled and the water level is leveled and the water level is leveled and the water	it states that the most effective place for the main subject is at the intersection of lines dividing the image into thirds vertically and horizontally see example
After the water level is leveled and the water level is leveled and the water level is leveled and the water level is leveled and the water level is leveled and the water level is leveled and the water level is leveled and the water level is leveled and the water level is leveled and the water level is leveled and the water level is leveled and the water level is leveled and the water level is leveled and the water level is leveled and the water level is leveled and the water level is leveled and the water level is leveled and the water level is leveled and the water level is leveled and the water level is leveled and the water level is leveled and the water level is leveled and the water level is leveled and the water level is leveled and the water level is leveled and the water level is leveled and the water level is leveled and the water level is leveled and the water level is leveled and the water level is leveled and the water level is leveled and the water level is leveled and the water level is leveled and the water level is leveled and the water level is leveled and the water level is leveled and the water level is leveled and the water level is leveled and the water level is leveled and the water level is leveled and the water level is leveled and the water level is leveled and the water level is leveled and the water level is leveled and the water level is leveled and the water level is leveled and the water level is leveled and the water level is leveled and the water level is leveled and the water level is leveled and the water level is leveled and the water level is leveled and the water level is leveled and the water level is leveled and the water level is leveled and the water level is leveled and the water level is leveled and the water level is leveled and the water level is leveled and the water level is leveled and the water level is leveled and the water level is leveled and the water level is leveled and the water	it states that the most effective place for the main subject is at the intersection of lines dividing the image into thirds vertically and horizontally see example
The problem is that there are no 8% chance of fraud, fraud, fraud, fraud, fraud, fraud, fraud, fraud, fraud, fraud, fraud, fraud, fraud, fraud, fraud, fraud, fraud, fraud, fraud, fraud, fraud, fraud, fraud, fraud, fraud, fraud, fraud, fraud, fraud, fraud, fraud, fraud, fraud, fraud, fraud, fraud, fraud, fraud, fraud, fraud, fraud, fraud, fraud, fraud, fraud, fraud, fraud, fraud, fraud, fraud, fraud, fraud, fraud, fraud, fraud, fraud, fraud, fraud, fraud, fraud, fraud, fraud, fraud, fraud, fraud, fraud, fraud, fraud, fraud, fraud, fraud, fraud, fraud, fraud, fraud, fraud, fraud, fraud, fraud, fraud, fraud, fraud, fraud, fraud, fraud, fraud, fraud, fraud, fraud, fraud, fraud, fraud, fraud, fraud, fraud, fraud, fraud, fraud, fraud, fraud, fraud, fraud, fraud, fraud, fraud, fraud, fraud, fraud, fraud, fraud, fraud, fraud, fraud, fraud, fraud, fraud, fraud, fraud, fraud, fraud, fraud, fraud, fraud, fraud, fraud, fraud, fraud, fraud, fraud, fraud, fraud, fraud, fraud, fraud, fraud, fraud, fraud, fraud, fraud, fraud, fraud, fraud, fraud, fraud, fraud, fraud, fraud, fraud, fraud, fraud, fraud, fraud, fraud, fraud, fraud, fraud, fraud, fraud, fraud, fraud, fraud, fraud, fraud, fraud, fraud, fraud, fraud, fraud, fraud, fraud, fraud, fraud, fraud, fraud, fraud, fraud, fraud, fraud, fraud, fraud, fraud, fraud, fraud, fraud, fraud, fraud, fraud, fraud, fraud, fraud, fraud, fraud, fraud, fraud, fraud, fraud, fraud, fraud, fraud, fraud, fraud, fraud, fraud, fraud, fraud, fraud, fraud, fraud, fraud, fraud, fraud, fraud, fraud, fraud, fraud, fraud, fraud	unfortunately studying traffic flow is difficult because driver behavior cannot be predicted with one-hundred percent certainty
The problem is that there are no 8% chance of fraud, fraud, fraud, fraud, fraud, fraud, fraud, fraud, fraud, fraud, fraud, fraud, fraud, fraud, fraud, fraud, fraud, fraud, fraud, fraud, fraud, fraud, fraud, fraud, fraud, fraud, fraud, fraud, fraud, fraud, fraud, fraud, fraud, fraud, fraud, fraud, fraud, fraud, fraud, fraud, fraud, fraud, fraud, fraud, fraud, fraud, fraud, fraud, fraud, fraud, fraud, fraud, fraud, fraud, fraud, fraud, fraud, fraud, fraud, fraud, fraud, fraud, fraud, fraud, fraud, fraud, fraud, fraud, fraud, fraud, fraud, fraud, fraud, fraud, fraud, fraud, fraud, fraud, fraud, fraud, fraud, fraud, fraud, fraud, fraud, fraud, fraud, fraud, fraud, fraud, fraud, fraud, fraud, fraud, fraud, fraud, fraud, fraud, fraud, fraud, fraud, fraud, fraud, fraud, fraud, fraud, fraud, fraud, fraud, fraud, fraud, fraud, fraud, fraud, fraud, fraud, fraud, fraud, fraud, fraud, fraud, fraud, fraud, fraud, fraud, fraud, fraud, fraud, fraud, fraud, fraud, fraud, fraud, fraud, fraud, fraud, fraud, fraud, fraud, fraud, fraud, fraud, fraud, fraud, fraud, fraud, fraud, fraud, fraud, fraud, fraud, fraud, fraud, fraud, fraud, fraud, fraud, fraud, fraud, fraud, fraud, fraud, fraud, fraud, fraud, fraud, fraud, fraud, fraud, fraud, fraud, fraud, fraud, fraud, fraud, fraud, fraud, fraud, fraud, fraud, fraud, fraud, fraud, fraud, fraud, fraud, fraud, fraud, fraud, fraud, fraud, fraud, fraud, fraud, fraud, fraud, fraud, fraud, fraud, fraud, fraud, fraud, fraud, fraud, fraud, fraud, fraud, fraud, fraud, fraud, fraud, fraud, fraud, fraud, fraud, fraud, fraud	unfortunately studying traffic flow is difficult because driver behavior cannot be predicted with one-hundred percent certainty
Saffari once said that she had seen a lot of African wild animals, especially the animals on the journey.	the term safari in popular use refers to overland travel to view the stunning african wildlife particularly on savanna
Saffari once said that she had seen a lot of African wild animals, especially the animals on the journey.	the term safari in popular use refers to overland travel to view the stunning african wildlife particularly on savanna
The more relaxed you are, the stronger your life is. Every person has potential to find peace and satisfaction.	the lower the tension the more positive the life force present every person has the potential to find absolute peace and contentment
The TV reported that there was a white smoke coming out of the nuclear power plant.	television reports show white smoke coming from the plant
The TV reported that there was a white smoke coming out of the nuclear power plant.	television reports show white smoke coming from the plant
It is said that in the east, in the north, in the sea of ​​Berlin, it is the location of the warehouse. Because of the worst impact on the opponent's warehouse, the soldiers of the warehouse will be very afraid of the noise.	if crossing the northern baltic in winter check the cabin location as going through ice causes quite horrible noise for those most affected
The problem is that it is very difficult to study communication flow due to the lack of knowledge and the lack of knowledge and the lack of knowledge and the lack of knowledge and the lack of knowledge and the lack of knowledge and the lack of knowledge and the lack of knowledge and the lack of knowledge and the lack of knowledge and the lack of knowledge and the lack of knowledge and the lack of knowledge and the lack of knowledge and the lack of knowledge and the lack of knowledge and the lack of knowledge and the lack of knowledge and the lack of knowledge and the lack of knowledge and the lack of knowledge and the lack of knowledge and the lack of knowledge and the lack of knowledge and the lack of knowledge and the lack of knowledge and the lack of knowledge and the lack of knowledge and the lack of knowledge and the lack of knowledge and the lack of knowledge and the lack of knowledge and the lack of knowledge and the lack of knowledge and the lack of knowledge and the lack of knowledge and the lack of knowledge and the lack of knowledge and the lack of knowledge and the lack of knowledge and the lack of knowledge and the lack of knowledge and the lack of knowledge and the lack of knowledge and the lack of knowledge and the lack of knowledge and the lack of knowledge and the lack of knowledge and the lack of knowledge and the lack of knowledge and the lack of knowledge and the lack of knowledge and the lack of knowledge and the lack of knowledge and the lack of knowledge and the lack of knowledge and the lack of knowledge and the lack of knowledge and the lack of knowledge and the lack of knowledge and the lack of knowledge and the lack of knowledge and the lack of knowledge and the lack of knowledge and the lack of knowledge and the lack of knowledge and the lack of knowledge and the lack of knowledge and the lack of knowledge and the lack of knowledge and the lack of knowledge and the lack of knowledge and the lack of knowledge and the lack of knowledge and the lack of knowledge and the lack of knowledge and the lack of knowledge and the lack of knowledge and the lack of knowledge and the lack of knowledge and the lack of knowledge and the lack of knowledge and the lack of knowledge and the lack of knowledge and the lack of knowledge and the lack of knowledge and	unfortunately studying traffic flow is difficult because driver behavior cannot be predicted with one-hundred percent certainty
The problem is that it is very difficult to study communication flow due to the lack of knowledge and the lack of knowledge and the lack of knowledge and the lack of knowledge and the lack of knowledge and the lack of knowledge and the lack of knowledge and the lack of knowledge and the lack of knowledge and the lack of knowledge and the lack of knowledge and the lack of knowledge and the lack of knowledge and the lack of knowledge and the lack of knowledge and the lack of knowledge and the lack of knowledge and the lack of knowledge and the lack of knowledge and the lack of knowledge and the lack of knowledge and the lack of knowledge and the lack of knowledge and the lack of knowledge and the lack of knowledge and the lack of knowledge and the lack of knowledge and the lack of knowledge and the lack of knowledge and the lack of knowledge and the lack of knowledge and the lack of knowledge and the lack of knowledge and the lack of knowledge and the lack of knowledge and the lack of knowledge and the lack of knowledge and the lack of knowledge and the lack of knowledge and the lack of knowledge and the lack of knowledge and the lack of knowledge and the lack of knowledge and the lack of knowledge and the lack of knowledge and the lack of knowledge and the lack of knowledge and the lack of knowledge and the lack of knowledge and the lack of knowledge and the lack of knowledge and the lack of knowledge and the lack of knowledge and the lack of knowledge and the lack of knowledge and the lack of knowledge and the lack of knowledge and the lack of knowledge and the lack of knowledge and the lack of knowledge and the lack of knowledge and the lack of knowledge and the lack of knowledge and the lack of knowledge and the lack of knowledge and the lack of knowledge and the lack of knowledge and the lack of knowledge and the lack of knowledge and the lack of knowledge and the lack of knowledge and the lack of knowledge and the lack of knowledge and the lack of knowledge and the lack of knowledge and the lack of knowledge and the lack of knowledge and the lack of knowledge and the lack of knowledge and the lack of knowledge and the lack of knowledge and the lack of knowledge and the lack of knowledge and the lack of knowledge and the lack of knowledge and the lack of knowledge and	unfortunately studying traffic flow is difficult because driver behavior cannot be predicted with one-hundred percent certainty
In 2005, the president of the United States of America, who was elected as President of the United States of America, entered the presidential election in the Senate, and became the first member of the National Assembly of the United States of America, the President of the United States of America, the President of the United States of America, the President of the United States of America, the President of the United States of America, the President of the United States of America, the President of the United States of America, the President of the United States of America, the President of the United States of America, the President of the United States of America, the President of the United States of America, the President of the United States of America, the President of the United States of America, the President of the United States of America, the President of the United States of America, the President of the United States of America, the President of the United States of America, the President of the United States of America, the President of the United States of America, the President of the United States of America, the President of the United States of America, the President of the United States of America, the President of the United States of America, the President of the United States of America, the President of the United States of America, the President of the United States of America, the President of the United States of America, the President of the United States of America, the President of the United States of America, the President of the United States of America, the President of the United States of America, the President of the United States of America, the President of the United States of America, the President of the United States of America, the President of the United States of America, the President of the United States of America, the President of the United States of America, the President of the United States of America, the President of the United States of America, the President of the United States of America, the President of the United States of America, the President of the United States of America, the President of the United States of America, the President of the United States of America, the President of the United States of America,	mrs kirchner announced her intention to run for president at the argentine theatre the same location she used to start her 2005 campaign for the senate as member of the buenos aires province delegation
The Balai people have a center of self-righteousness, indifference and self-righteousness.	parisians have a reputation for being egocentric rude and arrogant
The Balai people have a center of self-righteousness, indifference and self-righteousness.	parisians have a reputation for being egocentric rude and arrogant
It is very expensive and very good to test the strength of the water pressure to give you the standard of time.	the hot chocolate is up to belgian standards fruit juices are pricey but excellent
It is very expensive and very good to test the strength of the water pressure to give you the standard of time.	the hot chocolate is up to belgian standards fruit juices are pricey but excellent
Bologna also has the ability to provide students with the ability to write, although students began to explore Bologna's experience with the arts and culture, but due to the existence of readers, they can generally change the point of view.	blogs can also help improve student writing while students often begin their blog experience with sloppy grammar and spelling the presence of an audience generally changes that
Bologna also has the ability to provide students with the ability to write, although students began to explore Bologna's experience with the arts and culture, but due to the existence of readers, they can generally change the point of view.	blogs can also help improve student writing while students often begin their blog experience with sloppy grammar and spelling the presence of an audience generally changes that
After the decision was made, all authorities were open to all the men who were responsible for the operation, making it the most meaningful and successful.	also after the revolution occupations were open to all male applicants allowing the most ambitious and successful to succeed
After the decision was made, all authorities were open to all the men who were responsible for the operation, making it the most meaningful and successful.	also after the revolution occupations were open to all male applicants allowing the most ambitious and successful to succeed
If you want to get closer to the official activity, you need to advance early to find a place where you can listen to music.	if you want to be close to the action you're going to have to get in early to get a camping site close to the music
If you want to get closer to the official activity, you need to advance early to find a place where you can listen to music.	if you want to be close to the action you're going to have to get in early to get a camping site close to the music
Japanese sports including soccer, basketball, volleyball, water soccer, ice hockey, self-driving soccer, ice hockey, soccer game, and F1 sports.	popular sports include football basketball volleyball water-polo fencing rugby cycling ice hockey roller hockey and f1 motor racing
Japanese sports including soccer, basketball, volleyball, water soccer, ice hockey, self-driving soccer, ice hockey, soccer game, and F1 sports.	popular sports include football basketball volleyball water-polo fencing rugby cycling ice hockey roller hockey and f1 motor racing
Ka-Za-Bolan-Ka-Si-Chu-Molo-Ko-Kin-Lai-Zui-Mou-Chui-Di-Kou-Mu-Chu-Zi-Yan	casablanca is one of the least interesting places to shop in all of morocco
Ka-Za-Bolan-Ka-Si-Chu-Molo-Ko-Kin-Lai-Zui-Mou-Chui-Di-Kou-Mu-Chu-Zi-Yan	casablanca is one of the least interesting places to shop in all of morocco
On the other side of the island, there was a little smoke. In the city of Osh, the black-haired black-haired black-haired Black-haired Black-haired Black-haired Black-haired Black-haired Black-haired Black-haired Black-haired Black-haired Black-haired Black-haired Black-haired Black-haired Black-haired Black-haired Black-haired Black-haired Black-haired Black-haired Black-haired Black-haired Black-haired Black-haired Black-haired Black-haired Black-haired Black-haired Black-haired Black-haired Black-haired Black-haired Black-haired Black-haired Black-haired Black-haired Black-haired Black-haired Black-haired Black-haired Black-haired Black-haired Black-haired Black-haired Black-haired Black-haired Black-haired Black-haired Black-haired Black-haired Black-haired Black-haired Black-haired Black-haired Black-haired Black-haired Black-haired Black-haired Black-haired Black-haired Black-haired Black-haired Black-haired Black-haired Black-haired Black-haired Black-haired Black-haired Black-haired Black-haired Black-haired Black-haired Black-haired Black-haired Black-haired Black-haired Black-haired Black-haired Black-haired Black-haired Black-haired Black-haired Black-haired Black-haired Black-haired Black-haired Black-haired Black-haired Black-haired Black-haired Black-haired Black-haired Black-haired Black-haired Black-haired Black-haired Black-haired Black-haired Black-haired Black-haired Black-haired Black-haired Black-haired Black-	greenland was settled sparsely in the norse sagas they say that erik the red was exiled from iceland for murder and when travelling further west found greenland and named it greenland
On the other side of the island, there was a little smoke. In the city of Osh, the black-haired black-haired black-haired Black-haired Black-haired Black-haired Black-haired Black-haired Black-haired Black-haired Black-haired Black-haired Black-haired Black-haired Black-haired Black-haired Black-haired Black-haired Black-haired Black-haired Black-haired Black-haired Black-haired Black-haired Black-haired Black-haired Black-haired Black-haired Black-haired Black-haired Black-haired Black-haired Black-haired Black-haired Black-haired Black-haired Black-haired Black-haired Black-haired Black-haired Black-haired Black-haired Black-haired Black-haired Black-haired Black-haired Black-haired Black-haired Black-haired Black-haired Black-haired Black-haired Black-haired Black-haired Black-haired Black-haired Black-haired Black-haired Black-haired Black-haired Black-haired Black-haired Black-haired Black-haired Black-haired Black-haired Black-haired Black-haired Black-haired Black-haired Black-haired Black-haired Black-haired Black-haired Black-haired Black-haired Black-haired Black-haired Black-haired Black-haired Black-haired Black-haired Black-haired Black-haired Black-haired Black-haired Black-haired Black-haired Black-haired Black-haired Black-haired Black-haired Black-haired Black-haired Black-haired Black-haired Black-haired Black-haired Black-haired Black-haired Black-haired Black-haired Black-haired Black-haired Black-haired Black-	greenland was settled sparsely in the norse sagas they say that erik the red was exiled from iceland for murder and when travelling further west found greenland and named it greenland
In ancient times, China used unique methods to express different periods of time. The boundaries and powers of China's families also belonged to the Yellow River.	ancient china had a unique way of showing different time periods each stage of china or each family that was in power was a distinctive dynasty
In ancient times, China used unique methods to express different periods of time. The boundaries and powers of China's families also belonged to the Yellow River.	ancient china had a unique way of showing different time periods each stage of china or each family that was in power was a distinctive dynasty
The length of the square is 22, and I get the simplest number, so it's 3 to 2.	the aspect ratio of this format dividing by twelve to obtain the simplest whole-number ratio is therefore said to be 3:2
The length of the square is 22, and I get the simplest number, so it's 3 to 2.	the aspect ratio of this format dividing by twelve to obtain the simplest whole-number ratio is therefore said to be 3:2
At the beginning of the second year of the second year of the second year of the second year of the second year of the second year of the second year of the second year of the second year of the second year of the second year of the second year of the second year of the second year of the second year of the second year of the second year of the second year of the second year of the second year of the second year of the second year of the second year of the second year of the second year of the second year of the second year of the second year of the second year of the second year of the second year of the second year of the second year of the second year of the second year of the second year of the second year of the second year of the second year of the second year of the second year of the second year of the second year of the second year of the second year of the second year of the second year of the second year of the second year of the second year of the second year of the second year of the second year of the second year of the second year of the second year of the second year of the second year of the second year of the second year of the second year of the second year of the second year of the second year of the second year of the second year of the second year of the second year of the second year of the second year of the second year of the second year of the second year of the second year of the second year of the second year of the second year of the second year of the second year of the second year of the second year of the second year of the second year of the second year of the second year of the second year of the second year of the second year of the second year of the second year of the second year of the second year of the second year of the second year of the second year of the second year of the second year of the second year of the second year of the second year of the second year of the second year of the second year of the second year of the second year of the second year of the second year of the second year of the second year of the second year of	australia's mitchell gourley finished eleventh in the men's standing super-g czech competitor oldrich jelinek finished sixteenth in the men's sitting super-g
At the beginning of the second year of the second year of the second year of the second year of the second year of the second year of the second year of the second year of the second year of the second year of the second year of the second year of the second year of the second year of the second year of the second year of the second year of the second year of the second year of the second year of the second year of the second year of the second year of the second year of the second year of the second year of the second year of the second year of the second year of the second year of the second year of the second year of the second year of the second year of the second year of the second year of the second year of the second year of the second year of the second year of the second year of the second year of the second year of the second year of the second year of the second year of the second year of the second year of the second year of the second year of the second year of the second year of the second year of the second year of the second year of the second year of the second year of the second year of the second year of the second year of the second year of the second year of the second year of the second year of the second year of the second year of the second year of the second year of the second year of the second year of the second year of the second year of the second year of the second year of the second year of the second year of the second year of the second year of the second year of the second year of the second year of the second year of the second year of the second year of the second year of the second year of the second year of the second year of the second year of the second year of the second year of the second year of the second year of the second year of the second year of the second year of the second year of the second year of the second year of the second year of the second year of the second year of the second year of the second year of the second year of the second year of the second year of the second year of the second year of the second year of	australia's mitchell gourley finished eleventh in the men's standing super-g czech competitor oldrich jelinek finished sixteenth in the men's sitting super-g
California, Russia, and the United States signed an agreement to ban the sale of nuclear weapons.	california governor arnold schwarzenegger signed into law a bill that bans the sale or rental of violent video games to minors
California, Russia, and the United States signed an agreement to ban the sale of nuclear weapons.	california governor arnold schwarzenegger signed into law a bill that bans the sale or rental of violent video games to minors
Paralympic people have a center of self-righteousness, unrighteousness and self-righteousness.	parisians have a reputation for being egocentric rude and arrogant
Paralympic people have a center of self-righteousness, unrighteousness and self-righteousness.	parisians have a reputation for being egocentric rude and arrogant
You don't need to apply every new member of the new member to sign the contract. It's time for you to resign. This is your job, Mr. Wang.	similarly by having a schengen visa you do not need to apply for visas to each of the schengen member countries separately hence saving time money and paperwork
You don't need to apply every new member of the new member to sign the contract. It's time for you to resign. This is your job, Mr. Wang.	similarly by having a schengen visa you do not need to apply for visas to each of the schengen member countries separately hence saving time money and paperwork
Tabu is still not required to ask for a copy of the list to develop a response to the response to the response to the response to the response to the response to the response to the response to the response to the response to the response to the response to the response to the response to the response to the response to the response to the response to the response to the response to the response to the response to the response to the response to the response to the response to the response to the response to the response to the response to the response to the response to the response to the response to the response to the response to the response to the response to the response to the response to the response to the response to the response to the response to the response to the response to the response to the response to the response to the response to the response to the response to the response to the response to the response to the response to the response to the response to the response to the response to the response to the response to the response to the response to the response to the response to the response to the response to the response to the response to response to the response to the response to response to the response to response to the response to response to the response to response to the response to response to the response to response to the response to response to the response to response to the response to response to the response to response to the response to response to response to the response to response to response to the response to response to response to response to the response to response to response to response to response to response to response to response to response to response to response to response to response to response to response to response to response to response to response to response to response to response to response to response to response to response to response to response to response to response to response to response to response to response to response to response to response to response to response to response to response to response to response to response to response to response to response to response to response to response to response to response to response to response to response to response to response to response to response to response to response to response to response to response to response to response to response to response to response to response	he added that they should not however be asked to take on obligations that go beyond their development stage responsibility and capabilities
Tabu is still not required to ask for a copy of the list to develop a response to the response to the response to the response to the response to the response to the response to the response to the response to the response to the response to the response to the response to the response to the response to the response to the response to the response to the response to the response to the response to the response to the response to the response to the response to the response to the response to the response to the response to the response to the response to the response to the response to the response to the response to the response to the response to the response to the response to the response to the response to the response to the response to the response to the response to the response to the response to the response to the response to the response to the response to the response to the response to the response to the response to the response to the response to the response to the response to the response to the response to the response to the response to the response to the response to the response to the response to the response to the response to the response to response to the response to the response to response to the response to response to the response to response to the response to response to the response to response to the response to response to the response to response to the response to response to the response to response to the response to response to the response to response to response to the response to response to response to the response to response to response to response to the response to response to response to response to response to response to response to response to response to response to response to response to response to response to response to response to response to response to response to response to response to response to response to response to response to response to response to response to response to response to response to response to response to response to response to response to response to response to response to response to response to response to response to response to response to response to response to response to response to response to response to response to response to response to response to response to response to response to response to response to response to response to response to response to response to response to response to response to response to response	he added that they should not however be asked to take on obligations that go beyond their development stage responsibility and capabilities
C.C. is the most poor and holy貓貨, living in the name of the C.C. group.	lions are the most social cats living in large groups called prides
C.C. is the most poor and holy貓貨, living in the name of the C.C. group.	lions are the most social cats living in large groups called prides
On August 15, 1940, the Ministry of Foreign Affairs of China and the Ministry of Foreign Affairs of China and the Ministry of Foreign Affairs of China and the Ministry of Foreign Affairs of China and the Ministry of Foreign Affairs of China and the Ministry of Foreign Affairs of China and the Ministry of Foreign Affairs of China and the Ministry of Foreign Affairs of China and the Ministry of Foreign Affairs of China and the Ministry of Foreign Affairs of China and the Ministry of Foreign Affairs of China and the Ministry of Foreign Affairs of China and the Ministry of Foreign Affairs of China and the Ministry of Foreign Affairs of China and the Ministry of Foreign Affairs of China and the Ministry of Foreign Affairs of China and the Ministry of Foreign Affairs of China and the Ministry of Foreign Affairs of China and the Ministry of Foreign Affairs of China and the Ministry of Foreign Affairs of China and the Ministry of Foreign Affairs of China and the Ministry of Foreign Affairs of China and the Ministry of Foreign Affairs of China and the Ministry of Foreign Affairs of China and the Ministry of Foreign Affairs of China and the Ministry of Foreign Affairs of China and the Ministry of Foreign Affairs of China and the Ministry of Foreign Affairs of China and the Ministry of Foreign Affairs of China and the Ministry of Foreign Affairs of China and the Ministry of Foreign Affairs of China and the Ministry of Foreign Affairs of China and the Ministry of Foreign Affairs of China and the Ministry of Foreign Affairs of China and the Ministry of Foreign Affairs of China and the Ministry of Foreign Affairs of China and the Ministry of Foreign Affairs of China and the Ministry of Foreign Affairs of China and the Ministry of Foreign Affairs of China and the Ministry of Foreign Affairs of China and the Ministry of Foreign Affairs of China and the Ministry of Foreign Affairs of China and the Ministry of Foreign Affairs of China and the Ministry of Foreign Affairs of China	on 15 august 1940 the allies invaded southern france the invasion was called operation dragoon
Apart from the top-of-the-line beauty of the sky and the surrounding mountains, the rest of the island can only be seen or heard by the inside of the cave, a small part of the world.	nothing can be seen other than the clear beautiful sky above and the many surrounding mountains very little of this world can be seen or heard from inside the cave
Apart from the top-of-the-line beauty of the sky and the surrounding mountains, the rest of the island can only be seen or heard by the inside of the cave, a small part of the world.	nothing can be seen other than the clear beautiful sky above and the many surrounding mountains very little of this world can be seen or heard from inside the cave
It is most convenient to use a plant-based plant-based plant-based plant-based plant-based plant-based plant-based plant-based plant-based plant-based plant-based plant-based plant-based plant-based plant-based plant-based plant-based plant-based plant-based plant-based plant-based plant-based plant-based plant-based plant-based plant-based plant-based plant-based plant-based plant-based plant-based plant-based plant-based plant-based plant-based plant-based plant-based plant-based plant-based plant-based plant-based plant-based plant-based plant-based plant-based plant-based plant-based plant-based plant-based plant-based plant-based plant-based plant-based plant-based plant-based plant-based plant-based plant-based plant-based plant-based plant-based plant-based plant-based plant-based plant-based plant-based plant-based plant-based plant-based plant-based plant-based plant-based plant-based plant-based plant-based plant-based plant-based plant-based plant-based plant-based plant-based plant-based plant-based plant-based plant-based plant-based plant-based plant-based plant-based plant-based plant-based plant-based plant-based plant-based plant-based plant-based plant-based plant-based plant-based plant-based plant-based plant-based plant-based plant-based plant-based plant-based plant-based plant-based plant-based plant-based plant-based plant-based plant-based plant-based plant-based plant-based plant-based plant-based plant-based plant-based plant-based plant-based plant-based plant-based plant-based plant-based plant-based plant-based plant-based plant-based plant-based plant-based plant-based	the most readily accessible plant resources would have been the proteins accessible in leaves and legumes but these are hard for primates like us to digest unless they are cooked
It is most convenient to use a plant-based plant-based plant-based plant-based plant-based plant-based plant-based plant-based plant-based plant-based plant-based plant-based plant-based plant-based plant-based plant-based plant-based plant-based plant-based plant-based plant-based plant-based plant-based plant-based plant-based plant-based plant-based plant-based plant-based plant-based plant-based plant-based plant-based plant-based plant-based plant-based plant-based plant-based plant-based plant-based plant-based plant-based plant-based plant-based plant-based plant-based plant-based plant-based plant-based plant-based plant-based plant-based plant-based plant-based plant-based plant-based plant-based plant-based plant-based plant-based plant-based plant-based plant-based plant-based plant-based plant-based plant-based plant-based plant-based plant-based plant-based plant-based plant-based plant-based plant-based plant-based plant-based plant-based plant-based plant-based plant-based plant-based plant-based plant-based plant-based plant-based plant-based plant-based plant-based plant-based plant-based plant-based plant-based plant-based plant-based plant-based plant-based plant-based plant-based plant-based plant-based plant-based plant-based plant-based plant-based plant-based plant-based plant-based plant-based plant-based plant-based plant-based plant-based plant-based plant-based plant-based plant-based plant-based plant-based plant-based plant-based plant-based plant-based plant-based plant-based plant-based plant-based plant-based plant-based plant-based plant-based plant-based plant-based	the most readily accessible plant resources would have been the proteins accessible in leaves and legumes but these are hard for primates like us to digest unless they are cooked
It is said that it is very interesting for the super-duper world to look at the light of the sun, the image of the East Line, the East Line of the East Line of the East Line of the East Line of the East Line of the East Line of the East Line of the East Line of the East Line of the East Line of the East Line of the East Line of the East Line of the East Line of the East Line of the East Line of the East Line of the East Line of the East Line of the East Line of the East Line of the East Line of the East Line of the East Line of the East Line of the East Line of the East Line of the East Line of the East Line of the East Line of the East Line of the East Line of the East Line of the East Line of the East Line of the East Line of the East Line of the East Line of the East Line of the East Line of the East Line of the East Line of the East Line of the East Line of the East Line of the East Line of the East Line of the East Line of the East Line of the East Line of the East Line of the East Line of the East Line of the East Line of the East Line of the East Line of the East Line of the East Line of the East Line of the East Line of the East Line of the East Line of the East Line of the East Line of the East Line of the East Line of the East Line of the East Line of the East Line of the East Line of the East Line of the East Line of the East Line of the East Line of the East Line of the East Line of the East Line of the East Line of the East Line of the East Line of the East Line of the East Line of the East Line of the East Line of the East Line of the East Line of the East Line of the East Line of the East Line of the East Line of the East Line of the East Line of the East Line of the East Line of the East Line of the East Line of the East Line of the East Line of the East Line of the East Line of the East Line of the East Line of the East Line of the	muhammad was deeply interested in matters beyond this mundane life. he used to frequent a cave that became known as  hira‘” on the mountain of  noor” light for contemplation
It is said that it is very interesting for the super-duper world to look at the light of the sun, the image of the East Line, the East Line of the East Line of the East Line of the East Line of the East Line of the East Line of the East Line of the East Line of the East Line of the East Line of the East Line of the East Line of the East Line of the East Line of the East Line of the East Line of the East Line of the East Line of the East Line of the East Line of the East Line of the East Line of the East Line of the East Line of the East Line of the East Line of the East Line of the East Line of the East Line of the East Line of the East Line of the East Line of the East Line of the East Line of the East Line of the East Line of the East Line of the East Line of the East Line of the East Line of the East Line of the East Line of the East Line of the East Line of the East Line of the East Line of the East Line of the East Line of the East Line of the East Line of the East Line of the East Line of the East Line of the East Line of the East Line of the East Line of the East Line of the East Line of the East Line of the East Line of the East Line of the East Line of the East Line of the East Line of the East Line of the East Line of the East Line of the East Line of the East Line of the East Line of the East Line of the East Line of the East Line of the East Line of the East Line of the East Line of the East Line of the East Line of the East Line of the East Line of the East Line of the East Line of the East Line of the East Line of the East Line of the East Line of the East Line of the East Line of the East Line of the East Line of the East Line of the East Line of the East Line of the East Line of the East Line of the East Line of the East Line of the East Line of the East Line of the East Line of the East Line of the East Line of the East Line of the	muhammad was deeply interested in matters beyond this mundane life. he used to frequent a cave that became known as  hira‘” on the mountain of  noor” light for contemplation
It is said that there are only a few of them in Taiwan, including the six people, and Philippines, which are directly connected to China.	six hostages including the children and elderly were released early as were the filipino photographers
The Ministry of Education and the Ministry of Education and the Ministry of Education and the Ministry of Education and the Ministry of Education and the Ministry of Education and the Ministry of Education and the Ministry of Education and the Ministry of Education and the Ministry of Education and the Ministry of Education and the Ministry of Education and the Ministry of Education and the Ministry of Education and the Ministry of Education and the Ministry of Education and the Ministry of Education and the Ministry of Education and the Ministry of Education and the Ministry of Education and the Ministry of Education and the Ministry of Education and the Ministry of Education and the Ministry of Education and the Ministry of Education and the Ministry of Education and the Ministry of Education and the Ministry of Education and the Ministry of Education and the Ministry of Education and the Ministry of Education and the Ministry of Education and the Ministry of Education and the Ministry of Education and the Ministry of Education and the Ministry of Education and the Ministry of Education and the Ministry of Education and the Ministry of Education and the Ministry of Education and the Ministry of Education and the Ministry of Education and the Ministry of Education and the Ministry of Education and the Ministry of Education and the Ministry of Education and the Ministry of Education and the Ministry of Education and the Ministry of Education and the Ministry of Education and the Ministry of Education and the Ministry of Education and the Ministry of Education and the Ministry of Education and the Ministry of Education and the Ministry of Education and the Ministry of Education and the Ministry of Education and the Ministry of Education and the Ministry of Education and the Ministry of Education and the Ministry of Education and the Ministry of Education and the Ministry of Education and the Ministry of Education and the Ministry of Education and the Ministry of Education and the Ministry of Education and the Ministry of Education and the Ministry of Education and the Ministry of Education and the Ministry of Education and the Ministry of Education and the Ministry of Education and the Ministry of Education and the Ministry of Education and the Ministry of Education and the Ministry of Education and the Ministry of Education and the Ministry of Education and the Ministry of Education and the Ministry of Education and the Ministry of Education and the Ministry of Education and the Ministry of Education and the Ministry of Education and the Ministry of Education and the Ministry of Education and the Ministry of Education	blogging is a tool that inspires collaboration and encourages students to extend learning well beyond the traditional school day
The Ministry of Education and the Ministry of Education and the Ministry of Education and the Ministry of Education and the Ministry of Education and the Ministry of Education and the Ministry of Education and the Ministry of Education and the Ministry of Education and the Ministry of Education and the Ministry of Education and the Ministry of Education and the Ministry of Education and the Ministry of Education and the Ministry of Education and the Ministry of Education and the Ministry of Education and the Ministry of Education and the Ministry of Education and the Ministry of Education and the Ministry of Education and the Ministry of Education and the Ministry of Education and the Ministry of Education and the Ministry of Education and the Ministry of Education and the Ministry of Education and the Ministry of Education and the Ministry of Education and the Ministry of Education and the Ministry of Education and the Ministry of Education and the Ministry of Education and the Ministry of Education and the Ministry of Education and the Ministry of Education and the Ministry of Education and the Ministry of Education and the Ministry of Education and the Ministry of Education and the Ministry of Education and the Ministry of Education and the Ministry of Education and the Ministry of Education and the Ministry of Education and the Ministry of Education and the Ministry of Education and the Ministry of Education and the Ministry of Education and the Ministry of Education and the Ministry of Education and the Ministry of Education and the Ministry of Education and the Ministry of Education and the Ministry of Education and the Ministry of Education and the Ministry of Education and the Ministry of Education and the Ministry of Education and the Ministry of Education and the Ministry of Education and the Ministry of Education and the Ministry of Education and the Ministry of Education and the Ministry of Education and the Ministry of Education and the Ministry of Education and the Ministry of Education and the Ministry of Education and the Ministry of Education and the Ministry of Education and the Ministry of Education and the Ministry of Education and the Ministry of Education and the Ministry of Education and the Ministry of Education and the Ministry of Education and the Ministry of Education and the Ministry of Education and the Ministry of Education and the Ministry of Education and the Ministry of Education and the Ministry of Education and the Ministry of Education and the Ministry of Education and the Ministry of Education and the Ministry of Education and the Ministry of Education and the Ministry of Education	blogging is a tool that inspires collaboration and encourages students to extend learning well beyond the traditional school day
Molochka Soudan re-established the city by the name of Darlal Badiqa, and Kha-Sabolan Kha, which was the name of the Sibar Maurya, which was the name of the Sibar Maurya, which was the name of the Sibar Maurya, which was the name of the Sibar Maurya, which was the name of the Sibar Maurya, which was the name of the Sibar Maurya, which was the name of the Sibar Maurya, which was the name of the Sibar Maurya, which was the name of the Sibar Maurya, which was the name of the Sibar Maurya, which was the name of the Sibar Maurya, which was the name of the Sibar Maurya, which was the name of the Sibar Maurya, which was the name of the Sibar Maurya, which was the name of the Sibar Maurya, which was the name of the Sibar Maurya, which was the name of the Sibar Maurya, which was the name of the Sibar Maurya, which was the name of the Sibar Maurya, which was the name of the Sibar Maurya, which was the name of the Sibar Maurya, which was the name of the Sibar Maurya, which was the name of the Sibar Maurya, which was the name of the Sibar Maurya, which was the name of the Sibar Maurya, which was the name of the Sibar Maurya, which was the name of the Sibar Maurya, which was the name of the Sibar Maurya, which was the name of the Sibar Maurya, which was the name of the Sibar Maurya, which was the name of the Sibar Maurya, which was the name of the	the moroccan sultan rebuilt the city as daru l-badya and it was given the name casablanca by spanish traders who established trading bases there
Molochka Soudan re-established the city by the name of Darlal Badiqa, and Kha-Sabolan Kha, which was the name of the Sibar Maurya, which was the name of the Sibar Maurya, which was the name of the Sibar Maurya, which was the name of the Sibar Maurya, which was the name of the Sibar Maurya, which was the name of the Sibar Maurya, which was the name of the Sibar Maurya, which was the name of the Sibar Maurya, which was the name of the Sibar Maurya, which was the name of the Sibar Maurya, which was the name of the Sibar Maurya, which was the name of the Sibar Maurya, which was the name of the Sibar Maurya, which was the name of the Sibar Maurya, which was the name of the Sibar Maurya, which was the name of the Sibar Maurya, which was the name of the Sibar Maurya, which was the name of the Sibar Maurya, which was the name of the Sibar Maurya, which was the name of the Sibar Maurya, which was the name of the Sibar Maurya, which was the name of the Sibar Maurya, which was the name of the Sibar Maurya, which was the name of the Sibar Maurya, which was the name of the Sibar Maurya, which was the name of the Sibar Maurya, which was the name of the Sibar Maurya, which was the name of the Sibar Maurya, which was the name of the Sibar Maurya, which was the name of the Sibar Maurya, which was the name of the Sibar Maurya, which was the name of the	the moroccan sultan rebuilt the city as daru l-badya and it was given the name casablanca by spanish traders who established trading bases there
According to the Ministry of Justice, over 800,000 soldiers of the Soviet Union violated the peace treaty. The Soviet Union did not cooperate with the other side, and the other side of the country signed the entry of the Polish Ministry of Defense, and later signed the agreement with the White House of Russia, which was called the White House of Russia, which was called the White House of Russia, which was called the White House of Russia, which was called the White House of Russia, which was called the White House of Russia, which was called the White House of Russia, which was called the White House of Russia, which was called the White House of Russia, which was called the White House of Russia, which was called the White House of Russia, which was called the White House of Russia, which was called the White House of Russia, which was called the White House of Russia, which was called the White House of Russia, which was called the White House of Russia, which was called the White House of Russia, which was called the White House of Russia, which was called the White House of Russia, which was called the White House of Russia, which was called the White House of Russia, which was called the White House of Russia, which was called the White House of Russia, which was called the White House of Russia, which was called the White House of Russia, which was called the White House of Russia, which was called the White House of Russia, which was called the White House of Russia, which was called the White House of Russia, which was called the White House of Russia, which was called the White House of Russia, which was called the White House of Russia, which was called the White House of Russia, which was called the White House of Russia, which was called the White House of Russia, which was called the White House of Russia, which was called the White House of Russia, which was called the White House of Russia, which was called the House of Russia, which was called the House of Russia, which was called the House of Russia, which was called the House of Russia, which was called the House of Russia, which was called the House of Russia, which was	however these plans were rendered obsolete nearly overnight when over 800,000 soldiers from the soviet's union red army entered and created the belarussian and ukrainian fronts after invading the eastern regions of poland in violation of the riga peace treaty the soviet-polish non-aggression pact and other international treaties both bilateral and multilateral
The optical cooperation of the direct透過光用從陽光中獲取養分, 植物同時,能提供遮蔽。	plants make their food from the sun by photosynthesis they also provide shade
The optical cooperation of the direct透過光用從陽光中獲取養分, 植物同時,能提供遮蔽。	plants make their food from the sun by photosynthesis they also provide shade
In Italy, it is often used by most of the workers. It is often used in the Middle Ages.	italian is also the everyday language used by most of those who work in the state while latin is often used in religious ceremonies
In Italy, it is often used by most of the workers. It is often used in the Middle Ages.	italian is also the everyday language used by most of those who work in the state while latin is often used in religious ceremonies
They know how to cook, including the six people in the small-scale fishing trip, as well as the photographer of the Philippines.	six hostages including the children and elderly were released early as were the filipino photographers
The universe has all the things and all the things and all the things and all the things and all the things and all the things and all the things and all the things and all the things and all the things and all the things and all the things and all the things and all the things and all the things and all the things and all the things and all the things and all the things and all the things and all the things and all the things and all the things and all the things and all the things and all the things and all the things and all the things and all the things and all the things and all the things and all the things and all the things and all the things and all the things and all the things and all the things and all the things and all the things and all the things and all the things and all the things and all the things and all the things and all the things and all the things and all the things and all the things and all the things and all the things and all the things and all the things and all the things and all the things and all the things and all the things and all the things and all the things and all the things and all the things and all the things and all the things and all the things and all the things and all the things and all the things and all the things and all the things and all the things and all the things and all the things and all the things and all the things and all the things and all the things and all the things and all the things and all the things and all the things and all the things and all the things and all the things and all the things and all the things and all the things and all the things and all the things and all the things and all the things and all the things and all the things and all the things and all the things and all the things and all the things and all the things and all the things and all the things and all the things and all the things and all the things and all the things and all the things and all the things and all the things and all the things and all the things and all the things and all the things and all the things and all	everything in the universe is made of matter all matter is made of tiny particles called atoms
The universe has all the things and all the things and all the things and all the things and all the things and all the things and all the things and all the things and all the things and all the things and all the things and all the things and all the things and all the things and all the things and all the things and all the things and all the things and all the things and all the things and all the things and all the things and all the things and all the things and all the things and all the things and all the things and all the things and all the things and all the things and all the things and all the things and all the things and all the things and all the things and all the things and all the things and all the things and all the things and all the things and all the things and all the things and all the things and all the things and all the things and all the things and all the things and all the things and all the things and all the things and all the things and all the things and all the things and all the things and all the things and all the things and all the things and all the things and all the things and all the things and all the things and all the things and all the things and all the things and all the things and all the things and all the things and all the things and all the things and all the things and all the things and all the things and all the things and all the things and all the things and all the things and all the things and all the things and all the things and all the things and all the things and all the things and all the things and all the things and all the things and all the things and all the things and all the things and all the things and all the things and all the things and all the things and all the things and all the things and all the things and all the things and all the things and all the things and all the things and all the things and all the things and all the things and all the things and all the things and all the things and all the things and all the things and all the things and all the things and all the things and all	everything in the universe is made of matter all matter is made of tiny particles called atoms
Now, let's take a look at the other steps.	the scenes are displayed on the pyramids and the different pyramids are lit up
Now, let's take a look at the other steps.	the scenes are displayed on the pyramids and the different pyramids are lit up
Add the meat and vegetable oil to the garlic and stir-fry until fragrant.	a curry is a dish based on herbs and spices together with either meat or vegetables
Add the meat and vegetable oil to the garlic and stir-fry until fragrant.	a curry is a dish based on herbs and spices together with either meat or vegetables
Most of the cities in Italy and other places in the world have similar levels, especially in Poland, and there are many more people who come to visit.	in many other cities of italy and in the rest of the world particularly in poland similar setups were made which were viewed by a great number of people
Most of the cities in Italy and other places in the world have similar levels, especially in Poland, and there are many more people who come to visit.	in many other cities of italy and in the rest of the world particularly in poland similar setups were made which were viewed by a great number of people
After 10-60 minutes, it's time to go to bed.	sleep interruption is the process of purposefully awakening during your normal sleep period and falling asleep a short time later 10–60 minutes
After 10-60 minutes, it's time to go to bed.	sleep interruption is the process of purposefully awakening during your normal sleep period and falling asleep a short time later 10–60 minutes
After the incident, the report was sent to the hospital, but not after the news.	after the accident occurred gibson was transported to a hospital but died shortly afterwards
Al-Arab is now in emergency management. He said he had received a reply from the domestic helpline.	the northern marianas emergency management office said that there were no damages reported in the nation
Al-Arab is now in emergency management. He said he had received a reply from the domestic helpline.	the northern marianas emergency management office said that there were no damages reported in the nation
Although the European Union is relatively small, there are many independent countries. In general, it is necessary to apply for a visa after traveling abroad.	europe is a continent that is relatively small but with many independent countries under normal circumstances travelling through multiple countries would mean having to go through visa applications and passport control multiple times
Although the European Union is relatively small, there are many independent countries. In general, it is necessary to apply for a visa after traveling abroad.	europe is a continent that is relatively small but with many independent countries under normal circumstances travelling through multiple countries would mean having to go through visa applications and passport control multiple times
You can now write the information on the screen on the computer, and then use it to write down all the information.	people now write messages on computer screens never having to come close to a sharpener
You can now write the information on the screen on the computer, and then use it to write down all the information.	people now write messages on computer screens never having to come close to a sharpener
It is 10 to 11 o'clock in the afternoon and the fire has stopped at noon.	between 10:00-11:00 pm mdt a fire was started by the inmates in the yard
It is 10 to 11 o'clock in the afternoon and the fire has stopped at noon.	between 10:00-11:00 pm mdt a fire was started by the inmates in the yard
According to the flow of the water, the sea level will gradually decrease in the area of ​​the core, and it may flow towards the deep water area again, which will speed up the flow of the water.	due to the underwater topology the return flow is concentrated at a few deeper sections and a fast current to deep water may form there
According to the flow of the water, the sea level will gradually decrease in the area of ​​the core, and it may flow towards the deep water area again, which will speed up the flow of the water.	due to the underwater topology the return flow is concentrated at a few deeper sections and a fast current to deep water may form there
One of the observers described the base of the sea as a state of intangible government, because the people on the streets of the city were forced to go to the shopping mall.	bishkek was described as sinking into a state of anarchy by one observer as gangs of people roamed the streets and plundered stores of consumer goods
One of the observers described the base of the sea as a state of intangible government, because the people on the streets of the city were forced to go to the shopping mall.	bishkek was described as sinking into a state of anarchy by one observer as gangs of people roamed the streets and plundered stores of consumer goods
As well as all the South African National Park, this park will have daily maintenance and entry fees.	as with all south african national parks there are daily conservation and entry fees for the park
As well as all the South African National Park, this park will have daily maintenance and entry fees.	as with all south african national parks there are daily conservation and entry fees for the park
At last, 11.35 am, the fire was extinguished.	fire rescue crews eventually doused the fire by 11:35 pm
At last, 11.35 am, the fire was extinguished.	fire rescue crews eventually doused the fire by 11:35 pm
According to the participants, the first lady of the Aginthians, Heklesi Dingna, and Feinand Duczi, Ducchi Heinab, are at a distance of 50 km from Los Angeles, 31 km from Laitatsi.	current senator and argentine first lady cristina fernandez de kirchner announced her presidential candidacy yesterday evening in la plata a city 50 kilometers 31 miles away from buenos aires
According to the participants, the first lady of the Aginthians, Heklesi Dingna, and Feinand Duczi, Ducchi Heinab, are at a distance of 50 km from Los Angeles, 31 km from Laitatsi.	current senator and argentine first lady cristina fernandez de kirchner announced her presidential candidacy yesterday evening in la plata a city 50 kilometers 31 miles away from buenos aires
put in the oven at 11-35°F for 30 minutes	fire rescue crews eventually doused the fire by 11:35 pm
put in the oven at 11-35°F for 30 minutes	fire rescue crews eventually doused the fire by 11:35 pm
The first global launch of the華碩 EEPC, which is a product of the CCP, is a product of the CCP, which is a product of the CCP, which is a product of the CCP, which is a product of the CCP, which is a product of the CCP, which is a product of the CCP, which is a product of the CCP, which is a product of the CCP, which is a product of the CCP, which is a product of the CCP, which is a product of the CCP, which is a product of the CCP, which is a product of the CCP, which is a product of the CCP, which is a product of the CCP, which is a product of the CCP, which is a product of the CCP, which is a product of the CCP, which is a product of the CCP, which is a product of the CCP, which is a product of the CCP, which is a product of the CCP, which is a product of the CCP, which is a product of the CCP, which is a product of the CCP, which is a product of the CCP, which is a product of the CCP, which is a product of the CCP, which is a product of the CCP, which is a product of the CCP, which is a product of the CCP, which is a product of the CCP, which is a product of the CCP, which is a product of the CCP, which is a product of the CCP, which is a product of the CCP, which is a product of the CCP, which is a product of the CCP, which is a product of the CCP, which is a product of the CCP, which is a product of the CCP, which is a product of the CCP, which is a product of the CCP, which is a product of the CCP, which is a product of the CCP, which is a product of the CCP, which is a product of the CCP, which is a product of the CCP, which is a product of the CCP, which is a product of the CCP, which is a product of the CCP, which is a product of the CCP, which is a product of the CCP,	asus eee pc earlier launched world-wide for cost-saving and functionality factors became a hot topic in 2007 taipei it month
The first global launch of the華碩 EEPC, which is a product of the CCP, is a product of the CCP, which is a product of the CCP, which is a product of the CCP, which is a product of the CCP, which is a product of the CCP, which is a product of the CCP, which is a product of the CCP, which is a product of the CCP, which is a product of the CCP, which is a product of the CCP, which is a product of the CCP, which is a product of the CCP, which is a product of the CCP, which is a product of the CCP, which is a product of the CCP, which is a product of the CCP, which is a product of the CCP, which is a product of the CCP, which is a product of the CCP, which is a product of the CCP, which is a product of the CCP, which is a product of the CCP, which is a product of the CCP, which is a product of the CCP, which is a product of the CCP, which is a product of the CCP, which is a product of the CCP, which is a product of the CCP, which is a product of the CCP, which is a product of the CCP, which is a product of the CCP, which is a product of the CCP, which is a product of the CCP, which is a product of the CCP, which is a product of the CCP, which is a product of the CCP, which is a product of the CCP, which is a product of the CCP, which is a product of the CCP, which is a product of the CCP, which is a product of the CCP, which is a product of the CCP, which is a product of the CCP, which is a product of the CCP, which is a product of the CCP, which is a product of the CCP, which is a product of the CCP, which is a product of the CCP, which is a product of the CCP, which is a product of the CCP, which is a product of the CCP, which is a product of the CCP, which is a product of the CCP,	asus eee pc earlier launched world-wide for cost-saving and functionality factors became a hot topic in 2007 taipei it month
There is a kind of experimental drug that shows the death rate of Ebola virus, but until now, there is no clear evidence that it is suitable for people who are infected.	while one experimental vaccine appears able to reduce ebola mortality up until now no drugs have been clearly demonstrated suitable for treating existing infection
There is a kind of experimental drug that shows the death rate of Ebola virus, but until now, there is no clear evidence that it is suitable for people who are infected.	while one experimental vaccine appears able to reduce ebola mortality up until now no drugs have been clearly demonstrated suitable for treating existing infection
The sum of the total sum of the total sum of the total sum of the total sum of the total sum of the total sum of the total sum of the total sum of the total sum of the total sum of the total sum of the total sum of the total sum of the total sum of the total sum of the total sum of the total sum of the total sum of the total sum of the total sum of the total sum of the total sum of the total sum of the total sum of the total sum of the total sum of the total sum of the total sum of the total sum of the total sum of the total sum of the total sum of the total sum of the total sum of the total sum of the total sum of the total sum of the total sum of the total sum of the total sum of the total sum of the total sum of the total sum of the total sum of the total sum of the total sum of the total sum of the total sum of the total sum of the total sum of the total sum of the total sum of the total sum of the total sum of the total sum of the total sum of the total sum of the total sum of the total sum of the total sum of the total sum of the total sum of the total sum of the total sum of the total sum of the total sum of the total sum of the total sum of the total sum of the total sum of the total sum of the total sum of the total sum of the total sum of the total sum of the total sum of the total sum of the total sum of the total sum of the total sum of the total sum of the total sum of the total sum of the total sum of the total sum of the total sum of the total sum of the total sum of the total sum of the total sum of the total sum of the total sum of the total sum of the total sum of the total sum of the total sum of the total sum of the total sum of the total sum of the total sum of the total sum of the total sum of the total sum of the total sum of the total sum of the total sum of the total sum of the total sum of the total sum of the total sum of the	elements like calcium and potassium are considered metals of course there are also metals like silver and gold
These girls can choose to plan to raise their children.	these couples may choose to make an adoption plan for their baby
These girls can choose to plan to raise their children.	these couples may choose to make an adoption plan for their baby
In the morning, we started to use the ghost needle to fix the ghost, but gradually, people found that it was more effective to stick to the iron bars.	crossties were introduced fairly early to hold the tracks in place gradually however it was realised that tracks would be more efficient if they had a stip of iron on the top
This means that it must be the military, civil, and physical contribution to accept the power of China. Although this is a closed-door method, it is thought that the past two centuries have passed through the international agreement, and it is very different from the international law in terms of international acceptance.	the strategy proved effective cutting off vital military and civilian supplies although this blockade violated generally accepted international law codified by several international agreements of the past two centuries
Usually, this incident occurred during the Qing Dynasty, the period of ancient times, and it was the 11th, 12th, and 13th century of the history of Europe. It took 1,000 to 1,300 years.	the age where the events took place is commonly referred as the high middle ages the period of european history in the 11th 12th and 13th centuries ad 1000–1300
Usually, this incident occurred during the Qing Dynasty, the period of ancient times, and it was the 11th, 12th, and 13th century of the history of Europe. It took 1,000 to 1,300 years.	the age where the events took place is commonly referred as the high middle ages the period of european history in the 11th 12th and 13th centuries ad 1000–1300
This is one of the main attractions of South Africa, which is also considered a national park in South Africa.	it is one of the main attractions of south africa and it is considered the flagship of south african national parks sanparks
This is one of the main attractions of South Africa, which is also considered a national park in South Africa.	it is one of the main attractions of south africa and it is considered the flagship of south african national parks sanparks
Thanks to the organization's cooperation to overcome obstacles, the process can promote the process of creation and fulfill the needs of the customers.	as a result the process of an organization working together to overcome an obstacle can lead to a new innovative process to serve the customer's need
Thanks to the organization's cooperation to overcome obstacles, the process can promote the process of creation and fulfill the needs of the customers.	as a result the process of an organization working together to overcome an obstacle can lead to a new innovative process to serve the customer's need
No need to say, if you speak a romantic language, it will be very good for you.	needless to say if you know a romance language it will be easier for you to learn portuguese
The length of the square is the width of the square, and the length of the square is the length of the square, and the length of the square is the length of the square, and the length of the square is the length of the square, and the length of the square is the length of the square, and the length of the square is the length of the square, and the length of the square is the length of the square, and the length of the square is the length of the square, and the length of the square is the length of the square, and the length of the square is the length of the square, and the length of the square is the length of the square, and the length of the square is the length of the square, and the length of the square is the length of the square, and the length of the square is the length of the square, and the length of the square is the length of the square, and the length of the square is the length of the square, and the length of the square is the length of the square, and the length of the square is the length of the square, and the length of the square is the length of the square, and the length of the square is the length of the square, and the length of the square is the length of the square, and the length of the square is the length of the square, and the length of the square is the length of the square, and the length of the square is the length of the square, and the length of the square is the length of the square, and the length of the square is the length of the square, and the length of the square is the length of the square, and the length of the square is the length of the square, and the length of the square is the length of the square, and the length of the square is the length of the square, and the length of the square is the length of the square, and the length of the square is the length of the square, and the length of the square is the length of the square, and the length of the square is the length of the square, and the length	the aspect ratio of this format dividing by twelve to obtain the simplest whole-number ratio is therefore said to be 3:2
The length of the square is the width of the square, and the length of the square is the length of the square, and the length of the square is the length of the square, and the length of the square is the length of the square, and the length of the square is the length of the square, and the length of the square is the length of the square, and the length of the square is the length of the square, and the length of the square is the length of the square, and the length of the square is the length of the square, and the length of the square is the length of the square, and the length of the square is the length of the square, and the length of the square is the length of the square, and the length of the square is the length of the square, and the length of the square is the length of the square, and the length of the square is the length of the square, and the length of the square is the length of the square, and the length of the square is the length of the square, and the length of the square is the length of the square, and the length of the square is the length of the square, and the length of the square is the length of the square, and the length of the square is the length of the square, and the length of the square is the length of the square, and the length of the square is the length of the square, and the length of the square is the length of the square, and the length of the square is the length of the square, and the length of the square is the length of the square, and the length of the square is the length of the square, and the length of the square is the length of the square, and the length of the square is the length of the square, and the length of the square is the length of the square, and the length of the square is the length of the square, and the length of the square is the length of the square, and the length of the square is the length of the square, and the length of the square is the length of the square, and the length	the aspect ratio of this format dividing by twelve to obtain the simplest whole-number ratio is therefore said to be 3:2
When France was ruled by the Americans, the French in 1940 dealt with the German peace treaty and cooperated with the invaders.	it was ruled by the vichy french these were french people who had made peace with the germans in 1940 and worked with the invaders instead of fighting them
When France was ruled by the Americans, the French in 1940 dealt with the German peace treaty and cooperated with the invaders.	it was ruled by the vichy french these were french people who had made peace with the germans in 1940 and worked with the invaders instead of fighting them
After the accident, a heart attack was sent to the hospital, but not after nine years.	after the accident occurred gibson was transported to a hospital but died shortly afterwards
Of course, there is also a picture of the gold belongs to the owner of the gold.	elements like calcium and potassium are considered metals of course there are also metals like silver and gold
Girls, I suggest that all girls should not be in the same situation as in real life, and should be in the same situation as in real life, and should be in the same situation as in real life, and should be in the same situation as in real life, and should be in the same situation as in real life, and should be in the same situation as in real life, and should be in the same situation as in real life, and should be in the same situation as in real life, and should be in the same situation as in real life, and should be in the same situation as in real life, and should be in the same situation as in real life, and should be in the same situation as in real life, and should be in the same situation as in real life, and should be in the same situation as in real life, and should be in the same situation as in real life, and should be in the same situation as in real life, and should be in the same situation as in real life, and should be in the same situation as in real life, and should be in the same situation as in real life, and should be in the same situation as in real life, and should be in the same situation as in real life, and should be in the same situation as in real life, and should be in the same situation as in real life, and should be in the same situation as in real life, and should be in the same situation as in real life, and should be in the same situation as in real life, and should be in the same situation as in real life, and should be in the same situation as in real life, and should be in the same situation as in real life, and should be in the same situation as in real life, and should be in the same situation as in real life, and should be in the same situation as in real life, and should be in the same situation as in the same situation as in real life, and should be in the same situation as in the same situation as in real life, and should be in the same situation as in the same situation as in the same situation as in	women it is recommended that any women travellers say that they are married regardless of actual marital status
Girls, I suggest that all girls should not be in the same situation as in real life, and should be in the same situation as in real life, and should be in the same situation as in real life, and should be in the same situation as in real life, and should be in the same situation as in real life, and should be in the same situation as in real life, and should be in the same situation as in real life, and should be in the same situation as in real life, and should be in the same situation as in real life, and should be in the same situation as in real life, and should be in the same situation as in real life, and should be in the same situation as in real life, and should be in the same situation as in real life, and should be in the same situation as in real life, and should be in the same situation as in real life, and should be in the same situation as in real life, and should be in the same situation as in real life, and should be in the same situation as in real life, and should be in the same situation as in real life, and should be in the same situation as in real life, and should be in the same situation as in real life, and should be in the same situation as in real life, and should be in the same situation as in real life, and should be in the same situation as in real life, and should be in the same situation as in real life, and should be in the same situation as in real life, and should be in the same situation as in real life, and should be in the same situation as in real life, and should be in the same situation as in real life, and should be in the same situation as in real life, and should be in the same situation as in real life, and should be in the same situation as in real life, and should be in the same situation as in the same situation as in real life, and should be in the same situation as in the same situation as in real life, and should be in the same situation as in the same situation as in the same situation as in	women it is recommended that any women travellers say that they are married regardless of actual marital status
In the traditional way, the Chinese government's mission is to ensure that the country is safe and secure, to transfer people and goods, and also to prevent enemy transfer personnel and goods from working.	the job of navies has traditionally been to ensure that your country maintains the ability to move your people and goods while at the same time interfering with your enemy's ability to move his people and goods
In the traditional way, the Chinese government's mission is to ensure that the country is safe and secure, to transfer people and goods, and also to prevent enemy transfer personnel and goods from working.	the job of navies has traditionally been to ensure that your country maintains the ability to move your people and goods while at the same time interfering with your enemy's ability to move his people and goods
There are four players who have not completed the game. There are 45 players who have not yet been in the game.	four skiers in the women's sitting group failed to finish their runs and 45 of the 117 total skiers in the giant slalom failed to rank in the race
There are four players who have not completed the game. There are 45 players who have not yet been in the game.	four skiers in the women's sitting group failed to finish their runs and 45 of the 117 total skiers in the giant slalom failed to rank in the race
but for us to bring a train, a car and other transportation equipment.	it has brought us the train the car and many other transportation devices
but for us to bring a train, a car and other transportation equipment.	it has brought us the train the car and many other transportation devices
Science researchers in Guizhou University said that two kinds of chemical reactions caused the formation of artificial intelligence.	the two compounds react with one another to form crystals that may block kidney function researchers at the university said
Science researchers in Guizhou University said that two kinds of chemical reactions caused the formation of artificial intelligence.	the two compounds react with one another to form crystals that may block kidney function researchers at the university said
Therefore, the performer took a big roll on the stage, and the film crew also encouraged the audience to stand up.	as a result the performers smoke cannabis joints on stage and the theatre itself is encouraging the audience to join in
Therefore, the performer took a big roll on the stage, and the film crew also encouraged the audience to stand up.	as a result the performers smoke cannabis joints on stage and the theatre itself is encouraging the audience to join in
In the 1960s, the Bolsheviks took on the role of the leader of the weak and the leader of the country, and the leader of the country, and the leader of the country, and the leader of the country, and the leader of the country, and the leader of the country, and the leader of the country, and the leader of the country, and the leader of the country, and the leader of the country, and the leader of the country, and the leader of the country, and the leader of the country, and the leader of the country, and the leader of the country, and the leader of the country, and the leader of the country, and the leader of the country, and the leader of the country, and the leader of the country, and the leader of the country, and the leader of the country, and the leader of the country, and the leader of the country, and the leader of the country, and the leader of the country, and the leader of the country, and the leader of the country, and the leader of the country, and the leader of the country, and the leader of the country, and the leader of the country, and the leader of the country, and the leader of the country, and the leader of the country, and the leader of the country, and the leader of the country, and the leader of the country, and the leader of the country, and the leader of the country, and the leader of the country, and the leader of the country, and the leader of the country, and the leader of the country, and the leader of the country, and the leader of the country, and the leader of the country, and the leader of the country, and the leader of the country, and the leader of the country, and the leader of the country, and the leader of the country, and the leader of the country, and the leader of the country, and the leader of the country, and the leader of the country, and the leader of the country, and the leader of the country, and the leader of the country, and the leader of the country, and the leader of	throughout 1960s brzezinski worked for john f kennedy as his advisor and then the lyndon b johnson administration
English teaching is a method of learning and learning, and it is a kind of complicated. Why do we need to experience the new learning and learning of the past, and then use the new knowledge of the old and the new experience of the past, and then use the new knowledge of the old and the new experience of the past, and then use the new knowledge of the old and the new experience of the past, and then use the new knowledge of the old and the new experience of the past, and then use the new knowledge of the old and the new experience of the past, and then use the new knowledge of the old and the new experience of the past, and then use the new knowledge of the old and the new experience of the past, and then use the new knowledge of the old and the new experience of the past, and then use the new knowledge of the old and the new experience of the past, and then use the new knowledge of the old and the new experience of the past, and then use the new knowledge of the old and the new experience of the past, and then use the new knowledge of the old and the new experience of the past, and then use the new knowledge of the old and the new experience of the past, and then use the new knowledge of the old and the new experience of the past, and then use the new knowledge of the old and the new experience of the past, and then use the new knowledge of the old and the new experience of the past, and then use the new knowledge of the old and the new experience of the past, and then use the new knowledge of the old and the new experience of the past, and then use the new knowledge of the old and the new experience of the past, and then use the new knowledge of the old and the new experience of the past, and then use the new knowledge of the old and the new experience of the past, and then use the new knowledge of the old and the new experience of the past, and then use the new knowledge of the past, and then use the new knowledge of the past, and then use the new knowledge of the past, and then use the new knowledge of	scaffolding is not a method of learning but rather an aid that provides support to individuals whom are undergoing a new learning experience such as using a new computer program or beginning a new project
English teaching is a method of learning and learning, and it is a kind of complicated. Why do we need to experience the new learning and learning of the past, and then use the new knowledge of the old and the new experience of the past, and then use the new knowledge of the old and the new experience of the past, and then use the new knowledge of the old and the new experience of the past, and then use the new knowledge of the old and the new experience of the past, and then use the new knowledge of the old and the new experience of the past, and then use the new knowledge of the old and the new experience of the past, and then use the new knowledge of the old and the new experience of the past, and then use the new knowledge of the old and the new experience of the past, and then use the new knowledge of the old and the new experience of the past, and then use the new knowledge of the old and the new experience of the past, and then use the new knowledge of the old and the new experience of the past, and then use the new knowledge of the old and the new experience of the past, and then use the new knowledge of the old and the new experience of the past, and then use the new knowledge of the old and the new experience of the past, and then use the new knowledge of the old and the new experience of the past, and then use the new knowledge of the old and the new experience of the past, and then use the new knowledge of the old and the new experience of the past, and then use the new knowledge of the old and the new experience of the past, and then use the new knowledge of the old and the new experience of the past, and then use the new knowledge of the old and the new experience of the past, and then use the new knowledge of the old and the new experience of the past, and then use the new knowledge of the old and the new experience of the past, and then use the new knowledge of the past, and then use the new knowledge of the past, and then use the new knowledge of the past, and then use the new knowledge of	scaffolding is not a method of learning but rather an aid that provides support to individuals whom are undergoing a new learning experience such as using a new computer program or beginning a new project
In the name of the Buddha, I would like to express my sincere gratitude to all of you who have given me the opportunity to see and understand all of the spiritual power through the Buddha's divine vision.	the center of tibetan meditation is the deity yoga through the visualization of various deities the energy channels are cleaned the chakras are activated and the enlightenment consciousness is created
In the name of the Buddha, I would like to express my sincere gratitude to all of you who have given me the opportunity to see and understand all of the spiritual power through the Buddha's divine vision.	the center of tibetan meditation is the deity yoga through the visualization of various deities the energy channels are cleaned the chakras are activated and the enlightenment consciousness is created
For example, in North Carolina, the students of North Carolina will work hard for their own website every year. The website will be updated every year, but the original version will be added to the online version.	for example each year students from bennet school in north carolina design a website about their trip to the state capital each year the website gets remodeled but old versions are kept online to serve as a scrapbook
For example, in North Carolina, the students of North Carolina will work hard for their own website every year. The website will be updated every year, but the original version will be added to the online version.	for example each year students from bennet school in north carolina design a website about their trip to the state capital each year the website gets remodeled but old versions are kept online to serve as a scrapbook
Last week, the financial industry announced that Apple has announced that Apple will announce another 34-month-old hot case in Taomun, and that the company will declare this case is not serious.	last week meti announced that apple had informed it of 34 additional overheating incidents which the company called non-serious
Last week, the financial industry announced that Apple has announced that Apple will announce another 34-month-old hot case in Taomun, and that the company will declare this case is not serious.	last week meti announced that apple had informed it of 34 additional overheating incidents which the company called non-serious
Shundar Bansi, a member of the Shundar Bansi National Education Organization, is a member of the Shundar Bansi National Education Organization, a member of the Shundar Bansi National Education Organization, a member of the Shundar Bansi National Education Organization, a member of the Shundar Bansi National Education Organization, a member of the Shundar Bansi National Education Organization, a member of the Shundar Bansi National Education Organization, a member of the Shundar Bansi National Education Organization, a member of the Shundar Bansi National Education Organization, a member of the Shundar Bansi National Education Organization, a member of the Shundar Bansi National Education Organization, a member of the Shundar Bansi National Education Organization, a member of the Shundar Bansi National Education Organization, a member of the Shundar Bansi National Education Organization, a member of the Shundar Bansi National Education Organization, a member of the Shundar Bansi National Education Organization, a member of the Shundar Bansi National Education Organization, a member of the Shundar Bansi National Education Organization, a member of the Shundar Bansi National Education Organization, a member of the Shundar Bansi National Education Organization, a member of the Shundar Bansi National Education Organization, a member of the Shundar Bansi National Education Organization, a member of the Shundar Bansi National Education Organization, a member of the Shundar Bansi National Education Organization, a member of the Shundar Bansi National Education Organization, a member of the Shundar Bansi National Education Organization, a member of the Shundar Bansi National Education Organization, a member of the Shundar Bansi National Education Organization, a member of the Shundar Bansi National Education Organization, a member of the Shundar Bansi National Education Organization, a member of the Shundar Bansi National Education Organization, a member	the sundarbans has been declared a unesco world heritage site the part of the forest within indian territory is called sundarbans national park
Lomagos is known for its film, television, and the appearance of the people, and the appearance of the people.	several large television screens were installed in various places in rome to let the people watch the ceremony
Some people say that the whole line of Hong Kong's heavenly line is the most important thing in the whole line of architecture, and that it is the only place in the world where there is a lot of sea water, and that it is the only place in the world where there is a lot of sea water, and that it is the only place in the world where there is a lot of sea water, and that it is the only place in the world where there is a lot of sea water, and that it is the only place in the world where there is a lot of sea water, and that it is the only place in the world where there is a lot of sea water, and that it is the only place in the world where there is a lot of sea water, and that it is the only place in the world where there is a lot of sea water, and that it is the only place in the world where there is a lot of sea water, and that it is the only place in the world where there is a lot of sea water, and that it is the only place in the world where there is a lot of sea water, and that it is the only place in the world where there is a lot of sea water, and that it is the only place in the world where there is a lot of sea water, and that it is the only place in the world where there is a lot of sea water, and that it is the only place in the world where there is a lot of sea water, and that it is the only place in the world where there is a lot of sea water, and that it is the only place in the world where there is a lot of sea water, and that it is the only place in the world where there is a lot of sea water, and that it is the only place in the world where there is a lot of sea water, and that it is the only place in the world where there is a lot of sea water, and that it is the only place in the world where there is a lot of sea water, and that it is the only place in the world where there is a lot of sea water, and	the parade of buildings that make the hong kong skyline has been likened to a glittering bar chart that is made apparent by the presence of the waters of victoria harbour
Some people say that the whole line of Hong Kong's heavenly line is the most important thing in the whole line of architecture, and that it is the only place in the world where there is a lot of sea water, and that it is the only place in the world where there is a lot of sea water, and that it is the only place in the world where there is a lot of sea water, and that it is the only place in the world where there is a lot of sea water, and that it is the only place in the world where there is a lot of sea water, and that it is the only place in the world where there is a lot of sea water, and that it is the only place in the world where there is a lot of sea water, and that it is the only place in the world where there is a lot of sea water, and that it is the only place in the world where there is a lot of sea water, and that it is the only place in the world where there is a lot of sea water, and that it is the only place in the world where there is a lot of sea water, and that it is the only place in the world where there is a lot of sea water, and that it is the only place in the world where there is a lot of sea water, and that it is the only place in the world where there is a lot of sea water, and that it is the only place in the world where there is a lot of sea water, and that it is the only place in the world where there is a lot of sea water, and that it is the only place in the world where there is a lot of sea water, and that it is the only place in the world where there is a lot of sea water, and that it is the only place in the world where there is a lot of sea water, and that it is the only place in the world where there is a lot of sea water, and that it is the only place in the world where there is a lot of sea water, and that it is the only place in the world where there is a lot of sea water, and	the parade of buildings that make the hong kong skyline has been likened to a glittering bar chart that is made apparent by the presence of the waters of victoria harbour
The water content in your hand will be reflected by the reflection of the layer, so the texture of the layer will be a kind of shell.	the moisture on your hands will react with the outer layers which will feel funny and form a sort of shell
The water content in your hand will be reflected by the reflection of the layer, so the texture of the layer will be a kind of shell.	the moisture on your hands will react with the outer layers which will feel funny and form a sort of shell
In the meeting of the President of the U.S. Secretary of State, the request for a comprehensive reform of the environmental law.	layton had asked for changes to the conservatives' environmental bill during the meeting with the pm asking for a thorough and complete rewriting of the conservative party's environmental bill
In the meeting of the President of the U.S. Secretary of State, the request for a comprehensive reform of the environmental law.	layton had asked for changes to the conservatives' environmental bill during the meeting with the pm asking for a thorough and complete rewriting of the conservative party's environmental bill
Balai people have been wearing my heart for no reason and only for my bad reputation.	parisians have a reputation for being egocentric rude and arrogant
Balai people have been wearing my heart for no reason and only for my bad reputation.	parisians have a reputation for being egocentric rude and arrogant
The U.S. Senate and the U.S. House of Representatives have the same goal as the U.S. Senate. The Senate and other sports may be safe, and the athletes are interested in safe and positive, and have the right to pursue their dreams in the environment.	usa gymnastics and the usoc have the same goal making the sport of gymnastics and others as safe as possible for athletes to follow their dreams in a safe positive and empowered environment
The U.S. Senate and the U.S. House of Representatives have the same goal as the U.S. Senate. The Senate and other sports may be safe, and the athletes are interested in safe and positive, and have the right to pursue their dreams in the environment.	usa gymnastics and the usoc have the same goal making the sport of gymnastics and others as safe as possible for athletes to follow their dreams in a safe positive and empowered environment
In 1990, he was killed because of the threat of the desert.	in 1990 it was added to the list of world heritage sites in danger due to the threat of desert sands
In 1990, he was killed because of the threat of the desert.	in 1990 it was added to the list of world heritage sites in danger due to the threat of desert sands
It is said that it is the most important thing in the world to be able to live, eat, eat, and live in peace.	ancient cultures and tribes began to keep them for easy access to milk hair meat and skins
It is said that it is the most important thing in the world to be able to live, eat, eat, and live in peace.	ancient cultures and tribes began to keep them for easy access to milk hair meat and skins
Later, he was transferred to the Adanbrooks Hospital of the Adanbrooks Hospital of the Adanbrooks Hospital of the Adanbrooks Hospital of the Adanbrooks Hospital of the Adanbrooks Hospital of the Adanbrooks Hospital of the Adanbrooks Hospital of the Adanbrooks Hospital of the Adanbrooks Hospital of the Adanbrooks Hospital of the Adanbrooks Hospital of the Adanbrooks Hospital of the Adanbrooks Hospital of the Adanbrooks Hospital of the Adanbrooks Hospital of the Adanbrooks Hospital of the Adanbrooks Hospital of the Adanbrooks Hospital of the Adanbrooks Hospital of the Adanbrooks Hospital of the Adanbrooks Hospital of the Adanbrooks Hospital of the Adanbrooks Hospital of the Adanbrooks Hospital of the Adanbrooks Hospital of the Adanbrooks Hospital of the Adanbrooks Hospital of the Adanbrooks Hospital of the Adanbrooks Hospital of the Adanbrooks Hospital of the Adanbrooks Hospital of the Adanbrooks Hospital of the Adanbrooks Hospital of the Adanbrooks Hospital of the Adanbrooks Hospital of the Adanbrooks Hospital of the Adanbrooks Hospital of the Adanbrooks Hospital of the Adanbrooks Hospital of the Adanbrooks Hospital of the Adanbrooks Hospital of the Adanbrooks Hospital of the Adanbrooks Hospital of the Adanbrooks Hospital of the Adanbrooks Hospital of the Adanbrooks Hospital of the Adanbrooks Hospital of the Adanbrooks Hospital of the Adanbrooks Hospital of the Adanbrooks Hospital of the Adanbrooks Hospital of the Adanbrooks Hospital of the Adanbrooks Hospital of the Adanbrooks Hospital of the Adanbrooks Hospital of the Adanbrooks Hospital of the Adanbrooks Hospital of the Adanbrooks Hospital of the Adanbrooks Hospital of the Adanbrooks Hospital of the Adanbrooks Hospital of the Adanbro	he was subsequently relocated to addenbrooke's hospital in cambridge
Later, he was transferred to the Adanbrooks Hospital of the Adanbrooks Hospital of the Adanbrooks Hospital of the Adanbrooks Hospital of the Adanbrooks Hospital of the Adanbrooks Hospital of the Adanbrooks Hospital of the Adanbrooks Hospital of the Adanbrooks Hospital of the Adanbrooks Hospital of the Adanbrooks Hospital of the Adanbrooks Hospital of the Adanbrooks Hospital of the Adanbrooks Hospital of the Adanbrooks Hospital of the Adanbrooks Hospital of the Adanbrooks Hospital of the Adanbrooks Hospital of the Adanbrooks Hospital of the Adanbrooks Hospital of the Adanbrooks Hospital of the Adanbrooks Hospital of the Adanbrooks Hospital of the Adanbrooks Hospital of the Adanbrooks Hospital of the Adanbrooks Hospital of the Adanbrooks Hospital of the Adanbrooks Hospital of the Adanbrooks Hospital of the Adanbrooks Hospital of the Adanbrooks Hospital of the Adanbrooks Hospital of the Adanbrooks Hospital of the Adanbrooks Hospital of the Adanbrooks Hospital of the Adanbrooks Hospital of the Adanbrooks Hospital of the Adanbrooks Hospital of the Adanbrooks Hospital of the Adanbrooks Hospital of the Adanbrooks Hospital of the Adanbrooks Hospital of the Adanbrooks Hospital of the Adanbrooks Hospital of the Adanbrooks Hospital of the Adanbrooks Hospital of the Adanbrooks Hospital of the Adanbrooks Hospital of the Adanbrooks Hospital of the Adanbrooks Hospital of the Adanbrooks Hospital of the Adanbrooks Hospital of the Adanbrooks Hospital of the Adanbrooks Hospital of the Adanbrooks Hospital of the Adanbrooks Hospital of the Adanbrooks Hospital of the Adanbrooks Hospital of the Adanbrooks Hospital of the Adanbrooks Hospital of the Adanbrooks Hospital of the Adanbrooks Hospital of the Adanbro	he was subsequently relocated to addenbrooke's hospital in cambridge
Basically, he, Wei Yixi, started to be a fan of us from the beginning. First of all, he pretended to thank us for the law and the consideration, and then he pretended to listen to us again, until the work was deleted.	"""he [wales] basically lied to us from the start. first by acting as if this was for legal reasons. second by pretending he was listening to us right up to his art deletion."
Basically, he, Wei Yixi, started to be a fan of us from the beginning. First of all, he pretended to thank us for the law and the consideration, and then he pretended to listen to us again, until the work was deleted.	"""he [wales] basically lied to us from the start. first by acting as if this was for legal reasons. second by pretending he was listening to us right up to his art deletion."
According to the Ministry of Revenue, more than 800,000 soldiers of the Soviet Union violated the peace treaty, and other sides and many other countries signed the Treaty of Poland, and later signed the Treaty of Russia-Ukrainian War between Russia-Ukrainian War between Russia-Ukrainian War between Russia-Ukrainian War between Russia-Ukrainian War between Russia-Ukrainian War between Russia-Ukrainian War between Russia-Ukrainian War between Russia-Ukrainian War between Russia-Ukrainian War between Russia-Ukrainian War between Russia-Ukrainian War between Russia-Ukrainian War between Russia-Ukrainian War between Russia-Ukrainian War between Russia-Ukrainian War between Russia-Ukrainian War between Russia-Ukrainian War between Russia-Ukrainian War between Russia-Ukrainian War between Russia-Ukrainian War between Russia-Ukrainian War between Russia-Ukrainian War between Russia-Ukrainian War between Russia-Ukrainian War between Russia-Ukrainian War between Russia-Ukrainian War between Russia-Ukrainian War between Russia-Ukrainian War between Russia-Ukrainian War between Russia-Ukrainian War between Russia-Ukrainian War between Russia-Ukrainian War between Russia-Ukrainian War between Russia-Ukrainian War between Russia-Ukrainian War between Russia-Ukrainian War between Russia-Ukrainian War between Russia-Ukrainian War between Russia-Ukrainian War between Russia-Ukrainian War between Russia-Ukrainian War between Russia-Ukrainian War between Russia-Ukrainian War between Russia-Ukrainian War between Russia-Ukrainian War between Russia-Ukrainian War between Russia-Ukrain between Russia-Ukrain between Russia-Ukrain between Russia-Ukrain between Russia-	however these plans were rendered obsolete nearly overnight when over 800,000 soldiers from the soviet's union red army entered and created the belarussian and ukrainian fronts after invading the eastern regions of poland in violation of the riga peace treaty the soviet-polish non-aggression pact and other international treaties both bilateral and multilateral
On the legs, there is a rolling pin or a thumb, it will lower the egg, and it will act as if it were walking with two feet.	they have feet with scales and claws they lay eggs and they walk on their two back legs like a t-rex
On the legs, there is a rolling pin or a thumb, it will lower the egg, and it will act as if it were walking with two feet.	they have feet with scales and claws they lay eggs and they walk on their two back legs like a t-rex
The plants are the most beautiful plants in the environment, so please be careful not to touch them.	plants look their best when in a natural environment so resist the temptation to remove even just one specimen
The plants are the most beautiful plants in the environment, so please be careful not to touch them.	plants look their best when in a natural environment so resist the temptation to remove even just one specimen
There are at least 80 countries in the world, and there are at least 20 countries in the world.	vatican city's population is around 800 it is the smallest independent country in the world and the country with the lowest population
There are at least 80 countries in the world, and there are at least 20 countries in the world.	vatican city's population is around 800 it is the smallest independent country in the world and the country with the lowest population
The majority of the students are educated and educated in independent countries, and the French are well-educated, and they are well-educated, and the French are well-educated, and the French are well-educated, and the French are well-educated, and the French are well-educated, and the French are well-educated, and the French are well-educated, and the French are well-educated, and the French are well-educated, and the French are well-educated, and the French are well-educated, and the French are well-educated, and the French are well-educated, and the French are well-educated, and the French are well-educated, and the French are well-educated, and the French are well-educated, and the French are well-educated, and the French are well-educated, and the French are well-educated, and the French are well-educated, and the French are well-educated, and the French are well-educated, and the French are well-educated, and the French are well-educated, and the French are well-educated, and the French are well-educated, and the French are well-educated, and the French are well-educated, and the French are well-educated, and the French are well-educated, and the French are well-educated, and the French are well-educated, and the French are well-educated, and the French are well-educated, and the French are well-educated, and the French are well-educated, and the French are well-educated, and the French are well-educated, and the French are well-educated, and the French are well-educated, and the French are well-educated, and the French are well-educated, and the French are well-educated, and the French are well-educated, and the French are well-educated, and the French are well-educated,	most of the smaller islands are independent nations or associated with france and known as luxury beach resorts
It is also more serious to continue the exchange of time at the end of the month.	re-entry shock comes on sooner than culture shock there's less of a honeymoon phase lasts longer and can be more severe
It is also more serious to continue the exchange of time at the end of the month.	re-entry shock comes on sooner than culture shock there's less of a honeymoon phase lasts longer and can be more severe
Hong Kong is like Hong Kong's most famous tourist destination in Hong Kong, as well as many tourist attractions.	hong kong island gives the territory of hong kong its name and is the place that many tourists regard as the main focus
Hong Kong is like Hong Kong's most famous tourist destination in Hong Kong, as well as many tourist attractions.	hong kong island gives the territory of hong kong its name and is the place that many tourists regard as the main focus
However, the people may not want to wait and understand them.	people may not anticipate that patience and understanding are also necessary for travellers returning home
However, the people may not want to wait and understand them.	people may not anticipate that patience and understanding are also necessary for travellers returning home
The surface of the moon is dark, and the earth is gray. The most favorite layer of the moon is called earth.	the surface of the moon is made of rocks and dust the outer layer of the moon is called the crust
The surface of the moon is dark, and the earth is gray. The most favorite layer of the moon is called earth.	the surface of the moon is made of rocks and dust the outer layer of the moon is called the crust
Divide the eggs and mix them together to form a large number of ingredients.	the fission bomb works on the principle that it takes energy to put together a nucleus with many protons and neutrons
Divide the eggs and mix them together to form a large number of ingredients.	the fission bomb works on the principle that it takes energy to put together a nucleus with many protons and neutrons
The incident happened in the high mountain area, according to the order of the enemy's attack	the crash occurred high up in mountainous terrain and is believed to have been the result of hostile fire
Boil the water for 1 minute, then add the rest of the ingredients.	in some areas boiling water for a minute is enough in others several minutes are needed
Boil the water for 1 minute, then add the rest of the ingredients.	in some areas boiling water for a minute is enough in others several minutes are needed
When you have time, go to the beach in Yongjie's family. There is a storehouse on the other side of the beach. It is safe to travel in there.	these are sometimes-crowded family beaches with a good range of shops lining the shore swimming is safe
When you have time, go to the beach in Yongjie's family. There is a storehouse on the other side of the beach. It is safe to travel in there.	these are sometimes-crowded family beaches with a good range of shops lining the shore swimming is safe
The city is clearly different from other cities in the country, because it has a white and Asian style.	the city is in stark contrast to the rest of the country's cities because it has more of an arabic flair than of an african
The city is clearly different from other cities in the country, because it has a white and Asian style.	the city is in stark contrast to the rest of the country's cities because it has more of an arabic flair than of an african
Zheng Yu and Yu Liang have the same power as the earth, and銀河系也對借手助星系施加了作用力。	just like the moon exerts a pull on the earth causing tides so does the milky way exert a force on the sagittarius galaxy
According to the book, the Western world has opened up the source of the science and science of the West, and the West has opened up the source of the science and science of the West, and the West has opened up the source of the science and science of the West, and the West has opened up the source of the science and science of the West, and the West has opened up the source of the science and science of the West, and the West has opened up the source of the science and science of the West, and the West has opened up the source of the science and science of the West, and the West has opened up the source of the science and science of the West, and the West has opened up the source of the science and science of the West, and the West has opened up the source of the science and science of the West, and the West has opened up the source of the science and science of the West, and the West has opened up the source of the science and science of the West, and the West has opened up the source of the science and science of the West, and the West has opened up the source of the source of the science and science of the West, and the West has opened up the source of the source of the source of the source of the source of the source of the source of the source of the source of the source of the source of the source of the source of the source of source of source of source of source of source of source of source of source of source of source of source of source of source of source of source of source of source of source of source of source of source of source of source of source of source of source of source of source of source of source of source of source of source of source of source of source of source of source of source of source of source of source of source of source of source of source of source of source of source of source of source of source of source of source of source of source of source of source of source of source of source of source of source of source of source of source of source of source of source of source of source of source of source of source of source of	as knowledge of greek declined the west found itself cut off from its greek philosophical and scientific roots
According to the book, the Western world has opened up the source of the science and science of the West, and the West has opened up the source of the science and science of the West, and the West has opened up the source of the science and science of the West, and the West has opened up the source of the science and science of the West, and the West has opened up the source of the science and science of the West, and the West has opened up the source of the science and science of the West, and the West has opened up the source of the science and science of the West, and the West has opened up the source of the science and science of the West, and the West has opened up the source of the science and science of the West, and the West has opened up the source of the science and science of the West, and the West has opened up the source of the science and science of the West, and the West has opened up the source of the science and science of the West, and the West has opened up the source of the science and science of the West, and the West has opened up the source of the source of the science and science of the West, and the West has opened up the source of the source of the source of the source of the source of the source of the source of the source of the source of the source of the source of the source of the source of the source of source of source of source of source of source of source of source of source of source of source of source of source of source of source of source of source of source of source of source of source of source of source of source of source of source of source of source of source of source of source of source of source of source of source of source of source of source of source of source of source of source of source of source of source of source of source of source of source of source of source of source of source of source of source of source of source of source of source of source of source of source of source of source of source of source of source of source of source of source of source of source of source of source of source of source of	as knowledge of greek declined the west found itself cut off from its greek philosophical and scientific roots
The water on your hand will be reflected in the surface of the surface of the surface of the surface of the surface of the surface of the surface of the surface of the surface of the surface of the surface of the surface of the surface of the surface of the surface of the surface of the surface of the surface of the surface of the surface of the surface of the surface of the surface of the surface of the surface of the surface of the surface of the surface of the surface of the surface of the surface of the surface of the surface of the surface of the surface of the surface of the surface of the surface of the surface of the surface of the surface of the surface of the surface of the surface of the surface of the surface of the surface of the surface of the surface of the surface of the surface of the surface of the surface of the surface of the surface of the surface of the surface of the surface of the surface of the surface of the surface of the surface of the surface of the surface of the surface of the surface of the surface of the surface of the surface of the surface of the surface of the surface of the surface of the surface of the surface of the surface of the surface of the surface of the surface of the surface of the surface of the surface of the surface of the surface of the surface of the surface of the surface of the surface of the surface of the surface of the surface of the surface of the surface of the surface of the surface of the surface of the surface of the surface of the surface of the surface of the surface of the surface of the surface of the surface of the surface of the surface of the surface of the surface of the surface of the surface of surface of the surface of the surface of the surface of surface of the surface of surface of the surface of surface of the surface of surface of the surface of surface of the surface of surface of the surface of surface of surface of the surface of surface of surface of the surface of surface of surface of the surface of surface of surface of surface of surface of surface of surface of surface of surface of surface of surface of surface of surface of surface of surface of surface of surface of surface of surface of surface of surface of surface of surface	the moisture on your hands will react with the outer layers which will feel funny and form a sort of shell
The water on your hand will be reflected in the surface of the surface of the surface of the surface of the surface of the surface of the surface of the surface of the surface of the surface of the surface of the surface of the surface of the surface of the surface of the surface of the surface of the surface of the surface of the surface of the surface of the surface of the surface of the surface of the surface of the surface of the surface of the surface of the surface of the surface of the surface of the surface of the surface of the surface of the surface of the surface of the surface of the surface of the surface of the surface of the surface of the surface of the surface of the surface of the surface of the surface of the surface of the surface of the surface of the surface of the surface of the surface of the surface of the surface of the surface of the surface of the surface of the surface of the surface of the surface of the surface of the surface of the surface of the surface of the surface of the surface of the surface of the surface of the surface of the surface of the surface of the surface of the surface of the surface of the surface of the surface of the surface of the surface of the surface of the surface of the surface of the surface of the surface of the surface of the surface of the surface of the surface of the surface of the surface of the surface of the surface of the surface of the surface of the surface of the surface of the surface of the surface of the surface of the surface of the surface of the surface of the surface of the surface of the surface of the surface of the surface of the surface of the surface of the surface of the surface of surface of the surface of the surface of the surface of surface of the surface of surface of the surface of surface of the surface of surface of the surface of surface of the surface of surface of the surface of surface of surface of the surface of surface of surface of the surface of surface of surface of the surface of surface of surface of surface of surface of surface of surface of surface of surface of surface of surface of surface of surface of surface of surface of surface of surface of surface of surface of surface of surface of surface of surface	the moisture on your hands will react with the outer layers which will feel funny and form a sort of shell
The only way to keep the bag is to keep the bag in the middle of the bag and to keep the bag in the other side of the bag.	only mutations in germ-line cells can be passed on to children while mutations elsewhere can cause cell-death or cancer
The only way to keep the bag is to keep the bag in the middle of the bag and to keep the bag in the other side of the bag.	only mutations in germ-line cells can be passed on to children while mutations elsewhere can cause cell-death or cancer
The legs are made of aluminum foil and paper. The legs are made of eggs. The legs are made of plastic foil and paper. The legs are made of plastic foil and paper. The legs are made of plastic foil and paper. The legs are made of plastic foil and paper. The legs are made of plastic foil and paper. The legs are made of plastic foil and paper. The legs are made of plastic foil and paper. The legs are made of plastic foil and paper. The legs are made of plastic foil and paper. The legs are made of plastic foil and paper. The legs are made of plastic foil and paper. The legs are made of plastic foil and paper. The legs are made of plastic foil and paper. The legs are made of plastic foil and paper. The legs are made of plastic foil and paper. The legs are made of plastic foil and paper. The legs are made of plastic foil and paper. The legs are made of plastic foil and paper. The legs are made of plastic foil and paper. The legs are made of plastic foil and paper. The legs are made of plastic foil and paper. The legs are made of plastic foil and paper. The legs are made of plastic foil and paper. The legs are made of plastic foil and paper. The legs are made of plastic foil and paper. The legs are made of plastic foil and paper. The legs are made of plastic foil and paper. The legs are made of plastic foil and paper. The legs are made of plastic foil and paper. The legs are made of plastic foil and paper. The legs are made of plastic foil and paper. The legs are made of plastic foil and paper. The legs are made of plastic foil and paper. The legs are made of plastic foil and paper. The legs are made of plastic foil and paper. The legs are made of plastic foil and paper. The legs are made of plastic foil and paper. The legs are made of plastic foil and paper. The legs are made of plastic foil and paper.	they have feet with scales and claws they lay eggs and they walk on their two back legs like a t-rex
The legs are made of aluminum foil and paper. The legs are made of eggs. The legs are made of plastic foil and paper. The legs are made of plastic foil and paper. The legs are made of plastic foil and paper. The legs are made of plastic foil and paper. The legs are made of plastic foil and paper. The legs are made of plastic foil and paper. The legs are made of plastic foil and paper. The legs are made of plastic foil and paper. The legs are made of plastic foil and paper. The legs are made of plastic foil and paper. The legs are made of plastic foil and paper. The legs are made of plastic foil and paper. The legs are made of plastic foil and paper. The legs are made of plastic foil and paper. The legs are made of plastic foil and paper. The legs are made of plastic foil and paper. The legs are made of plastic foil and paper. The legs are made of plastic foil and paper. The legs are made of plastic foil and paper. The legs are made of plastic foil and paper. The legs are made of plastic foil and paper. The legs are made of plastic foil and paper. The legs are made of plastic foil and paper. The legs are made of plastic foil and paper. The legs are made of plastic foil and paper. The legs are made of plastic foil and paper. The legs are made of plastic foil and paper. The legs are made of plastic foil and paper. The legs are made of plastic foil and paper. The legs are made of plastic foil and paper. The legs are made of plastic foil and paper. The legs are made of plastic foil and paper. The legs are made of plastic foil and paper. The legs are made of plastic foil and paper. The legs are made of plastic foil and paper. The legs are made of plastic foil and paper. The legs are made of plastic foil and paper. The legs are made of plastic foil and paper. The legs are made of plastic foil and paper.	they have feet with scales and claws they lay eggs and they walk on their two back legs like a t-rex
Let's take a look at some of the old ways of building a building.	think of the skiing route as of a similar hiking route
Let's take a look at some of the old ways of building a building.	think of the skiing route as of a similar hiking route
The lower the number of螺絲, the longer the magnetic field will be less.	the smaller the rossby number the less active the star with respect to magnetic reversals
It is said that the land is full of high-quality and high-quality air, including cold and cold weather, and the wind and sandstorms, and the ice and sandstorms, and the sandstorms.	regional and seasonal severe weather phenomena include blizzards snowstorms ice storms and dust storms
It is said that the land is full of high-quality and high-quality air, including cold and cold weather, and the wind and sandstorms, and the ice and sandstorms, and the sandstorms.	regional and seasonal severe weather phenomena include blizzards snowstorms ice storms and dust storms
According to the history, the world's most picturesque image of the picturesque landscape is 35 kilometers, which is equivalent to the first generation of the first generation of the first generation of the first generation of the first generation of the first generation of the first generation of the first generation of the first generation of the first generation of the first generation of the first generation of the first generation of the first generation of the first generation of the first generation of the first generation of the first generation of the first generation of the first generation of the first generation of the first generation of the first generation of the first generation of the first generation of the first generation of the first generation of the first generation of the first generation of the first generation of the first generation of the first generation of the first generation of the first generation of the first generation of the first generation of the first generation of the first generation of the first generation of the first generation of the first generation of the first generation of the first generation of the first generation of the first generation of the first generation of the first generation of the first generation of the first generation of the first generation of the first generation of the first generation of the first generation of the first generation of the first generation of the first generation of the first generation of the first generation of the first generation of the first generation of the first generation of the first generation of the first generation of the first generation of the first generation of the first generation of the first generation of the first generation of the first generation of the first generation of the first generation of the first generation of the first generation of the first generation of the first generation of the first generation of the first generation of the first generation of the first generation of the first generation of the first generation of the first generation of the first generation of the first generation of the first generation of the first generation of the first generation of the first generation of the first generation of the first generation of the first generation of the first generation of the first generation of the first generation of the first generation of the first generation of the first generation of the first generation of the first generation of the first generation of the first generation of the first generation of the first generation of the first generation of the first generation	for example the most common still image photography format in the world is 35mm which was the dominant film size at the close of the analog film era
According to the history, the world's most picturesque image of the picturesque landscape is 35 kilometers, which is equivalent to the first generation of the first generation of the first generation of the first generation of the first generation of the first generation of the first generation of the first generation of the first generation of the first generation of the first generation of the first generation of the first generation of the first generation of the first generation of the first generation of the first generation of the first generation of the first generation of the first generation of the first generation of the first generation of the first generation of the first generation of the first generation of the first generation of the first generation of the first generation of the first generation of the first generation of the first generation of the first generation of the first generation of the first generation of the first generation of the first generation of the first generation of the first generation of the first generation of the first generation of the first generation of the first generation of the first generation of the first generation of the first generation of the first generation of the first generation of the first generation of the first generation of the first generation of the first generation of the first generation of the first generation of the first generation of the first generation of the first generation of the first generation of the first generation of the first generation of the first generation of the first generation of the first generation of the first generation of the first generation of the first generation of the first generation of the first generation of the first generation of the first generation of the first generation of the first generation of the first generation of the first generation of the first generation of the first generation of the first generation of the first generation of the first generation of the first generation of the first generation of the first generation of the first generation of the first generation of the first generation of the first generation of the first generation of the first generation of the first generation of the first generation of the first generation of the first generation of the first generation of the first generation of the first generation of the first generation of the first generation of the first generation of the first generation of the first generation of the first generation of the first generation of the first generation of the first generation of the first generation of the first generation	for example the most common still image photography format in the world is 35mm which was the dominant film size at the close of the analog film era
If you want to go to the high seas, land, river, or even go to the mountains, you should consider how big the plane will be when it comes to snow, ice, or the temperature of the ice below.	anyone who's going to drive at high latitudes or over mountain passes should consider the possibility of snow ice or freezing temperatures
If you want to go to the high seas, land, river, or even go to the mountains, you should consider how big the plane will be when it comes to snow, ice, or the temperature of the ice below.	anyone who's going to drive at high latitudes or over mountain passes should consider the possibility of snow ice or freezing temperatures
Therefore, the performer took a large horse roll on the stage, and the crew of the film crew of the film crew of the film crew of the film crew of the film crew of the film crew of the film crew of the film crew of the film crew of the film crew of the film crew of the film crew of the film crew of the film crew of the film crew of the film crew of the film crew of the film crew of the film crew of the film crew of the film crew of the film crew of the film crew of the film crew of the film crew of the film crew of the film crew of the film crew of the film crew of the film crew of the film crew of the film crew of the film crew of the film crew of the film crew of the film crew of the film crew of the film crew of the film crew of the film crew of the film crew of the film crew of the film crew of the film crew of the film crew of the film crew of the film crew of the film crew of the film crew of the film crew of the film crew of the film crew of the film crew of the film crew of the film crew of the film crew of the film crew of the film crew of the film crew of the film crew of the film crew of the film crew of the film crew of the film crew of the film crew of the film crew of the film crew of the film crew of the film crew of the film crew of the film crew of the film crew of the film crew of the film crew of the film crew of the film crew of the film crew of the film the film crew of the film crew of the film the film crew of the film the film the film the film the film the film the film the film the film the film the film the film the film the film the film the film the film the film the film the film the film the film the film the film the film the film the film the film the film the film the film the film the film the film the film the film the film the film the film the film the film the film the film the film the film the film the film the film the film the film the film the	as a result the performers smoke cannabis joints on stage and the theatre itself is encouraging the audience to join in
Therefore, the performer took a large horse roll on the stage, and the crew of the film crew of the film crew of the film crew of the film crew of the film crew of the film crew of the film crew of the film crew of the film crew of the film crew of the film crew of the film crew of the film crew of the film crew of the film crew of the film crew of the film crew of the film crew of the film crew of the film crew of the film crew of the film crew of the film crew of the film crew of the film crew of the film crew of the film crew of the film crew of the film crew of the film crew of the film crew of the film crew of the film crew of the film crew of the film crew of the film crew of the film crew of the film crew of the film crew of the film crew of the film crew of the film crew of the film crew of the film crew of the film crew of the film crew of the film crew of the film crew of the film crew of the film crew of the film crew of the film crew of the film crew of the film crew of the film crew of the film crew of the film crew of the film crew of the film crew of the film crew of the film crew of the film crew of the film crew of the film crew of the film crew of the film crew of the film crew of the film crew of the film crew of the film crew of the film crew of the film crew of the film crew of the film crew of the film crew of the film crew of the film crew of the film the film crew of the film crew of the film the film crew of the film the film the film the film the film the film the film the film the film the film the film the film the film the film the film the film the film the film the film the film the film the film the film the film the film the film the film the film the film the film the film the film the film the film the film the film the film the film the film the film the film the film the film the film the film the film the film the film the film the film the film the	as a result the performers smoke cannabis joints on stage and the theatre itself is encouraging the audience to join in
Some people think it's the opposite, but many people think it's the opposite. They think that even the sun in the sun, even the other stars, are trying to move the earth.	some people thought he was right but many people believed the opposite; that the solar system moved around the earth including the sun and even the other stars
Some people think it's the opposite, but many people think it's the opposite. They think that even the sun in the sun, even the other stars, are trying to move the earth.	some people thought he was right but many people believed the opposite; that the solar system moved around the earth including the sun and even the other stars
Is it possible to affect the travel area? Because the weather may affect the travel plan.	travellers are strongly advised to be aware of any risk of severe weather affecting their area as they may affect any travel plans
Is it possible to affect the travel area? Because the weather may affect the travel plan.	travellers are strongly advised to be aware of any risk of severe weather affecting their area as they may affect any travel plans
On August 15, 1940, the South China Sea was launched by the French Air Force.	on 15 august 1940 the allies invaded southern france the invasion was called operation dragoon
From 1966 until now, there are 4.8 million mangas and about 30,000 plum blossom trees in the area.	since 1966 the sundarbans have been a wildlife sanctuary and it is estimated that there are now 400 royal bengal tigers and about 30,000 spotted deer in the area
From 1966 until now, there are 4.8 million mangas and about 30,000 plum blossom trees in the area.	since 1966 the sundarbans have been a wildlife sanctuary and it is estimated that there are now 400 royal bengal tigers and about 30,000 spotted deer in the area
In the Middle Ages, Western Europe began to develop a unique style. At that time, the Great Jin Dynasty was the capital of the army.	towards the end of the middle ages western europe began to develop their own style one of the biggest developments of the time as a result of the crusades people began to use buttons to fasten clothing
In the Middle Ages, Western Europe began to develop a unique style. At that time, the Great Jin Dynasty was the capital of the army.	towards the end of the middle ages western europe began to develop their own style one of the biggest developments of the time as a result of the crusades people began to use buttons to fasten clothing
In 1963, after the Great Bargain, it became known as the Great Bargain of the Great Bargain of the Great Bargain of the Great Bargain of the Great Bargain of the Great Bargain of the Great Bargain of the Great Bargain of the Great Bargain of the Great Bargain of the Great Bargain of the Great Bargain of the Great Bargain of the Great Bargain of the Great Bargain of the Great Bargain of the Great Bargain of the Great Bargain of the Great Bargain of the Great Bargain of the Great Bargain of the Great Bargain of the Great Bargain of the Great Bargain of the Great Bargain of the Great Bargain of the Great Bargain of the Great Bargain of the Great Bargain of the Great Bargain of the Great Bargain of the Great Bargain of the Great Bargain of the Great Bargain of the Great Bargain of the Great Bargain of the Great Bargain of the Great Bargain of the Great Bargain of the Great Bargain of the Great Bargain of the Great Bargain of the Great Bargain of the Great Bargain of the Great Bargain of the Great Bargain of the Great Bargain of the Great Bargain of the Great Bargain of the Great Bargain of the Great Bargain of the Great Bargain of the Great Bargain of the Great Bargain of the Great Bargain of the Great Bargain of the Great Bargain of the Great Bargain of the Great Bargain of the Great Bargain of the Great Bargain of the Great Bargain of the Great Bargain of the Great Bargain of the Great Bargain of the Great Bargain of the Great Bargain of the Bargain of the Great Bargain of the Bargain of the Great Bargain of the Bargain of the	after the dam was built in 1963 the seasonal floods that would spread sediment throughout the river were halted
In 1963, after the Great Bargain, it became known as the Great Bargain of the Great Bargain of the Great Bargain of the Great Bargain of the Great Bargain of the Great Bargain of the Great Bargain of the Great Bargain of the Great Bargain of the Great Bargain of the Great Bargain of the Great Bargain of the Great Bargain of the Great Bargain of the Great Bargain of the Great Bargain of the Great Bargain of the Great Bargain of the Great Bargain of the Great Bargain of the Great Bargain of the Great Bargain of the Great Bargain of the Great Bargain of the Great Bargain of the Great Bargain of the Great Bargain of the Great Bargain of the Great Bargain of the Great Bargain of the Great Bargain of the Great Bargain of the Great Bargain of the Great Bargain of the Great Bargain of the Great Bargain of the Great Bargain of the Great Bargain of the Great Bargain of the Great Bargain of the Great Bargain of the Great Bargain of the Great Bargain of the Great Bargain of the Great Bargain of the Great Bargain of the Great Bargain of the Great Bargain of the Great Bargain of the Great Bargain of the Great Bargain of the Great Bargain of the Great Bargain of the Great Bargain of the Great Bargain of the Great Bargain of the Great Bargain of the Great Bargain of the Great Bargain of the Great Bargain of the Great Bargain of the Great Bargain of the Great Bargain of the Great Bargain of the Great Bargain of the Great Bargain of the Great Bargain of the Bargain of the Great Bargain of the Bargain of the Great Bargain of the Bargain of the	after the dam was built in 1963 the seasonal floods that would spread sediment throughout the river were halted
If the camera is taken off, the screen will go down to the camera with a camera of 802.1A, 802.1B, and 802.1G.	this will allow it to be backwards compatible with 802.11a 802.11b and 802.11g provided that the base station has dual radios
The official language of the Pachalonglap is Katalongliya and Sebaya. About half of the people like Katalongliya, most of the people know it, and most of the people know Sebaya.	barcelona's official languages are catalan and spanish about a half prefer to speak catalan a vast majority understands it and virtually everyone knows spanish
The official language of the Pachalonglap is Katalongliya and Sebaya. About half of the people like Katalongliya, most of the people know it, and most of the people know Sebaya.	barcelona's official languages are catalan and spanish about a half prefer to speak catalan a vast majority understands it and virtually everyone knows spanish
North, South, West, South, West, South, West, South, West, South, West, South, West, South, West, South, West, South, West, South, West, South, West, South, West, South, West, South, West, South, West, South, West, South, West, South, West, South, West, South, West, South, West, South, West, South, West, South, West, South, West, South, West, South, West, South, West, South, West, South, West, South, West, South, West, South, West, South, West, South, West, South, West, South, West, South, West, South, West, South, West, South, West, South, West, South, West, South, West, South, West, South, West, South, West, South, West, South, West, South, West, South, West, South, West, South, West, South, West, South, West, South, West, South, West, South, West, South, West, West, South, West, South, West, West, South, West, West, South, West, West, South, West, West, West, South, West, West, West, South, West, West, West, West, West, West, West, West, West, West, West, West, West, West, West, West, West, West, West, West, West, West, West, West, West, West, West, West, West, West, West, West, West, West, West, West, West, West, West, West, West, West, West, West, West, West, West, West, West, West, West, West, West, West, West, West, West, West, West, West, West, West, West, West, West, West, West, West, West, West, West, West, West, West, West, West, West, West, West, West, West, West,	in the north the region is bounded by the sahel and in the south and west by the atlantic ocean
North, South, West, South, West, South, West, South, West, South, West, South, West, South, West, South, West, South, West, South, West, South, West, South, West, South, West, South, West, South, West, South, West, South, West, South, West, South, West, South, West, South, West, South, West, South, West, South, West, South, West, South, West, South, West, South, West, South, West, South, West, South, West, South, West, South, West, South, West, South, West, South, West, South, West, South, West, South, West, South, West, South, West, South, West, South, West, South, West, South, West, South, West, South, West, South, West, South, West, South, West, South, West, South, West, South, West, South, West, South, West, South, West, South, West, South, West, South, West, West, South, West, South, West, West, South, West, West, South, West, West, South, West, West, West, South, West, West, West, South, West, West, West, West, West, West, West, West, West, West, West, West, West, West, West, West, West, West, West, West, West, West, West, West, West, West, West, West, West, West, West, West, West, West, West, West, West, West, West, West, West, West, West, West, West, West, West, West, West, West, West, West, West, West, West, West, West, West, West, West, West, West, West, West, West, West, West, West, West, West, West, West, West, West, West, West, West, West, West, West, West, West,	in the north the region is bounded by the sahel and in the south and west by the atlantic ocean
Consider all the factors. If we have to first solve the question-based method of egg white, and now the above black stars are the same, we don't need to be surprised.	all things considered we should not be surprised if our own ancestors solved their protein problem in somewhat the same way that chimps on the savanna do today
Consider all the factors. If we have to first solve the question-based method of egg white, and now the above black stars are the same, we don't need to be surprised.	all things considered we should not be surprised if our own ancestors solved their protein problem in somewhat the same way that chimps on the savanna do today
We can only wait until the new law appears, and see what the court will do.	one can only wonder what the keyboard will become when something newer comes along
We can only wait until the new law appears, and see what the court will do.	one can only wonder what the keyboard will become when something newer comes along
The researchers at Guihua University said that two chemical reactions of each other caused the formation of artificial intelligence.	the two compounds react with one another to form crystals that may block kidney function researchers at the university said
The researchers at Guihua University said that two chemical reactions of each other caused the formation of artificial intelligence.	the two compounds react with one another to form crystals that may block kidney function researchers at the university said
This is the most important way to separate the movements and the lines.	this is an important way to distinguish between some verbs and objects
This is the most important way to separate the movements and the lines.	this is an important way to distinguish between some verbs and objects
If you want to use it, use 802.11A, 802.11B, and 802.11G.	this will allow it to be backwards compatible with 802.11a 802.11b and 802.11g provided that the base station has dual radios
They first released materials, including the six characters of the elderly and the elderly, as well as the image of the Philippine army.	six hostages including the children and elderly were released early as were the filipino photographers
According to the decision-making process, the most important thing to do is to take the money, pay the debt, and think about the future of the future.	romanticism had a large element of cultural determinism drawn from writers such as goethe fichte and schlegel
According to the decision-making process, the most important thing to do is to take the money, pay the debt, and think about the future of the future.	romanticism had a large element of cultural determinism drawn from writers such as goethe fichte and schlegel
If you have ever watched a movie, you may think that there is a piece of paper on the back of the United States independence camp.	if you have watched the movie national treasure you may think a treasure map was written on the back of the declaration of independence
If you have ever watched a movie, you may think that there is a piece of paper on the back of the United States independence camp.	if you have watched the movie national treasure you may think a treasure map was written on the back of the declaration of independence
The car was supposed to be parked at 12 o'clock at the time of the air-conditioning of the air-conditioning of the air-conditioning of the air-conditioning of the air-conditioning of the air-conditioning of the air-conditioning of the air-conditioning of the air-conditioning of the air-conditioning of the air-conditioning of the air-conditioning of the air-conditioning of the air-conditioning of the air-conditioning of the air-conditioning of the air-conditioning of the air-conditioning of the air-conditioning of the air-conditioning of the air-conditioning of the air-conditioning of the air-conditioning of the air-conditioning of the air-conditioning of the air-conditioning of the air-conditioning of the air-conditioning of the air-conditioning of the air-conditioning of the air-conditioning of the air-conditioning of the air-conditioning of the air-conditioning of the air-conditioning of the air-conditioning of the air-conditioning of the air-conditioning of the air-conditioning of the air-conditioning of the air-conditioning of the air-conditioning of the air-conditioning of the air-conditioning of the air-conditioning of the air-conditioning of the air-conditioning of the air-conditioning of the air-conditioning of the air-conditioning of the air-conditioning of the air-conditioning of the air-conditioning of the air-conditioning of the air-conditioning of the air-conding of the air-conditioning of the air-conding of the air-conding of the air-conding of the air-conding of the air-conding of	the vehicle itself was taken away from the scene of the accident at approximately 1200 gmt on the same day
The car was supposed to be parked at 12 o'clock at the time of the air-conditioning of the air-conditioning of the air-conditioning of the air-conditioning of the air-conditioning of the air-conditioning of the air-conditioning of the air-conditioning of the air-conditioning of the air-conditioning of the air-conditioning of the air-conditioning of the air-conditioning of the air-conditioning of the air-conditioning of the air-conditioning of the air-conditioning of the air-conditioning of the air-conditioning of the air-conditioning of the air-conditioning of the air-conditioning of the air-conditioning of the air-conditioning of the air-conditioning of the air-conditioning of the air-conditioning of the air-conditioning of the air-conditioning of the air-conditioning of the air-conditioning of the air-conditioning of the air-conditioning of the air-conditioning of the air-conditioning of the air-conditioning of the air-conditioning of the air-conditioning of the air-conditioning of the air-conditioning of the air-conditioning of the air-conditioning of the air-conditioning of the air-conditioning of the air-conditioning of the air-conditioning of the air-conditioning of the air-conditioning of the air-conditioning of the air-conditioning of the air-conditioning of the air-conditioning of the air-conditioning of the air-conditioning of the air-conditioning of the air-conding of the air-conditioning of the air-conding of the air-conding of the air-conding of the air-conding of the air-conding of	the vehicle itself was taken away from the scene of the accident at approximately 1200 gmt on the same day
You can't get up and lie down on the bed, you can only get up and rest in the morning.	today the only insects that cannot fold back their wings are dragon flies and mayflies
You can't get up and lie down on the bed, you can only get up and rest in the morning.	today the only insects that cannot fold back their wings are dragon flies and mayflies
Old man is a sportsman. He is good at shooting, but he is not very professional. He is good at swimming, but he is not very good at dancing, and he has more than 5x strength in a strong person.	a well rounded athlete the tiger can climb though not well swim leap great distances and pull with five times the force of a strong human
Old man is a sportsman. He is good at shooting, but he is not very professional. He is good at swimming, but he is not very good at dancing, and he has more than 5x strength in a strong person.	a well rounded athlete the tiger can climb though not well swim leap great distances and pull with five times the force of a strong human
It is said that people make物品屬於古董並沒有一個放珠四海街準的定義,有些稅務機關將歷史超過100年的物品定義為古董。	there is no universal definition for which manufactured items are antiques some tax agencies define goods older than 100 years as antiques
It is said that people make物品屬於古董並沒有一個放珠四海街準的定義,有些稅務機關將歷史超過100年的物品定義為古董。	there is no universal definition for which manufactured items are antiques some tax agencies define goods older than 100 years as antiques
The tea-making style of the tea-making style of the tea-making style of the tea-making style of the tea-making style of the tea-making style of the tea-making style of the tea-making style of the tea-making style of the tea-making style of the tea-making style of the tea-making style of the tea-making style of the tea-making style of the tea-making style of the tea-making style of the tea-making style of the tea-making style of the tea-making style of the tea-making style of the tea-making style of the tea-making style of the tea-making style of the tea-making style of the tea-making style of the tea-making style of the tea-making style of the tea-making style of the tea-making style of the tea-making style of the tea-making style of the tea-making style of the tea-making style of the tea-making style of the tea-making style of the tea-making style of the tea-making style of the tea-making style of the tea-making style of the tea-making style of the tea-making style of the tea-making style of the tea-making style of the tea-making style of the tea-making style of the tea-making style of the tea-making style of the tea-making style of the tea-making style of the tea-making style of the tea-making style of the tea-making style of the tea-making style of the tea-making style of the tea-making style of the tea-making style of the tea-making style of the tea-making style of the tea-making style of the tea-making style of the tea-making style of the tea-making style of the tea-making style of the tea-making style of the tea-making style of the tea-making style of the tea-making style of the tea-making style of the tea-making style of the tea-making style of the tea-making style of the tea-making style of the tea-making style of the tea-making style of	cochamó valley - chile's premier climbing destination known as the yosemite of south america with a variety of granite big walls and crags
The tea-making style of the tea-making style of the tea-making style of the tea-making style of the tea-making style of the tea-making style of the tea-making style of the tea-making style of the tea-making style of the tea-making style of the tea-making style of the tea-making style of the tea-making style of the tea-making style of the tea-making style of the tea-making style of the tea-making style of the tea-making style of the tea-making style of the tea-making style of the tea-making style of the tea-making style of the tea-making style of the tea-making style of the tea-making style of the tea-making style of the tea-making style of the tea-making style of the tea-making style of the tea-making style of the tea-making style of the tea-making style of the tea-making style of the tea-making style of the tea-making style of the tea-making style of the tea-making style of the tea-making style of the tea-making style of the tea-making style of the tea-making style of the tea-making style of the tea-making style of the tea-making style of the tea-making style of the tea-making style of the tea-making style of the tea-making style of the tea-making style of the tea-making style of the tea-making style of the tea-making style of the tea-making style of the tea-making style of the tea-making style of the tea-making style of the tea-making style of the tea-making style of the tea-making style of the tea-making style of the tea-making style of the tea-making style of the tea-making style of the tea-making style of the tea-making style of the tea-making style of the tea-making style of the tea-making style of the tea-making style of the tea-making style of the tea-making style of the tea-making style of the tea-making style of the tea-making style of	cochamó valley - chile's premier climbing destination known as the yosemite of south america with a variety of granite big walls and crags
It is easy to lose the quality of the battery because there is only one quality and one battery composition.	hydrogen ions are protons that had their electrons stripped off them since hydrogen atoms consist of one proton and one electron
It is easy to lose the quality of the battery because there is only one quality and one battery composition.	hydrogen ions are protons that had their electrons stripped off them since hydrogen atoms consist of one proton and one electron
Because they are wearing raincoat, they can fly long enough, many people do not think they are the one who is afraid of the dragon.	many people don't think about them as dinosaurs because they have feathers and can fly
Because they are wearing raincoat, they can fly long enough, many people do not think they are the one who is afraid of the dragon.	many people don't think about them as dinosaurs because they have feathers and can fly
There are two types of elements in the Internet.	the internet combines elements of both mass and interpersonal communication
There are two types of elements in the Internet.	the internet combines elements of both mass and interpersonal communication
After the war broke out, Britain began to fight against Germany against the sea.	soon after the outbreak of hostilities britain initiated a naval blockade of germany
After the war broke out, Britain began to fight against Germany against the sea.	soon after the outbreak of hostilities britain initiated a naval blockade of germany
The team must follow the same rules as the team, but there is a slight difference.	virtual teams are held to the same standards of excellence as conventional teams but there are subtle differences
The team must follow the same rules as the team, but there is a slight difference.	virtual teams are held to the same standards of excellence as conventional teams but there are subtle differences
At the end of the Middle Ages, Western Europe began to develop unique styles. At that time, a large-scale production began to be used by tens of soldiers to sew.	towards the end of the middle ages western europe began to develop their own style one of the biggest developments of the time as a result of the crusades people began to use buttons to fasten clothing
At the end of the Middle Ages, Western Europe began to develop unique styles. At that time, a large-scale production began to be used by tens of soldiers to sew.	towards the end of the middle ages western europe began to develop their own style one of the biggest developments of the time as a result of the crusades people began to use buttons to fasten clothing
In the United States, there are few people who put this sentence. Therefore, if you want to go to the debate on this side, look for the historical evidence of the sentence, this sentence is a good starting point.	this is the place the british colonisers took as their own and so if you are looking for evidence of the territory's colonial past this is a good place to start
In the United States, there are few people who put this sentence. Therefore, if you want to go to the debate on this side, look for the historical evidence of the sentence, this sentence is a good starting point.	this is the place the british colonisers took as their own and so if you are looking for evidence of the territory's colonial past this is a good place to start
Jantat-Bansi-Shamnam-I-Liet-Yip, a member of the National Security Council, is a member of Jantat-Bansi-Shamnam-I-Liet-Yip, a member of Jantat-Bansi-Shamnam-I-Liet-Yip, a member of Jantat-Bansi-Shamnam-I-Liet-Yip, a member of Jantat-Bansi-Shamnam-I-Liet-Yip, a member of Jantat-Bansi-Shamnam-I-Liet-Yip, a member of Jantat-Bansi-Shamnam-I-Liet-Yip, a member of Jantat-Bansi-Shamnam-I-Liet-Yip, a member of Jantat-Bansi-Shamnam-I-Liet-Yip, a member of Jantat-Bansi-Shamnam-I-Liet-Yip, a member of Jantat-Bansi-Shamnam-I-Liet-Yip, a member of Jantat-Bansi-Shamnam-I-Liet-Yip, a member of Jantat-Bansi-Shamnam-I-Liet-Yip, a member of Jantat-Bansi-Shamnam-I-Liet-Yip, a member of Jantat-Bansi-Shamnam-I-Liet-Yip, a member of Jantat-Bansi-Shamnam-I-Liet-Yip, a member of Jantat-Bansi-Shamnam-I-Liet-Yip, a member of Jantat-Bansi-Shamnam-I-Liet-Yip, a member of Jantat	the sundarbans has been declared a unesco world heritage site the part of the forest within indian territory is called sundarbans national park
In 1809, the events of the nuclear nuclear nuclear nuclear nuclear nuclear nuclear nuclear nuclear nuclear nuclear nuclear nuclear nuclear nuclear nuclear nuclear nuclear nuclear nuclear nuclear nuclear nuclear nuclear nuclear nuclear nuclear nuclear nuclear nuclear nuclear nuclear nuclear nuclear nuclear nuclear nuclear nuclear nuclear nuclear nuclear nuclear nuclear nuclear nuclear nuclear nuclear nuclear nuclear nuclear nuclear nuclear nuclear nuclear nuclear nuclear nuclear nuclear nuclear nuclear nuclear nuclear nuclear nuclear nuclear nuclear nuclear nuclear nuclear nuclear nuclear nuclear nuclear nuclear nuclear nuclear nuclear nuclear nuclear nuclear nuclear nuclear nuclear nuclear nuclear nuclear nuclear nuclear nuclear nuclear nuclear nuclear nuclear nuclear nuclear nuclear nuclear nuclear nuclear nuclear nuclear nuclear nuclear nuclear nuclear nuclear nuclear nuclear nuclear nuclear nuclear nuclear nuclear nuclear nuclear nuclear nuclear nuclear nuclear nuclear nuclear nuclear nuclear nuclear nuclear nuclear nuclear nuclear nuclear nuclear nuclear nuclear nuclear nuclear nuclear nuclear nuclear nuclear nuclear nuclear nuclear nuclear nuclear nuclear nuclear nuclear nuclear nuclear nuclear nuclear nuclear nuclear nuclear nuclear nuclear nuclear nuclear nuclear nuclear nuclear nuclear nuclear nuclear nuclear nuclear nuclear nuclear nuclear nuclear nuclear nuclear nuclear nuclear nuclear nuclear nuclear nuclear nuclear nuclear nuclear nuclear nuclear nuclear nuclear nuclear nuclear nuclear nuclear nuclear nuclear nuclear nuclear nuclear nuclear nuclear nuclear nuclear nuclear nuclear nuclear nuclear nuclear nuclear nuclear nuclear nuclear nuclear nuclear nuclear nuclear nuclear nuclear nuclear nuclear nuclear nuclear nuclear nuclear nuclear nuclear nuclear nuclear nuclear nuclear nuclear nuclear nuclear nuclear nuclear nuclear nuclear nuclear nuclear nuclear nuclear nuclear nuclear nuclear nuclear nuclear nuclear nuclear nuclear nuclear nuclear nuclear nuclear nuclear nuclear nuclear nuclear nuclear nuclear nuclear nuclear nuclear nuclear nuclear nuclear nuclear nuclear nuclear nuclear nuclear nuclear nuclear nuclear nuclear nuclear nuclear nuclear nuclear nuclear nuclear nuclear nuclear nuclear nuclear nuclear nuclear nuclear nuclear nuclear nuclear nuclear nuclear nuclear nuclear nuclear nuclear nuclear nuclear nuclear nuclear nuclear nuclear nuclear nuclear nuclear nuclear nuclear nuclear nuclear nuclear nuclear nuclear nuclear nuclear nuclear nuclear nuclear nuclear nuclear nuclear nuclear nuclear nuclear nuclear nuclear nuclear nuclear nuclear nuclear nuclear nuclear nuclear nuclear nuclear nuclear nuclear nuclear nuclear nuclear nuclear nuclear nuclear nuclear nuclear nuclear nuclear nuclear nuclear nuclear nuclear nuclear nuclear nuclear nuclear nuclear nuclear nuclear nuclear nuclear nuclear nuclear nuclear nuclear nuclear nuclear nuclear nuclear nuclear nuclear nuclear nuclear nuclear nuclear nuclear nuclear nuclear nuclear nuclear nuclear nuclear nuclear nuclear nuclear nuclear nuclear nuclear nuclear nuclear nuclear nuclear nuclear nuclear nuclear nuclear nuclear nuclear nuclear nuclear nuclear nuclear nuclear nuclear nuclear nuclear nuclear nuclear nuclear nuclear nuclear nuclear nuclear nuclear nuclear nuclear nuclear nuclear nuclear nuclear nuclear nuclear nuclear nuclear nuclear nuclear nuclear nuclear nuclear nuclear nuclear nuclear nuclear nuclear nuclear nuclear nuclear nuclear nuclear nuclear nuclear nuclear nuclear nuclear	the harbor was the site of an infamous naval standoff in 1889 when seven ships from germany the us and britain refused to leave the harbor
For example, the world's most popular photoshoot camera is 35mm wide, which is equivalent to the size of a low-end film.	for example the most common still image photography format in the world is 35mm which was the dominant film size at the close of the analog film era
For example, the world's most popular photoshoot camera is 35mm wide, which is equivalent to the size of a low-end film.	for example the most common still image photography format in the world is 35mm which was the dominant film size at the close of the analog film era
The lower the number of螺絲, the longer the body shifts to the other side, the less active it is.	the smaller the rossby number the less active the star with respect to magnetic reversals
This cave is located at the top of a hill in the north of Macau. It is located at the bottom of the world outside.	resting on the top of one of the mountains north of mecca the cave is completely isolated from the rest of the world
However, among the total cases of cancer patients, the number of cases of chronic cancer patients is relatively low. In South Africa, in a specific time, every 30,000 people were infected by 6,000 people.	however the percentage of xdr-tb in the entire group of people with tuberculosis still seems to be low 6,000 of the total 330,000 people infected at any particular moment in south africa
Through the red-eyelid surgery, it is more likely that the form of the crystal is more likely to be affected by the substance of the substance, and the formation of the crystal is more likely to be affected by the substance, and the formation of the crystal is more likely to be affected by the substance, and the formation of the crystal is more likely to be affected by the substance, and the formation of the crystal is more likely to be affected by the substance, and the formation of the crystal is more likely to be affected by the substance, and the formation of the crystal is more likely to be affected by the substance, and the formation of the crystal is more likely to be affected by the substance, and the formation of the crystal is more likely to be affected by the substance, and the formation of the crystal is more likely to be affected by the substance, and the formation of the crystal is more likely to be affected by the substance, and the formation of the crystal is more likely to be affected by the substance, and the formation of the crystal is more likely to be affected by the substance, and the formation of the crystal is more likely to be affected by the substance, and the formation of the crystal is more likely to be affected by the substance, and the formation of the crystal is more likely to be affected by the substance, and the formation of the crystal is more likely to be affected by the substance, and the formation of the crystal is more likely to be affected by the substance, and the formation of the crystal is more likely to be affected by the substance, and the formation of the crystal is more likely to be affected by the substance, and the formation of the crystal is more likely to be affected by the substance, and the formation of the crystal is more likely to be affected by the substance, and the formation of the crystal is more likely to be affected by the substance, and the formation of the crystal is more likely to be affected by the substance, and the formation of the crystal is more likely to be affected by the substance, and the formation of the crystal is more likely to be affected by the substance, and the formation of the crystal is more likely to be affected	the composition of these crystals matches those found in the urine of affected pets when compared by infrared spectroscopy ftir
Through the red-eyelid surgery, it is more likely that the form of the crystal is more likely to be affected by the substance of the substance, and the formation of the crystal is more likely to be affected by the substance, and the formation of the crystal is more likely to be affected by the substance, and the formation of the crystal is more likely to be affected by the substance, and the formation of the crystal is more likely to be affected by the substance, and the formation of the crystal is more likely to be affected by the substance, and the formation of the crystal is more likely to be affected by the substance, and the formation of the crystal is more likely to be affected by the substance, and the formation of the crystal is more likely to be affected by the substance, and the formation of the crystal is more likely to be affected by the substance, and the formation of the crystal is more likely to be affected by the substance, and the formation of the crystal is more likely to be affected by the substance, and the formation of the crystal is more likely to be affected by the substance, and the formation of the crystal is more likely to be affected by the substance, and the formation of the crystal is more likely to be affected by the substance, and the formation of the crystal is more likely to be affected by the substance, and the formation of the crystal is more likely to be affected by the substance, and the formation of the crystal is more likely to be affected by the substance, and the formation of the crystal is more likely to be affected by the substance, and the formation of the crystal is more likely to be affected by the substance, and the formation of the crystal is more likely to be affected by the substance, and the formation of the crystal is more likely to be affected by the substance, and the formation of the crystal is more likely to be affected by the substance, and the formation of the crystal is more likely to be affected by the substance, and the formation of the crystal is more likely to be affected by the substance, and the formation of the crystal is more likely to be affected by the substance, and the formation of the crystal is more likely to be affected	the composition of these crystals matches those found in the urine of affected pets when compared by infrared spectroscopy ftir
Japanese sports, including football, basketball, volleyball, water sports, sports, basketball, self-driving, ice hockey, straight volleyball, basketball, and F1 sports.	popular sports include football basketball volleyball water-polo fencing rugby cycling ice hockey roller hockey and f1 motor racing
Japanese sports, including football, basketball, volleyball, water sports, sports, basketball, self-driving, ice hockey, straight volleyball, basketball, and F1 sports.	popular sports include football basketball volleyball water-polo fencing rugby cycling ice hockey roller hockey and f1 motor racing
Through the Hong-Ai-Kuang-Po technology, it is more likely that the form of this body is more likely to be related to the form of the form of the form of the form of the form of the form of the form of the form of the form of the form of the form of the form of the form of the form of the form of the form of the form of the form of the form of the form of the form of the form of the form of the form of the form of the form of the form of the form of the form of the form of the form of the form of the form of the form of the form of the form of the form of the form of the form of the form of the form of the form of the form of the form of the form of the form of the form of the form of the form of the form of the form of the form of the form of the form of the form of form of the form of form of the form of form of the form of form of the form of form of form of the form of form of form of form of form of form of form of form of form of form of form of form of form of form of form of form of form of form of form of form of form of form of form of form of form of form of form of form of form of form of form of form of form of form of form of form of form of form of form of form of form of form of form of form of form of form of form of form of form of form of form of form of form of form of form of form of form of form of form of form of form of form of form of form of form of form of form of form of form of form of form of form of form of form of form of form of form of form of form of form of form of form of form of form of form of form of form of form of form of form of form of form of form of form of form of form of form of form of form of form of form of form of form of form of form of form of form of form of form of form of form of	the composition of these crystals matches those found in the urine of affected pets when compared by infrared spectroscopy ftir
Through the Hong-Ai-Kuang-Po technology, it is more likely that the form of this body is more likely to be related to the form of the form of the form of the form of the form of the form of the form of the form of the form of the form of the form of the form of the form of the form of the form of the form of the form of the form of the form of the form of the form of the form of the form of the form of the form of the form of the form of the form of the form of the form of the form of the form of the form of the form of the form of the form of the form of the form of the form of the form of the form of the form of the form of the form of the form of the form of the form of the form of the form of the form of the form of the form of the form of the form of the form of form of the form of form of the form of form of the form of form of the form of form of form of the form of form of form of form of form of form of form of form of form of form of form of form of form of form of form of form of form of form of form of form of form of form of form of form of form of form of form of form of form of form of form of form of form of form of form of form of form of form of form of form of form of form of form of form of form of form of form of form of form of form of form of form of form of form of form of form of form of form of form of form of form of form of form of form of form of form of form of form of form of form of form of form of form of form of form of form of form of form of form of form of form of form of form of form of form of form of form of form of form of form of form of form of form of form of form of form of form of form of form of form of form of form of form of form of form of form of form of form of form of form of form of	the composition of these crystals matches those found in the urine of affected pets when compared by infrared spectroscopy ftir
It is also more serious to continue the long-term and long-term education at a faster pace than the speed of the speed of the transmission of the transmission of the transmission of the transmission of the transmission of the transmission of the transmission of the transmission of the transmission of the transmission of the transmission of the transmission of the transmission of the transmission of the transmission of the transmission of the transmission of the transmission of the transmission of the transmission of the transmission of the transmission of the transmission of the transmission of the transmission of the transmission of the transmission of the transmission of the transmission of the transmission of the transmission of the transmission of the transmission of the transmission of the transmission of the transmission of the transmission of the transmission of the transmission of the transmission of the transmission of the transmission of the transmission of the transmission of the transmission of the transmission of the transmission of the transmission of the transmission of the transmission of the transmission of the transmission of the transmission of the transmission of the transmission of the transmission of the transmission of the transmission of the transmission of the transmission of the transmission of the transmission of the transmission of transmission of the transmission of the transmission of transmission of the transmission of transmission of the transmission of transmission of the transmission of transmission of the transmission of transmission of transmission of the transmission of transmission of transmission of the transmission of transmission of transmission of transmission of transmission of transmission of transmission of transmission of transmission of transmission of transmission of transmission of transmission of transmission of transmission of transmission of transmission of transmission of transmission of transmission of transmission of transmission of transmission of transmission of transmission of transmission of transmission of transmission of transmission of transmission of transmission of transmission of transmission of transmission of transmission of transmission of transmission of transmission of transmission of transmission of transmission of transmission of transmission of transmission of transmission of transmission of transmission of transmission of transmission of transmission of transmission of transmission of transmission of transmission of transmission of transmission of transmission of transmission of transmission of transmission of transmission of transmission of transmission of transmission of transmission of transmission of transmission of transmission of transmission of transmission of transmission of transmission of transmission of transmission of transmission of transmission of transmission of transmission of transmission of transmission of transmission of transmission of transmission of transmission of transmission of transmission of transmission of transmission of transmission of transmission of transmission of transmission of transmission of transmission of	re-entry shock comes on sooner than culture shock there's less of a honeymoon phase lasts longer and can be more severe
It is also more serious to continue the long-term and long-term education at a faster pace than the speed of the speed of the transmission of the transmission of the transmission of the transmission of the transmission of the transmission of the transmission of the transmission of the transmission of the transmission of the transmission of the transmission of the transmission of the transmission of the transmission of the transmission of the transmission of the transmission of the transmission of the transmission of the transmission of the transmission of the transmission of the transmission of the transmission of the transmission of the transmission of the transmission of the transmission of the transmission of the transmission of the transmission of the transmission of the transmission of the transmission of the transmission of the transmission of the transmission of the transmission of the transmission of the transmission of the transmission of the transmission of the transmission of the transmission of the transmission of the transmission of the transmission of the transmission of the transmission of the transmission of the transmission of the transmission of the transmission of the transmission of the transmission of the transmission of the transmission of the transmission of the transmission of the transmission of the transmission of the transmission of transmission of the transmission of the transmission of transmission of the transmission of transmission of the transmission of transmission of the transmission of transmission of the transmission of transmission of transmission of the transmission of transmission of transmission of the transmission of transmission of transmission of transmission of transmission of transmission of transmission of transmission of transmission of transmission of transmission of transmission of transmission of transmission of transmission of transmission of transmission of transmission of transmission of transmission of transmission of transmission of transmission of transmission of transmission of transmission of transmission of transmission of transmission of transmission of transmission of transmission of transmission of transmission of transmission of transmission of transmission of transmission of transmission of transmission of transmission of transmission of transmission of transmission of transmission of transmission of transmission of transmission of transmission of transmission of transmission of transmission of transmission of transmission of transmission of transmission of transmission of transmission of transmission of transmission of transmission of transmission of transmission of transmission of transmission of transmission of transmission of transmission of transmission of transmission of transmission of transmission of transmission of transmission of transmission of transmission of transmission of transmission of transmission of transmission of transmission of transmission of transmission of transmission of transmission of transmission of transmission of transmission of transmission of transmission of transmission of transmission of transmission of transmission of	re-entry shock comes on sooner than culture shock there's less of a honeymoon phase lasts longer and can be more severe
After his death, he was released from all the men in the main court, and he was given the second place in the second round of the second round of the Second Round of the Second Round of the Second Round of the Second Round of the Second Round of the Second Round of the Second Round of the Second Round of the Second Round of the Second Round of the Second Round of the Second Round of the Second Round of the Second Round of the Second Round of the Second Round of the Second Round of the Second Round of the Second Round of the Second Round of the Second Round of the Second Round of the Second Round of the Second Round of the Second Round of the Second Round of the Second Round of the Second Round of the Second Round of the Second Round of the Second Round of the Second Round of the Second Round of the Second Round of the Second Round of the Second Round of the Second Round of the Second Round of the Second Round of the Second Round of the Second Round of the Second Round of the Second Round of the Second Round of the Second Round of the Second Round of the Second Round of the Second Round of the Second Round of the Second Round of the Second Round of the Second Round of the Second Round of the Second Round of the Second Round of the Second Round of the Second Round of the Second Round of the Second Round of the Second Round of the Second Round of the Second Round of the Second Round of the Second Round of the Second Round of the Second Round of the Second Round of the Second Round of the Second Round of the Second Round of the Second Round of the Second Round of the Second Round of the Second Round of the Second Round of the Second Round of the Second Round of the Second Round of the Second Round of the Second Round of the Second Round of the Second Round of the Second Round of the Second Round of the Second Round of the Second Round of the Second Round of the Second Round of the Second Round of the Second Round of the Second Round of the Second Round of the Second Round of the Second Round of the Second Round of the Second Round of the Second Round of the Second Round of the Second Round of the Second Round of the Second Round of the Second Round of the Second Round of	also after the revolution occupations were open to all male applicants allowing the most ambitious and successful to succeed
After his death, he was released from all the men in the main court, and he was given the second place in the second round of the second round of the Second Round of the Second Round of the Second Round of the Second Round of the Second Round of the Second Round of the Second Round of the Second Round of the Second Round of the Second Round of the Second Round of the Second Round of the Second Round of the Second Round of the Second Round of the Second Round of the Second Round of the Second Round of the Second Round of the Second Round of the Second Round of the Second Round of the Second Round of the Second Round of the Second Round of the Second Round of the Second Round of the Second Round of the Second Round of the Second Round of the Second Round of the Second Round of the Second Round of the Second Round of the Second Round of the Second Round of the Second Round of the Second Round of the Second Round of the Second Round of the Second Round of the Second Round of the Second Round of the Second Round of the Second Round of the Second Round of the Second Round of the Second Round of the Second Round of the Second Round of the Second Round of the Second Round of the Second Round of the Second Round of the Second Round of the Second Round of the Second Round of the Second Round of the Second Round of the Second Round of the Second Round of the Second Round of the Second Round of the Second Round of the Second Round of the Second Round of the Second Round of the Second Round of the Second Round of the Second Round of the Second Round of the Second Round of the Second Round of the Second Round of the Second Round of the Second Round of the Second Round of the Second Round of the Second Round of the Second Round of the Second Round of the Second Round of the Second Round of the Second Round of the Second Round of the Second Round of the Second Round of the Second Round of the Second Round of the Second Round of the Second Round of the Second Round of the Second Round of the Second Round of the Second Round of the Second Round of the Second Round of the Second Round of the Second Round of the Second Round of the Second Round of the Second Round of the Second Round of	also after the revolution occupations were open to all male applicants allowing the most ambitious and successful to succeed
In the East China Sea, the Chinese Communist Party uses all the useful and useful elements of the Ministry of War to create a very strong nuclear power.	when all available resources are effectively used across the functional departments of an organization creativity and ingenuity can transpire
Although the European Union is relatively small, there are many independent countries. In general, there is no need to apply for a visa to travel to other countries.	europe is a continent that is relatively small but with many independent countries under normal circumstances travelling through multiple countries would mean having to go through visa applications and passport control multiple times
Although the European Union is relatively small, there are many independent countries. In general, there is no need to apply for a visa to travel to other countries.	europe is a continent that is relatively small but with many independent countries under normal circumstances travelling through multiple countries would mean having to go through visa applications and passport control multiple times
Ladies, I suggest that all women in the audience, no matter what the situation is, should know what to do.	women it is recommended that any women travellers say that they are married regardless of actual marital status
Ladies, I suggest that all women in the audience, no matter what the situation is, should know what to do.	women it is recommended that any women travellers say that they are married regardless of actual marital status
If you want to go back to your country, you can spend a lot of money, especially smoking and waiting for your parents.	travellers bound for countries with heavy taxation can sometimes save a considerable amount of money especially on products such as alcoholic beverages and tobacco
The strong wind blows the rain or the wind blows the snow and leaves the fire. The result of the weather performance is that the rain, the wind, the sea, and the wind blow the snow and the wind blow the snow and the wind blow the snow and the wind blow the snow and the wind blow the snow and wind blow the snow and wind blow the snow and wind blow the snow and wind blow the snow and wind blow the snow and wind blow the snow and wind blow the snow and wind blow the snow and wind blow the snow and wind blow the snow and wind blow the snow and wind blow the snow and wind blow the snow and wind blow the snow and wind blow the snow and wind blow the snow and wind blow the snow and wind blow the snow and wind blow the snow and wind blow the snow and wind blow the snow and wind blow the snow and wind blow the snow and wind blow the snow and wind blow the snow and wind blow the snow and wind blow the snow and wind blow the snow and wind blow the snow and wind blow the snow and wind blow the snow and wind blow the snow and wind blow the snow and wind blow the snow and wind blow the snow and wind blow the snow and wind blow the snow and wind blow the snow and wind blow the snow and wind blow the snow and wind blow the snow and wind blow the snow and wind blow the snow and wind blow the snow and wind blow the snow and wind blow the snow and wind blow the snow and wind blow the snow and wind blow the snow and wind blow the snow and wind blow the snow and blow the snow and wind blow the snow and blow the snow and wind blow the snow and blow the snow and blow the snow and blow the snow and blow the snow and blow the snow and blow the snow and blow the snow and blow the snow and blow the snow and blow the snow and blow the snow and blow the snow and blow the snow and blow the snow and blow the snow and blow the snow and blow the snow and blow the snow and blow the snow and blow the snow and blow the snow and blow the snow and blow the snow and blow the snow and blow the snow and blow the snow and blow the	high winds hail excessive precipitation and wildfires are forms and effects of severe weather as are thunderstorms tornadoes waterspouts and cyclones
The strong wind blows the rain or the wind blows the snow and leaves the fire. The result of the weather performance is that the rain, the wind, the sea, and the wind blow the snow and the wind blow the snow and the wind blow the snow and the wind blow the snow and the wind blow the snow and wind blow the snow and wind blow the snow and wind blow the snow and wind blow the snow and wind blow the snow and wind blow the snow and wind blow the snow and wind blow the snow and wind blow the snow and wind blow the snow and wind blow the snow and wind blow the snow and wind blow the snow and wind blow the snow and wind blow the snow and wind blow the snow and wind blow the snow and wind blow the snow and wind blow the snow and wind blow the snow and wind blow the snow and wind blow the snow and wind blow the snow and wind blow the snow and wind blow the snow and wind blow the snow and wind blow the snow and wind blow the snow and wind blow the snow and wind blow the snow and wind blow the snow and wind blow the snow and wind blow the snow and wind blow the snow and wind blow the snow and wind blow the snow and wind blow the snow and wind blow the snow and wind blow the snow and wind blow the snow and wind blow the snow and wind blow the snow and wind blow the snow and wind blow the snow and wind blow the snow and wind blow the snow and wind blow the snow and wind blow the snow and wind blow the snow and wind blow the snow and wind blow the snow and blow the snow and wind blow the snow and blow the snow and wind blow the snow and blow the snow and blow the snow and blow the snow and blow the snow and blow the snow and blow the snow and blow the snow and blow the snow and blow the snow and blow the snow and blow the snow and blow the snow and blow the snow and blow the snow and blow the snow and blow the snow and blow the snow and blow the snow and blow the snow and blow the snow and blow the snow and blow the snow and blow the snow and blow the snow and blow the snow and blow the snow and blow the	high winds hail excessive precipitation and wildfires are forms and effects of severe weather as are thunderstorms tornadoes waterspouts and cyclones
The anti-tank car crash broke out in Paris, and a group of people were surrounded by a group of people, including the national king, the king, the king, the king, the king, the king, the king, the king, the king, the king, the king, the king, the king, the king, the king, the king, the king, the king, the king, the king, the king, the king, the king, the king, the king, the king, the king, the king, the king, the king, the king, the king, the king, the king, the king, the king, the king, the king, the king, the king, the king, the king, the king, the king, the king, the king, the king, the king, the king, the king, the king, the king, the king, the king, the king, the king, the king, the king, the king, the king, the king, the king, the king, the king, the king, the king, the king, the king, the king, the king, the king, the king, the king, the king, the king, the king, the king, the king, the king, the king, the king, the king, the king, the king, the king, the king, the king, the king, the king, the king, the king, the king, the king, the king, the king, the king, the king, the king, the king, the king, the king, the king, the king, the king, the king, the king, the king, the king, the king, the king, the king, the king, the king, the king, the king, the king, the king, the king, the king, the king, the king, the king, the king, the king, the king, the king, the king, the king, the king, the king, the king, the king, the king, the king, the king, the king, the king, the king, the king,	in a carriage they traveled back to paris surrounded by a mob of people screaming and shouting threats against the king and queen
The anti-tank car crash broke out in Paris, and a group of people were surrounded by a group of people, including the national king, the king, the king, the king, the king, the king, the king, the king, the king, the king, the king, the king, the king, the king, the king, the king, the king, the king, the king, the king, the king, the king, the king, the king, the king, the king, the king, the king, the king, the king, the king, the king, the king, the king, the king, the king, the king, the king, the king, the king, the king, the king, the king, the king, the king, the king, the king, the king, the king, the king, the king, the king, the king, the king, the king, the king, the king, the king, the king, the king, the king, the king, the king, the king, the king, the king, the king, the king, the king, the king, the king, the king, the king, the king, the king, the king, the king, the king, the king, the king, the king, the king, the king, the king, the king, the king, the king, the king, the king, the king, the king, the king, the king, the king, the king, the king, the king, the king, the king, the king, the king, the king, the king, the king, the king, the king, the king, the king, the king, the king, the king, the king, the king, the king, the king, the king, the king, the king, the king, the king, the king, the king, the king, the king, the king, the king, the king, the king, the king, the king, the king, the king, the king, the king, the king, the king, the king, the king, the king,	in a carriage they traveled back to paris surrounded by a mob of people screaming and shouting threats against the king and queen
The ancient culture and culture of the tribe began to liberate the tribes to remove milk, wool, meat, and skin.	ancient cultures and tribes began to keep them for easy access to milk hair meat and skins
The ancient culture and culture of the tribe began to liberate the tribes to remove milk, wool, meat, and skin.	ancient cultures and tribes began to keep them for easy access to milk hair meat and skins
The city is also a place for people to come and hang out on the mountain. It is possible to walk around the most convenient mountainous terrain in Africa.	the city is also the base to climb the nyiragongo volcano along with some of the cheapest mountain gorilla tracking in africa
The city is also a place for people to come and hang out on the mountain. It is possible to walk around the most convenient mountainous terrain in Africa.	the city is also the base to climb the nyiragongo volcano along with some of the cheapest mountain gorilla tracking in africa
Other topics include the street film, the street director, the street photography, the street clothing design, the street editing, the street original music, the street production design, the street audio editing, the street audio and the street original scripting.	the other nominations include best picture director cinematography costume design film-editing original score production design sound editing sound mixing and original screenplay
Other topics include the street film, the street director, the street photography, the street clothing design, the street editing, the street original music, the street production design, the street audio editing, the street audio and the street original scripting.	the other nominations include best picture director cinematography costume design film-editing original score production design sound editing sound mixing and original screenplay
There may be a potential to break the social云亂 or human choice in the evil weather.	severe weather is the generic term for any dangerous weather phenomenon with the potential to cause damage serious social disruption or loss of human life
There may be a potential to break the social云亂 or human choice in the evil weather.	severe weather is the generic term for any dangerous weather phenomenon with the potential to cause damage serious social disruption or loss of human life
Think about all the reasons behind it. If our ancestors were able to solve the problems of the White House, and the black stars on the internet like us, we would have no need to be surprised.	all things considered we should not be surprised if our own ancestors solved their protein problem in somewhat the same way that chimps on the savanna do today
Think about all the reasons behind it. If our ancestors were able to solve the problems of the White House, and the black stars on the internet like us, we would have no need to be surprised.	all things considered we should not be surprised if our own ancestors solved their protein problem in somewhat the same way that chimps on the savanna do today
You can also go to the north of the country to visit the beautiful flowers, flowers, flowers, flowers, flowers, flowers, flowers, flowers, flowers, flowers, flowers, flowers, flowers, flowers, flowers, flowers, flowers, flowers, flowers, flowers, flowers, flowers, flowers, flowers, flowers, flowers, flowers, flowers, flowers, flowers, flowers, flowers, flowers, flowers, flowers, flowers, flowers, flowers, flowers, flowers, flowers, flowers, flowers, flowers, flowers, flowers, flowers, flowers, flowers, flowers, flowers, flowers, flowers, flowers, flowers, flowers, flowers, flowers, flowers, flowers, flowers, flowers, flowers, flowers, flowers, flowers, flowers, flowers, flowers, flowers, flowers, flowers, flowers, flowers, flowers, flowers, flowers, flowers, flowers, flowers, flowers, flowers, flowers, flowers, flowers, flowers, flowers, flowers, flowers, flowers, flowers, flowers, flowers, flowers, flowers, flowers, flowers, flowers, flowers, flowers, flowers, flowers, flowers, flowers, flowers, flowers, flowers, flowers, flowers, flowers, flowers, flowers, flowers, flowers, flowers, flowers, flowers, flowers, flowers, flowers, flowers, flowers, flowers, flowers, flowers, flowers, flowers, flowers, flowers, flowers, flowers, flowers, flowers, flowers, flowers, flowers, flowers, flowers, flowers, flowers, flowers, flowers, flowers, flowers, flowers, flowers, flowers, flowers, flowers, flowers, flowers, flowers, flowers, flowers, flowers, flowers, flowers, flowers, flowers, flowers, flowers, flowers, flowers, flowers, flowers, flowers, flowers, flowers, flowers, flowers, flowers, flowers, flowers, flowers, flowers, flowers, flowers, flowers, flowers, flowers, flowers, flowers, flowers, flowers, flowers, flowers, flowers, flowers, flowers, flowers, flowers, flowers, flowers, flowers, flowers, flowers, flowers, flowers, flowers, flowers, flowers, flowers, flowers, flowers, flowers, flowers, flowers, flowers, flowers, flowers, flowers, flowers, flowers, flowers, flowers,	also to the north visit the great sanctuary of our lady of fatima shrine a place of worldwide famous marian apparitions
The most convenient thing to do is to use a plant-based plant-based plant-based plant-based plant-based plant-based plant-based plant-based plant-based plant-based plant-based plant-based plant-based plant-based plant-based plant-based plant-based plant-based plant-based plant-based plant-based plant-based plant-based plant-based plant-based plant-based plant-based plant-based plant-based plant-based plant-based plant-based plant-based plant-based plant-based plant-based plant-based plant-based plant-based plant-based plant-based plant-based plant-based plant-based plant-based plant-based plant-based plant-based plant-based plant-based plant-based plant-based plant-based plant-based plant-based plant-based plant-based plant-based plant-based plant-based plant-based plant-based plant-based plant-based plant-based plant-based plant-based plant-based plant-based plant-based plant-based plant-based plant-based plant-based plant-based plant-based plant-based plant-based plant-based plant-based plant-based plant-based plant-based plant-based plant-based plant-based plant-based plant-based plant-based plant-based plant-based plant-based plant-based plant-based plant-based plant-based plant-based plant-based plant-based plant-based plant-based plant-based plant-based plant-based plant-based plant-based plant-based plant-based plant-based plant-based plant-based plant-based plant-based plant-based plant-based plant-based plant-based plant-based plant-based plant-based plant-based plant-based plant-based plant-based plant-based plant-based plant-based plant-based plant-based plant-based plant-based plant-based	the most readily accessible plant resources would have been the proteins accessible in leaves and legumes but these are hard for primates like us to digest unless they are cooked
The most convenient thing to do is to use a plant-based plant-based plant-based plant-based plant-based plant-based plant-based plant-based plant-based plant-based plant-based plant-based plant-based plant-based plant-based plant-based plant-based plant-based plant-based plant-based plant-based plant-based plant-based plant-based plant-based plant-based plant-based plant-based plant-based plant-based plant-based plant-based plant-based plant-based plant-based plant-based plant-based plant-based plant-based plant-based plant-based plant-based plant-based plant-based plant-based plant-based plant-based plant-based plant-based plant-based plant-based plant-based plant-based plant-based plant-based plant-based plant-based plant-based plant-based plant-based plant-based plant-based plant-based plant-based plant-based plant-based plant-based plant-based plant-based plant-based plant-based plant-based plant-based plant-based plant-based plant-based plant-based plant-based plant-based plant-based plant-based plant-based plant-based plant-based plant-based plant-based plant-based plant-based plant-based plant-based plant-based plant-based plant-based plant-based plant-based plant-based plant-based plant-based plant-based plant-based plant-based plant-based plant-based plant-based plant-based plant-based plant-based plant-based plant-based plant-based plant-based plant-based plant-based plant-based plant-based plant-based plant-based plant-based plant-based plant-based plant-based plant-based plant-based plant-based plant-based plant-based plant-based plant-based plant-based plant-based plant-based plant-based	the most readily accessible plant resources would have been the proteins accessible in leaves and legumes but these are hard for primates like us to digest unless they are cooked
The target has determined to reduce the number of people, and it is said that China's economy has produced a significant reduction.	he did not set a figure for the cuts saying they will be made based on china's economic output
The target has determined to reduce the number of people, and it is said that China's economy has produced a significant reduction.	he did not set a figure for the cuts saying they will be made based on china's economic output
Similarly, if you have a new visa, you do not need to apply for a new visa every month. From now on, you will have free time, money, and documents.	similarly by having a schengen visa you do not need to apply for visas to each of the schengen member countries separately hence saving time money and paperwork
Similarly, if you have a new visa, you do not need to apply for a new visa every month. From now on, you will have free time, money, and documents.	similarly by having a schengen visa you do not need to apply for visas to each of the schengen member countries separately hence saving time money and paperwork
The use of the blog can enhance the ability of students to analyze and criticize, and the ability of students to use the online textbook of a direct meeting to determine whether they are in the position of the person who writes, writes, writes, writes, writes, writes, writes, writes, writes, writes, writes, writes, writes, writes, writes, writes, writes, writes, writes, writes, writes, writes, writes, writes, writes, writes, writes, writes, writes, writes, writes, writes, writes, writes, writes, writes, writes, writes, writes, writes, writes, writes, writes, writes, writes, writes, writes, writes, writes, writes, writes, writes, writes, writes, writes, writes, writes, writes, writes, writes, writes, writes, writes, writes, writes, writes, writes, writes, writes, writes, writes, writes, writes, writes, writes, writes, writes, writes, writes, writes, writes, writes, writes, writes, writes, writes, writes, writes, writes, writes, writes, writes, writes, writes, writes, writes, writes, writes, writes, writes, writes, writes, writes, writes, writes, writes, writes, writes, writes, writes, writes, writes, writes, writes, writes, writes, writes, writes, writes, writes, writes, writes, writes, writes, writes, writes, writes, writes, writes, writes, writes, writes, writes, writes, writes, writes, writes, writes, writes, writes, writes, writes, writes, writes, writes, writes, writes, writes, writes, writes, writes, writes, writes, writes, writes, writes, writes, writes, writes, writes, writes, writes, writes, writes, writes, writes, writes, writes, writes, writes, writes, writes, writes, writes, writes, writes, writes, writes, writes, writes, writes, writes, writes, writes, writes, writes, writes, writes, writes, writes, writes, writes, writes, writes, writes, writes, writes, writes, writes, writes, writes,	appropriate use of blogs can empower students to become more analytical and critical; through actively responding to internet materials students can define their positions in the context of others' writings as well as outline their own perspectives on particular issues oravec 2002
The use of the blog can enhance the ability of students to analyze and criticize, and the ability of students to use the online textbook of a direct meeting to determine whether they are in the position of the person who writes, writes, writes, writes, writes, writes, writes, writes, writes, writes, writes, writes, writes, writes, writes, writes, writes, writes, writes, writes, writes, writes, writes, writes, writes, writes, writes, writes, writes, writes, writes, writes, writes, writes, writes, writes, writes, writes, writes, writes, writes, writes, writes, writes, writes, writes, writes, writes, writes, writes, writes, writes, writes, writes, writes, writes, writes, writes, writes, writes, writes, writes, writes, writes, writes, writes, writes, writes, writes, writes, writes, writes, writes, writes, writes, writes, writes, writes, writes, writes, writes, writes, writes, writes, writes, writes, writes, writes, writes, writes, writes, writes, writes, writes, writes, writes, writes, writes, writes, writes, writes, writes, writes, writes, writes, writes, writes, writes, writes, writes, writes, writes, writes, writes, writes, writes, writes, writes, writes, writes, writes, writes, writes, writes, writes, writes, writes, writes, writes, writes, writes, writes, writes, writes, writes, writes, writes, writes, writes, writes, writes, writes, writes, writes, writes, writes, writes, writes, writes, writes, writes, writes, writes, writes, writes, writes, writes, writes, writes, writes, writes, writes, writes, writes, writes, writes, writes, writes, writes, writes, writes, writes, writes, writes, writes, writes, writes, writes, writes, writes, writes, writes, writes, writes, writes, writes, writes, writes, writes, writes, writes, writes, writes, writes, writes, writes, writes, writes, writes, writes, writes,	appropriate use of blogs can empower students to become more analytical and critical; through actively responding to internet materials students can define their positions in the context of others' writings as well as outline their own perspectives on particular issues oravec 2002
In London, Mendoza took the M16 gun to the遊客射擊	rolando mendoza fired his m16 rifle at the tourists
This time seems to be very suitable for you, because the feeling of the earth has not moved for a long time, is not it?	this seems sensible because the earth doesn't feel as if it's moving does it
This time seems to be very suitable for you, because the feeling of the earth has not moved for a long time, is not it?	this seems sensible because the earth doesn't feel as if it's moving does it
The Japanese government's nuclear power supply said that the nuclear power plant should be released as soon as possible.	according to japan's nuclear agency radioactive caesium and iodine has been identified at the plant
The Japanese government's nuclear power supply said that the nuclear power plant should be released as soon as possible.	according to japan's nuclear agency radioactive caesium and iodine has been identified at the plant
Every generation of divorce and re-establishment will continue to lead to the change in the production of two machines.	segregation and recombination shuffle variation back and forth between the two pools with each generation
Every generation of divorce and re-establishment will continue to lead to the change in the production of two machines.	segregation and recombination shuffle variation back and forth between the two pools with each generation
At the University of Canada, there are no pictures or documents, but there are no pictures or documents, but there are no photos or documents, but there are no photos or documents, but there are no photos or documents, but there are no photos or documents, but there are no photos or documents, but there are no photos or documents, but there are no photos or documents, but there are no photos or documents, but there are no photos or documents, but there are no photos or documents, but there are no photos or documents, but there are no photos or documents, but there are no photos or documents, but there are no photos or documents, but there are no photos or documents, but there are no photos or documents, but there are no photos or documents, but there are no photos or documents, but there are no photos or documents, but there are no photos or documents, but there are no photos or documents, but there are no photos or documents, but there are no photos or documents, but there are no photos or documents, but there are no photos or documents, but there are no photos or documents, but there are no photos or documents, but there are no photos or documents, but there are no photos or documents, but there are no photos or documents, but there are no photos or documents, but there are no photos or documents, but there are no photos or documents, but there are no photos or documents, but there are no photos or documents, but there are no photos or documents, but there are no photos or documents, but there are no photos or documents, but there are no photos or documents, but there are no photos or documents, but there are no photos or documents, but there are no photos or documents, but there are no photos or documents, but there are no photos or documents, but there are no photos or documents, but there are no photos or documents, but there are no photos or documents, but there are no photos or documents, but there are no photos or documents, but there are no photos or documents, but there are no photos or documents, but there are no photos or documents, but there are no photos or documents	professor pamela ferguson of the university of dundee notes journalists do seem to be walking a dangerous line if publishing photos etc of suspects
At the University of Canada, there are no pictures or documents, but there are no pictures or documents, but there are no photos or documents, but there are no photos or documents, but there are no photos or documents, but there are no photos or documents, but there are no photos or documents, but there are no photos or documents, but there are no photos or documents, but there are no photos or documents, but there are no photos or documents, but there are no photos or documents, but there are no photos or documents, but there are no photos or documents, but there are no photos or documents, but there are no photos or documents, but there are no photos or documents, but there are no photos or documents, but there are no photos or documents, but there are no photos or documents, but there are no photos or documents, but there are no photos or documents, but there are no photos or documents, but there are no photos or documents, but there are no photos or documents, but there are no photos or documents, but there are no photos or documents, but there are no photos or documents, but there are no photos or documents, but there are no photos or documents, but there are no photos or documents, but there are no photos or documents, but there are no photos or documents, but there are no photos or documents, but there are no photos or documents, but there are no photos or documents, but there are no photos or documents, but there are no photos or documents, but there are no photos or documents, but there are no photos or documents, but there are no photos or documents, but there are no photos or documents, but there are no photos or documents, but there are no photos or documents, but there are no photos or documents, but there are no photos or documents, but there are no photos or documents, but there are no photos or documents, but there are no photos or documents, but there are no photos or documents, but there are no photos or documents, but there are no photos or documents, but there are no photos or documents, but there are no photos or documents, but there are no photos or documents	professor pamela ferguson of the university of dundee notes journalists do seem to be walking a dangerous line if publishing photos etc of suspects
use the same method to make the rest of the fabric	the scientists were able to conclude that the dark matter affect other dark matter in the same way regular matter does
The U.S. Department of National Defense of the United States of America, U.S.G.S.S.S.S.S.S.S.S.S.S.S.S.S.S.S.S.S.S.S.S.S.S.S.S.S.S.S.S.S.S.S.S.S.S.S.S.S.S.S.S.S.S.S.S.S.S.S.S.S.S.S.S.S.S.S.S.S.S.S.S.S.S.S.S.S.S.S.S.S.S.S.S.S.S.S.S.S.S.S.S.S.S.S.S.S.S.S.S.S.S.S.S.S.S.S.S.S.S.S.S.S.S.S.S.S.S.S.S.S.S.S.S.S.S.S.S.S.S.S.S.S.S.S.S.S.S.S.S.S.S.S.S.S.S.S.S.S.S.S.S.S.S.S.S.S.S.S.S.S.S.S.S.S.S.S.S.S.S.S.S.S.S.S.S.S.S.S.S.S.S.S.S.S.S.S.S.S.S.S.S.S.S.S.S.S.S.S.S.S.S.S.S.S.S.S.S.S.S.S.S.S.S.S.S.S.S.S.S.S.S.S.	their thermal behavior is not as steady as large caves on earth that often maintain a fairly constant temperature but it is consistent with these being deep holes in the ground, said glen cushing of the united states geological survey usgs astrogeology team and of northern arizona university located in flagstaff arizona
The U.S. Department of National Defense of the United States of America, U.S.G.S.S.S.S.S.S.S.S.S.S.S.S.S.S.S.S.S.S.S.S.S.S.S.S.S.S.S.S.S.S.S.S.S.S.S.S.S.S.S.S.S.S.S.S.S.S.S.S.S.S.S.S.S.S.S.S.S.S.S.S.S.S.S.S.S.S.S.S.S.S.S.S.S.S.S.S.S.S.S.S.S.S.S.S.S.S.S.S.S.S.S.S.S.S.S.S.S.S.S.S.S.S.S.S.S.S.S.S.S.S.S.S.S.S.S.S.S.S.S.S.S.S.S.S.S.S.S.S.S.S.S.S.S.S.S.S.S.S.S.S.S.S.S.S.S.S.S.S.S.S.S.S.S.S.S.S.S.S.S.S.S.S.S.S.S.S.S.S.S.S.S.S.S.S.S.S.S.S.S.S.S.S.S.S.S.S.S.S.S.S.S.S.S.S.S.S.S.S.S.S.S.S.S.S.S.S.S.S.S.S.S.	their thermal behavior is not as steady as large caves on earth that often maintain a fairly constant temperature but it is consistent with these being deep holes in the ground, said glen cushing of the united states geological survey usgs astrogeology team and of northern arizona university located in flagstaff arizona
Most of the research sites are very large and have a large area with good weather conditions.	most modern research telescopes are enormous facilities in remote areas with favorable atmospheric conditions
Most of the research sites are very large and have a large area with good weather conditions.	most modern research telescopes are enormous facilities in remote areas with favorable atmospheric conditions
It is said that there are more and more people in the center of the network, including those in care of the weak and even those in power.	children are placed in foster care for a wide variety of reasons that range from neglect to abuse and even to extortion
It is said that there are more and more people in the center of the network, including those in care of the weak and even those in power.	children are placed in foster care for a wide variety of reasons that range from neglect to abuse and even to extortion
It is said that it has been used more and more because of the use of local teaching. It is also said that it is easier to make it look like it is floating on the surface.	there may be more maria on the near side because the crust is thinner it was easier for lava to rise up to the surface
It is said that it has been used more and more because of the use of local teaching. It is also said that it is easier to make it look like it is floating on the surface.	there may be more maria on the near side because the crust is thinner it was easier for lava to rise up to the surface
Taya will attack all the things in the water, even if he tries to defeat the opponent of the Yellow Dragon.	it also attacked anything that entered the water even a giant dinosaur such as t rex would be no match for it
Taya will attack all the things in the water, even if he tries to defeat the opponent of the Yellow Dragon.	it also attacked anything that entered the water even a giant dinosaur such as t rex would be no match for it
The Newspaper website TMZWATCH says that the police have tried to cross the road and continue to take pictures of the police's parking lot before they continue to move forward. The police have tried to cross the road and continue to take pictures of the police's parking lot before they continue to move forward. The police have tried to cross the road and continue to take pictures of the police's parking lot before they continue to move forward. The police have tried to cross the road and continue to take pictures of the police's parking lot before they continue to move forward. The police have tried to cross the road and continue to take pictures of the police's parking lot before they continue to move forward. The police have tried to cross the road and continue to take pictures of the police's parking lot before they continue to move forward. The police have tried to cross the road and continue to take pictures of the police's parking lot before they continue to move forward. The police have tried to cross the road and continue to take pictures of the police's parking lot before they continue to move forward. The police have tried to cross the road and continue to take pictures of the police's parking lot before they continue to move forward. The police have tried to cross the road and continue to take pictures of the police's parking lot before they continue to move forward. The police have tried to cross the road and continue to take pictures of the police's parking lot before they continue to move forward. The police have tried to cross the road and continue to take pictures of the police's parking lot before they continue to move forward. The police have tried to cross the road and continue to take pictures of the police's lot before they continue to move forward. The police have tried to cross the road and continue to take pictures of the police's lot before they continue to move forward. The police have tried to cross the road and continue to take pictures of the police's lot before they continue to move forward. The police have tried to cross the road and continue to take pictures of the police's lot before they continue to move forward.	entertainment news website tmz understands the photographer stopped his vehicle on the other side of sepulveda boulevard and attempted to take pictures of the police stop before crossing the road and continuing prompting the california highway patrol police officer conducting the traffic stop to order him back across twice
The Newspaper website TMZWATCH says that the police have tried to cross the road and continue to take pictures of the police's parking lot before they continue to move forward. The police have tried to cross the road and continue to take pictures of the police's parking lot before they continue to move forward. The police have tried to cross the road and continue to take pictures of the police's parking lot before they continue to move forward. The police have tried to cross the road and continue to take pictures of the police's parking lot before they continue to move forward. The police have tried to cross the road and continue to take pictures of the police's parking lot before they continue to move forward. The police have tried to cross the road and continue to take pictures of the police's parking lot before they continue to move forward. The police have tried to cross the road and continue to take pictures of the police's parking lot before they continue to move forward. The police have tried to cross the road and continue to take pictures of the police's parking lot before they continue to move forward. The police have tried to cross the road and continue to take pictures of the police's parking lot before they continue to move forward. The police have tried to cross the road and continue to take pictures of the police's parking lot before they continue to move forward. The police have tried to cross the road and continue to take pictures of the police's parking lot before they continue to move forward. The police have tried to cross the road and continue to take pictures of the police's parking lot before they continue to move forward. The police have tried to cross the road and continue to take pictures of the police's lot before they continue to move forward. The police have tried to cross the road and continue to take pictures of the police's lot before they continue to move forward. The police have tried to cross the road and continue to take pictures of the police's lot before they continue to move forward. The police have tried to cross the road and continue to take pictures of the police's lot before they continue to move forward.	entertainment news website tmz understands the photographer stopped his vehicle on the other side of sepulveda boulevard and attempted to take pictures of the police stop before crossing the road and continuing prompting the california highway patrol police officer conducting the traffic stop to order him back across twice
Thanks for watching and see you in the next video!	for the springboks it ended a five-match losing streak
Thanks for watching and see you in the next video!	for the springboks it ended a five-match losing streak
No need to say that if you are a romantic and friendly person, you will be very good at reading and reading.	needless to say if you know a romance language it will be easier for you to learn portuguese
However, people may think that it is necessary to treat and understand them.	people may not anticipate that patience and understanding are also necessary for travellers returning home
However, people may think that it is necessary to treat and understand them.	people may not anticipate that patience and understanding are also necessary for travellers returning home
Under the circumstances of the United Nations Department of State Department of State Department of State Department of State Department of State Department of State Department of State Department of State Department of State Department of State Department of State Department of State Department of State Department of State Department of State Department of State Department of State Department of State Department of State Department of State Department of State Department of State Department of State Department of State Department of State Department of State Department of State Department of State Department of State Department of State Department of State Department of State Department of State Department of State Department of State Department of State Department of State Department of State Department of State Department of State Department of State Department of State Department of State Department of State Department of State Department of State Department of State Department of State Department of State Department of State Department of State Department of State Department of State Department of State Department of State Department of State Department of State Department of State Department of State Department of State Department of State Department of State Department of State Department of State Department of State Department of State Department of State Department of State Department of State Department of State Department of State Department of State Department of State Department of State Department of State Department of State Department of State Department of State Department of State Department of State Department of State Department of State Department of State Department of State Department of State Department of State Department of State Department of State Department of State Department of State Department of State Department of State Department of State Department of State Department of State Department of State Department of State Department of State Department of State Department of State Department of State Department of State Department of State Department of State Department of State Department of State Department of Department of State Department of Department of State Department of Department of Department of Department of Department of Department of Department of Department of Department of Department of Department of Department of Department of Department of Department of Department of Department of Department of Department of Department of Department of Department of Department of Department of Department of Department of Department of Department of Department of Department of Department of Department of Department of Department of Department of Department of Department of Department of Department of Department of Department of Department of Department of Department of Department of Department of Department of Department of Department of Department of Department of Department of Department of Department of Department	the haitian institute for justice and democracy has referenced independent studies that suggest the nepalese un peacekeeping battalion unknowingly brought the disease to haiti
Under the circumstances of the United Nations Department of State Department of State Department of State Department of State Department of State Department of State Department of State Department of State Department of State Department of State Department of State Department of State Department of State Department of State Department of State Department of State Department of State Department of State Department of State Department of State Department of State Department of State Department of State Department of State Department of State Department of State Department of State Department of State Department of State Department of State Department of State Department of State Department of State Department of State Department of State Department of State Department of State Department of State Department of State Department of State Department of State Department of State Department of State Department of State Department of State Department of State Department of State Department of State Department of State Department of State Department of State Department of State Department of State Department of State Department of State Department of State Department of State Department of State Department of State Department of State Department of State Department of State Department of State Department of State Department of State Department of State Department of State Department of State Department of State Department of State Department of State Department of State Department of State Department of State Department of State Department of State Department of State Department of State Department of State Department of State Department of State Department of State Department of State Department of State Department of State Department of State Department of State Department of State Department of State Department of State Department of State Department of State Department of State Department of State Department of State Department of State Department of State Department of State Department of State Department of State Department of State Department of State Department of State Department of State Department of State Department of State Department of Department of State Department of Department of State Department of Department of Department of Department of Department of Department of Department of Department of Department of Department of Department of Department of Department of Department of Department of Department of Department of Department of Department of Department of Department of Department of Department of Department of Department of Department of Department of Department of Department of Department of Department of Department of Department of Department of Department of Department of Department of Department of Department of Department of Department of Department of Department of Department of Department of Department of Department of Department of Department of Department of Department of Department of Department of Department of Department	the haitian institute for justice and democracy has referenced independent studies that suggest the nepalese un peacekeeping battalion unknowingly brought the disease to haiti
At the end of the 19th century, Western Europe began to develop its unique style. At that time, the first major cut was used by the 10th Army.	towards the end of the middle ages western europe began to develop their own style one of the biggest developments of the time as a result of the crusades people began to use buttons to fasten clothing
At the end of the 19th century, Western Europe began to develop its unique style. At that time, the first major cut was used by the 10th Army.	towards the end of the middle ages western europe began to develop their own style one of the biggest developments of the time as a result of the crusades people began to use buttons to fasten clothing
Calombolan is the most boring commercial city in the world.	casablanca is one of the least interesting places to shop in all of morocco
Calombolan is the most boring commercial city in the world.	casablanca is one of the least interesting places to shop in all of morocco
There are 1-3 adult companies in Shikun, plus more than 30 martial arts groups.	prides are made up of one to three related adult males along with as many as thirty females and cubs
There are 1-3 adult companies in Shikun, plus more than 30 martial arts groups.	prides are made up of one to three related adult males along with as many as thirty females and cubs
MADNAP will announce the election of the members of the CEP from the 9th committee of the National Assembly.	martelly swore in a new provisional electoral council cep of nine members yesterday
MADNAP will announce the election of the members of the CEP from the 9th committee of the National Assembly.	martelly swore in a new provisional electoral council cep of nine members yesterday
It is clear that the number of people from one group is likely to contribute to the way of life, the style, and the work of the group, as well as the unique culture of the community.	a civilization is a singular culture shared by a significant large group of people who live and work co-operatively a society
It is clear that the number of people from one group is likely to contribute to the way of life, the style, and the work of the group, as well as the unique culture of the community.	a civilization is a singular culture shared by a significant large group of people who live and work co-operatively a society
De Geesey's wife announced that the presidential election will be held in Argentina, and that she will join the presidential election in 2005, and that she will become a member of the Ilesi-Island delegation.	mrs kirchner announced her intention to run for president at the argentine theatre the same location she used to start her 2005 campaign for the senate as member of the buenos aires province delegation
In the meantime, we will provide special meals, drinks and fish dishes to keep the heart of the客. And then stay at the scene.	they usually have special food drink and entertainment offers to keep guests in a good mood and keep them at the premise
In the meantime, we will provide special meals, drinks and fish dishes to keep the heart of the客. And then stay at the scene.	they usually have special food drink and entertainment offers to keep guests in a good mood and keep them at the premise
The floor is 70 cm in diameter and the floor is 100 cm in width.	the crust is about 70 km thick on the near side and 100 km thick on the far side
After sending to promote the review of the criticism, mainly to review the contract to improve the general perception of the Chinese community.	liberal criticism of the reconstruction effort has focused on the awarding of reconstruction contracts to perceived washington insiders
After sending to promote the review of the criticism, mainly to review the contract to improve the general perception of the Chinese community.	liberal criticism of the reconstruction effort has focused on the awarding of reconstruction contracts to perceived washington insiders
Some people think it's the opposite, but many people think it's the opposite. They think it's the same as the sun, even the stars are shaking the earth to move.	some people thought he was right but many people believed the opposite; that the solar system moved around the earth including the sun and even the other stars
Some people think it's the opposite, but many people think it's the opposite. They think it's the same as the sun, even the stars are shaking the earth to move.	some people thought he was right but many people believed the opposite; that the solar system moved around the earth including the sun and even the other stars
It is usually said that the owner began to make it possible for two kinds of behavior to occur, and the other kind is to try to maintain the same principle as the individual in the same circle.	generally speaking two behaviors can emerge as managers begin to lead their former peers. one end of the spectrum is trying to remain  one of the guys” or gals
It is usually said that the owner began to make it possible for two kinds of behavior to occur, and the other kind is to try to maintain the same principle as the individual in the same circle.	generally speaking two behaviors can emerge as managers begin to lead their former peers. one end of the spectrum is trying to remain  one of the guys” or gals
A simple meal for people, such as a bowl of rice, a bowl of rice, a bowl of rice, a bowl of rice, a bowl of rice, a bowl of rice, a bowl of rice, a bowl of rice, a bowl of rice, a bowl of rice, a bowl of rice, a bowl of rice, a bowl of rice, a bowl of rice, a bowl of rice, a bowl of rice, a bowl of rice, a bowl of rice, a bowl of rice, a bowl of rice, a bowl of rice, a bowl of rice, a bowl of rice, a bowl of rice, a bowl of rice, a bowl of rice, a bowl of rice, a bowl of rice, a bowl of rice, a bowl of rice, a bowl of rice, a bowl of rice, a bowl of rice, a bowl of rice, a bowl of rice, a bowl of rice, a bowl of rice, a bowl of rice, a bowl of rice, a bowl of rice, a bowl of rice, a bowl of rice, a bowl of rice, a bowl of rice, a bowl of rice, a bowl of rice, a bowl of rice, a bowl of rice, a bowl of rice, a bowl of rice, a bowl of rice, a bowl of rice, a bowl of rice, a bowl of rice, a bowl of rice, a bowl of rice, a bowl of rice, a bowl of rice, a bowl of rice, a bowl of rice, a bowl of rice, a bowl of rice, a bowl of rice, a bowl of rice, a bowl of rice, a bowl of rice, a bowl of rice, a bowl of rice, a bowl of rice, a bowl of rice, a bowl of rice, a bowl of rice, a bowl of rice, a bowl of rice, a bowl of rice, a bowl of rice, a bowl of rice, a bowl of rice, a bowl of rice, a bowl of rice, a bowl of rice, a bowl of rice, a bowl of rice, a bowl of rice, a bowl of rice, a bowl of rice, a bowl of rice, a	a simple popular dinner especially during the summer is the pa amb oli bread with olive oil tomato and any available condiments such as cheese tunafish etc
A simple meal for people, such as a bowl of rice, a bowl of rice, a bowl of rice, a bowl of rice, a bowl of rice, a bowl of rice, a bowl of rice, a bowl of rice, a bowl of rice, a bowl of rice, a bowl of rice, a bowl of rice, a bowl of rice, a bowl of rice, a bowl of rice, a bowl of rice, a bowl of rice, a bowl of rice, a bowl of rice, a bowl of rice, a bowl of rice, a bowl of rice, a bowl of rice, a bowl of rice, a bowl of rice, a bowl of rice, a bowl of rice, a bowl of rice, a bowl of rice, a bowl of rice, a bowl of rice, a bowl of rice, a bowl of rice, a bowl of rice, a bowl of rice, a bowl of rice, a bowl of rice, a bowl of rice, a bowl of rice, a bowl of rice, a bowl of rice, a bowl of rice, a bowl of rice, a bowl of rice, a bowl of rice, a bowl of rice, a bowl of rice, a bowl of rice, a bowl of rice, a bowl of rice, a bowl of rice, a bowl of rice, a bowl of rice, a bowl of rice, a bowl of rice, a bowl of rice, a bowl of rice, a bowl of rice, a bowl of rice, a bowl of rice, a bowl of rice, a bowl of rice, a bowl of rice, a bowl of rice, a bowl of rice, a bowl of rice, a bowl of rice, a bowl of rice, a bowl of rice, a bowl of rice, a bowl of rice, a bowl of rice, a bowl of rice, a bowl of rice, a bowl of rice, a bowl of rice, a bowl of rice, a bowl of rice, a bowl of rice, a bowl of rice, a bowl of rice, a bowl of rice, a bowl of rice, a bowl of rice, a bowl of rice, a bowl of rice, a bowl of rice, a	a simple popular dinner especially during the summer is the pa amb oli bread with olive oil tomato and any available condiments such as cheese tunafish etc
Although the European Union is relatively small, it has many independent countries. In general, under the general situation, the International Women's Republic must apply for a visa, and experience a lot of passport inspection.	europe is a continent that is relatively small but with many independent countries under normal circumstances travelling through multiple countries would mean having to go through visa applications and passport control multiple times
Although the European Union is relatively small, it has many independent countries. In general, under the general situation, the International Women's Republic must apply for a visa, and experience a lot of passport inspection.	europe is a continent that is relatively small but with many independent countries under normal circumstances travelling through multiple countries would mean having to go through visa applications and passport control multiple times
Scott Turb, a 4.0.3-litre engine with a new D-Line engine, stopped in Los Angeles.	scotturb bus 403 travels regularly to sintra stopping at cabo da roca
Scott Turb, a 4.0.3-litre engine with a new D-Line engine, stopped in Los Angeles.	scotturb bus 403 travels regularly to sintra stopping at cabo da roca
It is said that it is the most expensive knife in the world. It is said that it is the most expensive knife in the world. It is said that it is the most expensive knife in the world. It is said that it is the most expensive knife in the world. It is said that it is the most expensive knife in the world. It is said that it is the most expensive knife in the world. It is said that it is the most expensive knife in the world. It is said that it is the most expensive knife in the world. It is said that it is the most expensive knife in the world. It is said that it is the most expensive knife in the world. It is said that it is the most expensive knife in the world. It is said that it is the most expensive knife in the world. It is said that it is the most expensive knife in the world. It is said that it is the most expensive knife in the world. It is said that it is the most expensive knife in the world. It is said that it is the most expensive knife in the world. It is said that it is the most expensive knife in the world. It is said that it is the most expensive knife in the world. It is said that it is the most expensive knife in the world. It is said that it is the most expensive knife in the world. It is said that it is the most expensive knife in the world. It is said that it is the most expensive knife in the world. It is said that it is the most expensive knife in the world. It is said that it is the most expensive knife in the world. It is said that it is the most expensive knife in the world. It is said that it is the most expensive knife in the world. It is said that it is the most expensive knife in the world. It is said that it is the most expensive knife in the world. It is said that it is the most expensive knife in the world. It is said that it is the most expensive knife in the world. It is said that it is the most expensive knife in the world. It is said that it is the most expensive knife	apia is the capital of samoa the town is on the island of upolu and has a population of just under 40,000
It is said that it is the most expensive knife in the world. It is said that it is the most expensive knife in the world. It is said that it is the most expensive knife in the world. It is said that it is the most expensive knife in the world. It is said that it is the most expensive knife in the world. It is said that it is the most expensive knife in the world. It is said that it is the most expensive knife in the world. It is said that it is the most expensive knife in the world. It is said that it is the most expensive knife in the world. It is said that it is the most expensive knife in the world. It is said that it is the most expensive knife in the world. It is said that it is the most expensive knife in the world. It is said that it is the most expensive knife in the world. It is said that it is the most expensive knife in the world. It is said that it is the most expensive knife in the world. It is said that it is the most expensive knife in the world. It is said that it is the most expensive knife in the world. It is said that it is the most expensive knife in the world. It is said that it is the most expensive knife in the world. It is said that it is the most expensive knife in the world. It is said that it is the most expensive knife in the world. It is said that it is the most expensive knife in the world. It is said that it is the most expensive knife in the world. It is said that it is the most expensive knife in the world. It is said that it is the most expensive knife in the world. It is said that it is the most expensive knife in the world. It is said that it is the most expensive knife in the world. It is said that it is the most expensive knife in the world. It is said that it is the most expensive knife in the world. It is said that it is the most expensive knife in the world. It is said that it is the most expensive knife in the world. It is said that it is the most expensive knife	apia is the capital of samoa the town is on the island of upolu and has a population of just under 40,000
Through the sharing of education, there is a chance that it will start traveling and share the experience of traveling to the future class.	sharing a field trip virtually is also a great way to reflect a on a trip and share experiences with future classes
Through the sharing of education, there is a chance that it will start traveling and share the experience of traveling to the future class.	sharing a field trip virtually is also a great way to reflect a on a trip and share experiences with future classes
The U.S. Embassy in the U.S. will support the U.S.-U.S. Security Council and the U.S. Embassy in the U.S. will support the U.S. Embassy in the U.S. will support the U.S. Embassy in the U.S. will support the U.S. Embassy in the U.S. will support the U.S. will support the U.S. will support the U.S. will support the U.S. will support the U.S. will support the U.S. will support the U.S. will support the U.S. will support the U.S. will support the U.S. will support the U.S. will support the U.S. will support the U.S. will support the U.S. will support the U.S. will support the U.S. will support the U.S. will support the U.S. will support the U.S. will support the U.S. will support the U.S. will support the U.S. will support the U.S. will support the U.S. will support the U.S. will support the U.S. will support the U.S. will support the U.S. will support the U.S. will support the U.S. will support the U.S. will support the U.S. will support the U.S. will support the U.S. will support the U.S. will support the U.S. will support the U.S. will support the U.S. will support the U.S. will support the U.S. will support the U.S. will support the U.S. will support the U.S. will support the U.S. will support the U.S. will support the U.S. will support the U.S. will support the U.S. will support the U.S. will support the U.S will support the U.S will support the U.S will support the	usa gymnastics supports the united states olympic committee's letter and accepts the absolute need of the olympic family to promote a safe environment for all of our athletes
The U.S. Embassy in the U.S. will support the U.S.-U.S. Security Council and the U.S. Embassy in the U.S. will support the U.S. Embassy in the U.S. will support the U.S. Embassy in the U.S. will support the U.S. Embassy in the U.S. will support the U.S. will support the U.S. will support the U.S. will support the U.S. will support the U.S. will support the U.S. will support the U.S. will support the U.S. will support the U.S. will support the U.S. will support the U.S. will support the U.S. will support the U.S. will support the U.S. will support the U.S. will support the U.S. will support the U.S. will support the U.S. will support the U.S. will support the U.S. will support the U.S. will support the U.S. will support the U.S. will support the U.S. will support the U.S. will support the U.S. will support the U.S. will support the U.S. will support the U.S. will support the U.S. will support the U.S. will support the U.S. will support the U.S. will support the U.S. will support the U.S. will support the U.S. will support the U.S. will support the U.S. will support the U.S. will support the U.S. will support the U.S. will support the U.S. will support the U.S. will support the U.S. will support the U.S. will support the U.S. will support the U.S. will support the U.S. will support the U.S. will support the U.S will support the U.S will support the U.S will support the	usa gymnastics supports the united states olympic committee's letter and accepts the absolute need of the olympic family to promote a safe environment for all of our athletes
In the 60s, the most famous was the Han Dynasty, the Han Dynasty and the Qing Dynasty.	also between each dynasty was an unstable age of divided provinces the best-known of these periods was the three kingdoms epoch taking place for 60 years between the han and the jin dynasty
In the 60s, the most famous was the Han Dynasty, the Han Dynasty and the Qing Dynasty.	also between each dynasty was an unstable age of divided provinces the best-known of these periods was the three kingdoms epoch taking place for 60 years between the han and the jin dynasty
In addition to the new competition, Carpenter and Carpanel also participated in the two-way competition.	beyond wednesday's event carpanedo competed in two individual races at the championships
In addition to the new competition, Carpenter and Carpanel also participated in the two-way competition.	beyond wednesday's event carpanedo competed in two individual races at the championships
First of all, most of the rides are dressed with shoes, followed by shoes on the platform, shoes on the platform, shoes on the platform, shoes on the platform, shoes on the platform, shoes on the platform, shoes on the platform, shoes on the platform, shoes on the platform, shoes on the platform, shoes on the platform, shoes on the platform, shoes on the platform, shoes on the platform, shoes on the platform, shoes on the platform, shoes on the platform, shoes on the platform, shoes on the platform, shoes on the platform, shoes on the platform, shoes on the platform, shoes on the platform, shoes on the platform, shoes on the platform, shoes on the platform, shoes on the platform, shoes on the platform, shoes on the platform, shoes on the platform, shoes on the platform, shoes on the platform, shoes on the platform, shoes on the platform, shoes on the platform, shoes on the platform, shoes on the platform, shoes on the platform, shoes on the platform, shoes on the platform, shoes on the platform, shoes on the platform, shoes on the platform, shoes on the platform, shoes on the platform, shoes on the platform, shoes on the platform, shoes on the platform, shoes on the platform, shoes on the platform, shoes on the platform, shoes on the platform, shoes on the platform, shoes on the platform, shoes on the platform, shoes on the platform, shoes on the platform, shoes on the platform, shoes on the platform, shoes on the platform, shoes on the platform, shoes on the platform, shoes on the platform, shoes on the platform, shoes on the platform, shoes on the platform, shoes on the platform, shoes on the platform, shoes on the platform, shoes on the platform, shoes on the platform, shoes on the platform, shoes on the platform, shoes on the platform, shoes on the platform, shoes on the platform,	first most riders wear riding boots with a heel and a smooth quite narrow sole
First of all, most of the rides are dressed with shoes, followed by shoes on the platform, shoes on the platform, shoes on the platform, shoes on the platform, shoes on the platform, shoes on the platform, shoes on the platform, shoes on the platform, shoes on the platform, shoes on the platform, shoes on the platform, shoes on the platform, shoes on the platform, shoes on the platform, shoes on the platform, shoes on the platform, shoes on the platform, shoes on the platform, shoes on the platform, shoes on the platform, shoes on the platform, shoes on the platform, shoes on the platform, shoes on the platform, shoes on the platform, shoes on the platform, shoes on the platform, shoes on the platform, shoes on the platform, shoes on the platform, shoes on the platform, shoes on the platform, shoes on the platform, shoes on the platform, shoes on the platform, shoes on the platform, shoes on the platform, shoes on the platform, shoes on the platform, shoes on the platform, shoes on the platform, shoes on the platform, shoes on the platform, shoes on the platform, shoes on the platform, shoes on the platform, shoes on the platform, shoes on the platform, shoes on the platform, shoes on the platform, shoes on the platform, shoes on the platform, shoes on the platform, shoes on the platform, shoes on the platform, shoes on the platform, shoes on the platform, shoes on the platform, shoes on the platform, shoes on the platform, shoes on the platform, shoes on the platform, shoes on the platform, shoes on the platform, shoes on the platform, shoes on the platform, shoes on the platform, shoes on the platform, shoes on the platform, shoes on the platform, shoes on the platform, shoes on the platform, shoes on the platform, shoes on the platform, shoes on the platform, shoes on the platform,	first most riders wear riding boots with a heel and a smooth quite narrow sole
When the organization uses all the useful resources of the artificial intelligence service, they can use them to create the power of creativity and independence.	when all available resources are effectively used across the functional departments of an organization creativity and ingenuity can transpire
Within a short period of two weeks, the U.S. military and the French military released a new plan and moved to Germany.	in just two weeks the americans and free french forces had liberated southern france and were turning towards germany
Within a short period of two weeks, the U.S. military and the French military released a new plan and moved to Germany.	in just two weeks the americans and free french forces had liberated southern france and were turning towards germany
English-style teaching is not a method of learning, but rather a kind of responsibility, which can be used to develop new learning experiences or to start new projects, and help others to provide support.	scaffolding is not a method of learning but rather an aid that provides support to individuals whom are undergoing a new learning experience such as using a new computer program or beginning a new project
English-style teaching is not a method of learning, but rather a kind of responsibility, which can be used to develop new learning experiences or to start new projects, and help others to provide support.	scaffolding is not a method of learning but rather an aid that provides support to individuals whom are undergoing a new learning experience such as using a new computer program or beginning a new project
In fact, even if people know that it exists, it is not easy to find. Once you enter the cave, it is completely different from the rest of the world.	in fact it is not easy to find at all even if one knew it existed once inside the cave it is a total isolation
In fact, even if people know that it exists, it is not easy to find. Once you enter the cave, it is completely different from the rest of the world.	in fact it is not easy to find at all even if one knew it existed once inside the cave it is a total isolation
Therefore, it is a good friend that will become a lot of good friends in the future.	thus the pencil was a good friend to many people when it came out
The most convenient way to use the plant is to use the leaves of the leaves to pick up the seeds, but not to pick them up. It is very difficult to digest the animals of the leader of the group, so it is very difficult to digest the animals of the leader, so it is very difficult to digest the animals of the leader, so it is very difficult to digest the animals of the leader, so it is very difficult to digest the animals of the leader, so it is very difficult to digest the animals of the leader, so it is very difficult to digest the animals of the leader, so it is very difficult to digest the animals of the leader, so it is very difficult to digest the animals of the leader, so it is very difficult to digest the animals of the leader, so it is very difficult to digest the animals of the leader, so it is very difficult to digest the animals of the leader, so it is very difficult to digest the animals of the leader, so it is very difficult to digest the animals of the leader, so it is very difficult to digest the animals of the leader, so it is very difficult to digest the animals of the leader, so it is very difficult to digest the animals of the leader, so it is very difficult to digest the animals of the leader, so it is very difficult to digest the animals of the leader, so it is very difficult to digest the animals of the leader, so it is very difficult to digest the animals of the leader, so it is very difficult to digest the animals of the leader, so it is very difficult to digest the animals of the leader, so it is very difficult to digest the animals of the leader, so it is very difficult to digest the animals of the leader, so it is very difficult to digest the animals of the leader, so it is very difficult to digest the animals of the leader, so it is very difficult to digest the animals of the leader, so it is very difficult to digest the, so it is very difficult to digest the, so it is very difficult to digest the, so it is very difficult to digest the, so it is very difficult to digest the, so it is very	the most readily accessible plant resources would have been the proteins accessible in leaves and legumes but these are hard for primates like us to digest unless they are cooked
The most convenient way to use the plant is to use the leaves of the leaves to pick up the seeds, but not to pick them up. It is very difficult to digest the animals of the leader of the group, so it is very difficult to digest the animals of the leader, so it is very difficult to digest the animals of the leader, so it is very difficult to digest the animals of the leader, so it is very difficult to digest the animals of the leader, so it is very difficult to digest the animals of the leader, so it is very difficult to digest the animals of the leader, so it is very difficult to digest the animals of the leader, so it is very difficult to digest the animals of the leader, so it is very difficult to digest the animals of the leader, so it is very difficult to digest the animals of the leader, so it is very difficult to digest the animals of the leader, so it is very difficult to digest the animals of the leader, so it is very difficult to digest the animals of the leader, so it is very difficult to digest the animals of the leader, so it is very difficult to digest the animals of the leader, so it is very difficult to digest the animals of the leader, so it is very difficult to digest the animals of the leader, so it is very difficult to digest the animals of the leader, so it is very difficult to digest the animals of the leader, so it is very difficult to digest the animals of the leader, so it is very difficult to digest the animals of the leader, so it is very difficult to digest the animals of the leader, so it is very difficult to digest the animals of the leader, so it is very difficult to digest the animals of the leader, so it is very difficult to digest the animals of the leader, so it is very difficult to digest the animals of the leader, so it is very difficult to digest the animals of the leader, so it is very difficult to digest the, so it is very difficult to digest the, so it is very difficult to digest the, so it is very difficult to digest the, so it is very difficult to digest the, so it is very	the most readily accessible plant resources would have been the proteins accessible in leaves and legumes but these are hard for primates like us to digest unless they are cooked
This is the end of this video. See you in the next video.	for the springboks it ended a five-match losing streak
This is the end of this video. See you in the next video.	for the springboks it ended a five-match losing streak
Please don't forget to subscribe to my channel and turn on the notification bell to get notified when I upload a new video.	do not deface the site by marking or scratching graffiti into structures
Please don't forget to subscribe to my channel and turn on the notification bell to get notified when I upload a new video.	do not deface the site by marking or scratching graffiti into structures
In the meeting of the President of the United Nations, please seek to modify the environmental law of the conservative party and request that the whole face be changed to the environmental law of the conservative party.	layton had asked for changes to the conservatives' environmental bill during the meeting with the pm asking for a thorough and complete rewriting of the conservative party's environmental bill
In the meeting of the President of the United Nations, please seek to modify the environmental law of the conservative party and request that the whole face be changed to the environmental law of the conservative party.	layton had asked for changes to the conservatives' environmental bill during the meeting with the pm asking for a thorough and complete rewriting of the conservative party's environmental bill
Press and hold the switch in the air-to-air mode to control the action and movement of the electronic game.	this will allow players to control actions and movements in video games by moving the device through the air
However, two years after the end of the war, the allies had already become enemies. The war began.	with two years of the end of the war the former allies were now enemies and the cold war began
In addition to the phenomenon of eye-dryness, it also affects the brain, bones, and the brain, including the brain and the central area. The central area of the brain and the central area of the brain are the symptoms of the disease.	ms is a disease that affects the central nervous system which is made up of the brain the spinal cord and the optic nerve
In addition to the phenomenon of eye-dryness, it also affects the brain, bones, and the brain, including the brain and the central area. The central area of the brain and the central area of the brain are the symptoms of the disease.	ms is a disease that affects the central nervous system which is made up of the brain the spinal cord and the optic nerve
At the age of 53, this year, less than the previous year, he signed an agreement with the Supreme Court on the consent of the Supreme Court.	cuomo 53 began his governorship earlier this year and signed a bill last month legalizing same-sex marriage
At the age of 53, this year, less than the previous year, he signed an agreement with the Supreme Court on the consent of the Supreme Court.	cuomo 53 began his governorship earlier this year and signed a bill last month legalizing same-sex marriage
On Saturday night, U.S. President Donald Trump passed a statement by the U.S. Senate that the U.S. military had come to arrest him.	late on sunday the united states president donald trump in a statement delivered via the press secretary announced us troops would be leaving syria
On Saturday night, U.S. President Donald Trump passed a statement by the U.S. Senate that the U.S. military had come to arrest him.	late on sunday the united states president donald trump in a statement delivered via the press secretary announced us troops would be leaving syria
On the other side of the large area, there are few people, and there are almost no people.	large areas further north are quite sparsely populated and some is nearly uninhabited wilderness
On the other side of the large area, there are few people, and there are almost no people.	large areas further north are quite sparsely populated and some is nearly uninhabited wilderness
Other places in the city of Italy, such as Borla, where there is a lot of people, especially in Borla.	in many other cities of italy and in the rest of the world particularly in poland similar setups were made which were viewed by a great number of people
Other places in the city of Italy, such as Borla, where there is a lot of people, especially in Borla.	in many other cities of italy and in the rest of the world particularly in poland similar setups were made which were viewed by a great number of people
20-year-old research shows that there are two kinds of genetic changes that lead to life-threatening.	twentieth century research has shown that there are two pools of genetic variation hidden and expressed
20-year-old research shows that there are two kinds of genetic changes that lead to life-threatening.	twentieth century research has shown that there are two pools of genetic variation hidden and expressed
Some people think it's the opposite, but many people think it's the opposite. They think the sun is inside, the sun is, and even the other stars are trying to move the earth.	some people thought he was right but many people believed the opposite; that the solar system moved around the earth including the sun and even the other stars
Some people think it's the opposite, but many people think it's the opposite. They think the sun is inside, the sun is, and even the other stars are trying to move the earth.	some people thought he was right but many people believed the opposite; that the solar system moved around the earth including the sun and even the other stars
However, according to the novel, the new region's transportation method takes one country.	the schengen zone however works somewhat like one country in this respect
However, according to the novel, the new region's transportation method takes one country.	the schengen zone however works somewhat like one country in this respect
The price of duck skin duck is $40,000. The price of the duck is $40,000. The price of the duck is $40,000. The price of the duck is $40,000. The price of the duck is $40,000. The price of the duck is $40,000. The price of the duck is $40,000. The price of the duck is $40,000. The price of the duck is $40,000. The price of the duck is $40,000. The price of the duck is $40,000. The price of the duck is $40,000. The price of the duck is $40,000. The price of the duck is $40,000. The price of the duck is $40,000. The price of the duck is $40,000. The price of the duck is $40,000. The price of the duck is $40,000. The price of the duck is $40,000. The price of the duck is $40,000. The price of the duck is $40,000. The price of the duck is $40,000. The price of the duck is $40,000. The price of the duck is $40,000. The price of the duck is $40,000. The price of the duck is $40,000. The price of the duck is $40,000. The price of the duck is $40,000. The price of the duck is $40,000. The price of the duck is $40,000. The price of the duck is $40,000. The price of the duck is $40,000. The price of the duck is $40,000. The price of the duck is $40,000. The price of the duck is $40,000. The price of the duck is $40,000. The price of the duck is $40,000. The price of the duck is $40,000. The price of the duck is $40,000. The price of the duck is $40,000. The price of	apia is the capital of samoa the town is on the island of upolu and has a population of just under 40,000
The price of duck skin duck is $40,000. The price of the duck is $40,000. The price of the duck is $40,000. The price of the duck is $40,000. The price of the duck is $40,000. The price of the duck is $40,000. The price of the duck is $40,000. The price of the duck is $40,000. The price of the duck is $40,000. The price of the duck is $40,000. The price of the duck is $40,000. The price of the duck is $40,000. The price of the duck is $40,000. The price of the duck is $40,000. The price of the duck is $40,000. The price of the duck is $40,000. The price of the duck is $40,000. The price of the duck is $40,000. The price of the duck is $40,000. The price of the duck is $40,000. The price of the duck is $40,000. The price of the duck is $40,000. The price of the duck is $40,000. The price of the duck is $40,000. The price of the duck is $40,000. The price of the duck is $40,000. The price of the duck is $40,000. The price of the duck is $40,000. The price of the duck is $40,000. The price of the duck is $40,000. The price of the duck is $40,000. The price of the duck is $40,000. The price of the duck is $40,000. The price of the duck is $40,000. The price of the duck is $40,000. The price of the duck is $40,000. The price of the duck is $40,000. The price of the duck is $40,000. The price of the duck is $40,000. The price of the duck is $40,000. The price of	apia is the capital of samoa the town is on the island of upolu and has a population of just under 40,000
During the independence campaign, the 13 states first followed the help of the federal government to eliminate the central government, and the country would try to be the only one to ask for it.	during the revolutionary war the thirteen states first formed a weak central government-with the congress being its only component-under the articles of confederation
During the independence campaign, the 13 states first followed the help of the federal government to eliminate the central government, and the country would try to be the only one to ask for it.	during the revolutionary war the thirteen states first formed a weak central government-with the congress being its only component-under the articles of confederation
Diwixing and Guizhixing's extreme climate phenomena include cold, frost, ice, sandstorm and sandstorm.	regional and seasonal severe weather phenomena include blizzards snowstorms ice storms and dust storms
Diwixing and Guizhixing's extreme climate phenomena include cold, frost, ice, sandstorm and sandstorm.	regional and seasonal severe weather phenomena include blizzards snowstorms ice storms and dust storms
If you want to buy a wildcard ticket, it's better. This ticket can allow you to enter a park that has a certain spirit, or any country park in South Africa.	it may also be beneficial for one to buy a wild card which provides entry to either selections of parks in south africa or all of the south african national parks
If you want to buy a wildcard ticket, it's better. This ticket can allow you to enter a park that has a certain spirit, or any country park in South Africa.	it may also be beneficial for one to buy a wild card which provides entry to either selections of parks in south africa or all of the south african national parks
It is said that there are two people in the family who have been separated from each other for two years, and there is no mention of their relationship with each other in the story.	duvall who is married with two adult children did not leave a big impression on miller to whom the story was related
It is said that there are two people in the family who have been separated from each other for two years, and there is no mention of their relationship with each other in the story.	duvall who is married with two adult children did not leave a big impression on miller to whom the story was related
On the other hand, in many countries, ice-cold climate is also very common, and traffic is almost all year long.	on the other hand icy and snowy conditions are normal in many countries and traffic goes on mostly uninterrupted all year round
On the other hand, in many countries, ice-cold climate is also very common, and traffic is almost all year long.	on the other hand icy and snowy conditions are normal in many countries and traffic goes on mostly uninterrupted all year round
It should be found that there are two types of materials that can be used to improve the ability to enter the system.	the find also grants insight into the evolution of feathers in birds
It should be found that there are two types of materials that can be used to improve the ability to enter the system.	the find also grants insight into the evolution of feathers in birds
The client must listen to the advice of the authorities and follow all the instructions and keep an eye on the security guards.	still take advice from authorities obey all signs and pay close attention to safety warnings
The client must listen to the advice of the authorities and follow all the instructions and keep an eye on the security guards.	still take advice from authorities obey all signs and pay close attention to safety warnings
Finland is a very suitable place for fishing. There are thousands of lakes in Finland, and thousands of lakes in Finland.	finland is a great boating destination the land of a thousand lakes has thousands of islands too in the lakes and in the coastal archipelagos
Finland is a very suitable place for fishing. There are thousands of lakes in Finland, and thousands of lakes in Finland.	finland is a great boating destination the land of a thousand lakes has thousands of islands too in the lakes and in the coastal archipelagos
The Netherlands is a very suitable place for painting There are thousands of countries that call for the Netherlands to use a number of 2,000-year-old islands or sea islands	finland is a great boating destination the land of a thousand lakes has thousands of islands too in the lakes and in the coastal archipelagos
The Netherlands is a very suitable place for painting There are thousands of countries that call for the Netherlands to use a number of 2,000-year-old islands or sea islands	finland is a great boating destination the land of a thousand lakes has thousands of islands too in the lakes and in the coastal archipelagos
Although I am not sure, but I think it is possible that they have a chance to break up. They will be the turtle, the giant fish, the other birds, the mouse, and even the ant.	we don't know for sure but it may have had a forked tongue its diet included turtles large fish other mosasaurs and it may even have been a cannibal
Although I am not sure, but I think it is possible that they have a chance to break up. They will be the turtle, the giant fish, the other birds, the mouse, and even the ant.	we don't know for sure but it may have had a forked tongue its diet included turtles large fish other mosasaurs and it may even have been a cannibal
Let's take a look at the most effective position of the filming set. See you in the next video.	it states that the most effective place for the main subject is at the intersection of lines dividing the image into thirds vertically and horizontally see example
Let's take a look at the most effective position of the filming set. See you in the next video.	it states that the most effective place for the main subject is at the intersection of lines dividing the image into thirds vertically and horizontally see example
It was also the time of the separation of the East and the West. The most famous is the era of the three countries between the Han Dynasty and the Qing Dynasty.	also between each dynasty was an unstable age of divided provinces the best-known of these periods was the three kingdoms epoch taking place for 60 years between the han and the jin dynasty
It was also the time of the separation of the East and the West. The most famous is the era of the three countries between the Han Dynasty and the Qing Dynasty.	also between each dynasty was an unstable age of divided provinces the best-known of these periods was the three kingdoms epoch taking place for 60 years between the han and the jin dynasty
The study of the study of the study of the study of the study of the study of the study of the study of the study of the study of the study of the study of the study of the study of the study of the study of the study of the study of the study of the study of the study of the study of the study of the study of the study of the study of the study of the study of the study of the study of the study of the study of the study of the study of the study of the study of the study of the study of the study of the study of the study of the study of the study of the study of the study of the study of the study of the study of the study of the study of the study of the study of the study of the study of the study of the study of the study of the study of the study of the study of the study of the study of the study of the study of the study of the study of the study of the study of the study of the study of the study of the study of the study of the study of the study of the study of the study of the study of the study of the study of the study of the study of the study of the study of the study of the study of the study of the study of the study of the study of the study of the study of study of the study of the study of the study of study of the study of the study of the study of study of the study of study of the study of study of the study of study of the study of study of the study of study of the study of study of study of the study of study of study of the study of study of study of the study of study of study of study of study of study of study of study of study of study of study of study of study of study of study of study of study of study of study of study of study of study of study of study of study of study of study of study of study of study of study of study of study of study of study of study of study of study of study of study of study of study of study of study of study of study of study of study of study	the correlation between brain pathology and behaviour supports scientists in their research
The study of the study of the study of the study of the study of the study of the study of the study of the study of the study of the study of the study of the study of the study of the study of the study of the study of the study of the study of the study of the study of the study of the study of the study of the study of the study of the study of the study of the study of the study of the study of the study of the study of the study of the study of the study of the study of the study of the study of the study of the study of the study of the study of the study of the study of the study of the study of the study of the study of the study of the study of the study of the study of the study of the study of the study of the study of the study of the study of the study of the study of the study of the study of the study of the study of the study of the study of the study of the study of the study of the study of the study of the study of the study of the study of the study of the study of the study of the study of the study of the study of the study of the study of the study of the study of the study of the study of the study of the study of the study of the study of the study of study of the study of the study of the study of study of the study of the study of the study of study of the study of study of the study of study of the study of study of the study of study of the study of study of the study of study of study of the study of study of study of the study of study of study of the study of study of study of study of study of study of study of study of study of study of study of study of study of study of study of study of study of study of study of study of study of study of study of study of study of study of study of study of study of study of study of study of study of study of study of study of study of study of study of study of study of study of study of study of study of study of study of study of study	the correlation between brain pathology and behaviour supports scientists in their research
On the other hand, in many countries, ice-cold climate is very common and communication opportunities have disappeared.	on the other hand icy and snowy conditions are normal in many countries and traffic goes on mostly uninterrupted all year round
On the other hand, in many countries, ice-cold climate is very common and communication opportunities have disappeared.	on the other hand icy and snowy conditions are normal in many countries and traffic goes on mostly uninterrupted all year round
Yesterday, a member of the Committee of the National Assembly of the National Assembly of the National Assembly of the National Assembly of the National Assembly of the National Assembly of the National Assembly of the National Assembly of the National Assembly of the National Assembly of the National Assembly of the National Assembly of the National Assembly of the National Assembly of the National Assembly of the National Assembly of the National Assembly of the National Assembly of the National Assembly of the National Assembly of the National Assembly of the National Assembly of the National Assembly of the National Assembly of the National Assembly of the National Assembly of the National Assembly of the National Assembly of the National Assembly of the National Assembly of the National Assembly of the National Assembly of the National Assembly of the National Assembly of the National Assembly of the National Assembly of the National Assembly of the National Assembly of the National Assembly of the National Assembly of the National Assembly of the National Assembly of the National Assembly of the National Assembly of the National Assembly of the National Assembly of the National Assembly of the National Assembly of the National Assembly of the National Assembly of the National Assembly of the National Assembly of the National Assembly of the National Assembly of the National Assembly of the National Assembly of the National Assembly of the National Assembly of the National Assembly of the National Assembly of the National Assembly of the National Assembly of the National Assembly of the National Assembly of the National Assembly of the National Assembly of the National Assembly of the National Assembly of the National Assembly of the National Assembly of the National Assembly of the National Assembly of the National Assembly of the National Assembly of the National Assembly of the National Assembly of the National Assembly of the National Assembly of the National Assembly of the National Assembly of the National Assembly of the National Assembly of the National Assembly of the National Assembly of the National Assembly of the National Assembly of the National Assembly of the National Assembly of the National Assembly of the National Assembly of the National Assembly of the National Assembly of the National Assembly of the National Assembly of the National Assembly of the National Assembly of the National Assembly of the National Assembly of the National Assembly of the National Assembly of the National Assembly of the National Assembly of the National Assembly of the National Assembly of the National Assembly of the National Assembly of the National Assembly of the National Assembly of the National Assembly of	martelly swore in a new provisional electoral council cep of nine members yesterday
Yesterday, a member of the Committee of the National Assembly of the National Assembly of the National Assembly of the National Assembly of the National Assembly of the National Assembly of the National Assembly of the National Assembly of the National Assembly of the National Assembly of the National Assembly of the National Assembly of the National Assembly of the National Assembly of the National Assembly of the National Assembly of the National Assembly of the National Assembly of the National Assembly of the National Assembly of the National Assembly of the National Assembly of the National Assembly of the National Assembly of the National Assembly of the National Assembly of the National Assembly of the National Assembly of the National Assembly of the National Assembly of the National Assembly of the National Assembly of the National Assembly of the National Assembly of the National Assembly of the National Assembly of the National Assembly of the National Assembly of the National Assembly of the National Assembly of the National Assembly of the National Assembly of the National Assembly of the National Assembly of the National Assembly of the National Assembly of the National Assembly of the National Assembly of the National Assembly of the National Assembly of the National Assembly of the National Assembly of the National Assembly of the National Assembly of the National Assembly of the National Assembly of the National Assembly of the National Assembly of the National Assembly of the National Assembly of the National Assembly of the National Assembly of the National Assembly of the National Assembly of the National Assembly of the National Assembly of the National Assembly of the National Assembly of the National Assembly of the National Assembly of the National Assembly of the National Assembly of the National Assembly of the National Assembly of the National Assembly of the National Assembly of the National Assembly of the National Assembly of the National Assembly of the National Assembly of the National Assembly of the National Assembly of the National Assembly of the National Assembly of the National Assembly of the National Assembly of the National Assembly of the National Assembly of the National Assembly of the National Assembly of the National Assembly of the National Assembly of the National Assembly of the National Assembly of the National Assembly of the National Assembly of the National Assembly of the National Assembly of the National Assembly of the National Assembly of the National Assembly of the National Assembly of the National Assembly of the National Assembly of the National Assembly of the National Assembly of the National Assembly of the National Assembly of the National Assembly of	martelly swore in a new provisional electoral council cep of nine members yesterday
Make the bottom of the bottom of the bottom of the high and the bottom of the bottom of the high and the bottom of the bottom of the bottom of the high and the bottom of the bottom of the bottom of the bottom of the high and the bottom of the bottom of the bottom of the bottom of the bottom of the bottom of the bottom of the bottom of the bottom of the bottom of the bottom of the bottom of the bottom of the bottom of the bottom of the bottom of the bottom of the bottom of the bottom of the bottom of the bottom of the bottom of the bottom of the bottom of the bottom of the bottom of the bottom of the bottom of the bottom of the bottom of the bottom of the bottom of the bottom of the bottom of the bottom of the bottom of the bottom of the bottom of the bottom of the bottom of the bottom of the bottom of the bottom of the bottom of the bottom of the bottom of the bottom of the bottom of the bottom of the bottom of bottom of the bottom of bottom of the bottom of bottom of the bottom of bottom of bottom of the bottom of bottom of bottom of bottom of bottom of bottom of bottom of bottom of bottom of bottom of bottom of bottom of bottom of bottom of bottom of bottom of bottom of bottom of bottom of bottom of bottom of bottom of bottom of bottom of bottom of bottom of bottom of bottom of bottom of bottom of bottom of bottom of bottom of bottom of bottom of bottom of bottom of bottom of bottom of bottom of bottom of bottom of bottom of bottom of bottom of bottom of bottom of bottom of bottom of bottom of bottom of bottom of bottom of bottom of bottom of bottom of bottom of bottom of bottom of bottom of bottom of bottom of bottom of bottom of bottom of bottom of bottom of bottom of bottom of bottom of bottom of bottom of bottom of bottom of bottom of bottom of bottom of bottom of bottom of bottom of bottom of bottom of bottom of bottom of bottom of bottom of bottom of bottom of bottom of bottom of bottom of bottom of bottom of bottom of bottom of bottom of bottom of bottom of bottom of bottom of bottom of bottom of bottom of bottom of bottom of bottom of bottom of bottom of bottom of bottom of bottom of bottom of bottom	it is thinner under the maria and thicker under the highlands
Make the bottom of the bottom of the bottom of the high and the bottom of the bottom of the high and the bottom of the bottom of the bottom of the high and the bottom of the bottom of the bottom of the bottom of the high and the bottom of the bottom of the bottom of the bottom of the bottom of the bottom of the bottom of the bottom of the bottom of the bottom of the bottom of the bottom of the bottom of the bottom of the bottom of the bottom of the bottom of the bottom of the bottom of the bottom of the bottom of the bottom of the bottom of the bottom of the bottom of the bottom of the bottom of the bottom of the bottom of the bottom of the bottom of the bottom of the bottom of the bottom of the bottom of the bottom of the bottom of the bottom of the bottom of the bottom of the bottom of the bottom of the bottom of the bottom of the bottom of the bottom of the bottom of the bottom of the bottom of the bottom of bottom of the bottom of bottom of the bottom of bottom of the bottom of bottom of bottom of the bottom of bottom of bottom of bottom of bottom of bottom of bottom of bottom of bottom of bottom of bottom of bottom of bottom of bottom of bottom of bottom of bottom of bottom of bottom of bottom of bottom of bottom of bottom of bottom of bottom of bottom of bottom of bottom of bottom of bottom of bottom of bottom of bottom of bottom of bottom of bottom of bottom of bottom of bottom of bottom of bottom of bottom of bottom of bottom of bottom of bottom of bottom of bottom of bottom of bottom of bottom of bottom of bottom of bottom of bottom of bottom of bottom of bottom of bottom of bottom of bottom of bottom of bottom of bottom of bottom of bottom of bottom of bottom of bottom of bottom of bottom of bottom of bottom of bottom of bottom of bottom of bottom of bottom of bottom of bottom of bottom of bottom of bottom of bottom of bottom of bottom of bottom of bottom of bottom of bottom of bottom of bottom of bottom of bottom of bottom of bottom of bottom of bottom of bottom of bottom of bottom of bottom of bottom of bottom of bottom of bottom of bottom of bottom of bottom of bottom of bottom of bottom of bottom	it is thinner under the maria and thicker under the highlands
The dye will be dyed according to the color of the material.	the cabbage juice changes color depending on how acidic or basic alkaline the chemical is
The dye will be dyed according to the color of the material.	the cabbage juice changes color depending on how acidic or basic alkaline the chemical is
There are 20% of the ocean water in the earth.	a full 20% of the water that pours out of the planet's rivers into the oceans comes from the amazon
There are 20% of the ocean water in the earth.	a full 20% of the water that pours out of the planet's rivers into the oceans comes from the amazon
Sikun's behavior is very similar to the behavior of the wolf or the dog. These two animals are similar to us, but they are not very similar to other large-scale animals, and they are very similar to other animals, and they are very similar to other animals, and they are very similar to other animals, and they are very similar to other animals, and they are very similar to other animals, and they are very similar to other animals, and they are very similar to other animals, and they are very similar to other animals, and they are very similar to other animals, and they are very similar to other animals, and they are very similar to other animals, and they are very similar to other animals, and they are very similar to other animals, and they are very similar to other animals, and they are very similar to other animals, and they are very similar to other animals, and they are very similar to other animals, and they are very similar to other animals, and they are very similar to other animals, and they are very similar to other animals, and they are very similar to other animals, and they are very similar to other animals, and they are very similar to other animals, and they are very similar to other animals, and they are very similar to other animals, and they are very similar to other animals, and they are very similar to other animals, and they are very similar to other animals, and they are very similar to other animals, and they are very similar to other animals, and they are very similar to other animals, and they are very similar to other animals, and they are very similar to other animals, and they are very similar to other animals, and they are very similar to other animals, and they are very similar to other animals, and they are very similar to other animals, and they are very similar to other animals, and they are very similar to other animals, and they are very similar to other animals, and they are very similar to other animals, and they are very similar to other animals, and they are very similar to other animals, and they are very similar to other animals, and they are very similar to other animals,	lion prides act much like packs of wolves or dogs animals surprisingly similar to lions but not other big cats in behavior and also very deadly to their prey
Sikun's behavior is very similar to the behavior of the wolf or the dog. These two animals are similar to us, but they are not very similar to other large-scale animals, and they are very similar to other animals, and they are very similar to other animals, and they are very similar to other animals, and they are very similar to other animals, and they are very similar to other animals, and they are very similar to other animals, and they are very similar to other animals, and they are very similar to other animals, and they are very similar to other animals, and they are very similar to other animals, and they are very similar to other animals, and they are very similar to other animals, and they are very similar to other animals, and they are very similar to other animals, and they are very similar to other animals, and they are very similar to other animals, and they are very similar to other animals, and they are very similar to other animals, and they are very similar to other animals, and they are very similar to other animals, and they are very similar to other animals, and they are very similar to other animals, and they are very similar to other animals, and they are very similar to other animals, and they are very similar to other animals, and they are very similar to other animals, and they are very similar to other animals, and they are very similar to other animals, and they are very similar to other animals, and they are very similar to other animals, and they are very similar to other animals, and they are very similar to other animals, and they are very similar to other animals, and they are very similar to other animals, and they are very similar to other animals, and they are very similar to other animals, and they are very similar to other animals, and they are very similar to other animals, and they are very similar to other animals, and they are very similar to other animals, and they are very similar to other animals, and they are very similar to other animals, and they are very similar to other animals, and they are very similar to other animals, and they are very similar to other animals,	lion prides act much like packs of wolves or dogs animals surprisingly similar to lions but not other big cats in behavior and also very deadly to their prey
There were many men and women under the bridge, and many people were killed or killed, no matter whether it was an accident or an accident.	there are still many men and women alive who survived their time here and many more who had loved ones who were murdered or worked to death there jews and non-jews alike
There were many men and women under the bridge, and many people were killed or killed, no matter whether it was an accident or an accident.	there are still many men and women alive who survived their time here and many more who had loved ones who were murdered or worked to death there jews and non-jews alike
Tartic works have such a high level of quality and detail, which is why Tartic is one of the most popular and most popular artists in the world. There are many Tartic works, including Tartic.	his work is of such recognized quality and detail that he is one of the very few household names among philatelists some specialize in collecting his work alone
Tartic works have such a high level of quality and detail, which is why Tartic is one of the most popular and most popular artists in the world. There are many Tartic works, including Tartic.	his work is of such recognized quality and detail that he is one of the very few household names among philatelists some specialize in collecting his work alone
Trump and the President of the United States of America, Donald Trump, called on the president to send out a statement after the phone call.	the announcement was made after trump had a phone conversation with turkish president recep tayyip erdoğan
Trump and the President of the United States of America, Donald Trump, called on the president to send out a statement after the phone call.	the announcement was made after trump had a phone conversation with turkish president recep tayyip erdoğan
It is said that it is the most beloved city in the world, known as Dihok.	the surface of the moon is made of rocks and dust the outer layer of the moon is called the crust
It is said that it is the most beloved city in the world, known as Dihok.	the surface of the moon is made of rocks and dust the outer layer of the moon is called the crust
Of course, there are some teachings that the gods learn to understand the tradition, but it is likely that before the teachings came out, there were some spring and spring harvest ceremony.	there are of course christian theological explanations for this tradition but it may well be a pre-christian spring and fertility ritual
Of course, there are some teachings that the gods learn to understand the tradition, but it is likely that before the teachings came out, there were some spring and spring harvest ceremony.	there are of course christian theological explanations for this tradition but it may well be a pre-christian spring and fertility ritual
Because the sky was almost dark, it was a dark opportunity to see the light of the sky.	this offers a good opportunity to see the aurora borealis as the sky will be dark more or less around the clock
The whole day of the bus from the area to the station, the number of buses will be between 6.30 and 7.30, especially when you go to the east or K2, there will be no sugar bus.	buses depart the inter-district bus station across the river throughout the day though most especially those heading to the east and jakar/bumthang leave between 06:30 and 07:30
In the period of the period of the history of Europe, it became more and more likely that the Catholic Church would be under strict supervision.	during this period of european history the catholic church which had become rich and powerful came under scrutiny
In the period of the period of the history of Europe, it became more and more likely that the Catholic Church would be under strict supervision.	during this period of european history the catholic church which had become rich and powerful came under scrutiny
However, according to the novel, Shenzhen is a country with many operations.	the schengen zone however works somewhat like one country in this respect
However, according to the novel, Shenzhen is a country with many operations.	the schengen zone however works somewhat like one country in this respect
According to the report, he was more than 20 years old at the time, and a part of his life was short-lived. Although I was not at the scene at the time, I had no direct connection with Becats, but I was very concerned about the family and the period of time.	he was reportedly aged in his 20s. in a statement bieber said [w]hile i was not present nor directly involved with this tragic accident my thoughts and prayers are with the family of the victim.
According to the report, he was more than 20 years old at the time, and a part of his life was short-lived. Although I was not at the scene at the time, I had no direct connection with Becats, but I was very concerned about the family and the period of time.	he was reportedly aged in his 20s. in a statement bieber said [w]hile i was not present nor directly involved with this tragic accident my thoughts and prayers are with the family of the victim.
This is the scene where the incident happened in the High Mountain District. It is said that it was an enemy attack.	the crash occurred high up in mountainous terrain and is believed to have been the result of hostile fire
In addition to希臘學問的沒落,西方世界團開了其與希臘之學或科學的根源。	as knowledge of greek declined the west found itself cut off from its greek philosophical and scientific roots
In addition to希臘學問的沒落,西方世界團開了其與希臘之學或科學的根源。	as knowledge of greek declined the west found itself cut off from its greek philosophical and scientific roots
Later, he was transferred to Adenborough Hospital, Adenborough Hospital.	he was subsequently relocated to addenbrooke's hospital in cambridge
Later, he was transferred to Adenborough Hospital, Adenborough Hospital.	he was subsequently relocated to addenbrooke's hospital in cambridge
When the Kundalini comes, the Kundalini's energy will flow through the yoga movement, the呼吸 movement, the Mandala-touman, and the vajra-vajra-vajra-vajra-vajra-vajra-vajra-vajra-vajra-vajra-vajra-vajra-vajra-vajra-vajra-vajra-vajra-vajra-vajra-vajra-vajra-vajra-vajra-vajra-vajra-vajra-vajra-vajra-vajra-vajra-vajra-vajra-vajra-vajra-vajra-vajra-vajra-vajra-vajra-vajra-vajra-vajra-vajra-vajra-vajra-vajra-vajra-vajra-vajra-vajra-vajra-vajra-vajra-vajra-vajra-vajra-vajra-vajra-vajra-vajra-vajra-vajra-vajra-vajra-vajra-vajra-vajra-vajra-vajra-vajra-vajra-vajra-vajra-vajra-vajra-vajra-vajra-vajra-vajra-vajra-vajra-vajra-vajra-vajra-vajra-vajra-vajra-vajra-vajra-vajra-vajra-vajra-vajra-vajra-vajra-vajra-vajra-vajra-vajra-vajra-vajra-vajra-v	with kundalini yoga the kundalini energy enlightenment energy is awakened through yoga postures breathing exercises mantras and visualizations
When the Kundalini comes, the Kundalini's energy will flow through the yoga movement, the呼吸 movement, the Mandala-touman, and the vajra-vajra-vajra-vajra-vajra-vajra-vajra-vajra-vajra-vajra-vajra-vajra-vajra-vajra-vajra-vajra-vajra-vajra-vajra-vajra-vajra-vajra-vajra-vajra-vajra-vajra-vajra-vajra-vajra-vajra-vajra-vajra-vajra-vajra-vajra-vajra-vajra-vajra-vajra-vajra-vajra-vajra-vajra-vajra-vajra-vajra-vajra-vajra-vajra-vajra-vajra-vajra-vajra-vajra-vajra-vajra-vajra-vajra-vajra-vajra-vajra-vajra-vajra-vajra-vajra-vajra-vajra-vajra-vajra-vajra-vajra-vajra-vajra-vajra-vajra-vajra-vajra-vajra-vajra-vajra-vajra-vajra-vajra-vajra-vajra-vajra-vajra-vajra-vajra-vajra-vajra-vajra-vajra-vajra-vajra-vajra-vajra-vajra-vajra-vajra-vajra-vajra-v	with kundalini yoga the kundalini energy enlightenment energy is awakened through yoga postures breathing exercises mantras and visualizations
People know that the 25-page version of the book is still in the original version of the original version of the original version of the original version of the original version of the original version of the original version of the original version of the original version of the original version of the original version of the original version of the original version of the original version of the original version of the original version of the original version of the original version of the original version of the original version of the original version of the original version of the original version of the original version of the original version of the original version of the original version of the original version of the original version of the original version of the original version of the original version of the original version of the original version of the original version of the original version of the original version of the original version of the original version of the original version of the original version of the original version of the original version of the original version of the original version of the original version of the original version of the original version of the original version of the original version of the original version of the original version of the original version of the original version of the original version of the original version of the original version of the original version of the original version of the original version of the original version of the original version of the original version of the original version of the original version of the original version of the original version of the original version of the original version of the original version of the original version of the original version of the original version of the original version of the original version of the original version of the original version of the original version of the original version of the original version of the original version of the original version of the original version of the original version of the original version of the original version of the original version of the original version of the original version of the original version of the original version of the original version of the original version of the original version of the original version of the original version of the original version of the original version of the original version of the original version of the original version of the original version of the original version of the original version of the original version of the original version of the original version of the original	the 25 dunlap broadsides still known to exist are the oldest surviving copies of the document the original handwritten copy has not survived
People know that the 25-page version of the book is still in the original version of the original version of the original version of the original version of the original version of the original version of the original version of the original version of the original version of the original version of the original version of the original version of the original version of the original version of the original version of the original version of the original version of the original version of the original version of the original version of the original version of the original version of the original version of the original version of the original version of the original version of the original version of the original version of the original version of the original version of the original version of the original version of the original version of the original version of the original version of the original version of the original version of the original version of the original version of the original version of the original version of the original version of the original version of the original version of the original version of the original version of the original version of the original version of the original version of the original version of the original version of the original version of the original version of the original version of the original version of the original version of the original version of the original version of the original version of the original version of the original version of the original version of the original version of the original version of the original version of the original version of the original version of the original version of the original version of the original version of the original version of the original version of the original version of the original version of the original version of the original version of the original version of the original version of the original version of the original version of the original version of the original version of the original version of the original version of the original version of the original version of the original version of the original version of the original version of the original version of the original version of the original version of the original version of the original version of the original version of the original version of the original version of the original version of the original version of the original version of the original version of the original version of the original version of the original version of the original version of the original version of the original version of the original	the 25 dunlap broadsides still known to exist are the oldest surviving copies of the document the original handwritten copy has not survived
There is no release of any marine warning, and according to Agada de Calamari's statement, there is no release of any marine warning, and there is no release of any marine warning, and there is no release of any marine warning, and there is no release of any marine warning, and there is no release of any marine warning, and there is no release of any marine warning, and there is no release of any marine warning, and there is no release of any marine warning, and there is no release of any marine warning, and there is no release of any marine warning, and there is no release of any marine warning, and there is no release of any marine warning, and there is no release of any marine warning, and there is no release of any marine warning, and there is no release of any marine warning, and there is no release of any marine warning, and there is no release of any marine warning, and there is no release of any marine warning, and there is no release of any marine warning, and there is no release of any marine warning, and there is no release of any marine warning, and there is no release of any marine warning, and there is no release of any marine warning, and there is no release of any marine warning, and there is no release of any marine warning, and there is no release of any marine warning, and there is no release of any marine warning, and there is no release of any marine warning, and there is no release of any marine warning, and there is no release of any marine warning, and there is no release of any marine warning, and there is no release of any marine warning, and there is no release of any marine warning, and there is no release of any marine warning, and there is no release of any marine warning, and there is no release of any marine warning, and there is no release of any marine warning, and there is no release of any marine warning, and there is no release of any marine warning, and there is no release of any marine warning, and there is no release of any marine warning, and there is no release of any marine warning, and there is no	no tsunami warning has been issued and according to the jakarta geophysics agency no tsunami warning will be issued because the quake did not meet the magnitude 6.5 requirement
There is no release of any marine warning, and according to Agada de Calamari's statement, there is no release of any marine warning, and there is no release of any marine warning, and there is no release of any marine warning, and there is no release of any marine warning, and there is no release of any marine warning, and there is no release of any marine warning, and there is no release of any marine warning, and there is no release of any marine warning, and there is no release of any marine warning, and there is no release of any marine warning, and there is no release of any marine warning, and there is no release of any marine warning, and there is no release of any marine warning, and there is no release of any marine warning, and there is no release of any marine warning, and there is no release of any marine warning, and there is no release of any marine warning, and there is no release of any marine warning, and there is no release of any marine warning, and there is no release of any marine warning, and there is no release of any marine warning, and there is no release of any marine warning, and there is no release of any marine warning, and there is no release of any marine warning, and there is no release of any marine warning, and there is no release of any marine warning, and there is no release of any marine warning, and there is no release of any marine warning, and there is no release of any marine warning, and there is no release of any marine warning, and there is no release of any marine warning, and there is no release of any marine warning, and there is no release of any marine warning, and there is no release of any marine warning, and there is no release of any marine warning, and there is no release of any marine warning, and there is no release of any marine warning, and there is no release of any marine warning, and there is no release of any marine warning, and there is no release of any marine warning, and there is no release of any marine warning, and there is no release of any marine warning, and there is no	no tsunami warning has been issued and according to the jakarta geophysics agency no tsunami warning will be issued because the quake did not meet the magnitude 6.5 requirement
The joint national disease specialist, Danny Yee-land, said in the cut-out that the package may be made by the Weihua Ministry of Health.	danielle lantagne a un expert on the disease stated the outbreak was likely caused by the peacekeepers
The joint national disease specialist, Danny Yee-land, said in the cut-out that the package may be made by the Weihua Ministry of Health.	danielle lantagne a un expert on the disease stated the outbreak was likely caused by the peacekeepers
According to the Ministry of Health and Welfare, including the Ministry of Internal Affairs, there is no need to have a visa and check the relevant regulations.	saint petersburg cruises include time in town. cruise passengers are exempted from visa requirements check the terms
According to the Ministry of Health and Welfare, including the Ministry of Internal Affairs, there is no need to have a visa and check the relevant regulations.	saint petersburg cruises include time in town. cruise passengers are exempted from visa requirements check the terms
After about 1 minute, the wind was about 70 cm high and the rain was heavy and there was a lot of rain. The rain was heavy and there was a lot of rain and there was a lot of rain and there was a lot of rain and there was a lot of rain and there was a lot of rain and there was a lot of rain and there was a lot of rain and there was a lot of rain and there was a lot of rain and there was a lot of rain and there was a lot of rain and there was a lot of rain and there was a lot of rain and there was a lot of rain and there was a lot of rain and there was a lot of rain and there was a lot of rain and there was a lot of rain and there was a lot of rain and there was a lot of rain and there was a lot of rain and there was a lot of rain and there was a lot of rain and there was a lot of rain and there was a lot of rain and there was a lot of rain and there was a lot of rain and there was a lot of rain and there was a lot of rain and there was a lot of rain and there was a lot of rain and there was a lot of rain and there was a lot of rain and there was a lot of rain and there was a lot of rain and there was a lot of rain and there was a lot of rain and there was a lot of rain and there was a lot of rain and there was a lot of rain and there was a lot of rain and there was a lot of rain and there was a lot of rain and there was a lot of rain and there was a lot of rain and there was a lot of rain and there was a lot of rain and there was a lot of rain and there was a lot of rain and there was a lot of rain and there was a lot of rain and there was a lot of rain and there was a lot of rain and there was a lot of rain and there was a lot of rain and there was a lot of rain and there was a lot of rain and there was a lot of rain and there was a lot of rain and there	five minutes into the display a wind starts rolling in about a minute later the wind is reaching 70km/h... then the rain comes but so hard and so large that it slaps your skin like a needle then hail fell from the sky people panicking and screaming and running over each other
After about 1 minute, the wind was about 70 cm high and the rain was heavy and there was a lot of rain. The rain was heavy and there was a lot of rain and there was a lot of rain and there was a lot of rain and there was a lot of rain and there was a lot of rain and there was a lot of rain and there was a lot of rain and there was a lot of rain and there was a lot of rain and there was a lot of rain and there was a lot of rain and there was a lot of rain and there was a lot of rain and there was a lot of rain and there was a lot of rain and there was a lot of rain and there was a lot of rain and there was a lot of rain and there was a lot of rain and there was a lot of rain and there was a lot of rain and there was a lot of rain and there was a lot of rain and there was a lot of rain and there was a lot of rain and there was a lot of rain and there was a lot of rain and there was a lot of rain and there was a lot of rain and there was a lot of rain and there was a lot of rain and there was a lot of rain and there was a lot of rain and there was a lot of rain and there was a lot of rain and there was a lot of rain and there was a lot of rain and there was a lot of rain and there was a lot of rain and there was a lot of rain and there was a lot of rain and there was a lot of rain and there was a lot of rain and there was a lot of rain and there was a lot of rain and there was a lot of rain and there was a lot of rain and there was a lot of rain and there was a lot of rain and there was a lot of rain and there was a lot of rain and there was a lot of rain and there was a lot of rain and there was a lot of rain and there was a lot of rain and there was a lot of rain and there was a lot of rain and there was a lot of rain and there was a lot of rain and there	five minutes into the display a wind starts rolling in about a minute later the wind is reaching 70km/h... then the rain comes but so hard and so large that it slaps your skin like a needle then hail fell from the sky people panicking and screaming and running over each other
There are more people coming out, so not everyone can enter, more than 100 people come to the square to participate in the event.	the number of people present was so large that it was not possible for everybody to gain access to the funeral in st peter's square
There are more people coming out, so not everyone can enter, more than 100 people come to the square to participate in the event.	the number of people present was so large that it was not possible for everybody to gain access to the funeral in st peter's square
He thought the door was open for cars, cars, and other equipment.	it has brought us the train the car and many other transportation devices
He thought the door was open for cars, cars, and other equipment.	it has brought us the train the car and many other transportation devices
There is a reason for the resignation of the foreign authorities, which has led to the establishment of the National Assembly of the National Assembly of the National Assembly of the National Assembly of the National Assembly of the National Assembly of the National Assembly of the National Assembly of the National Assembly of the National Assembly of the National Assembly of the National Assembly of the National Assembly of the National Assembly of the National Assembly of the National Assembly of the National Assembly of the National Assembly of the National Assembly of the National Assembly of the National Assembly of the National Assembly of the National Assembly of the National Assembly of the National Assembly of the National Assembly of the National Assembly of the National Assembly of the National Assembly of the National Assembly of the National Assembly of the National Assembly of the National Assembly of the National Assembly of the National Assembly of the National Assembly of the National Assembly of the National Assembly of the National Assembly of the National Assembly of the National Assembly of the National Assembly of the National Assembly of the National Assembly of the National Assembly of the National Assembly of the National Assembly of the National Assembly of the National Assembly of the National Assembly of the National Assembly of the National Assembly of the National Assembly of the National Assembly of the National Assembly of the National Assembly of the National Assembly of the National Assembly of the National Assembly of the National Assembly of the National Assembly of the National Assembly of the National Assembly of the National Assembly of the National Assembly of the National Assembly of the National Assembly of the National Assembly of the National Assembly of the National Assembly of the National Assembly of the National Assembly of the National Assembly of the National Assembly of the National Assembly of the National Assembly of the National Assembly of the National Assembly of the National Assembly of the National Assembly of the National Assembly of the National Assembly of the National Assembly of the National Assembly of the National Assembly of the National Assembly of the National Assembly of the National Assembly of the National Assembly of the National Assembly of the National Assembly of the National Assembly of the National Assembly of the National Assembly of the National Assembly of the National Assembly of the National Assembly of the National Assembly of the National Assembly of the National Assembly of the National Assembly of the National Assembly of the National Assembly of the National Assembly of the National Assembly of the National Assembly of the	huhne has resigned and he will be replaced in the cabinet by ed davey mp norman lamb mp is expected to take the business minister job davey is vacating
There is a reason for the resignation of the foreign authorities, which has led to the establishment of the National Assembly of the National Assembly of the National Assembly of the National Assembly of the National Assembly of the National Assembly of the National Assembly of the National Assembly of the National Assembly of the National Assembly of the National Assembly of the National Assembly of the National Assembly of the National Assembly of the National Assembly of the National Assembly of the National Assembly of the National Assembly of the National Assembly of the National Assembly of the National Assembly of the National Assembly of the National Assembly of the National Assembly of the National Assembly of the National Assembly of the National Assembly of the National Assembly of the National Assembly of the National Assembly of the National Assembly of the National Assembly of the National Assembly of the National Assembly of the National Assembly of the National Assembly of the National Assembly of the National Assembly of the National Assembly of the National Assembly of the National Assembly of the National Assembly of the National Assembly of the National Assembly of the National Assembly of the National Assembly of the National Assembly of the National Assembly of the National Assembly of the National Assembly of the National Assembly of the National Assembly of the National Assembly of the National Assembly of the National Assembly of the National Assembly of the National Assembly of the National Assembly of the National Assembly of the National Assembly of the National Assembly of the National Assembly of the National Assembly of the National Assembly of the National Assembly of the National Assembly of the National Assembly of the National Assembly of the National Assembly of the National Assembly of the National Assembly of the National Assembly of the National Assembly of the National Assembly of the National Assembly of the National Assembly of the National Assembly of the National Assembly of the National Assembly of the National Assembly of the National Assembly of the National Assembly of the National Assembly of the National Assembly of the National Assembly of the National Assembly of the National Assembly of the National Assembly of the National Assembly of the National Assembly of the National Assembly of the National Assembly of the National Assembly of the National Assembly of the National Assembly of the National Assembly of the National Assembly of the National Assembly of the National Assembly of the National Assembly of the National Assembly of the National Assembly of the National Assembly of the National Assembly of the National Assembly of the National Assembly of the	huhne has resigned and he will be replaced in the cabinet by ed davey mp norman lamb mp is expected to take the business minister job davey is vacating
Since the beginning of 1988, the voting box had to be transparent, allowing voters to see that the voting box began to run out of信封, and, in addition, the voting box had to enter the信封, and there was no other way to enter the信封.	since 1988 ballot boxes must be transparent so that voters and observers can witness that no envelopes are present at the start of the vote and that no envelopes are added except those of the duly counted and authorized voters
Since the beginning of 1988, the voting box had to be transparent, allowing voters to see that the voting box began to run out of信封, and, in addition, the voting box had to enter the信封, and there was no other way to enter the信封.	since 1988 ballot boxes must be transparent so that voters and observers can witness that no envelopes are present at the start of the vote and that no envelopes are added except those of the duly counted and authorized voters
It is said that the world's most popular image of the photo frame is 35mm, which is similar to the era of low-end film, which was mainly made up of low-end film.	for example the most common still image photography format in the world is 35mm which was the dominant film size at the close of the analog film era
It is said that the world's most popular image of the photo frame is 35mm, which is similar to the era of low-end film, which was mainly made up of low-end film.	for example the most common still image photography format in the world is 35mm which was the dominant film size at the close of the analog film era
Put it on the bottom of the sea to make it thinner, and make it at the bottom of the high and low point.	it is thinner under the maria and thicker under the highlands
Put it on the bottom of the sea to make it thinner, and make it at the bottom of the high and low point.	it is thinner under the maria and thicker under the highlands
It seems to be suitable for you because the feeling of the earth has been lost for a long time, is not it?	this seems sensible because the earth doesn't feel as if it's moving does it
It seems to be suitable for you because the feeling of the earth has been lost for a long time, is not it?	this seems sensible because the earth doesn't feel as if it's moving does it
There are few people in the area who have a chance to eat the food of the people.	large areas further north are quite sparsely populated and some is nearly uninhabited wilderness
There are few people in the area who have a chance to eat the food of the people.	large areas further north are quite sparsely populated and some is nearly uninhabited wilderness
According to the leak of the document, the document will be presented to Balasitana, hoping that before the Middle East war in 1960, the border will be divided by the border.	the document according to the leak will refer to the borders dispute which palestine wants based on the borders before the 1967 mideast war
According to the leak of the document, the document will be presented to Balasitana, hoping that before the Middle East war in 1960, the border will be divided by the border.	the document according to the leak will refer to the borders dispute which palestine wants based on the borders before the 1967 mideast war
Therefore, it is no longer a matter of time to become a good friend of many people.	thus the pencil was a good friend to many people when it came out
North Mali-Arnab-Khundu emergency management office said they did not receive a return from the domestic election.	the northern marianas emergency management office said that there were no damages reported in the nation
North Mali-Arnab-Khundu emergency management office said they did not receive a return from the domestic election.	the northern marianas emergency management office said that there were no damages reported in the nation
In the warm air in the middle of the East, there is still a lot of material left to be covered by the dust.	in the warm climate of the middle east the house was not so important
In the warm air in the middle of the East, there is still a lot of material left to be covered by the dust.	in the warm climate of the middle east the house was not so important
Let the people's attention be recognized.	several large television screens were installed in various places in rome to let the people watch the ceremony
Due to the current age of the modern-day culture, there is no serious financial crisis. They usually stay in the city or school. It is easier for the modern-day architecture to be built in the modern-day culture.	as light pollution in their heyday was not the kind of problem it is today they are usually located in cities or at campuses easier to reach than those built in modern times
Due to the current age of the modern-day culture, there is no serious financial crisis. They usually stay in the city or school. It is easier for the modern-day architecture to be built in the modern-day culture.	as light pollution in their heyday was not the kind of problem it is today they are usually located in cities or at campuses easier to reach than those built in modern times
The Buddha's image of the Buddha's image of the Buddha's image of the Buddha's image of the Buddha's image of the Buddha's image of the Buddha's image of the Buddha's image of the Buddha's image of the Buddha's image of the Buddha's image of the Buddha's image of the Buddha's image of the Buddha's image of the Buddha's image of the Buddha's image of the Buddha's image of the Buddha's image of the Buddha's image of the Buddha's image of the Buddha's image of the Buddha's image of the Buddha's image of the Buddha's image of the Buddha's image of the Buddha's image of the Buddha's image of the Buddha's image of the Buddha's image of the Buddha's image of the Buddha's image of the Buddha's image of the Buddha's image of the Buddha's image of the Buddha's image of the Buddha's image of the Buddha's image of the Buddha's image of the Buddha's image of the Buddha's image of the Buddha's image of the Buddha's image of the Buddha's image of the Buddha's image of the Buddha's image of the Buddha's image of the Buddha's image of the Buddha's image of the Buddha's image of the Buddha's image of the Buddha's image of the Buddha's image of the Buddha's image of the Buddha's image of the Buddha's image of the Buddha's image of the Buddha's image of the Buddha's image of the Buddha's image of the Buddha's image of the Buddha's image of the Buddha's image of the Buddha's image of the Buddha's image of the Buddha's image of the Buddha's image of the Buddha's image of the Buddha's image of the Buddha's image of the Buddha's image of the Buddha's image of the Buddha's image of the Buddha's image of the Buddha's image of the Buddha's image of the Buddha's image of the Buddha's image of the Buddha's image of the Buddha's image of the Buddha's image of the Buddha's image of the Buddha's image of the Buddha's image of the Buddha's image of the Buddha's image of the Buddha's image of the Buddha's image of the Buddha's image of the Buddha's image	the center of tibetan meditation is the deity yoga through the visualization of various deities the energy channels are cleaned the chakras are activated and the enlightenment consciousness is created
The Buddha's image of the Buddha's image of the Buddha's image of the Buddha's image of the Buddha's image of the Buddha's image of the Buddha's image of the Buddha's image of the Buddha's image of the Buddha's image of the Buddha's image of the Buddha's image of the Buddha's image of the Buddha's image of the Buddha's image of the Buddha's image of the Buddha's image of the Buddha's image of the Buddha's image of the Buddha's image of the Buddha's image of the Buddha's image of the Buddha's image of the Buddha's image of the Buddha's image of the Buddha's image of the Buddha's image of the Buddha's image of the Buddha's image of the Buddha's image of the Buddha's image of the Buddha's image of the Buddha's image of the Buddha's image of the Buddha's image of the Buddha's image of the Buddha's image of the Buddha's image of the Buddha's image of the Buddha's image of the Buddha's image of the Buddha's image of the Buddha's image of the Buddha's image of the Buddha's image of the Buddha's image of the Buddha's image of the Buddha's image of the Buddha's image of the Buddha's image of the Buddha's image of the Buddha's image of the Buddha's image of the Buddha's image of the Buddha's image of the Buddha's image of the Buddha's image of the Buddha's image of the Buddha's image of the Buddha's image of the Buddha's image of the Buddha's image of the Buddha's image of the Buddha's image of the Buddha's image of the Buddha's image of the Buddha's image of the Buddha's image of the Buddha's image of the Buddha's image of the Buddha's image of the Buddha's image of the Buddha's image of the Buddha's image of the Buddha's image of the Buddha's image of the Buddha's image of the Buddha's image of the Buddha's image of the Buddha's image of the Buddha's image of the Buddha's image of the Buddha's image of the Buddha's image of the Buddha's image of the Buddha's image of the Buddha's image of the Buddha's image of the Buddha's image	the center of tibetan meditation is the deity yoga through the visualization of various deities the energy channels are cleaned the chakras are activated and the enlightenment consciousness is created
The image is now on the gold tablet, and the lighting quality is a bit better than the other gold tablets.	the scenes are displayed on the pyramids and the different pyramids are lit up
The image is now on the gold tablet, and the lighting quality is a bit better than the other gold tablets.	the scenes are displayed on the pyramids and the different pyramids are lit up
If you are in the hospital, you will use the time after work to study the early stage of the early stage of the early stage of the early stage of the early stage of the early stage of the early stage of the early stage of the early stage of the early stage of the early stage of the early stage of the early stage of the early stage of the early stage of the early stage of the early stage of the early stage of the early stage of the early stage of the early stage of the early stage of the early stage of the early stage of the early stage of the early stage of the early stage of the early stage of the early stage of the early stage of the early stage of the early stage of the early stage of the early stage of the early stage of the early stage of the early stage of the early stage of the early stage of the early stage of the early stage of the early stage of the early stage of the early stage of the early stage of the early stage of the early stage of the early stage of the early stage of the early stage of the early stage of the early stage of the early stage of the early stage of the early stage of the early stage of the early stage of the early stage of the early stage of the early stage of the early stage of the early stage of the early stage of the early stage of the early stage of the early stage of the early stage of the early stage of the early stage of the early stage of the early stage of the early stage of the early stage of the early stage of the early stage of the early stage of the early stage of the early stage of the early stage of the early stage of the early stage of the early stage of the early stage of the early stage of the early stage of the early stage of the early stage of the early stage of the early stage of the early stage of the early stage of the early stage of the early stage of the early stage of the early stage of the early stage of the early stage of the early stage of the early stage of the early stage of the early stage of the early stage of the early stage of the early stage of the early stage of the early stage of the early stage of	while he was working at the hospital liggins began to investigate premature labor during his spare time
Draw it so that it has more moon and sea in it, so that it is easier to draw it to the surface.	there may be more maria on the near side because the crust is thinner it was easier for lava to rise up to the surface
Draw it so that it has more moon and sea in it, so that it is easier to draw it to the surface.	there may be more maria on the near side because the crust is thinner it was easier for lava to rise up to the surface
As for all the members of the Flying National Park, thank you for the daily maintenance and entry fee for the park.	as with all south african national parks there are daily conservation and entry fees for the park
As for all the members of the Flying National Park, thank you for the daily maintenance and entry fee for the park.	as with all south african national parks there are daily conservation and entry fees for the park
The decision of the man should be determined not to be afraid to stick to the立場, whether there is a cultural difference or not.	be firm in turning down men and don't be afraid to stand your ground cultural differences or not it doesn't make it ok!
The decision of the man should be determined not to be afraid to stick to the立場, whether there is a cultural difference or not.	be firm in turning down men and don't be afraid to stand your ground cultural differences or not it doesn't make it ok!
In the 1920s, most of the public and country's普遍態度 were peaceful and isolated.	during the 1920s the prevailing attitudes of most citizens and nations was that of pacifism and isolation
The traffic flow is the difference between the two places, and the traffic situation and the interaction between the elderly.	traffic flow is the study of the movement of individual drivers and vehicles between two points and the interactions they make with one another
The traffic flow is the difference between the two places, and the traffic situation and the interaction between the elderly.	traffic flow is the study of the movement of individual drivers and vehicles between two points and the interactions they make with one another
Although no one knows who wrote this document, but it is certain that the author of this document is a very large piece of paper document. The length is about 29.4 inches, and the length is 24.2 inches, and the length is 1.1 inches, and the length is 1.2 inches, and the length is 1.2 inches, and the length is 1.2 inches, and the length is 1.2 inches, and the length is 1.2 inches, and the length is 1.2 inches, and the length is 1.2 inches, and the length is 1.2 inches, and the length is 1.2 inches, and the length is 1.2 inches, and the length is 1.2 inches, and the length is 1.2 inches, and the length is 1.2 inches, and the length is 1.2 inches, and the length is 1.2 inches, and the length is 1.2 inches, and the length is 1.2 inches, and the length is 1.2 inches, and the length is 1.2 inches, and the length is 1.2 inches, and the length is 1.2 inches, and the length is 1.2 inches, and the length is 1.2 inches, and the length is 1.2 inches, and the length is 1.2 inches, and the length is 1.2 inches, and the length is 1.2 inches, and the length is 1.2 inches, and the length is 1.2 inches, and the length is 1.2 inches, and the length is 1.2 inches, and the length is 1.2 inches, and the length is 1.2 inches, and the length is 1.2 inches, and the length is 1.2 inches, and the length is 1.2 inches, and the length is 1.2 inches, and the length is 1.2 inches, and the length is 1.2 inches, and the length is 1.2 inches, and the length is 1.2 inches, and the length is 1.2 inches, and the length is 1.2 inches, and the	while no one knows for certain who wrote it it is known that early in its life the large parchment document it measures 29¾ inches by 24½ inches was rolled up for storage
However, there is still a need to communicate with the members of the seven-point network for the next 25-30 years.	however due to the slow communication channels styles in the west could lag behind by 25 to 30 year
However, there is still a need to communicate with the members of the seven-point network for the next 25-30 years.	however due to the slow communication channels styles in the west could lag behind by 25 to 30 year
You can use BOTA BOTA, motorbike, passenger car, and cruise ship. It is a normal local price, about 500 HKD.	you can use boda-boda motorcycle taxi to get around goma. the normal local price is ~500 congolese francs for the short ride
You can use BOTA BOTA, motorbike, passenger car, and cruise ship. It is a normal local price, about 500 HKD.	you can use boda-boda motorcycle taxi to get around goma. the normal local price is ~500 congolese francs for the short ride
The solution is to decide whether the decision-making process is more important than the cost-effectiveness of the cost-effectiveness of the cost-effectiveness of the cost-effectiveness of the cost-effectiveness of the cost-effectiveness of the cost-effectiveness of the cost-effectiveness of the cost-effectiveness of the cost-effectiveness of the cost-effectiveness of the cost-effectiveness of the cost-effectiveness of the cost-effectiveness of the cost-effectiveness of the cost-effectiveness of the cost-effectiveness of the cost-effectiveness of the cost-effectiveness of the cost-effectiveness of the cost-effectiveness of the cost-effectiveness of the cost-effectiveness of the cost-effectiveness of the cost-effectiveness of the cost-effectiveness of the cost-effectiveness of the cost-effectiveness of the cost-effectiveness of the cost-effectiveness of the cost-effectiveness of the cost-effectiveness of the cost-effectiveness of the cost-effectiveness of the cost-effectiveness of the cost-effectiveness of the cost-effectiveness of the cost-effectiveness of the cost-effectiveness of the cost-effectiveness of the cost-effectiveness of the cost-effectiveness of the cost-effectiveness of the cost-effectiveness of the cost-effectiveness of the cost-effectiveness of the cost-effectiveness of the cost-effectiveness of the cost-effectiveness of the cost-effectiveness of the cost-effectiveness of the cost-effectiveness of the cost-effectiveness of the cost-effectiveness of the cost-effectiveness of the cost-effectiveness of the cost-effectiveness of the cost-effectiveness of the cost-effectiveness of the cost-effectiveness of the cost-effectiveness of the cost-effectiveness of the cost-effectiveness of the cost-effectiveness of the cost-effectiveness of the cost-effectiveness of the cost-effectiveness of the cost-effectiveness of the cost-effectiveness of the cost-effectiveness of the cost-effectiveness of the cost-	romanticism had a large element of cultural determinism drawn from writers such as goethe fichte and schlegel
The solution is to decide whether the decision-making process is more important than the cost-effectiveness of the cost-effectiveness of the cost-effectiveness of the cost-effectiveness of the cost-effectiveness of the cost-effectiveness of the cost-effectiveness of the cost-effectiveness of the cost-effectiveness of the cost-effectiveness of the cost-effectiveness of the cost-effectiveness of the cost-effectiveness of the cost-effectiveness of the cost-effectiveness of the cost-effectiveness of the cost-effectiveness of the cost-effectiveness of the cost-effectiveness of the cost-effectiveness of the cost-effectiveness of the cost-effectiveness of the cost-effectiveness of the cost-effectiveness of the cost-effectiveness of the cost-effectiveness of the cost-effectiveness of the cost-effectiveness of the cost-effectiveness of the cost-effectiveness of the cost-effectiveness of the cost-effectiveness of the cost-effectiveness of the cost-effectiveness of the cost-effectiveness of the cost-effectiveness of the cost-effectiveness of the cost-effectiveness of the cost-effectiveness of the cost-effectiveness of the cost-effectiveness of the cost-effectiveness of the cost-effectiveness of the cost-effectiveness of the cost-effectiveness of the cost-effectiveness of the cost-effectiveness of the cost-effectiveness of the cost-effectiveness of the cost-effectiveness of the cost-effectiveness of the cost-effectiveness of the cost-effectiveness of the cost-effectiveness of the cost-effectiveness of the cost-effectiveness of the cost-effectiveness of the cost-effectiveness of the cost-effectiveness of the cost-effectiveness of the cost-effectiveness of the cost-effectiveness of the cost-effectiveness of the cost-effectiveness of the cost-effectiveness of the cost-effectiveness of the cost-effectiveness of the cost-effectiveness of the cost-effectiveness of the cost-effectiveness of the cost-effectiveness of the cost-	romanticism had a large element of cultural determinism drawn from writers such as goethe fichte and schlegel
Just as the moon is like a bridge to the earth,銀河是也對射手助星系施加了作用力。	just like the moon exerts a pull on the earth causing tides so does the milky way exert a force on the sagittarius galaxy
Scientists hope to understand the shape of the planet, especially the Earth, because the satellite is not enough to meet the Earth before.	scientists hope to understand how planets form especially how the earth formed since comets collided with the earth long ago
Scientists hope to understand the shape of the planet, especially the Earth, because the satellite is not enough to meet the Earth before.	scientists hope to understand how planets form especially how the earth formed since comets collided with the earth long ago
In the middle of the warm air in the Middle East, the防止就沒那麼重要了	in the warm climate of the middle east the house was not so important
In the middle of the warm air in the Middle East, the防止就沒那麼重要了	in the warm climate of the middle east the house was not so important
One of the observers was described as a black-and-white police officer, because a group of people were on the street, robbing a retail store.	bishkek was described as sinking into a state of anarchy by one observer as gangs of people roamed the streets and plundered stores of consumer goods
One of the observers was described as a black-and-white police officer, because a group of people were on the street, robbing a retail store.	bishkek was described as sinking into a state of anarchy by one observer as gangs of people roamed the streets and plundered stores of consumer goods
In the universe, all things that exist and exist and exist and exist and exist and exist and exist and exist and exist and exist and exist and exist and exist and exist and exist and exist and exist and exist and exist and exist and exist and exist and exist and exist and exist and exist and exist and exist and exist and exist and exist and exist and exist and exist and exist and exist and exist and exist and exist and exist and exist and exist and exist and exist and exist and exist and exist and exist and exist and exist and exist and exist and exist and exist and exist and exist and exist and exist and exist and exist and exist and exist and exist and exist and exist and exist and exist and exist and exist and exist and exist and exist and exist and exist and exist and exist and exist and exist and exist and exist and exist and exist and exist and exist and exist and exist and exist and exist and exist and exist and exist and exist and exist and exist and exist and exist and exist and exist and exist and exist and exist and exist and exist and exist and exist and exist and exist and exist and exist and exist and exist and exist and exist and exist and exist and exist and exist and exist and exist and exist and exist and exist and exist and exist and exist and exist and exist and exist and exist and exist and exist and exist and exist and exist and exist and exist and exist and exist and exist and exist and exist and exist and exist and exist and exist and exist and exist and exist and exist and exist and exist and exist and exist and exist and exist and exist and exist and exist and exist and exist and exist and exist and exist and exist and exist and exist and exist and exist and exist and exist and exist and exist and exist and exist and exist and exist and exist and exist and exist and exist and exist and exist and exist and exist and exist and exist and exist and exist and exist and exist and exist and exist and exist and exist and exist and exist and exist and exist and exist and exist and exist and exist and exist and exist and exist and exist and exist and exist and exist and exist and exist and exist and exist and exist and exist and exist and exist and exist and exist	everything in the universe is made of matter all matter is made of tiny particles called atoms
In the universe, all things that exist and exist and exist and exist and exist and exist and exist and exist and exist and exist and exist and exist and exist and exist and exist and exist and exist and exist and exist and exist and exist and exist and exist and exist and exist and exist and exist and exist and exist and exist and exist and exist and exist and exist and exist and exist and exist and exist and exist and exist and exist and exist and exist and exist and exist and exist and exist and exist and exist and exist and exist and exist and exist and exist and exist and exist and exist and exist and exist and exist and exist and exist and exist and exist and exist and exist and exist and exist and exist and exist and exist and exist and exist and exist and exist and exist and exist and exist and exist and exist and exist and exist and exist and exist and exist and exist and exist and exist and exist and exist and exist and exist and exist and exist and exist and exist and exist and exist and exist and exist and exist and exist and exist and exist and exist and exist and exist and exist and exist and exist and exist and exist and exist and exist and exist and exist and exist and exist and exist and exist and exist and exist and exist and exist and exist and exist and exist and exist and exist and exist and exist and exist and exist and exist and exist and exist and exist and exist and exist and exist and exist and exist and exist and exist and exist and exist and exist and exist and exist and exist and exist and exist and exist and exist and exist and exist and exist and exist and exist and exist and exist and exist and exist and exist and exist and exist and exist and exist and exist and exist and exist and exist and exist and exist and exist and exist and exist and exist and exist and exist and exist and exist and exist and exist and exist and exist and exist and exist and exist and exist and exist and exist and exist and exist and exist and exist and exist and exist and exist and exist and exist and exist and exist and exist and exist and exist and exist and exist and exist and exist and exist and exist and exist and exist and exist and exist and exist and exist and exist	everything in the universe is made of matter all matter is made of tiny particles called atoms
The strong wind, the ice, the rain or the snow, the night, the wind, the rain, the wind, the sea, the wind, the wind, the sea, the wind, the wind, the sea, the wind, the wind, the wind, the wind, the wind, the wind, the wind, the wind, the wind, the wind, the wind, the wind, the wind, the wind, the wind, the wind, the wind, the wind, the wind, the wind, the wind, the wind, the wind, the wind, the wind, the wind, the wind, the wind, the wind, the wind, the wind, the wind, the wind, the wind, the wind, the wind, the wind, the wind, the wind, the wind, the wind, the wind, the wind, the wind, the wind, the wind, the wind, the wind, the wind, the wind, the wind, the wind, the wind, the wind, the wind, the wind, the wind, the wind, the wind, the wind, the wind, the wind, the wind, the wind, the wind, the wind, the wind, the wind, the wind, the wind, the wind, the wind, the wind, the wind, the wind, the wind, the wind, the wind, the wind, the wind, the wind, the wind, the wind, the wind, the wind, the wind, the wind, the wind, the wind, the wind, the wind, the wind, the wind, the wind, the wind, the wind, the wind, the wind, the wind, the wind, the wind, the wind, the wind, the wind, the wind, the wind, the wind, the wind, the wind, wind, the wind, the wind, the wind, the wind, wind, the wind, the wind, wind, the wind, the wind, wind, the wind, the wind, wind, the wind, the wind, wind, the wind, the wind, wind, the wind, the wind, wind, the wind, the wind, the	high winds hail excessive precipitation and wildfires are forms and effects of severe weather as are thunderstorms tornadoes waterspouts and cyclones
The strong wind, the ice, the rain or the snow, the night, the wind, the rain, the wind, the sea, the wind, the wind, the sea, the wind, the wind, the sea, the wind, the wind, the wind, the wind, the wind, the wind, the wind, the wind, the wind, the wind, the wind, the wind, the wind, the wind, the wind, the wind, the wind, the wind, the wind, the wind, the wind, the wind, the wind, the wind, the wind, the wind, the wind, the wind, the wind, the wind, the wind, the wind, the wind, the wind, the wind, the wind, the wind, the wind, the wind, the wind, the wind, the wind, the wind, the wind, the wind, the wind, the wind, the wind, the wind, the wind, the wind, the wind, the wind, the wind, the wind, the wind, the wind, the wind, the wind, the wind, the wind, the wind, the wind, the wind, the wind, the wind, the wind, the wind, the wind, the wind, the wind, the wind, the wind, the wind, the wind, the wind, the wind, the wind, the wind, the wind, the wind, the wind, the wind, the wind, the wind, the wind, the wind, the wind, the wind, the wind, the wind, the wind, the wind, the wind, the wind, the wind, the wind, the wind, the wind, the wind, the wind, the wind, the wind, the wind, the wind, the wind, the wind, the wind, the wind, wind, the wind, the wind, the wind, the wind, wind, the wind, the wind, wind, the wind, the wind, wind, the wind, the wind, wind, the wind, the wind, wind, the wind, the wind, wind, the wind, the wind, wind, the wind, the wind, the	high winds hail excessive precipitation and wildfires are forms and effects of severe weather as are thunderstorms tornadoes waterspouts and cyclones
Pei Li said that he would continue to listen to the results of the decision-making meeting tonight to determine whether there was a chance for him to continue to listen to the election. But later he said that he would continue to participate in the election and participate in the first election of the 21st of January.	perry stated that he would return to texas to assess the results of tonight's caucus determine whether there is a path forward for myself in this race but later said that he would remain in the race and compete in the january 21 south carolina primary
Pei Li said that he would continue to listen to the results of the decision-making meeting tonight to determine whether there was a chance for him to continue to listen to the election. But later he said that he would continue to participate in the election and participate in the first election of the 21st of January.	perry stated that he would return to texas to assess the results of tonight's caucus determine whether there is a path forward for myself in this race but later said that he would remain in the race and compete in the january 21 south carolina primary
An Qiyi, in 2006, said that this is a way to help the organization achieve greater success.	angel 2006 explains the continuum approach as a method being used to help organizations reach a higher level of performance
Use the power supply format to the front of the screen to move a large number of people, and the format has the most efficient method.	using ships to transport goods is by far the most efficient way to move large amounts of people and goods across oceans
If you have any problems, please contact me at home.	these are sometimes-crowded family beaches with a good range of shops lining the shore swimming is safe
If you have any problems, please contact me at home.	these are sometimes-crowded family beaches with a good range of shops lining the shore swimming is safe
The Prime Minister's office said there were 19 police officers in the shopping mall.	the governor's office said nineteen of the injured were police officers
The Prime Minister's office said there were 19 police officers in the shopping mall.	the governor's office said nineteen of the injured were police officers
The company will usually provide special food, drinks, and entertainment to keep the customer's mood and mood, so that the latter can stay at the scene.	they usually have special food drink and entertainment offers to keep guests in a good mood and keep them at the premise
The company will usually provide special food, drinks, and entertainment to keep the customer's mood and mood, so that the latter can stay at the scene.	they usually have special food drink and entertainment offers to keep guests in a good mood and keep them at the premise
Taya participated in many countries' silk carving works, including Canada, 5-yuan and 100-yuan silk.	he was also engaged in engraving banknotes for many countries recent examples of his work including the prime ministerial portraits on the front of the new canadian $5 and $100 bills
Taya participated in many countries' silk carving works, including Canada, 5-yuan and 100-yuan silk.	he was also engaged in engraving banknotes for many countries recent examples of his work including the prime ministerial portraits on the front of the new canadian $5 and $100 bills
Saudi Arabia is the world's largest coastal port in the world. It has a sea level of 80.5 billion square meters and a sea level of 80.5 billion square meters and a sea level of 80.5 billion square meters and a sea level of 80.5 billion square meters and a sea level of 80.5 billion square meters and a sea level of 80.5 billion square meters and a sea level of 80.5 billion square meters and a sea level of 80.5 billion square meters and a sea level of 80.5 billion square meters and a sea level of 80.5 billion square meters and a sea level of 80.5 billion square meters and a sea level of 80.5 billion square meters and a sea level of 80.5 billion square meters and a sea level of 80.5 billion square meters and a sea level of 80.5 billion square meters and a sea level of 80.5 billion square meters and a sea level of 80.5 billion square meters and a sea level of 80.5 billion square meters and a sea level of 80.5 billion square meters and a sea level of 80.5 billion square meters and a sea level of 80.5 billion square meters and a sea level of 80.5 billion square meters and a sea level of 80.5 billion square meters and a sea level of 80.5 billion square meters and a sea level of 80.5 billion square meters and a sea level of 80.5 billion meters and a sea level of 80.5 billion meters and a sea level of 80.5 billion meters and a sea level of 80.5 billion meters and a sea level of 80.5 billion meters and a sea level of 80.5 billion meters and a sea level of 80.5 billion meters and a sea level of 80.5 billion meters and a sea level of 80.5 billion meters and a sea level of 80.5 billion meters and a level of 80.5 billion and a level of 80.5 billion and a level of 80.5 billion and a level of 80.5 billion and a level of 80.5 billion and a level of 80.5 billion and a level of 80.5	the sundarbans are the largest littoral mangrove belt in the world stretching 80 km 50 mi into the bangladeshi and indian hinterland from the coast
Saudi Arabia is the world's largest coastal port in the world. It has a sea level of 80.5 billion square meters and a sea level of 80.5 billion square meters and a sea level of 80.5 billion square meters and a sea level of 80.5 billion square meters and a sea level of 80.5 billion square meters and a sea level of 80.5 billion square meters and a sea level of 80.5 billion square meters and a sea level of 80.5 billion square meters and a sea level of 80.5 billion square meters and a sea level of 80.5 billion square meters and a sea level of 80.5 billion square meters and a sea level of 80.5 billion square meters and a sea level of 80.5 billion square meters and a sea level of 80.5 billion square meters and a sea level of 80.5 billion square meters and a sea level of 80.5 billion square meters and a sea level of 80.5 billion square meters and a sea level of 80.5 billion square meters and a sea level of 80.5 billion square meters and a sea level of 80.5 billion square meters and a sea level of 80.5 billion square meters and a sea level of 80.5 billion square meters and a sea level of 80.5 billion square meters and a sea level of 80.5 billion square meters and a sea level of 80.5 billion square meters and a sea level of 80.5 billion meters and a sea level of 80.5 billion meters and a sea level of 80.5 billion meters and a sea level of 80.5 billion meters and a sea level of 80.5 billion meters and a sea level of 80.5 billion meters and a sea level of 80.5 billion meters and a sea level of 80.5 billion meters and a sea level of 80.5 billion meters and a sea level of 80.5 billion meters and a level of 80.5 billion and a level of 80.5 billion and a level of 80.5 billion and a level of 80.5 billion and a level of 80.5 billion and a level of 80.5 billion and a level of 80.5	the sundarbans are the largest littoral mangrove belt in the world stretching 80 km 50 mi into the bangladeshi and indian hinterland from the coast
The mountain goat died about 10,000 years ago, and was buried in the Al-Zhaqat al-Nasr al-Nasr al-Nasr al-Nasr al-Nasr al-Nasr al-Nasr al-Nasr al-Nasr al-Nasr al-Nasr al-Nasr al-Nasr al-Nasr al-Nasr al-Nasr al-Nasr al-Nasr al-Nasr al-Nasr al-Nasr al-Nasr al-Nasr al-Nasr al-Nasr al-Nasr al-Nasr al-Nasr al-Nasr al-Nasr al-Nasr al-Nasr al-Nasr al-Nasr al-Nasr al-Nasr al-Nasr al-Nasr al-Nasr al-Nasr al-Nasr al-Nasr al-Nasr al-Nasr al-Nasr al-Nasr al-Nasr al-Nasr al-Nasr al-Nasr al-Nasr al-Nasr al-Nasr al-Nasr al-Nasr al-Nasr al-Nasr al-Nasr al-Nasr al-Nasr al-Nasr al-Nasr al-Nasr al-Nasr al-Nasr al-Nasr al-Nasr al-Nasr al-Nasr al-Nasr al-Nasr al-Nasr al-Nasr al-Nasr al-Nasr al-Nasr al-Nasr al-Nasr al-Nasr al-Nasr al-Nasr al-Nasr al-Nasr al-Nasr al-	goats seem to have been first domesticated roughly 10,000 years ago in the zagros mountains of iran
The mountain goat died about 10,000 years ago, and was buried in the Al-Zhaqat al-Nasr al-Nasr al-Nasr al-Nasr al-Nasr al-Nasr al-Nasr al-Nasr al-Nasr al-Nasr al-Nasr al-Nasr al-Nasr al-Nasr al-Nasr al-Nasr al-Nasr al-Nasr al-Nasr al-Nasr al-Nasr al-Nasr al-Nasr al-Nasr al-Nasr al-Nasr al-Nasr al-Nasr al-Nasr al-Nasr al-Nasr al-Nasr al-Nasr al-Nasr al-Nasr al-Nasr al-Nasr al-Nasr al-Nasr al-Nasr al-Nasr al-Nasr al-Nasr al-Nasr al-Nasr al-Nasr al-Nasr al-Nasr al-Nasr al-Nasr al-Nasr al-Nasr al-Nasr al-Nasr al-Nasr al-Nasr al-Nasr al-Nasr al-Nasr al-Nasr al-Nasr al-Nasr al-Nasr al-Nasr al-Nasr al-Nasr al-Nasr al-Nasr al-Nasr al-Nasr al-Nasr al-Nasr al-Nasr al-Nasr al-Nasr al-Nasr al-Nasr al-Nasr al-Nasr al-Nasr al-Nasr al-Nasr al-Nasr al-Nasr al-	goats seem to have been first domesticated roughly 10,000 years ago in the zagros mountains of iran
It is said that the disease may have a serious effect on the immune system, and it is said that the disease may have a serious effect on the immune system, and it is said that the disease may have a serious effect on the immune system, and it is said that the disease may have a serious effect on the immune system, and it is said that the disease may have a serious effect on the immune system, and it is said that the disease may have a serious effect on the immune system, and it is said that the disease may have a serious effect on the immune system, and it is said that the disease may have a serious effect on the immune system, and it is said that the disease may have a serious effect on the immune system, and it is said that the disease may have a serious effect on the immune system, and it is said that the disease may have a serious effect on the immune system, and it is said that the disease may have a serious effect on the immune system, and it is said that the disease may have a serious effect on the immune system, and it is said that the disease may have a serious effect on the immune system, and it is said that the disease may have a serious effect on the immune system, and it is said that the disease may have a serious effect on the immune system, and it is said that the disease may have a serious effect on the immune system, and it is said that the disease may have a serious effect on the immune system, and it is said that the disease may have a serious effect on the immune system, and it is said that the disease may have a serious effect on the immune system, and it is said that the disease may have a serious effect on the immune system, and it is said that the disease may have a serious effect on the immune system, and it is said that the disease may have a serious effect on the immune system, and it is said that the disease may have a serious effect on the immune system, and it is said that the disease may have a serious effect on the immune system, and it is said that the disease may have a serious effect on the immune system, and it is	feral children may have experienced severe child abuse or trauma before being abandoned or running away
It is said that the disease may have a serious effect on the immune system, and it is said that the disease may have a serious effect on the immune system, and it is said that the disease may have a serious effect on the immune system, and it is said that the disease may have a serious effect on the immune system, and it is said that the disease may have a serious effect on the immune system, and it is said that the disease may have a serious effect on the immune system, and it is said that the disease may have a serious effect on the immune system, and it is said that the disease may have a serious effect on the immune system, and it is said that the disease may have a serious effect on the immune system, and it is said that the disease may have a serious effect on the immune system, and it is said that the disease may have a serious effect on the immune system, and it is said that the disease may have a serious effect on the immune system, and it is said that the disease may have a serious effect on the immune system, and it is said that the disease may have a serious effect on the immune system, and it is said that the disease may have a serious effect on the immune system, and it is said that the disease may have a serious effect on the immune system, and it is said that the disease may have a serious effect on the immune system, and it is said that the disease may have a serious effect on the immune system, and it is said that the disease may have a serious effect on the immune system, and it is said that the disease may have a serious effect on the immune system, and it is said that the disease may have a serious effect on the immune system, and it is said that the disease may have a serious effect on the immune system, and it is said that the disease may have a serious effect on the immune system, and it is said that the disease may have a serious effect on the immune system, and it is said that the disease may have a serious effect on the immune system, and it is said that the disease may have a serious effect on the immune system, and it is	feral children may have experienced severe child abuse or trauma before being abandoned or running away
802.11 MB can run on 2.4GHz or 5.0GHz.	the 802.11n standard operates on both the 2.4ghz and 5.0ghz frequencies
M16 M16 M16 M16 M16 M16 M16 M16 M16 M16 M16 M16 M16 M16 M16 M16 M16 M16 M16 M16 M16 M16 M16 M16 M16 M16 M16 M16 M16 M16 M16 M16 M16 M16 M16 M16 M16 M16 M16 M16 M16 M16 M16 M16 M16 M16 M16 M16 M16 M16 M16 M16 M16 M16 M16 M16 M16 M16 M16 M16 M16 M16 M16 M16 M16 M16 M16 M16 M16 M16 M16 M16 M16 M16 M16 M16 M16 M16 M16 M16 M16 M16 M16 M16 M16 M16 M16 M16 M16 M16 M16 M16 M16 M16 M16 M16 M16 M16 M16 M16 M16 M16 M16 M16 M16 M16 M16 M16 M16 M16 M16 M16 M16 M16 M16 M16 M16 M16 M16 M16 M16 M16 M16 M16 M16 M16 M16 M16 M16 M16 M16 M16 M16 M16 M16 M16 M16 M16 M16 M16 M16 M16 M16 M16 M16 M16 M16 M16 M16 M16 M16 M16 M16 M16 M16 M16 M16 M16 M16 M16 M16 M16 M16 M16 M16 M16 M16 M16 M16 M16 M16 M16 M16 M16 M16 M16 M16 M16 M16 M16 M16 M16 M16 M16 M16 M16 M16 M16 M16 M16 M16 M16 M16 M16 M16 M16 M16 M16 M16 M16 M16 M16 M16 M16 M16 M16 M16 M16 M16 M16 M16 M16 M16 M16 M16 M16 M16 M16 M16 M16 M16 M16	rolando mendoza fired his m16 rifle at the tourists
The first of the 78 suggestions was that, before the end of this year, the new foreign minister of the Ministry of Foreign Affairs, Minister of Foreign Affairs, Minister of Foreign Affairs, Minister of Foreign Affairs, Minister of Foreign Affairs, Minister of Foreign Affairs, Minister of Foreign Affairs, Minister of Foreign Affairs, Minister of Foreign Affairs, Minister of Foreign Affairs, Minister of Foreign Affairs, Minister of Foreign Affairs, Minister of Foreign Affairs, Minister of Foreign Affairs, Minister of Foreign Affairs, Minister of Foreign Affairs, Minister of Foreign Affairs, Minister of Foreign Affairs, Minister of Foreign Affairs, Minister of Foreign Affairs, Minister of Foreign Affairs, Minister of Foreign Affairs, Minister of Foreign Affairs, Minister of Foreign Affairs, Minister of Foreign Affairs, Minister of Foreign Affairs, Minister of Foreign Affairs, Minister of Foreign Affairs, Minister of Foreign Affairs, Minister of Foreign Affairs, Minister of Foreign Affairs, Minister of Foreign Affairs, Minister of Foreign Affairs, Minister of Foreign Affairs, Minister of Foreign Affairs, Minister of Foreign Affairs, Minister of Foreign Affairs, Minister of Foreign Affairs, Minister of Foreign Affairs, Minister of Foreign Affairs, Minister of Foreign Affairs, Minister of Foreign Affairs, Minister of Foreign Affairs, Minister of Foreign Affairs, Minister of Foreign Affairs, Minister of Foreign Affairs, Minister of Foreign Affairs, Minister of Foreign Affairs, Minister of Foreign Affairs, Minister of Foreign Affairs, Minister of Foreign Affairs, Minister of Foreign Affairs, Minister of Foreign Affairs, Minister of Foreign Affairs, Minister of Foreign Affairs, Minister of Foreign Affairs, Minister of Foreign Affairs, Minister of Foreign Affairs, Minister of Foreign Affairs, Minister of Foreign Affairs, Minister of Foreign Affairs, Minister of Foreign Affairs, Minister of Foreign Affairs, Minister of Foreign Affairs, Minister of Foreign Affairs, Minister of Foreign Affairs, Minister of Foreign Affairs, Minister of Foreign Affairs, Minister of Foreign Affairs, Minister of Foreign Affairs, Minister of Foreign Affairs, Minister of Foreign Affairs, Minister of Foreign Affairs, Minister of Foreign Affairs, Minister of Foreign Affairs, Minister of Foreign Affairs, Minister of Foreign Affairs, Minister of Foreign Affairs, Minister of Foreign Affairs, Minister of Foreign Affairs, Minister of Foreign Affairs, Minister of Foreign Affairs, Minister of Foreign Affairs, Minister of Foreign Affairs, Minister of	first among its 78 recommendations is that a new diplomatic initiative should be taken before the end of this year to secure iraq's borders against hostile interventions and to re-establish diplomatic relations with its neighbors
The first of the 78 suggestions was that, before the end of this year, the new foreign minister of the Ministry of Foreign Affairs, Minister of Foreign Affairs, Minister of Foreign Affairs, Minister of Foreign Affairs, Minister of Foreign Affairs, Minister of Foreign Affairs, Minister of Foreign Affairs, Minister of Foreign Affairs, Minister of Foreign Affairs, Minister of Foreign Affairs, Minister of Foreign Affairs, Minister of Foreign Affairs, Minister of Foreign Affairs, Minister of Foreign Affairs, Minister of Foreign Affairs, Minister of Foreign Affairs, Minister of Foreign Affairs, Minister of Foreign Affairs, Minister of Foreign Affairs, Minister of Foreign Affairs, Minister of Foreign Affairs, Minister of Foreign Affairs, Minister of Foreign Affairs, Minister of Foreign Affairs, Minister of Foreign Affairs, Minister of Foreign Affairs, Minister of Foreign Affairs, Minister of Foreign Affairs, Minister of Foreign Affairs, Minister of Foreign Affairs, Minister of Foreign Affairs, Minister of Foreign Affairs, Minister of Foreign Affairs, Minister of Foreign Affairs, Minister of Foreign Affairs, Minister of Foreign Affairs, Minister of Foreign Affairs, Minister of Foreign Affairs, Minister of Foreign Affairs, Minister of Foreign Affairs, Minister of Foreign Affairs, Minister of Foreign Affairs, Minister of Foreign Affairs, Minister of Foreign Affairs, Minister of Foreign Affairs, Minister of Foreign Affairs, Minister of Foreign Affairs, Minister of Foreign Affairs, Minister of Foreign Affairs, Minister of Foreign Affairs, Minister of Foreign Affairs, Minister of Foreign Affairs, Minister of Foreign Affairs, Minister of Foreign Affairs, Minister of Foreign Affairs, Minister of Foreign Affairs, Minister of Foreign Affairs, Minister of Foreign Affairs, Minister of Foreign Affairs, Minister of Foreign Affairs, Minister of Foreign Affairs, Minister of Foreign Affairs, Minister of Foreign Affairs, Minister of Foreign Affairs, Minister of Foreign Affairs, Minister of Foreign Affairs, Minister of Foreign Affairs, Minister of Foreign Affairs, Minister of Foreign Affairs, Minister of Foreign Affairs, Minister of Foreign Affairs, Minister of Foreign Affairs, Minister of Foreign Affairs, Minister of Foreign Affairs, Minister of Foreign Affairs, Minister of Foreign Affairs, Minister of Foreign Affairs, Minister of Foreign Affairs, Minister of Foreign Affairs, Minister of Foreign Affairs, Minister of Foreign Affairs, Minister of Foreign Affairs, Minister of Foreign Affairs, Minister of Foreign Affairs, Minister of	first among its 78 recommendations is that a new diplomatic initiative should be taken before the end of this year to secure iraq's borders against hostile interventions and to re-establish diplomatic relations with its neighbors
The researchers from Guihua University said that two kinds of chemical substances will react to the formation of the effect of the effect of the effect of the effect of the effect of the effect of the effect of the effect of the effect of the effect of the effect of the effect of the effect of the effect of the effect of the effect of the effect of the effect of the effect of the effect of the effect of the effect of the effect of the effect of the effect of the effect of the effect of the effect of the effect of the effect of the effect of the effect of the effect of the effect of the effect of the effect of the effect of the effect of the effect of the effect of the effect of the effect of the effect of the effect of the effect of the effect of the effect of the effect of the effect of the effect of the effect of the effect of the effect of the effect of the effect of the effect of effect of the effect of effect of the effect of effect of the effect of effect of effect of effect of effect of effect of effect of effect of effect of effect of effect of effect of effect of effect of effect of effect of effect of effect of effect of effect of effect of effect of effect of effect of effect of effect of effect of effect of effect of effect of effect of effect of effect of effect of effect of effect of effect of effect of effect of effect of effect of effect of effect of effect of effect of effect of effect of effect of effect of effect of effect of effect of effect of effect of effect of effect of effect of effect of effect of effect of effect of effect of effect of effect of effect of effect of effect of effect of effect of effect of effect of effect of effect of effect of effect of effect of effect of effect of effect of effect of effect of effect of effect of effect of effect of effect of effect of effect of effect of effect of effect of effect of effect of effect of effect of effect of effect of effect of effect of effect of effect of effect of effect of effect of effect of effect of effect of effect of effect of effect of effect of effect of effect of effect of effect of effect of effect of effect of effect of effect of effect of effect	the two compounds react with one another to form crystals that may block kidney function researchers at the university said
The researchers from Guihua University said that two kinds of chemical substances will react to the formation of the effect of the effect of the effect of the effect of the effect of the effect of the effect of the effect of the effect of the effect of the effect of the effect of the effect of the effect of the effect of the effect of the effect of the effect of the effect of the effect of the effect of the effect of the effect of the effect of the effect of the effect of the effect of the effect of the effect of the effect of the effect of the effect of the effect of the effect of the effect of the effect of the effect of the effect of the effect of the effect of the effect of the effect of the effect of the effect of the effect of the effect of the effect of the effect of the effect of the effect of the effect of the effect of the effect of the effect of the effect of the effect of effect of the effect of effect of the effect of effect of the effect of effect of effect of effect of effect of effect of effect of effect of effect of effect of effect of effect of effect of effect of effect of effect of effect of effect of effect of effect of effect of effect of effect of effect of effect of effect of effect of effect of effect of effect of effect of effect of effect of effect of effect of effect of effect of effect of effect of effect of effect of effect of effect of effect of effect of effect of effect of effect of effect of effect of effect of effect of effect of effect of effect of effect of effect of effect of effect of effect of effect of effect of effect of effect of effect of effect of effect of effect of effect of effect of effect of effect of effect of effect of effect of effect of effect of effect of effect of effect of effect of effect of effect of effect of effect of effect of effect of effect of effect of effect of effect of effect of effect of effect of effect of effect of effect of effect of effect of effect of effect of effect of effect of effect of effect of effect of effect of effect of effect of effect of effect of effect of effect of effect of effect of effect of effect of effect of effect of effect of effect of effect	the two compounds react with one another to form crystals that may block kidney function researchers at the university said
It is also more serious when it comes to the speed of the impact of the Cultural Revolution.	re-entry shock comes on sooner than culture shock there's less of a honeymoon phase lasts longer and can be more severe
It is also more serious when it comes to the speed of the impact of the Cultural Revolution.	re-entry shock comes on sooner than culture shock there's less of a honeymoon phase lasts longer and can be more severe
For those who love and care about the world, it is important to have a lot of money, including a lot of money. One of the biggest money in the world is a lot of little spirits, a lot of gods, and a lot of personal faces.	the giza plateau or giza necropolis in the egyptian valley of the dead contains several pyramids of which the great pyramid is the largest several small tombs several temples and the great sphinx
For those who love and care about the world, it is important to have a lot of money, including a lot of money. One of the biggest money in the world is a lot of little spirits, a lot of gods, and a lot of personal faces.	the giza plateau or giza necropolis in the egyptian valley of the dead contains several pyramids of which the great pyramid is the largest several small tombs several temples and the great sphinx
In addition to the other robbers, they are not afraid of any news.	mosasaurus was the apex predator of its time so it feared nothing except other mosasaurs
In addition to the other robbers, they are not afraid of any news.	mosasaurus was the apex predator of its time so it feared nothing except other mosasaurs
It was built in 1966 as a wild animal protection area. Currently, there are 4,000,000,000,000,000,000,000,000,000,000,000,000,000,000,000,000,000,000,000,000,000,000,000,000,000,000,000,000,000,000,000,000,000,000,000,000,000,000,000,000,000,000,000,000,000,000,000,000,000,000,000,000,000,000,000,000,000,000,000,000,000,000,000,000,000,000,000,000,000,000,000,000,000,000,000,000,000,000,000,000,000,000,000,000,000,000,000,000,000,000,000,000,000,000,000,000,000,000,000,000,000,000,000,000,000,000,000,000,000,000,000,000,000,000,000,000,000,000,000,000,000,000,000,000,000,000,000,000,000,000,000,000,000,000,000,000,000,000,000,000,000,000,000,000,000,000,000,000,000,000,000,000,000,000,000,000,000,000,000,000,000,000,000,000,000,000,000,000,000,000,000,000,000,000,000,000,000,000,000,000,000,000,000,000,000,000,000,000,000,000,000,000,000,000,000,000,000,000,000,000,000,000,000,000,000,000,000,000,000,000,000,000,000,	since 1966 the sundarbans have been a wildlife sanctuary and it is estimated that there are now 400 royal bengal tigers and about 30,000 spotted deer in the area
It was built in 1966 as a wild animal protection area. Currently, there are 4,000,000,000,000,000,000,000,000,000,000,000,000,000,000,000,000,000,000,000,000,000,000,000,000,000,000,000,000,000,000,000,000,000,000,000,000,000,000,000,000,000,000,000,000,000,000,000,000,000,000,000,000,000,000,000,000,000,000,000,000,000,000,000,000,000,000,000,000,000,000,000,000,000,000,000,000,000,000,000,000,000,000,000,000,000,000,000,000,000,000,000,000,000,000,000,000,000,000,000,000,000,000,000,000,000,000,000,000,000,000,000,000,000,000,000,000,000,000,000,000,000,000,000,000,000,000,000,000,000,000,000,000,000,000,000,000,000,000,000,000,000,000,000,000,000,000,000,000,000,000,000,000,000,000,000,000,000,000,000,000,000,000,000,000,000,000,000,000,000,000,000,000,000,000,000,000,000,000,000,000,000,000,000,000,000,000,000,000,000,000,000,000,000,000,000,000,000,000,000,000,000,000,000,000,000,000,000,000,000,000,000,000,000,	since 1966 the sundarbans have been a wildlife sanctuary and it is estimated that there are now 400 royal bengal tigers and about 30,000 spotted deer in the area
The scene of the shooting took place in a high-altitude area, according to the order of the enemy military attack	the crash occurred high up in mountainous terrain and is believed to have been the result of hostile fire
The new network station TMZ, which is known for its photography, is at the top of the sky at the top of the sky at the top of the sky at the top of the sky at the top of the sky at the top of the sky at the top of the sky at the top of the sky at the top of the sky at the top of the sky at the top of the sky at the top of the sky at the top of the sky at the top of the sky at the top of the sky at the top of the sky at the top of the sky at the top of the sky at the top of the sky at the top of the sky at the top of the sky at the top of the sky at the top of the sky at the top of the sky at the top of the sky at the top of the sky at the top of the sky at the top of the sky at the top of the sky at the top of the sky at the top of the sky at the top of the sky at the top of the sky at the top of the sky at the top of the sky at the top of the sky at the top of the sky at the top of the sky at the top of the sky at the top of the sky at the top of the sky at the top of the sky at the top of the sky at the top of the sky at the top of the sky at the top of the sky at the top of the sky at the top of the sky at the top of the sky at the top of the sky at the top of the sky at the top of the sky at the top of the sky at the top of the sky at the top of the sky at the top of the sky at the top of the sky at the top of the sky at the top of the sky at the top of the sky at the top of the sky at the top of the sky at the top of the sky at the top of the sky at the top of the sky at the top of the sky at the top of the sky at the top of the sky at the top of the sky at the top of the sky at the top of the sky at the top	entertainment news website tmz understands the photographer stopped his vehicle on the other side of sepulveda boulevard and attempted to take pictures of the police stop before crossing the road and continuing prompting the california highway patrol police officer conducting the traffic stop to order him back across twice
The new network station TMZ, which is known for its photography, is at the top of the sky at the top of the sky at the top of the sky at the top of the sky at the top of the sky at the top of the sky at the top of the sky at the top of the sky at the top of the sky at the top of the sky at the top of the sky at the top of the sky at the top of the sky at the top of the sky at the top of the sky at the top of the sky at the top of the sky at the top of the sky at the top of the sky at the top of the sky at the top of the sky at the top of the sky at the top of the sky at the top of the sky at the top of the sky at the top of the sky at the top of the sky at the top of the sky at the top of the sky at the top of the sky at the top of the sky at the top of the sky at the top of the sky at the top of the sky at the top of the sky at the top of the sky at the top of the sky at the top of the sky at the top of the sky at the top of the sky at the top of the sky at the top of the sky at the top of the sky at the top of the sky at the top of the sky at the top of the sky at the top of the sky at the top of the sky at the top of the sky at the top of the sky at the top of the sky at the top of the sky at the top of the sky at the top of the sky at the top of the sky at the top of the sky at the top of the sky at the top of the sky at the top of the sky at the top of the sky at the top of the sky at the top of the sky at the top of the sky at the top of the sky at the top of the sky at the top of the sky at the top of the sky at the top of the sky at the top of the sky at the top of the sky at the top of the sky at the top	entertainment news website tmz understands the photographer stopped his vehicle on the other side of sepulveda boulevard and attempted to take pictures of the police stop before crossing the road and continuing prompting the california highway patrol police officer conducting the traffic stop to order him back across twice
But this time, the work is complete, and the third world is open to people. However, in the past few years, there have been a lot of interest in the law, but this time, it is the first time that there is a lot of interest in the law, but this time, it is the first time that there is a lot of interest in the law, but this time, it is the first time that there is a lot of interest in the law, but this time, it is the first time that there is a lot of interest in the law, but this time, it is the first time that there is a lot of interest in the law, but this time, there is a lot of interest in the law, but this time, there is a lot of interest in the law, but this time, there is a lot of interest in the law, but this time, there is a lot of interest in the law, but this time, there is a lot of interest in the law, but this time, there is a lot of interest in the law, but this time, there is a lot of interest in the law, but this time, there is a lot of interest in the law, but this time, there is a lot of interest in the law, but this time, there is a lot of interest in the law, but this time, there is a lot of interest in the law, but this time, there is a lot of interest in the law, but this time, there is a lot of interest in the law, but this time, there is a lot of interest in the law, but this time, there is a lot of interest in the law, but this time, there is a lot of interest in the law, but this time, there is a lot of interest in the law, but this time, there is a lot of interest in the law, but this time, there is a lot of interest in the law, but this time, there is a lot of interest in the law, but this time, there is a lot of interest in the law, but this time, there is a lot of interest in the law	built by the egyptians in the third century bce the great pyramid is one of many large pyramid structures built to honor dead pharaoh
But this time, the work is complete, and the third world is open to people. However, in the past few years, there have been a lot of interest in the law, but this time, it is the first time that there is a lot of interest in the law, but this time, it is the first time that there is a lot of interest in the law, but this time, it is the first time that there is a lot of interest in the law, but this time, it is the first time that there is a lot of interest in the law, but this time, it is the first time that there is a lot of interest in the law, but this time, there is a lot of interest in the law, but this time, there is a lot of interest in the law, but this time, there is a lot of interest in the law, but this time, there is a lot of interest in the law, but this time, there is a lot of interest in the law, but this time, there is a lot of interest in the law, but this time, there is a lot of interest in the law, but this time, there is a lot of interest in the law, but this time, there is a lot of interest in the law, but this time, there is a lot of interest in the law, but this time, there is a lot of interest in the law, but this time, there is a lot of interest in the law, but this time, there is a lot of interest in the law, but this time, there is a lot of interest in the law, but this time, there is a lot of interest in the law, but this time, there is a lot of interest in the law, but this time, there is a lot of interest in the law, but this time, there is a lot of interest in the law, but this time, there is a lot of interest in the law, but this time, there is a lot of interest in the law, but this time, there is a lot of interest in the law, but this time, there is a lot of interest in the law	built by the egyptians in the third century bce the great pyramid is one of many large pyramid structures built to honor dead pharaoh
The Buddha taught the mind to be the true master of the heart, and through the view of the Buddha, the Buddha, the Dharma, the power of the Dharma, and the passage of the mind, the movement of the object, the formation of the object, the formation of the object, the formation of the object, the formation of the object, the formation of the object, the formation of the object, the formation of the object, the formation of the object, the formation of the object, the formation of the object, the formation of the object, the formation of the object, the formation of the object, the formation of the object, the formation of the object, the formation of the object, the formation of the object, the formation of the object, the formation of the object, the formation of the object, the formation of the object, the formation of the object, the formation of the object, the formation of the object, the formation of the object, the formation of the object, the formation of the object, the formation of the object, the formation of the object, the formation of the object, the formation of the object, the formation of the object, the formation of the object, the formation of the object, the formation of the object, the formation of the object, the formation of the object, the formation of the object, the formation of the object, the formation of the object, the formation of the object, the formation of the object, the formation of the object, the formation of the object, the formation of the object, the formation of the object, the formation of the object, the formation of the object, the formation of the object, the formation of the object, the formation of the object, the formation of the object, the formation of the object, the formation of the object, the formation of the object, the formation of the object, the formation of the object, the formation of the object, the formation of the object, the formation of the object, the formation of the object, the formation of the object, the formation of the object, the formation of the object, the formation of the object, the formation of the object, the	the center of tibetan meditation is the deity yoga through the visualization of various deities the energy channels are cleaned the chakras are activated and the enlightenment consciousness is created
The Buddha taught the mind to be the true master of the heart, and through the view of the Buddha, the Buddha, the Dharma, the power of the Dharma, and the passage of the mind, the movement of the object, the formation of the object, the formation of the object, the formation of the object, the formation of the object, the formation of the object, the formation of the object, the formation of the object, the formation of the object, the formation of the object, the formation of the object, the formation of the object, the formation of the object, the formation of the object, the formation of the object, the formation of the object, the formation of the object, the formation of the object, the formation of the object, the formation of the object, the formation of the object, the formation of the object, the formation of the object, the formation of the object, the formation of the object, the formation of the object, the formation of the object, the formation of the object, the formation of the object, the formation of the object, the formation of the object, the formation of the object, the formation of the object, the formation of the object, the formation of the object, the formation of the object, the formation of the object, the formation of the object, the formation of the object, the formation of the object, the formation of the object, the formation of the object, the formation of the object, the formation of the object, the formation of the object, the formation of the object, the formation of the object, the formation of the object, the formation of the object, the formation of the object, the formation of the object, the formation of the object, the formation of the object, the formation of the object, the formation of the object, the formation of the object, the formation of the object, the formation of the object, the formation of the object, the formation of the object, the formation of the object, the formation of the object, the formation of the object, the formation of the object, the formation of the object, the formation of the object, the formation of the object, the	the center of tibetan meditation is the deity yoga through the visualization of various deities the energy channels are cleaned the chakras are activated and the enlightenment consciousness is created
According to the following documents, Balaxitan hopes that before the Middle East war in 1967, he will be the successor to the outside world.	the document according to the leak will refer to the borders dispute which palestine wants based on the borders before the 1967 mideast war
According to the following documents, Balaxitan hopes that before the Middle East war in 1967, he will be the successor to the outside world.	the document according to the leak will refer to the borders dispute which palestine wants based on the borders before the 1967 mideast war
There will be more people in the car, and there will be more opportunities to travel abroad. In the future, there will be more people in the car, and there will be more people in the car, and there will be more opportunities to travel abroad. In the future, there will be more people in the car, and there will be more people in the car, and there will be more people in the car, and there will be more people in the car, and there will be more people in the car, and there will be more people in the car, and there will be more people in the car, and there will be more people in the car, and there will be more people in the car, and there will be more people in the car, and there will be more people in the car, and there will be more people in the car, and there will be more people in the car, and there will be more people in the car, and there will be more people in the car, and there will be more people in the car, and there will be more people in the car, and there will be more people in the car, and there will be more people in the car, and there will be more people in the car, and there will be more people in the car, and there will be more people in the car, and there will be more people in the car, and there will be more people in the car, and there will be more people in the car, and there will be more people in the car, and there will be more people in the car, and there will be more people in the car, and there will be more people in the car, and there will be more people in the car, and there will be more people in the car, and there will be more people in the car, and there will be more people in the car, and there will be more people in the car, and there will be more people in the car, and there will be more people in the car, and there will be more people in the car, and there will be more people in the car, and there will be more people in the car	mass car ownership also leads to a higher incidence of accidents on the roads which leads to the invention of new techniques in healthcare for repairing damaged bodies
There will be more people in the car, and there will be more opportunities to travel abroad. In the future, there will be more people in the car, and there will be more people in the car, and there will be more opportunities to travel abroad. In the future, there will be more people in the car, and there will be more people in the car, and there will be more people in the car, and there will be more people in the car, and there will be more people in the car, and there will be more people in the car, and there will be more people in the car, and there will be more people in the car, and there will be more people in the car, and there will be more people in the car, and there will be more people in the car, and there will be more people in the car, and there will be more people in the car, and there will be more people in the car, and there will be more people in the car, and there will be more people in the car, and there will be more people in the car, and there will be more people in the car, and there will be more people in the car, and there will be more people in the car, and there will be more people in the car, and there will be more people in the car, and there will be more people in the car, and there will be more people in the car, and there will be more people in the car, and there will be more people in the car, and there will be more people in the car, and there will be more people in the car, and there will be more people in the car, and there will be more people in the car, and there will be more people in the car, and there will be more people in the car, and there will be more people in the car, and there will be more people in the car, and there will be more people in the car, and there will be more people in the car, and there will be more people in the car, and there will be more people in the car, and there will be more people in the car	mass car ownership also leads to a higher incidence of accidents on the roads which leads to the invention of new techniques in healthcare for repairing damaged bodies
Since then, it has been the official government of Kuncheng School's students' Kuncheng.	the term bug is used by entomologists in a formal sense for this group of insects
Since then, it has been the official government of Kuncheng School's students' Kuncheng.	the term bug is used by entomologists in a formal sense for this group of insects
The time for the north and the west is from 5pm to 11pm, and the boat stops at the middle of the fire.	between 10:00-11:00 pm mdt a fire was started by the inmates in the yard
The time for the north and the west is from 5pm to 11pm, and the boat stops at the middle of the fire.	between 10:00-11:00 pm mdt a fire was started by the inmates in the yard
We agree that the U.S. and the U.S. will make a statement, and that is the choice of us, the team, and the motivation for the movement. Because of our organization, there is a meaningful change. Change the line, and not cancel the price.	we agree with the usoc's statement that the interests of our athletes and clubs and their sport may be better served by moving forward with meaningful change within our organization rather than decertification
It is also possible to visit the flowery land of Feifan in the north of the king's palace, the city of Mahchong, and the city of Mahchong, the city of Mahchong, the city of Mahchong, the city of Mahchong, the city of Mahchong, the city of Mahchong, the city of Mahchong, the city of Mahchong, the city of Mahchong, the city of Mahchong, the city of Mahchong, the city of Mahchong, the city of Mahchong, the city of Mahchong, the city of Mahchong, the city of Mahchong, the city of Mahchong, the city of Mahchong, the city of Mahchong, the city of Mahchong, the city of Mahchong, the city of Mahchong, the city of Mahchong, the city of Mahchong, the city of Mahchong, the city of Mahchong, the city of Mahchong, the city of Mahchong, the city of Mahchong, the city of Mahchong, the city of Mahchong, the city of Mahchong, the city of Mahchong, the city of Mahchong, the city of Mahchong, the city of Mahchong, the city of Mahchong, the city of Mahchong, the city of Mahchong, the city of Mahchong, the city of Mahchong, the city of Mahchong, the city of Mahchong, the city of Mahchong, the city of Mahchong, the city of Mahchong, the city of Mahchong, the city of Mahchong, the city of Mahchong, the city of Mahchong, the city of Mahchong, the city of Mahchong, the city of Mahchong, the city of Mahchong, the city of Mahchong, the city of Mahchong, the city of Mahchong, the city of Mahchong, the city of Mahchong,	also to the north visit the great sanctuary of our lady of fatima shrine a place of worldwide famous marian apparitions
Diwixing and Guizhixing's extreme air-conditioning phenomena include cold, cold, ice-cold, and sand-cold.	regional and seasonal severe weather phenomena include blizzards snowstorms ice storms and dust storms
Diwixing and Guizhixing's extreme air-conditioning phenomena include cold, cold, ice-cold, and sand-cold.	regional and seasonal severe weather phenomena include blizzards snowstorms ice storms and dust storms
When you are in a hurry, you don't have to go to the gas station.	in the archipelagos and lakes you do not necessarily need a yacht
When you are in a hurry, you don't have to go to the gas station.	in the archipelagos and lakes you do not necessarily need a yacht
As long as the living cells are in the cells, the characteristics of the cells will remain the same, and the characteristics of other places can lead to the death of the cells or cancer.	only mutations in germ-line cells can be passed on to children while mutations elsewhere can cause cell-death or cancer
As long as the living cells are in the cells, the characteristics of the cells will remain the same, and the characteristics of other places can lead to the death of the cells or cancer.	only mutations in germ-line cells can be passed on to children while mutations elsewhere can cause cell-death or cancer
2. The baby is abandoned by the baby. The baby may be severely injured or injured before the baby is born.	feral children may have experienced severe child abuse or trauma before being abandoned or running away
2. The baby is abandoned by the baby. The baby may be severely injured or injured before the baby is born.	feral children may have experienced severe child abuse or trauma before being abandoned or running away
If you have any questions, please leave them in the comment section below.	professor pamela ferguson of the university of dundee notes journalists do seem to be walking a dangerous line if publishing photos etc of suspects
If you have any questions, please leave them in the comment section below.	professor pamela ferguson of the university of dundee notes journalists do seem to be walking a dangerous line if publishing photos etc of suspects
Tegi Selavov, President of the Russian Federation of the Russian Federation of the Russian Federation of the Russian Federation of the Russian Federation of the Russian Federation of the Russian Federation of the Russian Federation of the Russian Federation of the Russian Federation of the Russian Federation of the Russian Federation of the Russian Federation of the Russian Federation of the Russian Federation of the Russian Federation of the Russian Federation of the Russian Federation of the Russian Federation of the Russian Federation of the Russian Federation of the Russian Federation of the Russian Federation of the Russian Federation of the Russian Federation of the Russian Federation of the Russian Federation of the Russian Federation of the Russian Federation of the Russian Federation of the Russian Federation of the Russian Federation of the Russian Federation of the Russian Federation of the Russian Federation of the Russian Federation of the Russian Federation of the Russian Federation of the Russian Federation of the Russian Federation of the Russian Federation of the Russian Federation of the Russian Federation of the Russian Federation of the Russian Federation of the Russian Federation of the Russian Federation of the Russian Federation of the Russian Federation of the Russian Federation of the Russian Federation of the Russian Federation of the Russian Federation of the Russian Federation of the Russian Federation of the Russian Federation of the Russian Federation of the Russian Federation of the Russian Federation of the Russian Federation of the Russian Federation of the Russian Federation of the Russian Federation of the Russian Federation of the Russian Federation of the Russian Federation of the Russian Federation of the Russian Federation of the Russian Federation of the Russian Federation of the Russian Federation of the Russian Federation of the Russian Federation of the Russian Federation of the Russian Federation of the Russian Federation of the Russian Federation of the Russian Federation of the Russian Federation of the Russian Federation of the Russian Federation of the Russian Federation of the Russian Federation of the Russian Federation of the Russian Federation of the Russian Federation of the Russian Federation of the Russian Federation of the Russian Federation of the Russian Federation of the Russian Federation of the Russian Federation of the Russian Federation of the Russian Federation of the Russian Federation of the Russian Federation of the Russian Federation of the Russian Federation of the Russian Federation of the Russian Federation of the Russian Federation of the Russian Federation of the Russian Federation of the Russian Federation of the Russian Federation of the Russian Federation of the Russian Federation of the Russian Federation of the Russian Federation	mrs kirchner announced her intention to run for president at the argentine theatre the same location she used to start her 2005 campaign for the senate as member of the buenos aires province delegation
There were more than 70 firecrackers on the ground floor, and more than 70 firecrackers on the ground floor, and more than 70 firecrackers on the ground floor, and more than 70 firecrackers on the ground floor, and more than 70 firecrackers on the ground floor, and more than 70 firecrackers on the ground floor, and more than 70 firecrackers on the ground floor, and more than 70 firecrackers on the ground floor, and more than 70 firecrackers on the ground floor, and more than 70 firecrackers on the ground floor, and more than 70 firecrackers on the ground floor, and more than 70 firecrackers on the ground floor, and more than 70 firecrackers on the ground floor, and more than 70 firecrackers on the ground floor, and more than 70 firecrackers on the ground floor, and more than 70 firecrackers on the ground floor, and more than 70 firecrackers on the ground floor, and more than 70 firecrackers on the ground floor, and more than 70 firecrackers on the ground floor, and more than 70 firecrackers on the ground floor, and more than 70 firecrackers on the ground floor, and more than 70 firecrackers on the ground floor, and more than 70 firecrackers on the ground floor, and more than 70 firecrackers on the ground floor, and more than 70 firecrackers on the ground floor, and more than 70 firecrackers on the ground floor, and more than 70 firecrackers on the ground floor, and more than 70 firecrackers on the ground floor, and more than 70 firecrackers on the ground floor, and more than 70 firecrackers on the ground floor, and more than 70 firecrackers on the ground floor, and more than 70 firecrackers on the ground floor, and more than 70 firecrackers on the ground floor, and more than 70 firecrack on the ground floor, and more	its long jaws were studded with more than 70 razor-sharp teeth along with an extra set in the roof of its mouth meaning that there was no escape for anything that crossed its path
There were more than 70 firecrackers on the ground floor, and more than 70 firecrackers on the ground floor, and more than 70 firecrackers on the ground floor, and more than 70 firecrackers on the ground floor, and more than 70 firecrackers on the ground floor, and more than 70 firecrackers on the ground floor, and more than 70 firecrackers on the ground floor, and more than 70 firecrackers on the ground floor, and more than 70 firecrackers on the ground floor, and more than 70 firecrackers on the ground floor, and more than 70 firecrackers on the ground floor, and more than 70 firecrackers on the ground floor, and more than 70 firecrackers on the ground floor, and more than 70 firecrackers on the ground floor, and more than 70 firecrackers on the ground floor, and more than 70 firecrackers on the ground floor, and more than 70 firecrackers on the ground floor, and more than 70 firecrackers on the ground floor, and more than 70 firecrackers on the ground floor, and more than 70 firecrackers on the ground floor, and more than 70 firecrackers on the ground floor, and more than 70 firecrackers on the ground floor, and more than 70 firecrackers on the ground floor, and more than 70 firecrackers on the ground floor, and more than 70 firecrackers on the ground floor, and more than 70 firecrackers on the ground floor, and more than 70 firecrackers on the ground floor, and more than 70 firecrackers on the ground floor, and more than 70 firecrackers on the ground floor, and more than 70 firecrackers on the ground floor, and more than 70 firecrackers on the ground floor, and more than 70 firecrackers on the ground floor, and more than 70 firecrackers on the ground floor, and more than 70 firecrack on the ground floor, and more	its long jaws were studded with more than 70 razor-sharp teeth along with an extra set in the roof of its mouth meaning that there was no escape for anything that crossed its path
The U.S. Army announced that the U.S. Army is planning to launch a preliminary selection of the 6-英呎的輿量.	the u.s. corps of engineers estimated that 6 inches of rainfall could breach the previously damaged levees
The U.S. Army announced that the U.S. Army is planning to launch a preliminary selection of the 6-英呎的輿量.	the u.s. corps of engineers estimated that 6 inches of rainfall could breach the previously damaged levees
Police officer Chen Duk-lai, Zhek-ha-yi, Shor-lan-Gi-shuot, was reported to be out of the scene.	police superintendent chandra shekhar solanki said the accused appeared in court with covered faces
Police officer Chen Duk-lai, Zhek-ha-yi, Shor-lan-Gi-shuot, was reported to be out of the scene.	police superintendent chandra shekhar solanki said the accused appeared in court with covered faces
We use plant-based defense to do medical service. Our source is most likely to be plant-based. If there is plant-based, animals can't survive.	we make our houses from plants and make clothes from plants most foods that we eat are plants without plants animals could not survive
We use plant-based defense to do medical service. Our source is most likely to be plant-based. If there is plant-based, animals can't survive.	we make our houses from plants and make clothes from plants most foods that we eat are plants without plants animals could not survive
The car was parked at 12 o'clock in the morning.	the vehicle itself was taken away from the scene of the accident at approximately 1200 gmt on the same day
The car was parked at 12 o'clock in the morning.	the vehicle itself was taken away from the scene of the accident at approximately 1200 gmt on the same day
When the temperature is 150 to 200 degrees, turn off the heat and let it sit for a while.	through the night between 150 and 200 copies were made now known as dunlap broadsides
When the temperature is 150 to 200 degrees, turn off the heat and let it sit for a while.	through the night between 150 and 200 copies were made now known as dunlap broadsides
After the two pictures, one of them needs to be exchanged with the old man, and the last one is to be killed and beaten.	the photographers later took the place of an aged lady as she needed the lavatory mendoza was gunned down
After the two pictures, one of them needs to be exchanged with the old man, and the last one is to be killed and beaten.	the photographers later took the place of an aged lady as she needed the lavatory mendoza was gunned down
As a result, the two kinds of fish have already been removed, including the long-tailed骨骨, and the other two kinds of juice.	as a result two fish species have become extinct and two others have become endangered including the humpback chub
As a result, the two kinds of fish have already been removed, including the long-tailed骨骨, and the other two kinds of juice.	as a result two fish species have become extinct and two others have become endangered including the humpback chub
The evil weather is the proof of all the dangers of the weather phenomenon, and may cause damage to the social warmth and the loss of people.	severe weather is the generic term for any dangerous weather phenomenon with the potential to cause damage serious social disruption or loss of human life
The evil weather is the proof of all the dangers of the weather phenomenon, and may cause damage to the social warmth and the loss of people.	severe weather is the generic term for any dangerous weather phenomenon with the potential to cause damage serious social disruption or loss of human life
It is said that all the objects in the universe are物質構成, and the objects in the universe are also known as small particles.	everything in the universe is made of matter all matter is made of tiny particles called atoms
It is said that all the objects in the universe are物質構成, and the objects in the universe are also known as small particles.	everything in the universe is made of matter all matter is made of tiny particles called atoms
When the organization uses all the useful resources, it can generate independent and creative power.	when all available resources are effectively used across the functional departments of an organization creativity and ingenuity can transpire
802.11 N標準可在2.4GHz和5.0GHz頻率上運作	the 802.11n standard operates on both the 2.4ghz and 5.0ghz frequencies
The second half of the second half of the second half of the second half of the second half of the second half of the second half of the second half of the second half of the second half of the second half of the second half of the second half of the second half of the second half of the second half of the second half of the second half of the second half of the second half of the second half of the second half of the second half of the second half of the second half of the second half of the second half of the second half of the second half of the second half of the second half of the second half of the second half of the second half of the second half of the second half of the second half of the second half of the second half of the second half of the second half of the second half of the second half of the second half of the second half of the second half of the second half of the second half of the second half of the second half of the second half of the second half of the second half of the second half of the second half of the second half of the second half of the second half of the second half of the second half of the second half of the second half of the second half of the second half of the second half of the second half of the second half of the second half of the second half of the second half of the second half of the second half of the second half of the second half of the second half of the second half of the second half of the second half of the second half of the second half of the second half of the second half of the second half of the second half of the second half of the second half of the second half of the second half of the second half of the second half of the second half of the second half of the second half of the second half of the second half of the second half of the second half of the second half of the second half of the second half of the second half of the second half of the second half of the second half of the second half of the second half of the second half of the second half of the second half of the second half of the second half of	del potro had the early advantage in the second set but this too required a tie break after reaching 6-6
The blue color will be changed according to the texture of the paint.	the cabbage juice changes color depending on how acidic or basic alkaline the chemical is
The blue color will be changed according to the texture of the paint.	the cabbage juice changes color depending on how acidic or basic alkaline the chemical is
There is no release of any marine warning, and according to the Agadar地球物理局的說法, 印證區未達6.5級門檻, 所以不會發佈海嘯警報。	no tsunami warning has been issued and according to the jakarta geophysics agency no tsunami warning will be issued because the quake did not meet the magnitude 6.5 requirement
There is no release of any marine warning, and according to the Agadar地球物理局的說法, 印證區未達6.5級門檻, 所以不會發佈海嘯警報。	no tsunami warning has been issued and according to the jakarta geophysics agency no tsunami warning will be issued because the quake did not meet the magnitude 6.5 requirement
Therefore, it is likely to be used as an example in the future.	so it is likely that the notation was added simply as a label
Therefore, it is likely to be used as an example in the future.	so it is likely that the notation was added simply as a label
The bus stops from the bus station in the village. The number of buses will arrive between 6.30 and 7.30. Especially the one in front of the bus stop, the bus stop, the bus stop, the bus stop, the bus stop, the bus stop, the bus stop, the bus stop, the bus stop, the bus stop, the bus stop, the bus stop, the bus stop, the bus stop, the bus stop, the bus stop, the bus stop, the bus stop, the bus stop, bus stop, bus stop, bus stop, bus stop, bus stop, bus stop, bus stop, bus stop, bus stop, bus stop, bus stop, bus stop, bus stop, bus stop, bus stop, bus stop, bus stop, bus stop, bus stop, bus stop, bus stop, bus stop, bus stop, bus stop, bus stop, bus stop, bus stop, bus stop, bus stop, bus stop, bus stop, bus stop, bus stop, bus stop, bus stop, bus stop, bus stop, bus stop, bus stop, bus stop, bus stop, bus stop, bus stop, bus stop, bus stop, bus stop, bus stop, bus stop, bus stop, bus stop, bus stop, bus stop, bus stop, bus stop, bus stop, bus stop, bus stop, bus stop, bus stop, bus stop, bus stop, bus stop, bus stop, bus stop, bus stop, bus stop, bus stop, bus stop, bus stop, bus stop, bus stop, bus stop, bus stop, bus stop, bus stop, bus stop, bus stop, bus stop, bus stop, bus stop, bus stop, bus stop, bus stop, bus stop, bus stop, bus stop, bus stop, bus stop, bus stop, bus stop, bus stop, bus stop, bus stop, bus stop, bus stop, bus stop, bus stop, bus stop, bus stop, bus stop, bus stop, bus stop, stop, bus stop, bus stop, bus stop, bus stop, bus stop, bus stop, stop, bus stop, stop, bus stop,	buses depart the inter-district bus station across the river throughout the day though most especially those heading to the east and jakar/bumthang leave between 06:30 and 07:30
Therefore, don't waste your time and become a good friend of many people.	thus the pencil was a good friend to many people when it came out
The scene is not finished yet, so it's better to print a piece of paper.	plants look their best when in a natural environment so resist the temptation to remove even just one specimen
The scene is not finished yet, so it's better to print a piece of paper.	plants look their best when in a natural environment so resist the temptation to remove even just one specimen
Hong Kong is the most famous tourist destination in Hong Kong, and there are many tourist attractions.	hong kong island gives the territory of hong kong its name and is the place that many tourists regard as the main focus
Hong Kong is the most famous tourist destination in Hong Kong, and there are many tourist attractions.	hong kong island gives the territory of hong kong its name and is the place that many tourists regard as the main focus
After the war broke out, the British began to fight against Germany in the sea.	soon after the outbreak of hostilities britain initiated a naval blockade of germany
After the war broke out, the British began to fight against Germany in the sea.	soon after the outbreak of hostilities britain initiated a naval blockade of germany
The Springboks team is finally five years old.	for the springboks it ended a five-match losing streak
The Springboks team is finally five years old.	for the springboks it ended a five-match losing streak
It is clear that there is a group of people who have lived and worked in the community for a long time, and that the community is a unique culture that is shared with the community.	a civilization is a singular culture shared by a significant large group of people who live and work co-operatively a society
It is clear that there is a group of people who have lived and worked in the community for a long time, and that the community is a unique culture that is shared with the community.	a civilization is a singular culture shared by a significant large group of people who live and work co-operatively a society
curry leaves, herbs and spices add meat or vegetable oil	a curry is a dish based on herbs and spices together with either meat or vegetables
curry leaves, herbs and spices add meat or vegetable oil	a curry is a dish based on herbs and spices together with either meat or vegetables
According to the international agreement, more than 800,000 Soviet Union troops have been involved in the conflict over the past 100,000 Soviet Union troops have been involved in the conflict over the past 100,000 Soviet Union troops have been involved in the conflict over the past 100,000 Soviet Union troops have been involved in the conflict over the past 100,000 Soviet Union troops have been involved in the conflict over the past 100,000 Soviet Union troops have been involved in the conflict over the past 100,000 Soviet Union troops have been involved in the conflict over the past 100,000 Soviet Union troops have been involved in the conflict over the past 100,000 Soviet Union troops have been involved in the conflict over the past 100,000 Soviet Union troops have been involved in the conflict over the past 100,000 Soviet Union troops have been involved in the conflict over the past 100,000 Soviet Union troops have been involved in the conflict over the past 100,000 Soviet Union troops have been involved in the conflict over the past 100,000 Soviet Union troops have been involved in the conflict over the past 100,000 Soviet Union troops have been involved in the conflict over the past 100,000 Soviet Union troops have been involved in the conflict over the past 100,000 Soviet Union troops have been involved in the conflict over the past 100,000 Soviet Union troops have been involved in the conflict over the past 100,000 Soviet Union troops have been involved in the conflict over the past 100,000 Soviet Union troops have been involved in the conflict over the past 100,000 Soviet Union troops have been involved in the conflict over the past 100,000 Soviet Union troops have been involved in the conflict over the past 100,000 Soviet Union troops have been involved in the conflict over the past 100,000 Soviet Union troops have been involved in the conflict over the past 100,000 Soviet Union troops have been involved in the conflict over the past 100,000 Soviet Union troops have been involved in the conflict over the past 100,000 Union troops have been involved in the conflict over the past 100,000 Union troops have been involved in the conflict over the past 100,000 Union troops have been involved in the conflict over the past 100,000 Union	however these plans were rendered obsolete nearly overnight when over 800,000 soldiers from the soviet's union red army entered and created the belarussian and ukrainian fronts after invading the eastern regions of poland in violation of the riga peace treaty the soviet-polish non-aggression pact and other international treaties both bilateral and multilateral
There will be a lot of people in the car, and there will be a lot of people in the car, and there will be a lot of people in the car, and there will be a lot of people in the car, and there will be a lot of people in the car, and there will be a lot of people in the car, and there will be a lot of people in the car, and there will be a lot of people in the car, and there will be a lot of people in the car, and there will be a lot of people in the car, and there will be a lot of people in the car, and there will be a lot of people in the car, and there will be a lot of people in the car, and there will be a lot of people in the car, and there will be a lot of people in the car, and there will be a lot of people in the car, and there will be a lot of people in the car, and there will be a lot of people in the car, and there will be a lot of people in the car, and there will be a lot of people in the car, and there will be a lot of people in the car, and there will be a lot of people in the car, and there will be a lot of people in the car, and there will be a lot of people in the car, and there will be a lot of people in the car, and there will be a lot of people in the car, and there will be a lot of people in the car, and there will be a lot of people in the car, and there will be a lot of people in the car, and there will be a lot of people in the car, and there will be a lot of people in the car, and there will be a lot of people in the car, and there will be a lot of people in the car, and there will be a lot of people in the car, and there will be a lot of people in the car, and there will be a lot of people in the car, and there will be a lot of people in the car, and	mass car ownership also leads to a higher incidence of accidents on the roads which leads to the invention of new techniques in healthcare for repairing damaged bodies
There will be a lot of people in the car, and there will be a lot of people in the car, and there will be a lot of people in the car, and there will be a lot of people in the car, and there will be a lot of people in the car, and there will be a lot of people in the car, and there will be a lot of people in the car, and there will be a lot of people in the car, and there will be a lot of people in the car, and there will be a lot of people in the car, and there will be a lot of people in the car, and there will be a lot of people in the car, and there will be a lot of people in the car, and there will be a lot of people in the car, and there will be a lot of people in the car, and there will be a lot of people in the car, and there will be a lot of people in the car, and there will be a lot of people in the car, and there will be a lot of people in the car, and there will be a lot of people in the car, and there will be a lot of people in the car, and there will be a lot of people in the car, and there will be a lot of people in the car, and there will be a lot of people in the car, and there will be a lot of people in the car, and there will be a lot of people in the car, and there will be a lot of people in the car, and there will be a lot of people in the car, and there will be a lot of people in the car, and there will be a lot of people in the car, and there will be a lot of people in the car, and there will be a lot of people in the car, and there will be a lot of people in the car, and there will be a lot of people in the car, and there will be a lot of people in the car, and there will be a lot of people in the car, and there will be a lot of people in the car, and	mass car ownership also leads to a higher incidence of accidents on the roads which leads to the invention of new techniques in healthcare for repairing damaged bodies
There were few people on the side of the island. In the north-eastern part of the island, the red-haired black-haired black-haired Black-haired Black-haired Black-haired Black-haired Black-haired Black-haired Black-haired Black-haired Black-haired Black-haired Black-haired Black-haired Black-haired Black-haired Black-haired Black-haired Black-haired Black-haired Black-haired Black-haired Black-haired Black-haired Black-haired Black-haired Black-haired Black-haired Black-haired Black-haired Black-haired Black-haired Black-haired Black-haired Black-haired Black-haired Black-haired Black-haired Black-haired Black-haired Black-haired Black-haired Black-haired Black-haired Black-haired Black-haired Black-haired Black-haired Black-haired Black-haired Black-haired Black-haired Black-haired Black-haired Black-haired Black-haired Black-haired Black-haired Black-haired Black-haired Black-haired Black-haired Black-haired Black-haired Black-haired Black-haired Black-haired Black-haired Black-haired Black-haired Black-haired Black-haired Black-haired Black-haired Black-haired Black-haired Black-haired Black-haired Black-haired Black-haired Black-haired Black-haired Black-haired Black-haired Black-haired Black-haired Black-haired Black-haired Black-haired Black-haired Black-haired Black-haired Black-haired Black-haired Black-haired Black-haired Black-haired Black-haired Black-haired Black-haired Black-haired Black-haired Black-haired Black-haired Black	greenland was settled sparsely in the norse sagas they say that erik the red was exiled from iceland for murder and when travelling further west found greenland and named it greenland
There were few people on the side of the island. In the north-eastern part of the island, the red-haired black-haired black-haired Black-haired Black-haired Black-haired Black-haired Black-haired Black-haired Black-haired Black-haired Black-haired Black-haired Black-haired Black-haired Black-haired Black-haired Black-haired Black-haired Black-haired Black-haired Black-haired Black-haired Black-haired Black-haired Black-haired Black-haired Black-haired Black-haired Black-haired Black-haired Black-haired Black-haired Black-haired Black-haired Black-haired Black-haired Black-haired Black-haired Black-haired Black-haired Black-haired Black-haired Black-haired Black-haired Black-haired Black-haired Black-haired Black-haired Black-haired Black-haired Black-haired Black-haired Black-haired Black-haired Black-haired Black-haired Black-haired Black-haired Black-haired Black-haired Black-haired Black-haired Black-haired Black-haired Black-haired Black-haired Black-haired Black-haired Black-haired Black-haired Black-haired Black-haired Black-haired Black-haired Black-haired Black-haired Black-haired Black-haired Black-haired Black-haired Black-haired Black-haired Black-haired Black-haired Black-haired Black-haired Black-haired Black-haired Black-haired Black-haired Black-haired Black-haired Black-haired Black-haired Black-haired Black-haired Black-haired Black-haired Black-haired Black-haired Black-haired Black-haired Black-haired Black-haired Black	greenland was settled sparsely in the norse sagas they say that erik the red was exiled from iceland for murder and when travelling further west found greenland and named it greenland
However, due to the size of the land, it is not necessary to accept the high temperature or temperature at the same time as the high temperature or temperature of the sky, which is relatively rare in the middle of the sky.	but being placed in the high tropics just a few degrees north of equator you will need to deal with both heat always and strong sun when the sky is clear more rarely
However, due to the size of the land, it is not necessary to accept the high temperature or temperature at the same time as the high temperature or temperature of the sky, which is relatively rare in the middle of the sky.	but being placed in the high tropics just a few degrees north of equator you will need to deal with both heat always and strong sun when the sky is clear more rarely
If you want to get closer to the official activity, you must advance early to find a place where you can listen to music.	if you want to be close to the action you're going to have to get in early to get a camping site close to the music
If you want to get closer to the official activity, you must advance early to find a place where you can listen to music.	if you want to be close to the action you're going to have to get in early to get a camping site close to the music
The dress is made of dry cloth. It can be used in restaurants, restaurants and restaurants.	ironing damp clothes can help them dry many hotels have an iron and ironing board available for loan even if one is not present in the room
The dress is made of dry cloth. It can be used in restaurants, restaurants and restaurants.	ironing damp clothes can help them dry many hotels have an iron and ironing board available for loan even if one is not present in the room
It is the main attraction of South Africa, and it is also known as the flagship attraction of the South African National Park, San Pax.	it is one of the main attractions of south africa and it is considered the flagship of south african national parks sanparks
It is the main attraction of South Africa, and it is also known as the flagship attraction of the South African National Park, San Pax.	it is one of the main attractions of south africa and it is considered the flagship of south african national parks sanparks
However, as the land is full of the high-temperature areas, you need to take a look at the high-temperature and the hot sun. In the case of the sky, it is rare to see such a situation.	but being placed in the high tropics just a few degrees north of equator you will need to deal with both heat always and strong sun when the sky is clear more rarely
However, as the land is full of the high-temperature areas, you need to take a look at the high-temperature and the hot sun. In the case of the sky, it is rare to see such a situation.	but being placed in the high tropics just a few degrees north of equator you will need to deal with both heat always and strong sun when the sky is clear more rarely
He said that when he was a boy, he should perform firmly and not be afraid to stick to the wall. No matter if there is a difference in culture, this is not right.	be firm in turning down men and don't be afraid to stand your ground cultural differences or not it doesn't make it ok!
He said that when he was a boy, he should perform firmly and not be afraid to stick to the wall. No matter if there is a difference in culture, this is not right.	be firm in turning down men and don't be afraid to stand your ground cultural differences or not it doesn't make it ok!
But due to the size of the land, and the size of the high and high land, you need to take care of it at the same time. The higher the temperature and the more the sun, the less the sky and the waves.	but being placed in the high tropics just a few degrees north of equator you will need to deal with both heat always and strong sun when the sky is clear more rarely
But due to the size of the land, and the size of the high and high land, you need to take care of it at the same time. The higher the temperature and the more the sun, the less the sky and the waves.	but being placed in the high tropics just a few degrees north of equator you will need to deal with both heat always and strong sun when the sky is clear more rarely
Octavia, the capital of the United States of America, used two types of English words to describe the capital of the United States of America, which is the capital of the United States of America, which is the capital of the United States of America, which is the capital of the United States of America, which is the capital of the United States of America, which is the capital of the United States of America, which is the capital of the United States of America, which is the capital of the United States of America, which is the capital of the United States of America, which is the capital of the United States of America, which is the capital of the United States of America, which is the capital of the United States of America, which is the capital of the United States of America, which is the capital of the United States of America, which is the capital of the United States of America, which is the capital of the United States of America, which is the capital of the United States of America, which is the capital of the United States of America, which is the capital of the United States of America, which is the capital of the United States of America, which is the capital of the United States of America, which is the capital of the United States of America, which is the capital of the United States of America, which is the capital of the United States of America, which is the capital of the United States of America, which is the capital of the United States of America, which is the capital of the United States of America, which is the capital of the United States of America, which is the capital of the United States of America, which is the capital of the United States of America, which is the capital of the United States of America, which is the capital of the United States of America, which is the capital of the United States of America, which is the capital of the United States of America, which is the capital of the United States of America, which is the capital of the United States of America, which is the capital of the United States of America, which is the capital of the United States of America, which is the capital of the United States	ottawa is canada's charming bilingual capital and features an array of art galleries and museums that showcase canada's past and present
Octavia, the capital of the United States of America, used two types of English words to describe the capital of the United States of America, which is the capital of the United States of America, which is the capital of the United States of America, which is the capital of the United States of America, which is the capital of the United States of America, which is the capital of the United States of America, which is the capital of the United States of America, which is the capital of the United States of America, which is the capital of the United States of America, which is the capital of the United States of America, which is the capital of the United States of America, which is the capital of the United States of America, which is the capital of the United States of America, which is the capital of the United States of America, which is the capital of the United States of America, which is the capital of the United States of America, which is the capital of the United States of America, which is the capital of the United States of America, which is the capital of the United States of America, which is the capital of the United States of America, which is the capital of the United States of America, which is the capital of the United States of America, which is the capital of the United States of America, which is the capital of the United States of America, which is the capital of the United States of America, which is the capital of the United States of America, which is the capital of the United States of America, which is the capital of the United States of America, which is the capital of the United States of America, which is the capital of the United States of America, which is the capital of the United States of America, which is the capital of the United States of America, which is the capital of the United States of America, which is the capital of the United States of America, which is the capital of the United States of America, which is the capital of the United States of America, which is the capital of the United States of America, which is the capital of the United States of America, which is the capital of the United States	ottawa is canada's charming bilingual capital and features an array of art galleries and museums that showcase canada's past and present
In the morning, I started to use a ghost stick to fix the ghost, but I found that it was very difficult to fix it.	crossties were introduced fairly early to hold the tracks in place gradually however it was realised that tracks would be more efficient if they had a stip of iron on the top
It is very expensive, but it is very good.	the hot chocolate is up to belgian standards fruit juices are pricey but excellent
It is very expensive, but it is very good.	the hot chocolate is up to belgian standards fruit juices are pricey but excellent
Thank you for watching this video.	this sediment was necessary for creating sandbars and beaches which served as wildlife habitats
Thank you for watching this video.	this sediment was necessary for creating sandbars and beaches which served as wildlife habitats
The members of the parliament have been fighting for the right to counter-revolutionary activities since the beginning of October.	the commission was martelly's response to widespread anti-regime protests that started in october
The North Mali-Arnav-Kundau emergency management office said that there was no response from the domestic election.	the northern marianas emergency management office said that there were no damages reported in the nation
The North Mali-Arnav-Kundau emergency management office said that there was no response from the domestic election.	the northern marianas emergency management office said that there were no damages reported in the nation
Molochka Soudan, the founder of the city, was named Tadlubadikar, and Kassad Boulanka, who was also the name of the capital of the West Bank of Russia, the capital of the West Bank of Russia, the capital of the West Bank of Russia, the capital of the West Bank of Russia, the capital of the West Bank of Russia, the capital of the West Bank of Russia, the capital of the West Bank of Russia, the capital of the West Bank of Russia, the capital of the West Bank of Russia, the capital of the West Bank of Russia, the capital of the West Bank of Russia, the capital of the West Bank of Russia, the capital of the West Bank of Russia, the capital of the West Bank of Russia, the capital of the West Bank of Russia, the capital of the West Bank of Russia, the capital of the West Bank of Russia, the capital of the West Bank of Russia, the capital of the West Bank of Russia, the capital of the West Bank of Russia, the capital of the West Bank of Russia, the capital of the West Bank of Russia, the capital of the West Bank of Russia, the capital of the West Bank of Russia, the capital of the West Bank of Russia, the capital of the West Bank of Russia, the capital of the West Bank of Russia, the capital of the West Bank of Russia, the capital of the West Bank of Russia, the capital of the West Bank of Russia, the capital of the West Bank of Russia, the capital of the West Bank of Russia, the capital of the West Bank of Russia, the capital of the West Bank of Russia, the capital of the West Bank of Russia, the capital of the West Bank of Russia, the capital of the West Bank of Russia, the capital of the West Bank of Russia, the capital of the West Bank of Russia, the capital of the West Bank of Russia, the capital of the West Bank of Russia, the capital of the West Bank of the West Bank of Russia, the capital of the West Bank of the West Bank of Russia, the capital of the West Bank of the West Bank of	the moroccan sultan rebuilt the city as daru l-badya and it was given the name casablanca by spanish traders who established trading bases there
Molochka Soudan, the founder of the city, was named Tadlubadikar, and Kassad Boulanka, who was also the name of the capital of the West Bank of Russia, the capital of the West Bank of Russia, the capital of the West Bank of Russia, the capital of the West Bank of Russia, the capital of the West Bank of Russia, the capital of the West Bank of Russia, the capital of the West Bank of Russia, the capital of the West Bank of Russia, the capital of the West Bank of Russia, the capital of the West Bank of Russia, the capital of the West Bank of Russia, the capital of the West Bank of Russia, the capital of the West Bank of Russia, the capital of the West Bank of Russia, the capital of the West Bank of Russia, the capital of the West Bank of Russia, the capital of the West Bank of Russia, the capital of the West Bank of Russia, the capital of the West Bank of Russia, the capital of the West Bank of Russia, the capital of the West Bank of Russia, the capital of the West Bank of Russia, the capital of the West Bank of Russia, the capital of the West Bank of Russia, the capital of the West Bank of Russia, the capital of the West Bank of Russia, the capital of the West Bank of Russia, the capital of the West Bank of Russia, the capital of the West Bank of Russia, the capital of the West Bank of Russia, the capital of the West Bank of Russia, the capital of the West Bank of Russia, the capital of the West Bank of Russia, the capital of the West Bank of Russia, the capital of the West Bank of Russia, the capital of the West Bank of Russia, the capital of the West Bank of Russia, the capital of the West Bank of Russia, the capital of the West Bank of Russia, the capital of the West Bank of Russia, the capital of the West Bank of Russia, the capital of the West Bank of the West Bank of Russia, the capital of the West Bank of the West Bank of Russia, the capital of the West Bank of the West Bank of	the moroccan sultan rebuilt the city as daru l-badya and it was given the name casablanca by spanish traders who established trading bases there
There is also a second term, which means that the authorities will love Dawei, which means that it will be difficult for the members to accept Dawei, which means that it will be difficult for the members to accept Dawei, which means that it will be difficult for the members to accept Dawei, which means that it will be difficult for the members to accept Dawei, which means that it will be difficult for the members to accept Dawei, which means that it will be difficult for the members to accept Dawei, which means that it will be difficult for the members to accept Dawei, which means that it will be difficult for the members to accept Dawei, which means that it will be difficult for the members to accept Dawei, which means that it will be difficult for the members to accept Dawei, which means that it will be difficult for the members to accept Dawei, which means that it will be difficult for the members to accept Dawei, which means that it will be difficult for the members to accept Dawei, which means that it will be difficult for the members to accept Dawei, which means that it will be difficult for the members to accept Dawei, which means that it will be difficult for the members to accept Dawei, which means that it will be difficult for the members to accept Dawei, which means that it will be difficult for the members to accept Dawei, which means that it will be difficult for the members to accept Dawei, which means that it will be difficult for the members to accept Dawei, which means that it will be difficult for the members to accept Dawei, which means that it will be difficult for the members to accept Dawei, which means that it will be difficult for the members to accept Dawei, which means that it will be difficult for the members to accept Dawei, which means that it will be difficult for the members to accept Dawei, which means that it will be difficult for the members to accept Dawei, which means that it will be difficult for the members to accept Dawei, which means that it will be difficult for the members to accept Dawei, which means that it will be difficult	huhne has resigned and he will be replaced in the cabinet by ed davey mp norman lamb mp is expected to take the business minister job davey is vacating
There is also a second term, which means that the authorities will love Dawei, which means that it will be difficult for the members to accept Dawei, which means that it will be difficult for the members to accept Dawei, which means that it will be difficult for the members to accept Dawei, which means that it will be difficult for the members to accept Dawei, which means that it will be difficult for the members to accept Dawei, which means that it will be difficult for the members to accept Dawei, which means that it will be difficult for the members to accept Dawei, which means that it will be difficult for the members to accept Dawei, which means that it will be difficult for the members to accept Dawei, which means that it will be difficult for the members to accept Dawei, which means that it will be difficult for the members to accept Dawei, which means that it will be difficult for the members to accept Dawei, which means that it will be difficult for the members to accept Dawei, which means that it will be difficult for the members to accept Dawei, which means that it will be difficult for the members to accept Dawei, which means that it will be difficult for the members to accept Dawei, which means that it will be difficult for the members to accept Dawei, which means that it will be difficult for the members to accept Dawei, which means that it will be difficult for the members to accept Dawei, which means that it will be difficult for the members to accept Dawei, which means that it will be difficult for the members to accept Dawei, which means that it will be difficult for the members to accept Dawei, which means that it will be difficult for the members to accept Dawei, which means that it will be difficult for the members to accept Dawei, which means that it will be difficult for the members to accept Dawei, which means that it will be difficult for the members to accept Dawei, which means that it will be difficult for the members to accept Dawei, which means that it will be difficult for the members to accept Dawei, which means that it will be difficult	huhne has resigned and he will be replaced in the cabinet by ed davey mp norman lamb mp is expected to take the business minister job davey is vacating
Kassar Boulin Kassi is one of the most boring shopping malls in the world.	casablanca is one of the least interesting places to shop in all of morocco
Kassar Boulin Kassi is one of the most boring shopping malls in the world.	casablanca is one of the least interesting places to shop in all of morocco
Because the sky is almost black all day, it provides a better chance to shine.	this offers a good opportunity to see the aurora borealis as the sky will be dark more or less around the clock
In a short period of time, the U.S. and the French will release the South China Sea, and turn to Germany.	in just two weeks the americans and free french forces had liberated southern france and were turning towards germany
In a short period of time, the U.S. and the French will release the South China Sea, and turn to Germany.	in just two weeks the americans and free french forces had liberated southern france and were turning towards germany
As a satellite, I use the lens in the middle of the sky, because sometimes the air in the earth will leak and I will not be able to see the light.	the satellite was sent into space by a rocket scientists use telescopes in space because the earth's atmosphere distorts some of our light and view
As a satellite, I use the lens in the middle of the sky, because sometimes the air in the earth will leak and I will not be able to see the light.	the satellite was sent into space by a rocket scientists use telescopes in space because the earth's atmosphere distorts some of our light and view
The decision to make is one of the most important requirements for romanticism. It is to take the responsibility of singing, writing, writing, writing, writing, writing, writing, writing, writing, writing, writing, writing, writing, writing, writing, writing, writing, writing, writing, writing, writing, writing, writing, writing, writing, writing, writing, writing, writing, writing, writing, writing, writing, writing, writing, writing, writing, writing, writing, writing, writing, writing, writing, writing, writing, writing, writing, writing, writing, writing, writing, writing, writing, writing, writing, writing, writing, writing, writing, writing, writing, writing, writing, writing, writing, writing, writing, writing, writing, writing, writing, writing, writing, writing, writing, writing, writing, writing, writing, writing, writing, writing, writing, writing, writing, writing, writing, writing, writing, writing, writing, writing, writing, writing, writing, writing, writing, writing, writing, writing, writing, writing, writing, writing, writing, writing, writing, writing, writing, writing, writing, writing, writing, writing, writing, writing, writing, writing, writing, writing, writing, writing, writing, writing, writing, writing, writing, writing, writing, writing, writing, writing, writing, writing, writing, writing, writing, writing, writing, writing, writing, writing, writing, writing, writing, writing, writing, writing, writing, writing, writing, writing, writing, writing, writing, writing, writing, writing, writing, writing, writing, writing, writing, writing, writing, writing, writing, writing, writing, writing, writing, writing, writing, writing, writing, writing, writing, writing, writing, writing, writing, writing, writing, writing, writing, writing, writing, writing, writing, writing, writing, writing, writing, writing, writing, writing, writing, writing, writing, writing, writing, writing, writing, writing, writing, writing, writing, writing, writing, writing, writing,	romanticism had a large element of cultural determinism drawn from writers such as goethe fichte and schlegel
The decision to make is one of the most important requirements for romanticism. It is to take the responsibility of singing, writing, writing, writing, writing, writing, writing, writing, writing, writing, writing, writing, writing, writing, writing, writing, writing, writing, writing, writing, writing, writing, writing, writing, writing, writing, writing, writing, writing, writing, writing, writing, writing, writing, writing, writing, writing, writing, writing, writing, writing, writing, writing, writing, writing, writing, writing, writing, writing, writing, writing, writing, writing, writing, writing, writing, writing, writing, writing, writing, writing, writing, writing, writing, writing, writing, writing, writing, writing, writing, writing, writing, writing, writing, writing, writing, writing, writing, writing, writing, writing, writing, writing, writing, writing, writing, writing, writing, writing, writing, writing, writing, writing, writing, writing, writing, writing, writing, writing, writing, writing, writing, writing, writing, writing, writing, writing, writing, writing, writing, writing, writing, writing, writing, writing, writing, writing, writing, writing, writing, writing, writing, writing, writing, writing, writing, writing, writing, writing, writing, writing, writing, writing, writing, writing, writing, writing, writing, writing, writing, writing, writing, writing, writing, writing, writing, writing, writing, writing, writing, writing, writing, writing, writing, writing, writing, writing, writing, writing, writing, writing, writing, writing, writing, writing, writing, writing, writing, writing, writing, writing, writing, writing, writing, writing, writing, writing, writing, writing, writing, writing, writing, writing, writing, writing, writing, writing, writing, writing, writing, writing, writing, writing, writing, writing, writing, writing, writing, writing, writing, writing, writing, writing, writing, writing, writing, writing, writing, writing, writing, writing,	romanticism had a large element of cultural determinism drawn from writers such as goethe fichte and schlegel
S.W.A.P.O.S.S.S.S.S.S.S.S.S.S.S.S.S.S.S.S.S.S.S.S.S.S.S.S.S.S.S.S.S.S.S.S.S.S.S.S.S.S.S.S.S.S.S.S.S.S.S.S.S.S.S.S.S.S.S.S.S.S.S.S.S.S.S.S.S.S.S.S.S.S.S.S.S.S.S.S.S.S.S.S.S.S.S.S.S.S.S.S.S.S.S.S.S.S.S.S.S.S.S.S.S.S.S.S.S.S.S.S.S.S.S.S.S.S.S.S.S.S.S.S.S.S.S.S.S.S.S.S.S.S.S.S.S.S.S.S.S.S.S.S.S.S.S.S.S.S.S.S.S.S.S.S.S.S.S.S.S.S.S.S.S.S.S.S.S.S.S.S.S.S.S.S.S.S.S.S.S.S.S.S.S.S.S.S.S.S.S.S.S.S.S.S.S.S.S.S.S.S.S.S.S.S.S.S.S.S.S.S.S.S.S.S.S.S.S.S.S.	the ruling party south west africa people's organisation swapo also retained a majority in the parliamentary elections
S.W.A.P.O.S.S.S.S.S.S.S.S.S.S.S.S.S.S.S.S.S.S.S.S.S.S.S.S.S.S.S.S.S.S.S.S.S.S.S.S.S.S.S.S.S.S.S.S.S.S.S.S.S.S.S.S.S.S.S.S.S.S.S.S.S.S.S.S.S.S.S.S.S.S.S.S.S.S.S.S.S.S.S.S.S.S.S.S.S.S.S.S.S.S.S.S.S.S.S.S.S.S.S.S.S.S.S.S.S.S.S.S.S.S.S.S.S.S.S.S.S.S.S.S.S.S.S.S.S.S.S.S.S.S.S.S.S.S.S.S.S.S.S.S.S.S.S.S.S.S.S.S.S.S.S.S.S.S.S.S.S.S.S.S.S.S.S.S.S.S.S.S.S.S.S.S.S.S.S.S.S.S.S.S.S.S.S.S.S.S.S.S.S.S.S.S.S.S.S.S.S.S.S.S.S.S.S.S.S.S.S.S.S.S.S.S.S.S.S.S.S.	the ruling party south west africa people's organisation swapo also retained a majority in the parliamentary elections
In the Middle East, the temperature of the air in the air is very important.	in the warm climate of the middle east the house was not so important
In the Middle East, the temperature of the air in the air is very important.	in the warm climate of the middle east the house was not so important
Therefore, it is very likely to be used as a sign for the reader to write.	so it is likely that the notation was added simply as a label
Therefore, it is very likely to be used as a sign for the reader to write.	so it is likely that the notation was added simply as a label
However, it is not true, although there are some hand-written content in the back of the document, but it is not a treasure map.	however that is not true although there is something written on the back of the document it is not a treasure map
However, it is not true, although there are some hand-written content in the back of the document, but it is not a treasure map.	however that is not true although there is something written on the back of the document it is not a treasure map
In 2002, the city of Lailai, which is the largest city in the world, and especially the city center of the city, was closed to the public.	in 2002 goma was destroyed by lava from the nyiragongo volcano which buried most of the town's streets particularly the town centre
In 2002, the city of Lailai, which is the largest city in the world, and especially the city center of the city, was closed to the public.	in 2002 goma was destroyed by lava from the nyiragongo volcano which buried most of the town's streets particularly the town centre
The surface of the moon is purple, and the earth is gray. The most favorite layer of the moon is called earth.	the surface of the moon is made of rocks and dust the outer layer of the moon is called the crust
The surface of the moon is purple, and the earth is gray. The most favorite layer of the moon is called earth.	the surface of the moon is made of rocks and dust the outer layer of the moon is called the crust
Since the light is in front of the present-day sky, it is easier to see the stars in the sky than to see the stars in the present-day sky.	as light pollution in their heyday was not the kind of problem it is today they are usually located in cities or at campuses easier to reach than those built in modern times
Since the light is in front of the present-day sky, it is easier to see the stars in the sky than to see the stars in the present-day sky.	as light pollution in their heyday was not the kind of problem it is today they are usually located in cities or at campuses easier to reach than those built in modern times
The place is full of colorful, colorful, colorful, colorful, colorful, colorful, colorful, colorful, colorful, colorful, colorful, colorful, colorful, colorful, colorful, colorful, colorful, colorful, colorful, colorful, colorful, colorful, colorful, colorful, colorful, colorful, colorful, colorful, colorful, colorful, colorful, colorful, colorful, colorful, colorful, colorful, colorful, colorful, colorful, colorful, colorful, colorful, colorful, colorful, colorful, colorful, colorful, colorful, colorful, colorful, colorful, colorful, colorful, colorful, colorful, colorful, colorful, colorful, colorful, colorful, colorful, colorful, colorful, colorful, colorful, colorful, colorful, colorful, colorful, colorful, colorful, colorful, colorful, colorful, colorful, colorful, colorful, colorful, colorful, colorful, colorful, colorful, colorful, colorful, colorful, colorful, colorful, colorful, colorful, colorful, colorful, colorful, colorful, colorful, colorful, colorful, colorful, colorful, colorful, colorful, colorful, colorful, colorful, colorful, colorful, colorful, colorful, colorful, colorful, colorful, colorful, colorful, colorful, colorful, colorful, colorful, colorful, colorful, colorful, colorful, colorful, colorful, colorful, colorful, colorful, colorful, colorful, colorful, colorful, colorful, colorful, colorful, colorful, colorful, colorful, colorful, colorful, colorful, colorful, colorful, colorful, colorful, colorful, colorful, colorful, colorful, colorful, colorful, colorful, colorful, colorful, colorful, colorful, colorful, colorful, colorful, colorful, colorful, colorful, colorful, colorful, colorful, colorful, colorful, colorful, colorful, colorful, colorful, colorful, colorful, colorful, colorful, colorful, colorful, colorful, colorful, colorful, colorful, colorful, colorful, colorful, colorful, colorful, colorful, colorful, colorful, colorful, colorful, colorful, colorful, colorful, colorful, colorful, colorful, colorful, colorful, colorful, colorful, colorful, colorful, colorful, colorful, colorful, colorful, colorful, colorful, colorful, colorful, colorful, colorful, colorful, colorful, colorful, colorful, colorful, colorful, colorful, colorful, colorful, colorful	cochamó valley - chile's premier climbing destination known as the yosemite of south america with a variety of granite big walls and crags
The place is full of colorful, colorful, colorful, colorful, colorful, colorful, colorful, colorful, colorful, colorful, colorful, colorful, colorful, colorful, colorful, colorful, colorful, colorful, colorful, colorful, colorful, colorful, colorful, colorful, colorful, colorful, colorful, colorful, colorful, colorful, colorful, colorful, colorful, colorful, colorful, colorful, colorful, colorful, colorful, colorful, colorful, colorful, colorful, colorful, colorful, colorful, colorful, colorful, colorful, colorful, colorful, colorful, colorful, colorful, colorful, colorful, colorful, colorful, colorful, colorful, colorful, colorful, colorful, colorful, colorful, colorful, colorful, colorful, colorful, colorful, colorful, colorful, colorful, colorful, colorful, colorful, colorful, colorful, colorful, colorful, colorful, colorful, colorful, colorful, colorful, colorful, colorful, colorful, colorful, colorful, colorful, colorful, colorful, colorful, colorful, colorful, colorful, colorful, colorful, colorful, colorful, colorful, colorful, colorful, colorful, colorful, colorful, colorful, colorful, colorful, colorful, colorful, colorful, colorful, colorful, colorful, colorful, colorful, colorful, colorful, colorful, colorful, colorful, colorful, colorful, colorful, colorful, colorful, colorful, colorful, colorful, colorful, colorful, colorful, colorful, colorful, colorful, colorful, colorful, colorful, colorful, colorful, colorful, colorful, colorful, colorful, colorful, colorful, colorful, colorful, colorful, colorful, colorful, colorful, colorful, colorful, colorful, colorful, colorful, colorful, colorful, colorful, colorful, colorful, colorful, colorful, colorful, colorful, colorful, colorful, colorful, colorful, colorful, colorful, colorful, colorful, colorful, colorful, colorful, colorful, colorful, colorful, colorful, colorful, colorful, colorful, colorful, colorful, colorful, colorful, colorful, colorful, colorful, colorful, colorful, colorful, colorful, colorful, colorful, colorful, colorful, colorful, colorful, colorful, colorful, colorful, colorful, colorful, colorful, colorful, colorful, colorful, colorful, colorful, colorful, colorful, colorful, colorful, colorful, colorful	cochamó valley - chile's premier climbing destination known as the yosemite of south america with a variety of granite big walls and crags
Especially, there are people who think they can use the correct interpretation of the expression to check if one person is speaking.	in particular it is claimed that one can detect whether a person is lying by interpreting micro-expressions correctly
Especially, there are people who think they can use the correct interpretation of the expression to check if one person is speaking.	in particular it is claimed that one can detect whether a person is lying by interpreting micro-expressions correctly
The other side of the light will turn into a different person. He or she believes that they must change the way they do things, and use their own way of doing things.	at the other end of the spectrum one morphs into an unrecognizable individual that feels he or she must change everything the team has been doing and make it their own
The other side of the light will turn into a different person. He or she believes that they must change the way they do things, and use their own way of doing things.	at the other end of the spectrum one morphs into an unrecognizable individual that feels he or she must change everything the team has been doing and make it their own
It is still under 25-30 years since the introduction of the Chinese version of the Chinese version of the Chinese version of the Chinese version of the Chinese version of the Chinese version of the Chinese version of the Chinese version of the Chinese version of the Chinese version of the Chinese version of the Chinese version of the Chinese version of the Chinese version of the Chinese version of the Chinese version of the Chinese version of the Chinese version of the Chinese version of the Chinese version of the Chinese version of the Chinese version of the Chinese version of the Chinese version of the Chinese version of the Chinese version of the Chinese version of the Chinese version of the Chinese version of the Chinese version of the Chinese version of the Chinese version of the Chinese version of the Chinese version of the Chinese version of the Chinese version of the Chinese version of the Chinese version of the Chinese version of the Chinese version of the Chinese version of the Chinese version of the Chinese version of the Chinese version of the Chinese version of the Chinese version of the Chinese version of the Chinese version of the Chinese version of the Chinese version of the Chinese version of the Chinese version of the Chinese version of the Chinese version of the Chinese version of the Chinese version of the Chinese version of the Chinese version of the Chinese version of the Chinese version of the Chinese version of the Chinese version of the Chinese version of the Chinese version of the Chinese version of the Chinese version of the Chinese version of the Chinese version of the Chinese version of the Chinese version of the Chinese version of the Chinese version of the Chinese version of the Chinese version of the Chinese version of the Chinese version of the Chinese version of the Chinese version of the Chinese version of the Chinese version of the Chinese version of the Chinese version of the Chinese version of the Chinese version of the Chinese version of the Chinese version of the Chinese version of the Chinese version of the Chinese version of the Chinese version of the Chinese version of the Chinese version of the Chinese version of the Chinese version of the Chinese version of the Chinese version of the Chinese version of the Chinese version of the Chinese version of the Chinese version of the Chinese version of the Chinese version of the Chinese version of the Chinese version of the Chinese version of the Chinese version of the Chinese version of the Chinese version of	however due to the slow communication channels styles in the west could lag behind by 25 to 30 year
It is still under 25-30 years since the introduction of the Chinese version of the Chinese version of the Chinese version of the Chinese version of the Chinese version of the Chinese version of the Chinese version of the Chinese version of the Chinese version of the Chinese version of the Chinese version of the Chinese version of the Chinese version of the Chinese version of the Chinese version of the Chinese version of the Chinese version of the Chinese version of the Chinese version of the Chinese version of the Chinese version of the Chinese version of the Chinese version of the Chinese version of the Chinese version of the Chinese version of the Chinese version of the Chinese version of the Chinese version of the Chinese version of the Chinese version of the Chinese version of the Chinese version of the Chinese version of the Chinese version of the Chinese version of the Chinese version of the Chinese version of the Chinese version of the Chinese version of the Chinese version of the Chinese version of the Chinese version of the Chinese version of the Chinese version of the Chinese version of the Chinese version of the Chinese version of the Chinese version of the Chinese version of the Chinese version of the Chinese version of the Chinese version of the Chinese version of the Chinese version of the Chinese version of the Chinese version of the Chinese version of the Chinese version of the Chinese version of the Chinese version of the Chinese version of the Chinese version of the Chinese version of the Chinese version of the Chinese version of the Chinese version of the Chinese version of the Chinese version of the Chinese version of the Chinese version of the Chinese version of the Chinese version of the Chinese version of the Chinese version of the Chinese version of the Chinese version of the Chinese version of the Chinese version of the Chinese version of the Chinese version of the Chinese version of the Chinese version of the Chinese version of the Chinese version of the Chinese version of the Chinese version of the Chinese version of the Chinese version of the Chinese version of the Chinese version of the Chinese version of the Chinese version of the Chinese version of the Chinese version of the Chinese version of the Chinese version of the Chinese version of the Chinese version of the Chinese version of the Chinese version of the Chinese version of the Chinese version of the Chinese version of the Chinese version of the Chinese version of the Chinese version of the Chinese version of	however due to the slow communication channels styles in the west could lag behind by 25 to 30 year
All people who participate in social activities use the operating system, almost everyone uses the operating system.	everyone participates in society and uses transportation systems almost everyone complains about transportation systems
All people who participate in social activities use the operating system, almost everyone uses the operating system.	everyone participates in society and uses transportation systems almost everyone complains about transportation systems
Many people do not think they are a kind of fear.	many people don't think about them as dinosaurs because they have feathers and can fly
Many people do not think they are a kind of fear.	many people don't think about them as dinosaurs because they have feathers and can fly
Although he is not a professional athlete, he is also very good at dancing, and he has a strong personality and a 5x strength.	a well rounded athlete the tiger can climb though not well swim leap great distances and pull with five times the force of a strong human
Although he is not a professional athlete, he is also very good at dancing, and he has a strong personality and a 5x strength.	a well rounded athlete the tiger can climb though not well swim leap great distances and pull with five times the force of a strong human
Most of the buildings in the围織群邊緣 have already been rebuilt. It seems to have a better understanding of the original appearance.	most of the buildings on the edges of the complex have been rebuilt in order to give tourists a better idea of how they originally appeared
Most of the buildings in the围織群邊緣 have already been rebuilt. It seems to have a better understanding of the original appearance.	most of the buildings on the edges of the complex have been rebuilt in order to give tourists a better idea of how they originally appeared
The car can't control the car, so the race begins, and the race ends quickly.	giancarlo fisichella lost control of his car and ended the race very soon after the start
The car can't control the car, so the race begins, and the race ends quickly.	giancarlo fisichella lost control of his car and ended the race very soon after the start
The total amount of the ingredients is 150-200 grams. It is said to be the total amount of the kneading process.	through the night between 150 and 200 copies were made now known as dunlap broadsides
The total amount of the ingredients is 150-200 grams. It is said to be the total amount of the kneading process.	through the night between 150 and 200 copies were made now known as dunlap broadsides
Last week, the financial industry broke out and announced that Apple will report to the company for another 34-day hot-off event. The company announced that this event was not serious.	last week meti announced that apple had informed it of 34 additional overheating incidents which the company called non-serious
Last week, the financial industry broke out and announced that Apple will report to the company for another 34-day hot-off event. The company announced that this event was not serious.	last week meti announced that apple had informed it of 34 additional overheating incidents which the company called non-serious
All the names and the meaning are yours, and you will immediately appear in the middle of the sentence, and will still lead to the beginning of the writing.	all nouns alongside the word sie for you always begin with a capital letter even in the middle of a sentence
All the names and the meaning are yours, and you will immediately appear in the middle of the sentence, and will still lead to the beginning of the writing.	all nouns alongside the word sie for you always begin with a capital letter even in the middle of a sentence
After 5 minutes, it suddenly turned into a storm. After about 1 minute, the wind speed increased to 70km per hour, and the rain started to fall. It was raining and it was raining heavily, and there was more and more fog on the skin. This time, it was close to the door of the ice box from the Tianyi River, called Bung Pao Lake.	five minutes into the display a wind starts rolling in about a minute later the wind is reaching 70km/h... then the rain comes but so hard and so large that it slaps your skin like a needle then hail fell from the sky people panicking and screaming and running over each other
After 5 minutes, it suddenly turned into a storm. After about 1 minute, the wind speed increased to 70km per hour, and the rain started to fall. It was raining and it was raining heavily, and there was more and more fog on the skin. This time, it was close to the door of the ice box from the Tianyi River, called Bung Pao Lake.	five minutes into the display a wind starts rolling in about a minute later the wind is reaching 70km/h... then the rain comes but so hard and so large that it slaps your skin like a needle then hail fell from the sky people panicking and screaming and running over each other
They have a lot of defense, and the goal is to keep the team from moving out of the ring, which is still not a good match for the strong team.	their disciplined defence ball handling skills and excellent team work made them stand out and it was clear that this was the team to beat
They have a lot of defense, and the goal is to keep the team from moving out of the ring, which is still not a good match for the strong team.	their disciplined defence ball handling skills and excellent team work made them stand out and it was clear that this was the team to beat
The Asia-Pacific Asia-Pacific Russia-Pacific Xinjiang, China, China, China, China, China, China, China, China, China, China, China, China, China, China, China, China, China, China, China, China, China, China, China, China, China, China, China, China, China, China, China, China, China, China, China, China, China, China, China, China, China, China, China, China, China, China, China, China, China, China, China, China, China, China, China, China, China, China, China, China, China, China, China, China, China, China, China, China, China, China, China, China, China, China, China, China, China, China, China, China, China, China, China, China, China, China, China, China, China, China, China, China, China, China, China, China, China, China, China, China, China, China, China, China, China, China, China, China, China, China, China, China, China, China, China, China, China, China, China, China, China, China, China, China, China, China, China, China, China, China, China, China, China, China, China, China, China, China, China, China, China, China, China, China, China, China, China, China, China, China, China, China, China, China, China, China, China, China, China, China, China, China, China, China, China, China, China, China, China, China, China, China, China, China, China, China, China, China, China, China, China, China, China, China, China, China, China, China, China, China, China, China, China, China, China, China, China, China, China, China, China, China, China, China, China, China, China, China, China, China, China, China, China, China,	california governor arnold schwarzenegger signed into law a bill that bans the sale or rental of violent video games to minors
The Asia-Pacific Asia-Pacific Russia-Pacific Xinjiang, China, China, China, China, China, China, China, China, China, China, China, China, China, China, China, China, China, China, China, China, China, China, China, China, China, China, China, China, China, China, China, China, China, China, China, China, China, China, China, China, China, China, China, China, China, China, China, China, China, China, China, China, China, China, China, China, China, China, China, China, China, China, China, China, China, China, China, China, China, China, China, China, China, China, China, China, China, China, China, China, China, China, China, China, China, China, China, China, China, China, China, China, China, China, China, China, China, China, China, China, China, China, China, China, China, China, China, China, China, China, China, China, China, China, China, China, China, China, China, China, China, China, China, China, China, China, China, China, China, China, China, China, China, China, China, China, China, China, China, China, China, China, China, China, China, China, China, China, China, China, China, China, China, China, China, China, China, China, China, China, China, China, China, China, China, China, China, China, China, China, China, China, China, China, China, China, China, China, China, China, China, China, China, China, China, China, China, China, China, China, China, China, China, China, China, China, China, China, China, China, China, China, China, China, China, China, China, China, China, China, China, China, China, China,	california governor arnold schwarzenegger signed into law a bill that bans the sale or rental of violent video games to minors
If you want to participate in the journey, you don't need to enter the簽證截至2009.	if you only go ashore using shipboard excursions you will not need a separate visa as of 2009
If you want to participate in the journey, you don't need to enter the簽證截至2009.	if you only go ashore using shipboard excursions you will not need a separate visa as of 2009
If you have watched a movie, you may have thought that the United States has a bed sheet on its back, or a bed sheet on its back.	if you have watched the movie national treasure you may think a treasure map was written on the back of the declaration of independence
If you have watched a movie, you may have thought that the United States has a bed sheet on its back, or a bed sheet on its back.	if you have watched the movie national treasure you may think a treasure map was written on the back of the declaration of independence
Bacchus is the main source of farmland, and it is also known as the Spanish language. There is a half of the population who likes to talk about the Spanish language. Most of the people can understand, and most of the people can understand the Spanish language.	barcelona's official languages are catalan and spanish about a half prefer to speak catalan a vast majority understands it and virtually everyone knows spanish
Bacchus is the main source of farmland, and it is also known as the Spanish language. There is a half of the population who likes to talk about the Spanish language. Most of the people can understand, and most of the people can understand the Spanish language.	barcelona's official languages are catalan and spanish about a half prefer to speak catalan a vast majority understands it and virtually everyone knows spanish
Some members of the group are not stable, which means that they are not likely to be easily divided in the form of pushing force.	some atoms have unstable nuclei which means that they tend to break apart with little or no nudging
Some members of the group are not stable, which means that they are not likely to be easily divided in the form of pushing force.	some atoms have unstable nuclei which means that they tend to break apart with little or no nudging
The painting is now on the golden tower, and the lights are lit up on the other golden towers.	the scenes are displayed on the pyramids and the different pyramids are lit up
The painting is now on the golden tower, and the lights are lit up on the other golden towers.	the scenes are displayed on the pyramids and the different pyramids are lit up
Other topics include the best video, the best director, the best photography, the best costume design, the best editing, the best original music, the best production, the best design, the best sound quality, the best editing, the best audio, the best audio and the best original scripting.	the other nominations include best picture director cinematography costume design film-editing original score production design sound editing sound mixing and original screenplay
Other topics include the best video, the best director, the best photography, the best costume design, the best editing, the best original music, the best production, the best design, the best sound quality, the best editing, the best audio, the best audio and the best original scripting.	the other nominations include best picture director cinematography costume design film-editing original score production design sound editing sound mixing and original screenplay
On the same day, the man's clothes covered the wall of the room.	along the same line men are required to wear trousers covering the knees
On the same day, the man's clothes covered the wall of the room.	along the same line men are required to wear trousers covering the knees
From Singapore's Deputy Prime Minister, Wang Geng-seng, and from Singapore's Deputy Prime Minister, Li Hien-long, Mr. Tan Mou-yik, Mr. Wang Bo-joo, Mr. Tan Yi-tae.	he was greeted by singapore's deputy prime minister wong kan seng and discussed trade and terrorism issues with the singapore prime minister lee hsien loong
From Singapore's Deputy Prime Minister, Wang Geng-seng, and from Singapore's Deputy Prime Minister, Li Hien-long, Mr. Tan Mou-yik, Mr. Wang Bo-joo, Mr. Tan Yi-tae.	he was greeted by singapore's deputy prime minister wong kan seng and discussed trade and terrorism issues with the singapore prime minister lee hsien loong
Mostly, there are two main concepts in the science and technology decision-making tradition. Science and technology have a greater influence on the development of the picture than on the culture or political factors, and science and technology have a greater influence on social concerns, such as the lack of social skills and the lack of social skills.	most interpretations of technological determinism share two general ideas that the development of technology itself follows a path largely beyond cultural or political influence and that technology in turn has effects on societies that are inherent rather than socially conditioned
As a result, the two types of fish are already extinct, including the back of the dragon and the tail of the fish, and the other two types of scales are extinct.	as a result two fish species have become extinct and two others have become endangered including the humpback chub
As a result, the two types of fish are already extinct, including the back of the dragon and the tail of the fish, and the other two types of scales are extinct.	as a result two fish species have become extinct and two others have become endangered including the humpback chub
The research we are currently doing is mainly based on theory, but the purpose of the drawing is to observe the human race.	the work done was mostly theoretical but the program was written to simulate observations made of the sagittarius galaxy
The research we are currently doing is mainly based on theory, but the purpose of the drawing is to observe the human race.	the work done was mostly theoretical but the program was written to simulate observations made of the sagittarius galaxy
Madagascar is one of the largest cities in the world, and has a wide range of activities.	madagascar is by far the biggest and a continent on its own when it comes to wildlife
Madagascar is one of the largest cities in the world, and has a wide range of activities.	madagascar is by far the biggest and a continent on its own when it comes to wildlife
He thought we brought a train, a car and other documents.	it has brought us the train the car and many other transportation devices
He thought we brought a train, a car and other documents.	it has brought us the train the car and many other transportation devices
President of the United States of America, President of the United States of America, President of the United States of America, President of the United States of America, President of the United States of America, President of the United States of America, President of the United States of America, President of the United States of America, President of the United States of America, President of the United States of America, President of the United States of America, President of the United States of America, President of the United States of America, President of the United States of America, President of the United States of America, President of the United States of America, President of the United States of America, President of the United States of America, President of the United States of America, President of the United States of America, President of the United States of America, President of the United States of America, President of the United States of America, President of the United States of America, President of the United States of America, President of the United States of America, President of the United States of America, President of the United States of America, President of the United States of America, President of the United States of America, President of the United States of America, President of the United States of America, President of the United States of America, President of the United States of America, President of the United States of America, President of the United States of America, President of the United States of America, President of the United States of America, President of the United States of America, President of the United States of America, President of the United States of America, President of the United States of America, President of the United States of America, President of the United States of America, President of the United States of America, President of the United States of America, President of the United States of America, President of the United States of America, President of the United States of America, President of the United States of America, President of the United States of America, President of the United States of America, President of the United States of America, President of the United States of America, President of the United States of America, President of the United	current senator and argentine first lady cristina fernandez de kirchner announced her presidential candidacy yesterday evening in la plata a city 50 kilometers 31 miles away from buenos aires
President of the United States of America, President of the United States of America, President of the United States of America, President of the United States of America, President of the United States of America, President of the United States of America, President of the United States of America, President of the United States of America, President of the United States of America, President of the United States of America, President of the United States of America, President of the United States of America, President of the United States of America, President of the United States of America, President of the United States of America, President of the United States of America, President of the United States of America, President of the United States of America, President of the United States of America, President of the United States of America, President of the United States of America, President of the United States of America, President of the United States of America, President of the United States of America, President of the United States of America, President of the United States of America, President of the United States of America, President of the United States of America, President of the United States of America, President of the United States of America, President of the United States of America, President of the United States of America, President of the United States of America, President of the United States of America, President of the United States of America, President of the United States of America, President of the United States of America, President of the United States of America, President of the United States of America, President of the United States of America, President of the United States of America, President of the United States of America, President of the United States of America, President of the United States of America, President of the United States of America, President of the United States of America, President of the United States of America, President of the United States of America, President of the United States of America, President of the United States of America, President of the United States of America, President of the United States of America, President of the United States of America, President of the United States of America, President of the United States of America, President of the United	current senator and argentine first lady cristina fernandez de kirchner announced her presidential candidacy yesterday evening in la plata a city 50 kilometers 31 miles away from buenos aires
The recording of the video is not yet recorded, but is still being recorded for a few seconds, and the video is still being recorded for a few seconds, and the video is still being recorded for a few seconds, and the video is still being recorded for a few seconds, and the video is still being recorded for a few seconds, and the video is still being recorded for a few seconds, and the video is still being recorded for a few seconds, and the video is still being recorded for a few seconds, and the video is still being recorded for a few seconds, and the video is still being recorded for a few seconds, and the video is still being recorded for a few seconds, and the video is still being recorded for a few seconds, and the video is still being recorded for a few seconds, and the video is still being recorded for a few seconds, and the video is still being recorded for a few seconds, and the video is still being recorded for a few seconds, and the video is still being recorded for a few seconds, and the video is still being recorded for a few seconds, and the video is still being recorded for a few seconds, and the video is still being recorded for a few seconds, and the video is still being recorded for a few seconds, and the video is still being recorded for a few seconds, and the video is still being recorded for a few seconds, and the video is still being recorded for a few seconds, and the video is still being recorded for a few seconds, and the video is still being recorded for a few seconds, and the video is still being recorded for a few seconds, and the video is still being recorded for a few seconds, and the video is still being recorded for a few seconds, and the video is still being recorded for a few seconds, and the video is still being recorded for a few seconds, and the video is still being recorded for a few seconds, and the video is still being recorded for a few seconds, and the video is still being recorded for a few seconds, and the video is still being recorded for a few seconds, and the video is still being recorded for a few seconds, and the video is	the use of video recording has led to important discoveries in the interpretation of micro-expressions facial movements which last a few milliseconds
The recording of the video is not yet recorded, but is still being recorded for a few seconds, and the video is still being recorded for a few seconds, and the video is still being recorded for a few seconds, and the video is still being recorded for a few seconds, and the video is still being recorded for a few seconds, and the video is still being recorded for a few seconds, and the video is still being recorded for a few seconds, and the video is still being recorded for a few seconds, and the video is still being recorded for a few seconds, and the video is still being recorded for a few seconds, and the video is still being recorded for a few seconds, and the video is still being recorded for a few seconds, and the video is still being recorded for a few seconds, and the video is still being recorded for a few seconds, and the video is still being recorded for a few seconds, and the video is still being recorded for a few seconds, and the video is still being recorded for a few seconds, and the video is still being recorded for a few seconds, and the video is still being recorded for a few seconds, and the video is still being recorded for a few seconds, and the video is still being recorded for a few seconds, and the video is still being recorded for a few seconds, and the video is still being recorded for a few seconds, and the video is still being recorded for a few seconds, and the video is still being recorded for a few seconds, and the video is still being recorded for a few seconds, and the video is still being recorded for a few seconds, and the video is still being recorded for a few seconds, and the video is still being recorded for a few seconds, and the video is still being recorded for a few seconds, and the video is still being recorded for a few seconds, and the video is still being recorded for a few seconds, and the video is still being recorded for a few seconds, and the video is still being recorded for a few seconds, and the video is still being recorded for a few seconds, and the video is still being recorded for a few seconds, and the video is	the use of video recording has led to important discoveries in the interpretation of micro-expressions facial movements which last a few milliseconds
The second round of the second round of the second round of the second round of the second round of the second round of the second round of the second round of the second round of the second round of the second round of the second round of the second round of the second round of the second round of the second round of the second round of the second round of the second round of the second round of the second round of the second round of the second round of the second round of the second round of the second round of the second round of the second round of the second round of the second round of the second round of the second round of the second round of the second round of the second round of the second round of the second round of the second round of the second round of the second round of the second round of the second round of the second round of the second round of the second round of the second round of the second round of the second round of the second round of the second round of the second round of the second round of the second round of the second round of the second round of the second round of the second round of the second round of the second round of the second round of the second round of the second round of the second round of the second round of the second round of the second round of the second round of the second round of the second round of the second round of the second round of the second round of the second round of the second round of the second round of the second round of the second round of the second round of the second round of the second round of the second round of the second round of the second round of the second round of the second round of the second round of the second round of the second round of the second round of the second round of the second round of the second round of the second round of the second round of the second round of the second round of the second round of the second round of the second round of the second round of the second round of the second round of the second round of the second round of the second round of the second round of the second round of the second round of the second round of the second round of the second round of	del potro had the early advantage in the second set but this too required a tie break after reaching 6-6
Two years after the end of the war, the allies began to fight against the enemy.	with two years of the end of the war the former allies were now enemies and the cold war began
On Sunday, US President Donald Trump announced that the U.S. military would take action against the U.S.	late on sunday the united states president donald trump in a statement delivered via the press secretary announced us troops would be leaving syria
On Sunday, US President Donald Trump announced that the U.S. military would take action against the U.S.	late on sunday the united states president donald trump in a statement delivered via the press secretary announced us troops would be leaving syria
On the Internet, you can find the site of the local company.	a search of the internet for hostile environment course' will probably provide the address of a local company
On the Internet, you can find the site of the local company.	a search of the internet for hostile environment course' will probably provide the address of a local company
People's ancient knowledge of gold, silver and other basic chemical elements, because these elements add to the existence of the natural world, please use the original formula to make it relatively simple.	people have known about basic chemical elements such as gold silver and copper from antiquity as these can all be discovered in nature in native form and are relatively simple to mine with primitive tools
People's ancient knowledge of gold, silver and other basic chemical elements, because these elements add to the existence of the natural world, please use the original formula to make it relatively simple.	people have known about basic chemical elements such as gold silver and copper from antiquity as these can all be discovered in nature in native form and are relatively simple to mine with primitive tools
The northern part of the area is less crowded with people, and there are a few people in the middle of the street.	large areas further north are quite sparsely populated and some is nearly uninhabited wilderness
The northern part of the area is less crowded with people, and there are a few people in the middle of the street.	large areas further north are quite sparsely populated and some is nearly uninhabited wilderness
If you want to land on the high seas, or if you want to land on the mountains, you should consider that there should be a greater probability that you will be able to land on the ice or on the ice.	anyone who's going to drive at high latitudes or over mountain passes should consider the possibility of snow ice or freezing temperatures
If you want to land on the high seas, or if you want to land on the mountains, you should consider that there should be a greater probability that you will be able to land on the ice or on the ice.	anyone who's going to drive at high latitudes or over mountain passes should consider the possibility of snow ice or freezing temperatures
It is clear that this word is for the end of the political age.	he referred to the rumors as political chatter and silliness
It is clear that this word is for the end of the political age.	he referred to the rumors as political chatter and silliness
In ancient times, China used a unique method to express the different periods of time. China's each section or the family of the ruling party also belonged to different eras.	ancient china had a unique way of showing different time periods each stage of china or each family that was in power was a distinctive dynasty
In ancient times, China used a unique method to express the different periods of time. China's each section or the family of the ruling party also belonged to different eras.	ancient china had a unique way of showing different time periods each stage of china or each family that was in power was a distinctive dynasty
This is the most effective way to use the source of the source of the source of the source of the source of the source of the source of the source of the source of the source of the source of the source of the source of the source of the source of the source of the source of the source of the source of the source of the source of the source of the source of the source of the source of the source of the source of the source of the source of the source of the source of the source of the source of the source of the source of the source of the source of the source of the source of the source of the source of the source of the source of the source of the source of the source of the source of the source of the source of the source of the source of the source of the source of the source of source of the source of source of the source of source of the source of source of source of source of source of source of source of source of source of source of source of source of source of source of source of source of source of source of source of source of source of source of source of source of source of source of source of source of source of source of source of source of source of source of source of source of source of source of source of source of source of source of source of source of source of source of source of source of source of source of source of source of source of source of source of source of source of source of source of source of source of source of source of source of source of source of source of source of source of source of source of source of source of source of source of source of source of source of source of source of source of source of source of source of source of source of source of source of source of source of source of source of source of source of source of source of source of source of source of source of source of source of source of source of source of source of source of source of source of source of source of source of source of source of source of source of source of source of source of source of source of source of source of source of source of source of source of source of source of source of source	using ships to transport goods is by far the most efficient way to move large amounts of people and goods across oceans
Although the documents on the back have a little bit of content, it is not a hidden treasure.	however that is not true although there is something written on the back of the document it is not a treasure map
Although the documents on the back have a little bit of content, it is not a hidden treasure.	however that is not true although there is something written on the back of the document it is not a treasure map
In 2002, the river was flooded by the flood. The city has a large number of streets, especially the city center.	in 2002 goma was destroyed by lava from the nyiragongo volcano which buried most of the town's streets particularly the town centre
In 2002, the river was flooded by the flood. The city has a large number of streets, especially the city center.	in 2002 goma was destroyed by lava from the nyiragongo volcano which buried most of the town's streets particularly the town centre
In the 1960s, the Bolsheviks took over the role of the anti-Saharan and anti-Saharan militia.	throughout 1960s brzezinski worked for john f kennedy as his advisor and then the lyndon b johnson administration
Most of the employees in Italy usually use the language, so they often use it in Chinese and English.	italian is also the everyday language used by most of those who work in the state while latin is often used in religious ceremonies
Most of the employees in Italy usually use the language, so they often use it in Chinese and English.	italian is also the everyday language used by most of those who work in the state while latin is often used in religious ceremonies
If you have any questions, please post them in the comments section.	professor pamela ferguson of the university of dundee notes journalists do seem to be walking a dangerous line if publishing photos etc of suspects
If you have any questions, please post them in the comments section.	professor pamela ferguson of the university of dundee notes journalists do seem to be walking a dangerous line if publishing photos etc of suspects
It is clear that it is still the end of the political life.	he referred to the rumors as political chatter and silliness
It is clear that it is still the end of the political life.	he referred to the rumors as political chatter and silliness
As with all the South African countries, this park has a daily maintenance fee.	as with all south african national parks there are daily conservation and entry fees for the park
As with all the South African countries, this park has a daily maintenance fee.	as with all south african national parks there are daily conservation and entry fees for the park
However, according to this statement, a new region's transportation method has developed into a new country.	the schengen zone however works somewhat like one country in this respect
However, according to this statement, a new region's transportation method has developed into a new country.	the schengen zone however works somewhat like one country in this respect
Molochka Soudan, the founder of the city, took the name of Darlabadek, and Kassabulanka, who was the name of the Siphanian trade union, was also the name of the Siphanian trade union, and the name of the Siphanian trade union was also the name of the Siphanian trade union, and the name of the Siphanian trade union was also the name of the Siphanian trade union, and the name of the Siphanian trade union was also the name of the Siphanian trade union, and the name of the Siphanian trade union was also the name of the Siphanian trade union, and the name of the Siphanian trade union was also the name of the Siphanian trade union, and the name of the Siphanian trade union was also the name of the Siphanian trade union, and the name of the Siphanian trade union was also the name of the Siphanian trade union, and the name of the Siphanian trade union was also the name of the Siphanian trade union, and the name of the Siphanian trade union was also the name of the Siphanian trade union, and the name of the Siphanian trade union was also the name of the Siphanian trade union, and the name of the Siphan trade union was also the name of the Siphan trade union, and the name of the Siphan trade union was also the name of the Siphan trade union, and the name of the Siphan trade union was also the name of the Siphan trade union, and the name of the Siphan trade union was also the name of the Siphan trade union, and the name of the Siphan trade union was also the name of the Siphan trade union, and the name of the Siphan trade union was also the name of the Siphan trade union, and the name of the Siphan trade union was also the name of	the moroccan sultan rebuilt the city as daru l-badya and it was given the name casablanca by spanish traders who established trading bases there
Molochka Soudan, the founder of the city, took the name of Darlabadek, and Kassabulanka, who was the name of the Siphanian trade union, was also the name of the Siphanian trade union, and the name of the Siphanian trade union was also the name of the Siphanian trade union, and the name of the Siphanian trade union was also the name of the Siphanian trade union, and the name of the Siphanian trade union was also the name of the Siphanian trade union, and the name of the Siphanian trade union was also the name of the Siphanian trade union, and the name of the Siphanian trade union was also the name of the Siphanian trade union, and the name of the Siphanian trade union was also the name of the Siphanian trade union, and the name of the Siphanian trade union was also the name of the Siphanian trade union, and the name of the Siphanian trade union was also the name of the Siphanian trade union, and the name of the Siphanian trade union was also the name of the Siphanian trade union, and the name of the Siphanian trade union was also the name of the Siphanian trade union, and the name of the Siphan trade union was also the name of the Siphan trade union, and the name of the Siphan trade union was also the name of the Siphan trade union, and the name of the Siphan trade union was also the name of the Siphan trade union, and the name of the Siphan trade union was also the name of the Siphan trade union, and the name of the Siphan trade union was also the name of the Siphan trade union, and the name of the Siphan trade union was also the name of the Siphan trade union, and the name of the Siphan trade union was also the name of	the moroccan sultan rebuilt the city as daru l-badya and it was given the name casablanca by spanish traders who established trading bases there
The hospital is willing to carry out the test to control the regulations, including the patient next door, in order to prevent other people from experiencing it.	the hospital has followed protocol for infection control including separating the patient from others to prevent possible infection of others
The hospital is willing to carry out the test to control the regulations, including the patient next door, in order to prevent other people from experiencing it.	the hospital has followed protocol for infection control including separating the patient from others to prevent possible infection of others
Later, he was transferred to the Ardenborough Hospital, Edinburgh, Health Speed Hall.	he was subsequently relocated to addenbrooke's hospital in cambridge
Later, he was transferred to the Ardenborough Hospital, Edinburgh, Health Speed Hall.	he was subsequently relocated to addenbrooke's hospital in cambridge
According to the bottom of the water, the flow of the waves will be concentrated in the lower part of the deep area, and may flow to the deep area of fast water flow.	due to the underwater topology the return flow is concentrated at a few deeper sections and a fast current to deep water may form there
According to the bottom of the water, the flow of the waves will be concentrated in the lower part of the deep area, and may flow to the deep area of fast water flow.	due to the underwater topology the return flow is concentrated at a few deeper sections and a fast current to deep water may form there
Singapore's Deputy Prime Minister Wang Geng-shing is in contact with Singapore's Prime Minister Lee Hsin-long, Tan Mau-yek, and the terrorist group, etc.	he was greeted by singapore's deputy prime minister wong kan seng and discussed trade and terrorism issues with the singapore prime minister lee hsien loong
Singapore's Deputy Prime Minister Wang Geng-shing is in contact with Singapore's Prime Minister Lee Hsin-long, Tan Mau-yek, and the terrorist group, etc.	he was greeted by singapore's deputy prime minister wong kan seng and discussed trade and terrorism issues with the singapore prime minister lee hsien loong
The communication flow is based on the situation of the movement between the two countries, and the interaction between the elderly and the elderly.	traffic flow is the study of the movement of individual drivers and vehicles between two points and the interactions they make with one another
The communication flow is based on the situation of the movement between the two countries, and the interaction between the elderly and the elderly.	traffic flow is the study of the movement of individual drivers and vehicles between two points and the interactions they make with one another
In the period of the period of the history of Europe, there was a strong Catholic Church of the Great God, and it was a serious trial.	during this period of european history the catholic church which had become rich and powerful came under scrutiny
In the period of the period of the history of Europe, there was a strong Catholic Church of the Great God, and it was a serious trial.	during this period of european history the catholic church which had become rich and powerful came under scrutiny
In the end, there are only a few cats, and there are more cats, and there are more cats, and there are more cats, and there are more cats, and there are more cats, and there are more cats, and there are more cats, and there are more cats, and there are more cats, and there are more cats, and there are more cats, and there are more cats, and there are more cats, and there are more cats, and there are more cats, and there are more cats, and there are more cats, and there are more cats, and there are more cats, and there are more cats, and there are more cats, and there are more cats, and there are more cats, and there are more cats, and there are more cats, and there are more cats, and there are more cats, and there are more cats, and there are more cats, and there are more cats, and there are more cats, and there are more cats, and there are more cats, and there are more cats, and there are more cats, and there are more cats, and there are more cats, and there are more cats, and there are more cats, and there are more cats, and there are more cats, and there are more cats, and there are more cats, and there are more cats, and there are more cats, and there are more cats, and there are more cats, and there are more cats, and there are more cats, and there are more cats, and there are more cats, and there are more cats, and there are more cats, and there are more cats, and there are more cats, and there are more cats, and there are more cats, and there are more cats, and there are more cats, and there are more cats, and there are more cats, and there are more cats, and there are more cats, and there are more cats, and there are more cats, and there are more cats, and there are more cats, and there are more cats, and there are more cats, and there are more cats, and there are more cats, and there are more cats, and	finally there are many small cats including loose pet cats that eat the far more numerous small prey like insects rodents lizards and birds
In the end, there are only a few cats, and there are more cats, and there are more cats, and there are more cats, and there are more cats, and there are more cats, and there are more cats, and there are more cats, and there are more cats, and there are more cats, and there are more cats, and there are more cats, and there are more cats, and there are more cats, and there are more cats, and there are more cats, and there are more cats, and there are more cats, and there are more cats, and there are more cats, and there are more cats, and there are more cats, and there are more cats, and there are more cats, and there are more cats, and there are more cats, and there are more cats, and there are more cats, and there are more cats, and there are more cats, and there are more cats, and there are more cats, and there are more cats, and there are more cats, and there are more cats, and there are more cats, and there are more cats, and there are more cats, and there are more cats, and there are more cats, and there are more cats, and there are more cats, and there are more cats, and there are more cats, and there are more cats, and there are more cats, and there are more cats, and there are more cats, and there are more cats, and there are more cats, and there are more cats, and there are more cats, and there are more cats, and there are more cats, and there are more cats, and there are more cats, and there are more cats, and there are more cats, and there are more cats, and there are more cats, and there are more cats, and there are more cats, and there are more cats, and there are more cats, and there are more cats, and there are more cats, and there are more cats, and there are more cats, and there are more cats, and there are more cats, and there are more cats, and there are more cats, and there are more cats, and	finally there are many small cats including loose pet cats that eat the far more numerous small prey like insects rodents lizards and birds
It is the least independent country in the world, and it is the least population in the world.	vatican city's population is around 800 it is the smallest independent country in the world and the country with the lowest population
It is the least independent country in the world, and it is the least population in the world.	vatican city's population is around 800 it is the smallest independent country in the world and the country with the lowest population
Other topics include the street film, the street director, the street photography, the street clothing design, the street editing, the street original music, the street production design, the street audio editing, the street audio and the original script.	the other nominations include best picture director cinematography costume design film-editing original score production design sound editing sound mixing and original screenplay
Other topics include the street film, the street director, the street photography, the street clothing design, the street editing, the street original music, the street production design, the street audio editing, the street audio and the original script.	the other nominations include best picture director cinematography costume design film-editing original score production design sound editing sound mixing and original screenplay
Apart from the competition, there are also two separate dishes for the competition.	beyond wednesday's event carpanedo competed in two individual races at the championships
Apart from the competition, there are also two separate dishes for the competition.	beyond wednesday's event carpanedo competed in two individual races at the championships
However, after losing to the captain's three doors, the印度紙獲得36分和失去7個三住門,求局便結束了。	but after losing the captain's wicket india only made 36 runs loosing 7 wickets to end the innings
However, after losing to the captain's three doors, the印度紙獲得36分和失去7個三住門,求局便結束了。	but after losing the captain's wicket india only made 36 runs loosing 7 wickets to end the innings
Tacheng Zhexheyao Yanwei, Zhengzhi Dixueyu, He Yu-mei	he referred to the rumors as political chatter and silliness
Tacheng Zhexheyao Yanwei, Zhengzhi Dixueyu, He Yu-mei	he referred to the rumors as political chatter and silliness
There were still many men and women who were exhausted at that time, and even more people were killed and killed, no matter if they were dead or alive.	there are still many men and women alive who survived their time here and many more who had loved ones who were murdered or worked to death there jews and non-jews alike
There were still many men and women who were exhausted at that time, and even more people were killed and killed, no matter if they were dead or alive.	there are still many men and women alive who survived their time here and many more who had loved ones who were murdered or worked to death there jews and non-jews alike
In 1920s, most of the civil and country's change of attitude was a peaceful and lonely life.	during the 1920s the prevailing attitudes of most citizens and nations was that of pacifism and isolation
Please remember that even if the main stage of the music performance ends quickly, the performance in other places may continue to be deep.	remember that even though music on the main stages may have finished there may be sections of the festival that will keep playing music until late into the night
Please remember that even if the main stage of the music performance ends quickly, the performance in other places may continue to be deep.	remember that even though music on the main stages may have finished there may be sections of the festival that will keep playing music until late into the night
I suggest that all female tourists, regardless of whether they are married or not, should be separated.	women it is recommended that any women travellers say that they are married regardless of actual marital status
I suggest that all female tourists, regardless of whether they are married or not, should be separated.	women it is recommended that any women travellers say that they are married regardless of actual marital status
This is not the end, but the end of the first row is the beginning of the first row.	this is not going to be goodbye this is the closing of one chapter and the opening of a new one
This is not the end, but the end of the first row is the beginning of the first row.	this is not going to be goodbye this is the closing of one chapter and the opening of a new one
Taddek works have such a high level of quality and detail, which makes it one of the most popular and most popular characters in the magazine, including Taddek works.	his work is of such recognized quality and detail that he is one of the very few household names among philatelists some specialize in collecting his work alone
Taddek works have such a high level of quality and detail, which makes it one of the most popular and most popular characters in the magazine, including Taddek works.	his work is of such recognized quality and detail that he is one of the very few household names among philatelists some specialize in collecting his work alone
It is said that the most important thing to do in the 120km of Buk-Du is to go to Kiu-Zi-Wang-Du, which leads to the location of Lai-Si-Ai-Si-Tuk-Nui-A-Si-Zen-Dek-Suo-Zai-Di.	the archipelago lies 120 km north of the peninsula the largest is king george island with the settlement of villa las estrellas
It is said that the most important thing to do in the 120km of Buk-Du is to go to Kiu-Zi-Wang-Du, which leads to the location of Lai-Si-Ai-Si-Tuk-Nui-A-Si-Zen-Dek-Suo-Zai-Di.	the archipelago lies 120 km north of the peninsula the largest is king george island with the settlement of villa las estrellas
It is necessary to measure the amount of energy needed to combine the two elements to make more quality and medium quality.	the fission bomb works on the principle that it takes energy to put together a nucleus with many protons and neutrons
It is necessary to measure the amount of energy needed to combine the two elements to make more quality and medium quality.	the fission bomb works on the principle that it takes energy to put together a nucleus with many protons and neutrons
The city of Asipan is a place where you can walk around the most convenient mountainous terrain in Africa.	the city is also the base to climb the nyiragongo volcano along with some of the cheapest mountain gorilla tracking in africa
The city of Asipan is a place where you can walk around the most convenient mountainous terrain in Africa.	the city is also the base to climb the nyiragongo volcano along with some of the cheapest mountain gorilla tracking in africa
More than a thousand years have passed since the establishment of the Chinese Communist Party, which has led to the establishment of the Chinese Communist Party, which has led to the establishment of the Chinese Communist Party, which has led to the establishment of the Chinese Communist Party, which has led to the establishment of the Chinese Communist Party, which has led to the establishment of the Chinese Communist Party, which has led to the establishment of the Chinese Communist Party, which has led to the establishment of the Chinese Communist Party, which has led to the establishment of the Chinese Communist Party, which has led to the establishment of the Chinese Communist Party, which has led to the establishment of the Chinese Communist Party, which has led to the establishment of the Chinese Communist Party, which has led to the establishment of the Chinese Communist Party, which has led to the establishment of the Chinese Communist Party, which has led to the establishment of the Chinese Communist Party, which has led to the establishment of the Chinese Communist Party, which has led to the establishment of the Chinese Communist Party, which has led to the establishment of the Chinese Communist Party, which has led to the establishment of the Chinese Communist Party, which has led to the establishment of the Chinese Communist Party, which has led to the establishment of the Chinese Communist Party, which has led to the establishment of the Chinese Communist Party, which has led to the establishment of the Communist Party, which has led to the establishment of the Communist Party, which has led to the establishment of the Communist Party, which has led to the establishment of the Communist Party, which has led to the establishment of the Communist Party, which has led to the establishment of the Communist Party, which has led to the establishment of the Communist Party, which has led to the establishment of the Communist Party, which has led to the establishment of the Communist Party, which has led to the establishment of the Communist Party, which has led to the establishment of the Communist Party, which has led to the establishment of the Communist Party, which has led to the establishment of the Communist Party, which has led to the establishment of the Communist Party, which has led to the establishment of the Communist Party, which has led to the establishment of the Communist Party,	the central authority of the church had been in rome for over a thousand years and this concentration of power and money led many to question whether this tenet was being met
More than a thousand years have passed since the establishment of the Chinese Communist Party, which has led to the establishment of the Chinese Communist Party, which has led to the establishment of the Chinese Communist Party, which has led to the establishment of the Chinese Communist Party, which has led to the establishment of the Chinese Communist Party, which has led to the establishment of the Chinese Communist Party, which has led to the establishment of the Chinese Communist Party, which has led to the establishment of the Chinese Communist Party, which has led to the establishment of the Chinese Communist Party, which has led to the establishment of the Chinese Communist Party, which has led to the establishment of the Chinese Communist Party, which has led to the establishment of the Chinese Communist Party, which has led to the establishment of the Chinese Communist Party, which has led to the establishment of the Chinese Communist Party, which has led to the establishment of the Chinese Communist Party, which has led to the establishment of the Chinese Communist Party, which has led to the establishment of the Chinese Communist Party, which has led to the establishment of the Chinese Communist Party, which has led to the establishment of the Chinese Communist Party, which has led to the establishment of the Chinese Communist Party, which has led to the establishment of the Chinese Communist Party, which has led to the establishment of the Chinese Communist Party, which has led to the establishment of the Communist Party, which has led to the establishment of the Communist Party, which has led to the establishment of the Communist Party, which has led to the establishment of the Communist Party, which has led to the establishment of the Communist Party, which has led to the establishment of the Communist Party, which has led to the establishment of the Communist Party, which has led to the establishment of the Communist Party, which has led to the establishment of the Communist Party, which has led to the establishment of the Communist Party, which has led to the establishment of the Communist Party, which has led to the establishment of the Communist Party, which has led to the establishment of the Communist Party, which has led to the establishment of the Communist Party, which has led to the establishment of the Communist Party, which has led to the establishment of the Communist Party,	the central authority of the church had been in rome for over a thousand years and this concentration of power and money led many to question whether this tenet was being met
It is estimated that one of the 10 to 15-year-old vaccines can reduce the spread of the Ebola virus to suicide rates, but there is currently no clear, accurate, and appropriate treatment for those who are infected.	while one experimental vaccine appears able to reduce ebola mortality up until now no drugs have been clearly demonstrated suitable for treating existing infection
It is estimated that one of the 10 to 15-year-old vaccines can reduce the spread of the Ebola virus to suicide rates, but there is currently no clear, accurate, and appropriate treatment for those who are infected.	while one experimental vaccine appears able to reduce ebola mortality up until now no drugs have been clearly demonstrated suitable for treating existing infection
Chou Chong once said that Kwan Chong School treats this type of Kwan Chong as a formal name.	the term bug is used by entomologists in a formal sense for this group of insects
Chou Chong once said that Kwan Chong School treats this type of Kwan Chong as a formal name.	the term bug is used by entomologists in a formal sense for this group of insects
During the independence war, these 13 states first followed the help of the United Nations to establish a weak central government, and the United States would try its best.	during the revolutionary war the thirteen states first formed a weak central government-with the congress being its only component-under the articles of confederation
During the independence war, these 13 states first followed the help of the United Nations to establish a weak central government, and the United States would try its best.	during the revolutionary war the thirteen states first formed a weak central government-with the congress being its only component-under the articles of confederation
If the platform has a double screen, it will use 802.511A, 802.11B, and 802.11G.	this will allow it to be backwards compatible with 802.11a 802.11b and 802.11g provided that the base station has dual radios
After all the reasons have been considered, if the ancestors of our people have solved the problem of protein, the way of life and money are exactly the same, we don't need to be surprised.	all things considered we should not be surprised if our own ancestors solved their protein problem in somewhat the same way that chimps on the savanna do today
After all the reasons have been considered, if the ancestors of our people have solved the problem of protein, the way of life and money are exactly the same, we don't need to be surprised.	all things considered we should not be surprised if our own ancestors solved their protein problem in somewhat the same way that chimps on the savanna do today
In addition to your own investigation, you may also want to consult with the government's opinions, but Taewon's suggestion is to design it for the public.	you may also wish to consult the advice of governments other than your own but their advice is designed for their citizens
In addition to your own investigation, you may also want to consult with the government's opinions, but Taewon's suggestion is to design it for the public.	you may also wish to consult the advice of governments other than your own but their advice is designed for their citizens
The wind, the ice, the wind, the rain, the wind, the wind, the wind, the wind, the wind, the wind, the wind, the wind, the wind, the wind, the wind, the wind, the wind, the wind, the wind, the wind, the wind, the wind, the wind, the wind, the wind, the wind, the wind, the wind, the wind, the wind, the wind, the wind, the wind, the wind, the wind, the wind, the wind, the wind, the wind, the wind, the wind, the wind, the wind, the wind, the wind, the wind, the wind, the wind, the wind, the wind, the wind, the wind, the wind, the wind, the wind, the wind, the wind, the wind, the wind, the wind, the wind, the wind, the wind, the wind, the wind, the wind, the wind, the wind, the wind, the wind, the wind, the wind, the wind, the wind, the wind, the wind, the wind, the wind, the wind, the wind, the wind, the wind, the wind, the wind, the wind, the wind, the wind, the wind, the wind, the wind, the wind, the wind, the wind, the wind, the wind, the wind, the wind, the wind, the wind, the wind, the wind, the wind, the wind, the wind, the wind, the wind, the wind, the wind, the wind, the wind, the wind, the wind, the wind, the wind, the wind, the wind, the wind, the wind, the wind, the wind, the wind, the wind, the wind, the wind, the wind, the wind, the wind, the wind, the wind, the wind, the wind, the wind, the wind, wind, the wind, the wind, the wind, the wind, the wind, the wind, the wind, the wind, the wind, the wind, the wind, the wind, the wind, the wind, the	high winds hail excessive precipitation and wildfires are forms and effects of severe weather as are thunderstorms tornadoes waterspouts and cyclones
The wind, the ice, the wind, the rain, the wind, the wind, the wind, the wind, the wind, the wind, the wind, the wind, the wind, the wind, the wind, the wind, the wind, the wind, the wind, the wind, the wind, the wind, the wind, the wind, the wind, the wind, the wind, the wind, the wind, the wind, the wind, the wind, the wind, the wind, the wind, the wind, the wind, the wind, the wind, the wind, the wind, the wind, the wind, the wind, the wind, the wind, the wind, the wind, the wind, the wind, the wind, the wind, the wind, the wind, the wind, the wind, the wind, the wind, the wind, the wind, the wind, the wind, the wind, the wind, the wind, the wind, the wind, the wind, the wind, the wind, the wind, the wind, the wind, the wind, the wind, the wind, the wind, the wind, the wind, the wind, the wind, the wind, the wind, the wind, the wind, the wind, the wind, the wind, the wind, the wind, the wind, the wind, the wind, the wind, the wind, the wind, the wind, the wind, the wind, the wind, the wind, the wind, the wind, the wind, the wind, the wind, the wind, the wind, the wind, the wind, the wind, the wind, the wind, the wind, the wind, the wind, the wind, the wind, the wind, the wind, the wind, the wind, the wind, the wind, the wind, the wind, the wind, the wind, the wind, the wind, the wind, the wind, the wind, wind, the wind, the wind, the wind, the wind, the wind, the wind, the wind, the wind, the wind, the wind, the wind, the wind, the wind, the wind, the	high winds hail excessive precipitation and wildfires are forms and effects of severe weather as are thunderstorms tornadoes waterspouts and cyclones
There is a saying that a whole row of buildings on the borderline of Hong Kong's heavenly line, under the chin of the sea water in the majority of Lina, will be covered by a long layer of light and grey.	the parade of buildings that make the hong kong skyline has been likened to a glittering bar chart that is made apparent by the presence of the waters of victoria harbour
There is a saying that a whole row of buildings on the borderline of Hong Kong's heavenly line, under the chin of the sea water in the majority of Lina, will be covered by a long layer of light and grey.	the parade of buildings that make the hong kong skyline has been likened to a glittering bar chart that is made apparent by the presence of the waters of victoria harbour
Some airlines have their own aircraft, but other airlines or small companies are more troublesome.	on some routes the larger companies have their own planes but for other routes and smaller firms there was a problem
Some airlines have their own aircraft, but other airlines or small companies are more troublesome.	on some routes the larger companies have their own planes but for other routes and smaller firms there was a problem
Some members of the group are not stable, which means that they are no longer idle, or are easily separated due to the lack of push-and-pull.	some atoms have unstable nuclei which means that they tend to break apart with little or no nudging
Some members of the group are not stable, which means that they are no longer idle, or are easily separated due to the lack of push-and-pull.	some atoms have unstable nuclei which means that they tend to break apart with little or no nudging
On the other hand, in many other countries, ice-cold air is very common, and communication is almost continuous.	on the other hand icy and snowy conditions are normal in many countries and traffic goes on mostly uninterrupted all year round
On the other hand, in many other countries, ice-cold air is very common, and communication is almost continuous.	on the other hand icy and snowy conditions are normal in many countries and traffic goes on mostly uninterrupted all year round
From then on, I became a member of the Kunchong School's Kunchong Government.	the term bug is used by entomologists in a formal sense for this group of insects
From then on, I became a member of the Kunchong School's Kunchong Government.	the term bug is used by entomologists in a formal sense for this group of insects
The number of visitors is increasing, so that everyone can enter the 8-6 square square to participate in the event.	the number of people present was so large that it was not possible for everybody to gain access to the funeral in st peter's square
The number of visitors is increasing, so that everyone can enter the 8-6 square square to participate in the event.	the number of people present was so large that it was not possible for everybody to gain access to the funeral in st peter's square
The official language of Bacchalongna is Catalongnia and Spanish. If half of the people like to speak Catalongnia, most of the people can understand, and almost everyone can speak Spanish.	barcelona's official languages are catalan and spanish about a half prefer to speak catalan a vast majority understands it and virtually everyone knows spanish
The official language of Bacchalongna is Catalongnia and Spanish. If half of the people like to speak Catalongnia, most of the people can understand, and almost everyone can speak Spanish.	barcelona's official languages are catalan and spanish about a half prefer to speak catalan a vast majority understands it and virtually everyone knows spanish
According to the Ministry of Justice, there is no need to have a visa and check the relevant regulations.	saint petersburg cruises include time in town. cruise passengers are exempted from visa requirements check the terms
According to the Ministry of Justice, there is no need to have a visa and check the relevant regulations.	saint petersburg cruises include time in town. cruise passengers are exempted from visa requirements check the terms
Alesido has received all the information about the problem, including psychological learning, and has been accepted by the streets.	accepted were aristotle's views on all matters of science including psychology
Alesido has received all the information about the problem, including psychological learning, and has been accepted by the streets.	accepted were aristotle's views on all matters of science including psychology
It is said that the Sylvester of Lighting, Sylvester of Lighting, Sylvester of Lighting, Sylvester of Lighting, Sylvester of Lighting, Sylvester of Lighting, Sylvester of Lighting, Sylvester of Lighting, Sylvester of Lighting, Sylvester of Lighting, Sylvester of Lighting, Sylvester of Lighting, Sylvester of Lighting, Sylvester of Lighting, Sylvester of Lighting, Sylvester of Lighting, Sylvester of Lighting, Sylvester of Lighting, Sylvester of Lighting, Sylvester of Lighting, Sylvester of Lighting, Sylvester of Lighting, Sylvester of Lighting, Sylvester of Lighting, Sylvester of Lighting, Sylvester of Lighting, Sylvester of Lighting, Sylvester of Lighting, Sylvester of Lighting, Sylvester of Lighting, Sylvester of Lighting, Sylvester of Lighting, Sylvester of Lighting, Sylvester of Lighting, Sylvester of Lighting, Sylvester of Lighting, Sylvester of Lighting, Sylvester of Lighting, Sylvester of Lighting, Sylvester of Lighting, Sylvester of Lighting, Sylvester of Lighting, Sylvester of Lighting, Sylvester of Lighting, Sylvester of Lighting, Sylvester of Lighting, Sylvester of Lighting, Sylvester of Lighting, Sylvester of Lighting, Sylvester of Lighting, Sylvester of Lighting, Sylvester of Lighting, Sylvester of Lighting, Sylvester of Lighting, Sylvester of Lighting, Sylvester of Lighting, Sylvester of Lighting, Sylvester of Lighting, Sylvester of Lighting, Sylvester of Lighting, Sylvester of Lighting, Sylvester of Lighting, Sylvester of Light	the word civilization comes from the latin civilis meaning civil related to the latin civis meaning citizen and civitas meaning city or city-state and that also somehow defines the size of the society
It is said that the Sylvester of Lighting, Sylvester of Lighting, Sylvester of Lighting, Sylvester of Lighting, Sylvester of Lighting, Sylvester of Lighting, Sylvester of Lighting, Sylvester of Lighting, Sylvester of Lighting, Sylvester of Lighting, Sylvester of Lighting, Sylvester of Lighting, Sylvester of Lighting, Sylvester of Lighting, Sylvester of Lighting, Sylvester of Lighting, Sylvester of Lighting, Sylvester of Lighting, Sylvester of Lighting, Sylvester of Lighting, Sylvester of Lighting, Sylvester of Lighting, Sylvester of Lighting, Sylvester of Lighting, Sylvester of Lighting, Sylvester of Lighting, Sylvester of Lighting, Sylvester of Lighting, Sylvester of Lighting, Sylvester of Lighting, Sylvester of Lighting, Sylvester of Lighting, Sylvester of Lighting, Sylvester of Lighting, Sylvester of Lighting, Sylvester of Lighting, Sylvester of Lighting, Sylvester of Lighting, Sylvester of Lighting, Sylvester of Lighting, Sylvester of Lighting, Sylvester of Lighting, Sylvester of Lighting, Sylvester of Lighting, Sylvester of Lighting, Sylvester of Lighting, Sylvester of Lighting, Sylvester of Lighting, Sylvester of Lighting, Sylvester of Lighting, Sylvester of Lighting, Sylvester of Lighting, Sylvester of Lighting, Sylvester of Lighting, Sylvester of Lighting, Sylvester of Lighting, Sylvester of Lighting, Sylvester of Lighting, Sylvester of Lighting, Sylvester of Lighting, Sylvester of Lighting, Sylvester of Lighting, Sylvester of Light	the word civilization comes from the latin civilis meaning civil related to the latin civis meaning citizen and civitas meaning city or city-state and that also somehow defines the size of the society
Trump, President of the United States of America, expressed his gratitude to the President of the United States of America through his phone call.	the announcement was made after trump had a phone conversation with turkish president recep tayyip erdoğan
Trump, President of the United States of America, expressed his gratitude to the President of the United States of America through his phone call.	the announcement was made after trump had a phone conversation with turkish president recep tayyip erdoğan
Sima Ceefei has already taken the time to perform the performance of the concert.	aerosmith have cancelled their remaining concerts on their tour
Sima Ceefei has already taken the time to perform the performance of the concert.	aerosmith have cancelled their remaining concerts on their tour
Since 1537, since the founding of the Ahchung Temple, Ba Lai Kui has been the feature and style of the local pigs.	since the foundation of asunción in 1537 paraguay has managed to keep a lot of its indigenous character and identity
Since 1537, since the founding of the Ahchung Temple, Ba Lai Kui has been the feature and style of the local pigs.	since the foundation of asunción in 1537 paraguay has managed to keep a lot of its indigenous character and identity
Be careful not to let the temperature of the plants rise too high. It may lead to dehydration. It may also burn if it is in extreme conditions.	be careful not to allow fabric to become too hot which can cause shrinkage or in extreme cases scorch
Be careful not to let the temperature of the plants rise too high. It may lead to dehydration. It may also burn if it is in extreme conditions.	be careful not to allow fabric to become too hot which can cause shrinkage or in extreme cases scorch
Of course, there is a traditional teaching teaching to explain this, but it is likely that the traditional teaching existed before it appeared in the spring and autumn harvest.	there are of course christian theological explanations for this tradition but it may well be a pre-christian spring and fertility ritual
Of course, there is a traditional teaching teaching to explain this, but it is likely that the traditional teaching existed before it appeared in the spring and autumn harvest.	there are of course christian theological explanations for this tradition but it may well be a pre-christian spring and fertility ritual
Press the switch through the air-conditioning device to control the action and movement of the electronic game.	this will allow players to control actions and movements in video games by moving the device through the air
The bridge is 15 km long and it was built in August 2011, but it was only opened in March 2017.	the vertical clearance under the bridge is 15 meters construction was completed in august 2011 it didn't open to traffic until march 2017
The bridge is 15 km long and it was built in August 2011, but it was only opened in March 2017.	the vertical clearance under the bridge is 15 meters construction was completed in august 2011 it didn't open to traffic until march 2017
This is not the first time in the world that I have taken a picture of the speedy world.	the great pyramid at giza is the only one of the seven wonders that is still standing today
This is not the first time in the world that I have taken a picture of the speedy world.	the great pyramid at giza is the only one of the seven wonders that is still standing today
The old man's smile was not only a smile, but also a warmth and a smile.	the tiger's roar is not like the full-voiced roar of a lion but more like a sentence of snarly shouted words
The old man's smile was not only a smile, but also a warmth and a smile.	the tiger's roar is not like the full-voiced roar of a lion but more like a sentence of snarly shouted words
There are a lot of famous Chinese food restaurants in Germany, including in China, Germany, and other Chinese restaurants. And the temperature of the cake is usually especially suitable for a cup of brown sugar coffee.	many german baked goods also feature almonds hazelnuts and other tree nuts popular cakes often pair particularly well with a cup of strong coffee
Nobel Prize in Science and Technology is a study of the relationship between science and science.	the correlation between brain pathology and behaviour supports scientists in their research
Nobel Prize in Science and Technology is a study of the relationship between science and science.	the correlation between brain pathology and behaviour supports scientists in their research
It is found that there is also a way to provide the heart-to-heart insight for the content of the content of the content of the content of the content of the content of the content of the content of the content of the content of the content of the content of the content of the content of the content of the content of the content of the content of the content of the content of the content of the content of the content of the content of the content of the content of the content of the content of the content of the content of the content of the content of the content of the content of the content of the content of the content of the content of the content of the content of the content of the content of the content of content of the content of content of the content of content of the content of content of content of content of content of content of content of content of content of content of content of content of content of content of content of content of content of content of content of content of content of content of content of content of content of content of content of content of content of content of content of content of content of content of content of content of content of content of content of content of content of content of content of content of content of content of content of content of content of content of content of content of content of content of content of content of content of content of content of content of content of content of content of content of content of content of content of content of content of content of content of content of content of content of content of content of content of content of content of content of content of content of content of content of content of content of content of content of content of content of content of content of content of content of content of content of content of content of content of content of content of content of content of content of content of content of content of content of content of content of content of content of content of content of content of content of content of content of content of content of content of content of content of content of content of content of content of content of content of content of content of content of content of content of content of content of content of content of content of content of content of content	the find also grants insight into the evolution of feathers in birds
It is found that there is also a way to provide the heart-to-heart insight for the content of the content of the content of the content of the content of the content of the content of the content of the content of the content of the content of the content of the content of the content of the content of the content of the content of the content of the content of the content of the content of the content of the content of the content of the content of the content of the content of the content of the content of the content of the content of the content of the content of the content of the content of the content of the content of the content of the content of the content of the content of the content of the content of content of the content of content of the content of content of the content of content of content of content of content of content of content of content of content of content of content of content of content of content of content of content of content of content of content of content of content of content of content of content of content of content of content of content of content of content of content of content of content of content of content of content of content of content of content of content of content of content of content of content of content of content of content of content of content of content of content of content of content of content of content of content of content of content of content of content of content of content of content of content of content of content of content of content of content of content of content of content of content of content of content of content of content of content of content of content of content of content of content of content of content of content of content of content of content of content of content of content of content of content of content of content of content of content of content of content of content of content of content of content of content of content of content of content of content of content of content of content of content of content of content of content of content of content of content of content of content of content of content of content of content of content of content of content of content of content of content of content of content of content of content of content of content of content of content of content of content of content	the find also grants insight into the evolution of feathers in birds
It seems to be suitable for you because the feeling of the earth has not moved for a long time.	this seems sensible because the earth doesn't feel as if it's moving does it
It seems to be suitable for you because the feeling of the earth has not moved for a long time.	this seems sensible because the earth doesn't feel as if it's moving does it
This will allow the player to control the action and movement of the electronic games in the space, and control the action and movement of the electronic games in the space, and control the action and movement of the electronic games in the space, and control the action and movement of the electronic games in the space, and control the action and movement of the electronic games in the space, and control the action and movement of the electronic games in the space, and control the action and movement of the electronic games in the space, and control the action and movement of the electronic games in the space, and control the action and movement of the electronic games in the space, and control the action and movement of the electronic games in the space, and control the action and movement of the electronic games in the space, and control the action and movement of the electronic games in the space, and control the action and movement of the electronic games in the space, and control the action and movement of the electronic games in the space, and control the action and movement of the electronic games in the space, and control the action and movement of the action and movement of the electronic games in the space, and control the action and movement of the action and movement of the action and movement of the action and movement of the action and movement of the action and movement of the action and movement of the action and movement of the action and movement of the action and movement of the action and movement of the action and movement of the action and movement of the action and movement of the action and movement of the action and movement of the action and movement of the action and movement of the action and movement of the action and movement of the action and movement of the action and movement of the action and movement of the action and movement of the action and movement of the action and movement of the action and movement of the action and movement of the action and movement of the action and movement of the action and movement of the action and movement of the action and movement of the action and movement of the action and movement of the action and movement of the action and movement of the action and movement of the action and movement of the action and movement of the action and movement of the action and	this will allow players to control actions and movements in video games by moving the device through the air
The local stock market is only in Catalonia, but the automatic system also uses Spanish, English, French, Irish, Arabic, Japanese, and many other languages.	regular announcements in the metro are made only in catalan but unplanned disruptions are announced by an automated system in a wide variety of languages including spanish english french arabic and japanese
The local stock market is only in Catalonia, but the automatic system also uses Spanish, English, French, Irish, Arabic, Japanese, and many other languages.	regular announcements in the metro are made only in catalan but unplanned disruptions are announced by an automated system in a wide variety of languages including spanish english french arabic and japanese
A firecrackers firecrackers firecrackers firecrackers firecrackers firecrackers firecrackers firecrackers firecrackers firecrackers firecrackers firecrackers firecrackers firecrackers firecrackers firecrackers firecrackers firecrackers firecrackers firecrackers firecrackers firecrackers firecrackers firecrackers firecrackers firecrackers firecrackers firecrackers firecrackers firecrackers firecrackers firecrackers firecrackers firecrackers firecrackers firecrackers firecrackers firecrackers firecrackers firecrackers firecrackers firecrackers firecrackers firecrackers firecrackers firecrackers firecrackers firecrackers firecrackers firecrackers firecrackers firecrackers firecrackers firecrackers firecrackers firecrackers firecrackers firecrackers firecrackers firecrackers firecrackers firecrackers firecrackers firecrackers firecrackers firecrackers firecrackers firecrackers firecrackers firecrackers firecrackers firecrackers firecrackers firecrackers firecrackers firecrackers firecrackers firecrackers firecrackers firecrackers firecrackers firecrackers firecrackers firecrackers firecrackers firecrackers firecrackers firecrackers firecrackers firecrackers firecrackers firecrackers firecrackers firecrackers firecrackers firecrackers firecrackers firecrackers firecrackers firecrackers firecrackers firecrackers firecrackers firecrackers firecrackers firecrackers firecrackers firecrackers firecrackers firecrackers firecrack	one bomb exploded outside the governor general's office
A firecrackers firecrackers firecrackers firecrackers firecrackers firecrackers firecrackers firecrackers firecrackers firecrackers firecrackers firecrackers firecrackers firecrackers firecrackers firecrackers firecrackers firecrackers firecrackers firecrackers firecrackers firecrackers firecrackers firecrackers firecrackers firecrackers firecrackers firecrackers firecrackers firecrackers firecrackers firecrackers firecrackers firecrackers firecrackers firecrackers firecrackers firecrackers firecrackers firecrackers firecrackers firecrackers firecrackers firecrackers firecrackers firecrackers firecrackers firecrackers firecrackers firecrackers firecrackers firecrackers firecrackers firecrackers firecrackers firecrackers firecrackers firecrackers firecrackers firecrackers firecrackers firecrackers firecrackers firecrackers firecrackers firecrackers firecrackers firecrackers firecrackers firecrackers firecrackers firecrackers firecrackers firecrackers firecrackers firecrackers firecrackers firecrackers firecrackers firecrackers firecrackers firecrackers firecrackers firecrackers firecrackers firecrackers firecrackers firecrackers firecrackers firecrackers firecrackers firecrackers firecrackers firecrackers firecrackers firecrackers firecrackers firecrackers firecrackers firecrackers firecrackers firecrackers firecrackers firecrackers firecrackers firecrackers firecrackers firecrackers firecrackers firecrackers firecrack	one bomb exploded outside the governor general's office
In the early days, this show only had one more experience on the Internet platform, Toginette on the platform, Toginette was one of the most popular TV shows to talk about.	in its early days the show was featured solely at the long-running internet radio site toginet radio a site focused on talk radio
In the early days, this show only had one more experience on the Internet platform, Toginette on the platform, Toginette was one of the most popular TV shows to talk about.	in its early days the show was featured solely at the long-running internet radio site toginet radio a site focused on talk radio
It is said that people make goods belong to the antique and each of them has its own definition of the owner of the store, and some of them are related to the 100-year-old history of the store as an antique.	there is no universal definition for which manufactured items are antiques some tax agencies define goods older than 100 years as antiques
It is said that people make goods belong to the antique and each of them has its own definition of the owner of the store, and some of them are related to the 100-year-old history of the store as an antique.	there is no universal definition for which manufactured items are antiques some tax agencies define goods older than 100 years as antiques
The reason why I use a vacuum cleaner is because vacuum cleaner is made from a vacuum cleaner and a vacuum cleaner.	hydrogen ions are protons that had their electrons stripped off them since hydrogen atoms consist of one proton and one electron
The reason why I use a vacuum cleaner is because vacuum cleaner is made from a vacuum cleaner and a vacuum cleaner.	hydrogen ions are protons that had their electrons stripped off them since hydrogen atoms consist of one proton and one electron
You can use boulder boulder, monologue car, parking car, cruise ship, and a short ride on a normal land with a price of about $500.	you can use boda-boda motorcycle taxi to get around goma. the normal local price is ~500 congolese francs for the short ride
You can use boulder boulder, monologue car, parking car, cruise ship, and a short ride on a normal land with a price of about $500.	you can use boda-boda motorcycle taxi to get around goma. the normal local price is ~500 congolese francs for the short ride
Similarly, if you have a new visa, you do not need to apply for every new member of the country's visa, since the time of the deadline, this time, and the work of the documents.	similarly by having a schengen visa you do not need to apply for visas to each of the schengen member countries separately hence saving time money and paperwork
Similarly, if you have a new visa, you do not need to apply for every new member of the country's visa, since the time of the deadline, this time, and the work of the documents.	similarly by having a schengen visa you do not need to apply for visas to each of the schengen member countries separately hence saving time money and paperwork
In the past, the Chon-Long-Shi-Nak-Ga-Shi-Ki-Di-Ding-Chen-Luo-Shi-Ki-Di-Di-Di-Di-Di-Di-Di-Di-Di-Di-Di-Di-Di-Di-Di-Di-Di-Di-Di-Di-Di-Di-Di-Di-Di-Di-Di-Di-Di-Di-Di-Di-Di-Di-Di-Di-Di-Di-Di-Di-Di-Di-Di-Di-Di-Di-Di-Di-Di-Di-Di-Di-Di-Di-Di-Di-Di-Di-Di-Di-Di-Di-Di-Di-Di-Di-Di-Di-Di-Di-Di-Di-Di-Di-Di-Di-Di-Di-Di-Di-Di-Di-Di-Di-Di-Di-Di-Di-Di-Di-Di-Di-Di-Di-Di-Di-Di-Di-Di-Di-Di-Di-Di-Di-Di-Di-Di-Di-Di-Di-Di-Di-Di-Di-Di-Di-Di-Di-Di-Di-Di-Di-Di-Di-Di-Di-Di-Di-Di-Di-Di-Di-Di-D	mosasaurus was the apex predator of its time so it feared nothing except other mosasaurs
In the past, the Chon-Long-Shi-Nak-Ga-Shi-Ki-Di-Ding-Chen-Luo-Shi-Ki-Di-Di-Di-Di-Di-Di-Di-Di-Di-Di-Di-Di-Di-Di-Di-Di-Di-Di-Di-Di-Di-Di-Di-Di-Di-Di-Di-Di-Di-Di-Di-Di-Di-Di-Di-Di-Di-Di-Di-Di-Di-Di-Di-Di-Di-Di-Di-Di-Di-Di-Di-Di-Di-Di-Di-Di-Di-Di-Di-Di-Di-Di-Di-Di-Di-Di-Di-Di-Di-Di-Di-Di-Di-Di-Di-Di-Di-Di-Di-Di-Di-Di-Di-Di-Di-Di-Di-Di-Di-Di-Di-Di-Di-Di-Di-Di-Di-Di-Di-Di-Di-Di-Di-Di-Di-Di-Di-Di-Di-Di-Di-Di-Di-Di-Di-Di-Di-Di-Di-Di-Di-Di-Di-Di-Di-Di-Di-Di-Di-Di-Di-Di-Di-D	mosasaurus was the apex predator of its time so it feared nothing except other mosasaurs
This island is located in the middle of the island, 120 km away. The largest island is called Kyoji-Wang Island. It should be considered as one of the most famous tourist attractions in the world.	the archipelago lies 120 km north of the peninsula the largest is king george island with the settlement of villa las estrellas
This island is located in the middle of the island, 120 km away. The largest island is called Kyoji-Wang Island. It should be considered as one of the most famous tourist attractions in the world.	the archipelago lies 120 km north of the peninsula the largest is king george island with the settlement of villa las estrellas
29-year-old Malay-Balay-Sober-Lay-Maneon-Bala-Bala-Supramanian-Esin-Zay-O-He-O-Zodic-Bolo-I-C-Sun-Sun-A-Thai-E-E-B-Y-O-15-K-L-G-E-N-T-T-Shirt-O-V-N-I-E-T-T-T-T-T-T-T-T-T-T-T-T-T-T-T-T-T-T-T-T-T-T-T-T-T-T-T-T-T-T-T-T-T-T-T-T-T-T-T-T-T-T-T-T-T-T-T-T-T-T-T-T-T-T-T-T-T-T-T-T-T-T-T-T-T-T-T-T-T-T-T-T-T-T-T-T-T-T-T-T-T-T-T-T-T-T-T-T-T-T-T-T-T-T-T-T-T-T-T-T-T-T-T-T-T-T-T-T-T-T-T-T-T-T-T-T-T-T-T-T-T-T-T-T-T-T-T-T-T-T-T-T-T-T-T-T-T-T-T-T-T-T-T-T-T-T-T-T-T-T-T-T-T-T-T-T-T-T-T-T-T-T-T-T-T-T-T-T-T-T	dr malar balasubramanian 29 was found in blue ash ohio a suburb approximately 15 miles north of cincinnati lying on the ground beside the road in a t-shirt and underwear in an apparently heavily medicated state
29-year-old Malay-Balay-Sober-Lay-Maneon-Bala-Bala-Supramanian-Esin-Zay-O-He-O-Zodic-Bolo-I-C-Sun-Sun-A-Thai-E-E-B-Y-O-15-K-L-G-E-N-T-T-Shirt-O-V-N-I-E-T-T-T-T-T-T-T-T-T-T-T-T-T-T-T-T-T-T-T-T-T-T-T-T-T-T-T-T-T-T-T-T-T-T-T-T-T-T-T-T-T-T-T-T-T-T-T-T-T-T-T-T-T-T-T-T-T-T-T-T-T-T-T-T-T-T-T-T-T-T-T-T-T-T-T-T-T-T-T-T-T-T-T-T-T-T-T-T-T-T-T-T-T-T-T-T-T-T-T-T-T-T-T-T-T-T-T-T-T-T-T-T-T-T-T-T-T-T-T-T-T-T-T-T-T-T-T-T-T-T-T-T-T-T-T-T-T-T-T-T-T-T-T-T-T-T-T-T-T-T-T-T-T-T-T-T-T-T-T-T-T-T-T-T-T-T-T-T-T-T	dr malar balasubramanian 29 was found in blue ash ohio a suburb approximately 15 miles north of cincinnati lying on the ground beside the road in a t-shirt and underwear in an apparently heavily medicated state
If you try to take part in the trip, you don't need to be under pressure. Until 2009.	if you only go ashore using shipboard excursions you will not need a separate visa as of 2009
If you try to take part in the trip, you don't need to be under pressure. Until 2009.	if you only go ashore using shipboard excursions you will not need a separate visa as of 2009
Although this kind of lock-and-lock method was found in the past two centuries, it has been widely used by the international community, and it is believed to be a good part of the international law.	the strategy proved effective cutting off vital military and civilian supplies although this blockade violated generally accepted international law codified by several international agreements of the past two centuries
The recording of the operation is thought to be an interpretation of the behavior of self-improvement, but it is still a major discovery.	the use of video recording has led to important discoveries in the interpretation of micro-expressions facial movements which last a few milliseconds
The recording of the operation is thought to be an interpretation of the behavior of self-improvement, but it is still a major discovery.	the use of video recording has led to important discoveries in the interpretation of micro-expressions facial movements which last a few milliseconds
Although artificial intelligence is strong in the field of science, but artificial intelligence is a branch of computer science and science, it is responsible for the behavior of the device and its intelligence.	although ai has a strong connotation of science fiction ai forms a very important branch of computer science dealing with behavior learning and intelligent adaptation in a machine
Although artificial intelligence is strong in the field of science, but artificial intelligence is a branch of computer science and science, it is responsible for the behavior of the device and its intelligence.	although ai has a strong connotation of science fiction ai forms a very important branch of computer science dealing with behavior learning and intelligent adaptation in a machine
Mix the two kinds of dry powder together and use a wet cloth to dry the both hands to press it into the structure.	swirl the two dry powders together and then with clean wet hands squeeze them into a ball
Mix the two kinds of dry powder together and use a wet cloth to dry the both hands to press it into the structure.	swirl the two dry powders together and then with clean wet hands squeeze them into a ball
On Saturday night, U.S. President Donald Trump announced that the U.S. military gun would be the best.	late on sunday the united states president donald trump in a statement delivered via the press secretary announced us troops would be leaving syria
On Saturday night, U.S. President Donald Trump announced that the U.S. military gun would be the best.	late on sunday the united states president donald trump in a statement delivered via the press secretary announced us troops would be leaving syria
However, it may not be necessary to wait and understand them.	people may not anticipate that patience and understanding are also necessary for travellers returning home
However, it may not be necessary to wait and understand them.	people may not anticipate that patience and understanding are also necessary for travellers returning home
It is a symbol of the center of the caravan, which dates back to the four hundredth year of Western China, and dates back to the 1100th year of Western China.	its renown for being an epicenter of luxury began in about 400 a.d. and lasted up until about 1100 a.d
It is a symbol of the center of the caravan, which dates back to the four hundredth year of Western China, and dates back to the 1100th year of Western China.	its renown for being an epicenter of luxury began in about 400 a.d. and lasted up until about 1100 a.d
It is said that the common sense is that it is a miracle that the official language of the country is the language of Romania, but the language of Cantonese is the language of the country.	the capital of moldova is chişinău. the local language is romanian but russian is widely used
It is said that the common sense is that it is a miracle that the official language of the country is the language of Romania, but the language of Cantonese is the language of the country.	the capital of moldova is chişinău. the local language is romanian but russian is widely used
There is also a group of Maoists fighting for independence. In the process, the main leader of the group, Tobao, Damae, Sasi, and Laifei, to put a time machine in the field of fear-free, and on top of that, he was killed once every hour.	during the struggle for independence organised by the mau movement a peaceful gathering in the town resulted in the killing of the paramount chief tupua tamasese lealofi iii
There is also a group of Maoists fighting for independence. In the process, the main leader of the group, Tobao, Damae, Sasi, and Laifei, to put a time machine in the field of fear-free, and on top of that, he was killed once every hour.	during the struggle for independence organised by the mau movement a peaceful gathering in the town resulted in the killing of the paramount chief tupua tamasese lealofi iii
A simple dish for dinner is parham ori. The next time you go on a trip, you can find a lot of ingredients, such as air-conditioning, cooking oil, or any other ingredients, such as air-conditioning, cooking oil, etc.	a simple popular dinner especially during the summer is the pa amb oli bread with olive oil tomato and any available condiments such as cheese tunafish etc
A simple dish for dinner is parham ori. The next time you go on a trip, you can find a lot of ingredients, such as air-conditioning, cooking oil, or any other ingredients, such as air-conditioning, cooking oil, etc.	a simple popular dinner especially during the summer is the pa amb oli bread with olive oil tomato and any available condiments such as cheese tunafish etc
At the time of the war, the 13th week was the first meeting of the United Nations, helping the United Nations to establish a more vulnerable central government, and the United Nations would be the only institution.	during the revolutionary war the thirteen states first formed a weak central government-with the congress being its only component-under the articles of confederation
At the time of the war, the 13th week was the first meeting of the United Nations, helping the United Nations to establish a more vulnerable central government, and the United Nations would be the only institution.	during the revolutionary war the thirteen states first formed a weak central government-with the congress being its only component-under the articles of confederation
Bologna has the ability to improve students' social skills, although students usually use the common sense of math to study Bologna's experience, but because there are readers, they can generally change the point of view.	blogs can also help improve student writing while students often begin their blog experience with sloppy grammar and spelling the presence of an audience generally changes that
Bologna has the ability to improve students' social skills, although students usually use the common sense of math to study Bologna's experience, but because there are readers, they can generally change the point of view.	blogs can also help improve student writing while students often begin their blog experience with sloppy grammar and spelling the presence of an audience generally changes that
In general, the owner began to make it possible for two kinds of behavior to occur, one of which is to try to maintain oneself as a member of the community circle.	generally speaking two behaviors can emerge as managers begin to lead their former peers. one end of the spectrum is trying to remain  one of the guys” or gals
In general, the owner began to make it possible for two kinds of behavior to occur, one of which is to try to maintain oneself as a member of the community circle.	generally speaking two behaviors can emerge as managers begin to lead their former peers. one end of the spectrum is trying to remain  one of the guys” or gals
In the ancient times, it was recognized as the basic number of gold, silver, and bronze. Because this number of gold was out of the natural world in February, it was quite simple to use original tools to open it.	people have known about basic chemical elements such as gold silver and copper from antiquity as these can all be discovered in nature in native form and are relatively simple to mine with primitive tools
In the ancient times, it was recognized as the basic number of gold, silver, and bronze. Because this number of gold was out of the natural world in February, it was quite simple to use original tools to open it.	people have known about basic chemical elements such as gold silver and copper from antiquity as these can all be discovered in nature in native form and are relatively simple to mine with primitive tools
Singapore's Prime Minister Wang Kinsheng said that Singapore's Prime Minister Lee Hsien-Lung said that he is afraid of terrorism and terrorism.	he was greeted by singapore's deputy prime minister wong kan seng and discussed trade and terrorism issues with the singapore prime minister lee hsien loong
Singapore's Prime Minister Wang Kinsheng said that Singapore's Prime Minister Lee Hsien-Lung said that he is afraid of terrorism and terrorism.	he was greeted by singapore's deputy prime minister wong kan seng and discussed trade and terrorism issues with the singapore prime minister lee hsien loong
In the time of Kundalini, the energy of Kundalini, the energy of the mind, will flow through the movement of the yoga, the movement of the呼吸, the movement of the Mantra, the movement of the mind, the movement of the Mantra, the movement of the Mantra, the movement of the Mantra, the movement of the Mantra, the movement of the Mantra, the movement of the Mantra, the movement of the Mantra, the movement of the Mantra, the movement of the Mantra, the movement of the Mantra, the movement of the Mantra, the movement of the Mantra, the movement of the Mantra, the movement of the Mantra, the movement of the Mantra, the movement of the Mantra, the movement of the Mantra, the movement of the Mantra, the movement of the Mantra, the movement of the Mantra, the movement of the Mantra, the movement of the Mantra, the movement of the Mantra, the movement of the Mantra, the movement of the Mantra, the movement of the Mantra, the movement of the Mantra, the movement of the Mantra, the movement of the Mantra, the movement of the Mantra, the movement of the Mantra, the movement of the Mantra, the movement of the Mantra, the movement of the Mantra, the movement of the Mantra, the movement of the Mantra, the movement of the Mantra, the movement of the Mantra, the movement of the Mantra, the movement of the Mantra, the movement of the Mantra, the movement of the Mantra, the movement of the Mantra, the movement of the Mantra, the movement of the Mantra, the movement of the Mantra, the movement of the Mantra, the movement of the Mantra, the movement of the Mantra, the movement of the Mantra, the movement of the Mantra, the movement of the Mantra, the movement of the Mantra, the movement of the Mantra, the movement of the Mantra, the movement of the Mantra,	with kundalini yoga the kundalini energy enlightenment energy is awakened through yoga postures breathing exercises mantras and visualizations
In the time of Kundalini, the energy of Kundalini, the energy of the mind, will flow through the movement of the yoga, the movement of the呼吸, the movement of the Mantra, the movement of the mind, the movement of the Mantra, the movement of the Mantra, the movement of the Mantra, the movement of the Mantra, the movement of the Mantra, the movement of the Mantra, the movement of the Mantra, the movement of the Mantra, the movement of the Mantra, the movement of the Mantra, the movement of the Mantra, the movement of the Mantra, the movement of the Mantra, the movement of the Mantra, the movement of the Mantra, the movement of the Mantra, the movement of the Mantra, the movement of the Mantra, the movement of the Mantra, the movement of the Mantra, the movement of the Mantra, the movement of the Mantra, the movement of the Mantra, the movement of the Mantra, the movement of the Mantra, the movement of the Mantra, the movement of the Mantra, the movement of the Mantra, the movement of the Mantra, the movement of the Mantra, the movement of the Mantra, the movement of the Mantra, the movement of the Mantra, the movement of the Mantra, the movement of the Mantra, the movement of the Mantra, the movement of the Mantra, the movement of the Mantra, the movement of the Mantra, the movement of the Mantra, the movement of the Mantra, the movement of the Mantra, the movement of the Mantra, the movement of the Mantra, the movement of the Mantra, the movement of the Mantra, the movement of the Mantra, the movement of the Mantra, the movement of the Mantra, the movement of the Mantra, the movement of the Mantra, the movement of the Mantra, the movement of the Mantra, the movement of the Mantra, the movement of the Mantra, the movement of the Mantra,	with kundalini yoga the kundalini energy enlightenment energy is awakened through yoga postures breathing exercises mantras and visualizations
In Italy, most of the workers use the language that is commonly used. The language is often used in the Middle Ages.	italian is also the everyday language used by most of those who work in the state while latin is often used in religious ceremonies
In Italy, most of the workers use the language that is commonly used. The language is often used in the Middle Ages.	italian is also the everyday language used by most of those who work in the state while latin is often used in religious ceremonies
People use the rocket to send it to the sky, scientists use the telescope in the sky, because the earth is big, sometimes it will leave the light of our door.	the satellite was sent into space by a rocket scientists use telescopes in space because the earth's atmosphere distorts some of our light and view
People use the rocket to send it to the sky, scientists use the telescope in the sky, because the earth is big, sometimes it will leave the light of our door.	the satellite was sent into space by a rocket scientists use telescopes in space because the earth's atmosphere distorts some of our light and view
Basically, he, Wei Yixi, since the beginning of his life, has been dealing with us. First of all, pretend to think about the law of this matter. Next, pretend to listen to us again and say that his work has been deleted.	"""he [wales] basically lied to us from the start. first by acting as if this was for legal reasons. second by pretending he was listening to us right up to his art deletion."
Basically, he, Wei Yixi, since the beginning of his life, has been dealing with us. First of all, pretend to think about the law of this matter. Next, pretend to listen to us again and say that his work has been deleted.	"""he [wales] basically lied to us from the start. first by acting as if this was for legal reasons. second by pretending he was listening to us right up to his art deletion."
Covering the hospital with the consent of the感染控制的規定,包括隔離患者,以避免可能感染其他人。	the hospital has followed protocol for infection control including separating the patient from others to prevent possible infection of others
Covering the hospital with the consent of the感染控制的規定,包括隔離患者,以避免可能感染其他人。	the hospital has followed protocol for infection control including separating the patient from others to prevent possible infection of others
Three countries' China's ancient history is the bloodiest generation of the times. Thousands of people are fighting for the safety of the royal family of Xi'an, the royal family of the palace, and losing their lives.	the three kingdoms was one of the bloodiest eras in ancient china's history thousands of people died fighting to sit in the highest seat in the grand palace at xi'an
Three countries' China's ancient history is the bloodiest generation of the times. Thousands of people are fighting for the safety of the royal family of Xi'an, the royal family of the palace, and losing their lives.	the three kingdoms was one of the bloodiest eras in ancient china's history thousands of people died fighting to sit in the highest seat in the grand palace at xi'an
In 1990, he was involved in the threat of the desert sand layer and was forced to enter the world as a masterpiece.	in 1990 it was added to the list of world heritage sites in danger due to the threat of desert sands
In 1990, he was involved in the threat of the desert sand layer and was forced to enter the world as a masterpiece.	in 1990 it was added to the list of world heritage sites in danger due to the threat of desert sands
There are 1-3 adult companies in the group, plus more than 30 private companies and private organizations.	prides are made up of one to three related adult males along with as many as thirty females and cubs
There are 1-3 adult companies in the group, plus more than 30 private companies and private organizations.	prides are made up of one to three related adult males along with as many as thirty females and cubs
Through the sharing of knowledge and education, we will also start to travel to the future and share experiences in the future in a very good way.	sharing a field trip virtually is also a great way to reflect a on a trip and share experiences with future classes
Through the sharing of knowledge and education, we will also start to travel to the future and share experiences in the future in a very good way.	sharing a field trip virtually is also a great way to reflect a on a trip and share experiences with future classes
If you are not used to walking on the road in the countryside, please keep your head clean. The way you walk, the way you walk, the way you walk, the way you walk, the way you walk, the way you walk, the way you walk, the way you walk, the way you walk, the way you walk, the way you walk, the way you walk, the way you walk, the way you walk, the way you walk, the way you walk, the way you walk, the way you walk, the way you walk, the way you walk, the way you walk, the way you walk, the way you walk, the way you walk, the way you walk, the way you walk, the way you walk, the way you walk, the way you walk, the way you walk, the way you walk, the way you walk, the way you walk, the way you walk, the way you walk, the way you walk, the way you walk, the way you walk, the way you walk, the way you walk, the way you walk, the way you walk, the way you walk, the way you walk, the way you walk, the way you walk, the way you walk, the way you walk, the way you walk, the way you walk, the way you walk, the way you walk, the way you walk, the way you walk, the way you walk, the way you walk, the way you walk, the way you walk, the way you walk, the way you walk, the way you walk, the way you walk, the way you walk, the way you walk, the way you walk, the way you walk, the way you walk, the way you walk, the way you walk, the way you walk, the way you walk, the way you walk, the way you walk, the way you walk, the way you walk, the way you walk, the way you walk, the way you walk, the way you walk, the way you walk, the way you walk, the way you walk, the way you walk, the way you walk, the way you walk	if you're not used to driving on country roads keep your wits about you steep grades narrow lanes and sharp curves predominate
If you are not used to walking on the road in the countryside, please keep your head clean. The way you walk, the way you walk, the way you walk, the way you walk, the way you walk, the way you walk, the way you walk, the way you walk, the way you walk, the way you walk, the way you walk, the way you walk, the way you walk, the way you walk, the way you walk, the way you walk, the way you walk, the way you walk, the way you walk, the way you walk, the way you walk, the way you walk, the way you walk, the way you walk, the way you walk, the way you walk, the way you walk, the way you walk, the way you walk, the way you walk, the way you walk, the way you walk, the way you walk, the way you walk, the way you walk, the way you walk, the way you walk, the way you walk, the way you walk, the way you walk, the way you walk, the way you walk, the way you walk, the way you walk, the way you walk, the way you walk, the way you walk, the way you walk, the way you walk, the way you walk, the way you walk, the way you walk, the way you walk, the way you walk, the way you walk, the way you walk, the way you walk, the way you walk, the way you walk, the way you walk, the way you walk, the way you walk, the way you walk, the way you walk, the way you walk, the way you walk, the way you walk, the way you walk, the way you walk, the way you walk, the way you walk, the way you walk, the way you walk, the way you walk, the way you walk, the way you walk, the way you walk, the way you walk, the way you walk, the way you walk, the way you walk, the way you walk, the way you walk, the way you walk, the way you walk	if you're not used to driving on country roads keep your wits about you steep grades narrow lanes and sharp curves predominate
When the tide comes down, the sea waves come up to the sea, and the waves come back to the shore. Usually, the waves come up to the shore, and the waves come back to the shore, and the waves come back to the shore, and the waves come back to the shore, and the waves come back to the shore, and the waves come back to the shore, and the waves come back to the shore, and the waves come back to the shore, and the waves come back to the shore, and the waves come back to the shore, and the waves come back to the shore, and the waves come back to the shore, and the waves come back to the shore, and the waves come back to the shore, and the waves come back to the shore, and the waves come back to the shore, and the waves come back to the shore, and the waves come back to the shore, and the waves come back to the shore, and the waves come back to the shore, and the waves come back to the shore, and the waves come back to the shore, and the waves come back to the shore, and the waves come back to the shore, and the waves come back to the shore, and the waves come back to the shore, and the waves come back to the shore, and the waves come back to the shore, and the waves come back to the shore, and the waves come back to the shore, and the waves come back to the shore, and the waves come back to the shore, and the waves come back to the shore, and the waves come back to the shore, and the waves come back to the shore, and the waves come back to the shore, and the waves come back to the shore, and the waves come back to the shore, and the waves come back to the shore, and the waves come back to the shore, and the waves come back to the shore, and the waves come back to the shore, and the waves come back to the shore, and the waves come back to the shore, and the waves come back to the shore, and the waves come back to the shore, and the waves come back	rip currents are the returning flow from waves breaking off the beach often at a reef or similar
When the tide comes down, the sea waves come up to the sea, and the waves come back to the shore. Usually, the waves come up to the shore, and the waves come back to the shore, and the waves come back to the shore, and the waves come back to the shore, and the waves come back to the shore, and the waves come back to the shore, and the waves come back to the shore, and the waves come back to the shore, and the waves come back to the shore, and the waves come back to the shore, and the waves come back to the shore, and the waves come back to the shore, and the waves come back to the shore, and the waves come back to the shore, and the waves come back to the shore, and the waves come back to the shore, and the waves come back to the shore, and the waves come back to the shore, and the waves come back to the shore, and the waves come back to the shore, and the waves come back to the shore, and the waves come back to the shore, and the waves come back to the shore, and the waves come back to the shore, and the waves come back to the shore, and the waves come back to the shore, and the waves come back to the shore, and the waves come back to the shore, and the waves come back to the shore, and the waves come back to the shore, and the waves come back to the shore, and the waves come back to the shore, and the waves come back to the shore, and the waves come back to the shore, and the waves come back to the shore, and the waves come back to the shore, and the waves come back to the shore, and the waves come back to the shore, and the waves come back to the shore, and the waves come back to the shore, and the waves come back to the shore, and the waves come back to the shore, and the waves come back to the shore, and the waves come back to the shore, and the waves come back to the shore, and the waves come back to the shore, and the waves come back	rip currents are the returning flow from waves breaking off the beach often at a reef or similar
In 1976, 30% of the discount was paid by the payment of the payment of the payment of the payment of the payment of the payment of the payment of the payment of the payment of the payment of the payment of the payment of the payment of the payment of the payment of the payment of the payment of the payment of the payment of the payment of the payment of the payment of the payment of the payment of the payment of the payment of the payment of the payment of the payment of the payment of the payment of the payment of the payment of the payment of the payment of the payment of the payment of the payment of the payment of the payment of the payment of the payment of the payment of the payment of the payment of the payment of the payment of the payment of the payment of the payment of the payment of the payment of the payment of the payment of the payment of the payment of the payment of the payment of the payment of the payment of the payment of the payment of the payment of the payment of the payment of the payment of the payment of the payment of the payment of the payment of the payment of the payment of the payment of the payment of the payment of the payment of the payment of the payment of the payment of the payment of the payment of the payment of the payment of the payment of the payment of the payment of payment of the payment of the payment of payment of the payment of payment of the payment of payment of the payment of payment of the payment of payment of the payment of payment of payment of the payment of payment of payment of payment of payment of payment of payment of payment of payment of payment of payment of payment of payment of payment of payment of payment of payment of payment of payment of payment of payment of payment of payment of payment of payment of payment of payment of payment of payment of payment of payment of payment of payment of payment of payment of payment of payment of payment of payment of payment of payment of payment of payment of payment of payment of payment of payment of payment of payment of payment of payment of payment of payment of payment of payment of payment of payment of payment of payment of payment of payment of payment of payment of payment of payment of payment of payment of payment of payment	by 1976 thirty percent of machu picchu had been restored and restoration continues till today
In 1976, 30% of the discount was paid by the payment of the payment of the payment of the payment of the payment of the payment of the payment of the payment of the payment of the payment of the payment of the payment of the payment of the payment of the payment of the payment of the payment of the payment of the payment of the payment of the payment of the payment of the payment of the payment of the payment of the payment of the payment of the payment of the payment of the payment of the payment of the payment of the payment of the payment of the payment of the payment of the payment of the payment of the payment of the payment of the payment of the payment of the payment of the payment of the payment of the payment of the payment of the payment of the payment of the payment of the payment of the payment of the payment of the payment of the payment of the payment of the payment of the payment of the payment of the payment of the payment of the payment of the payment of the payment of the payment of the payment of the payment of the payment of the payment of the payment of the payment of the payment of the payment of the payment of the payment of the payment of the payment of the payment of the payment of the payment of the payment of the payment of the payment of the payment of the payment of the payment of payment of the payment of the payment of payment of the payment of payment of the payment of payment of the payment of payment of the payment of payment of the payment of payment of payment of the payment of payment of payment of payment of payment of payment of payment of payment of payment of payment of payment of payment of payment of payment of payment of payment of payment of payment of payment of payment of payment of payment of payment of payment of payment of payment of payment of payment of payment of payment of payment of payment of payment of payment of payment of payment of payment of payment of payment of payment of payment of payment of payment of payment of payment of payment of payment of payment of payment of payment of payment of payment of payment of payment of payment of payment of payment of payment of payment of payment of payment of payment of payment of payment of payment of payment of payment of payment of payment	by 1976 thirty percent of machu picchu had been restored and restoration continues till today
Mostly, there are two main reasons for the decision-making of the technology. The technology itself has such a big influence on the culture and political factors, and the technology will affect the old and new forms of society in the future, and will not be restricted by the society.	most interpretations of technological determinism share two general ideas that the development of technology itself follows a path largely beyond cultural or political influence and that technology in turn has effects on societies that are inherent rather than socially conditioned
I usually listen to the sound of the sound of the sound of the sound of the sound of the sound of the sound of the sound of the sound of the sound of the sound of the sound of the sound of the sound of the sound of the sound of the sound of the sound of the sound of the sound of the sound of the sound of the sound of the sound of the sound of the sound of the sound of the sound of the sound of the sound of the sound of the sound of the sound of the sound of the sound of the sound of the sound of the sound of the sound of the sound of the sound of the sound of the sound of the sound of the sound of the sound of the sound of the sound of the sound of the sound of the sound of the sound of the sound of the sound of the sound of the sound of the sound of the sound of the sound of the sound of the sound of the sound of the sound of the sound of the sound of the sound of the sound of the sound of the sound of the sound of the sound of the sound of the sound of the sound of the sound of the sound of the sound of the sound of the sound of the sound of the sound of the sound of the sound of the sound of the sound of the sound of the sound of the sound of the sound of the sound of the sound of the sound of the sound of the sound of the sound of the sound of the sound of the sound of the sound of the sound of the sound of the sound of the sound of the sound of the sound of the sound of the sound of the sound of the sound of the sound of the sound of the sound of the sound of the sound of the sound of the sound of the sound of the sound of the sound of sound of the sound of the sound of the sound of the sound of the sound of sound of the sound of the sound of the sound of the sound of the sound of the sound of the sound of the sound of the sound of the sound of the sound of the sound of the sound of the sound of the sound of the sound of the sound of the sound of the sound of the sound of the sound of the	usually you always here the sound of tourists and vendors the story of the sound and light is just like a story book
This is the only way to speed up the 7th period of the 7th period of the 7th period of the 7th period of the 7th period of the 7th period of the 7th period of the 7th period of the 7th period of the 7th period of the 7th period of the 7th period of the 7th period of the 7th period of the 7th period of the 7th period of the 7th period of the 7th period of the 7th period of the 7th period of the 7th period of the 7th period of the 7th period of the 7th period of the 7th period of the 7th period of the 7th period of the 7th period of the 7th period of the 7th period of the 7th period of the 7th period of the 7th period of the 7th period of the 7th period of the 7th period of the 7th period of the 7th period of the 7th period of the 7th period of the 7th period of the 7th period of the 7th period of the 7th period of the 7th period of the 7th period of the 7th period of the 7th period of the 7th period of the 7th period of the 7th period of the 7th period of the 7th period of the 7th period of the 7th period of the 7th period of the 7th period of the 7th period of the 7th period of the 7th period of the 7th period of the 7th period of the 7th period the 7th period of the 7th period the 7th period the 7th period the 7th period the 7th period the 7th period the 7th period the 7th period the 7th period the 7th period the 7th period the 7th period the 7th period the 7th period the 7th period the 7th period the 7th period the 7th period the 7th period the 7th period the 7th period the 7th period the 7th period the 7th period the 7th period the 7th period the 7th period the 7th period the 7th period the	the great pyramid at giza is the only one of the seven wonders that is still standing today
This is the only way to speed up the 7th period of the 7th period of the 7th period of the 7th period of the 7th period of the 7th period of the 7th period of the 7th period of the 7th period of the 7th period of the 7th period of the 7th period of the 7th period of the 7th period of the 7th period of the 7th period of the 7th period of the 7th period of the 7th period of the 7th period of the 7th period of the 7th period of the 7th period of the 7th period of the 7th period of the 7th period of the 7th period of the 7th period of the 7th period of the 7th period of the 7th period of the 7th period of the 7th period of the 7th period of the 7th period of the 7th period of the 7th period of the 7th period of the 7th period of the 7th period of the 7th period of the 7th period of the 7th period of the 7th period of the 7th period of the 7th period of the 7th period of the 7th period of the 7th period of the 7th period of the 7th period of the 7th period of the 7th period of the 7th period of the 7th period of the 7th period of the 7th period of the 7th period of the 7th period of the 7th period of the 7th period of the 7th period of the 7th period the 7th period of the 7th period the 7th period the 7th period the 7th period the 7th period the 7th period the 7th period the 7th period the 7th period the 7th period the 7th period the 7th period the 7th period the 7th period the 7th period the 7th period the 7th period the 7th period the 7th period the 7th period the 7th period the 7th period the 7th period the 7th period the 7th period the 7th period the 7th period the 7th period the 7th period the	the great pyramid at giza is the only one of the seven wonders that is still standing today
Of course, there is also the金屬 in silver and gold.	elements like calcium and potassium are considered metals of course there are also metals like silver and gold
It is said that it was built in the 4th century in Western China, and continued to be built in Western China for about 1100 years.	its renown for being an epicenter of luxury began in about 400 a.d. and lasted up until about 1100 a.d
It is said that it was built in the 4th century in Western China, and continued to be built in Western China for about 1100 years.	its renown for being an epicenter of luxury began in about 400 a.d. and lasted up until about 1100 a.d
The recording of the video is used to interpret the expression of the image for self-improvement and movement of the face.	the use of video recording has led to important discoveries in the interpretation of micro-expressions facial movements which last a few milliseconds
The recording of the video is used to interpret the expression of the image for self-improvement and movement of the face.	the use of video recording has led to important discoveries in the interpretation of micro-expressions facial movements which last a few milliseconds
It was planned to be held in September 2017, and it was a full-fledged car when it was scheduled to be completed by the BASI海關檢察站.	the bridge is scheduled to be fully operational in september 2017 when the brazilian customs checkpoints are expected to be finished
It was planned to be held in September 2017, and it was a full-fledged car when it was scheduled to be completed by the BASI海關檢察站.	the bridge is scheduled to be fully operational in september 2017 when the brazilian customs checkpoints are expected to be finished
The Naseh area is almost as safe and safe as a beach, and most of it has a swimming pool with a swimming pool with a swimming pool with a swimming pool with a swimming pool with a swimming pool with a swimming pool with a swimming pool with a swimming pool with a swimming pool with a swimming pool with a swimming pool with a swimming pool with a swimming pool with a swimming pool with a swimming pool with a swimming pool with a swimming pool with a swimming pool with a swimming pool with a swimming pool with a swimming pool with a swimming pool with a swimming pool with a swimming pool with a swimming pool with a swimming pool with a swimming pool with a swimming pool with a swimming pool with a swimming pool with a swimming pool with a swimming pool with a swimming pool with a swimming pool with a swimming pool with a swimming pool with a swimming pool with a swimming pool with a swimming pool with a swimming pool with a swimming pool with a swimming pool with a swimming pool with a swimming pool with a swimming pool with a swimming pool with a swimming pool with a swimming pool with a swimming pool with a swimming pool with a swimming pool with a swimming pool with a swimming pool with a swimming pool with a swimming pool with a swimming pool with a swimming pool with a swimming pool with a swimming pool with a swimming pool with a swimming pool with a swimming pool with a swimming pool with a swimming pool with a swimming pool with a swimming pool with a swimming pool with a swimming pool with a swimming pool with a swimming pool with a swimming pool with a swimming pool with a swimming pool with a swimming pool with a swimming pool with a swimming pool with a swimming pool with a swimming pool with a swimming pool with a swimming pool with a swimming pool with a swimming pool with a swimming pool with a swimming pool with a swimming pool with a swimming pool with a swimming pool with a swimming pool with a swimming pool with a swimming pool with a swimming pool with a swimming pool with a swimming pool with a swimming pool with a swimming pool with a swimming pool with a swimming pool with a swimming pool with a swimming pool with a swimming pool with a swimming pool with a swimming pool with a swimming pool with a swimming pool with a swimming pool with	they are almost all sandy beaches with safe swimming and most have shade provided by pohutukawa trees
The Naseh area is almost as safe and safe as a beach, and most of it has a swimming pool with a swimming pool with a swimming pool with a swimming pool with a swimming pool with a swimming pool with a swimming pool with a swimming pool with a swimming pool with a swimming pool with a swimming pool with a swimming pool with a swimming pool with a swimming pool with a swimming pool with a swimming pool with a swimming pool with a swimming pool with a swimming pool with a swimming pool with a swimming pool with a swimming pool with a swimming pool with a swimming pool with a swimming pool with a swimming pool with a swimming pool with a swimming pool with a swimming pool with a swimming pool with a swimming pool with a swimming pool with a swimming pool with a swimming pool with a swimming pool with a swimming pool with a swimming pool with a swimming pool with a swimming pool with a swimming pool with a swimming pool with a swimming pool with a swimming pool with a swimming pool with a swimming pool with a swimming pool with a swimming pool with a swimming pool with a swimming pool with a swimming pool with a swimming pool with a swimming pool with a swimming pool with a swimming pool with a swimming pool with a swimming pool with a swimming pool with a swimming pool with a swimming pool with a swimming pool with a swimming pool with a swimming pool with a swimming pool with a swimming pool with a swimming pool with a swimming pool with a swimming pool with a swimming pool with a swimming pool with a swimming pool with a swimming pool with a swimming pool with a swimming pool with a swimming pool with a swimming pool with a swimming pool with a swimming pool with a swimming pool with a swimming pool with a swimming pool with a swimming pool with a swimming pool with a swimming pool with a swimming pool with a swimming pool with a swimming pool with a swimming pool with a swimming pool with a swimming pool with a swimming pool with a swimming pool with a swimming pool with a swimming pool with a swimming pool with a swimming pool with a swimming pool with a swimming pool with a swimming pool with a swimming pool with a swimming pool with a swimming pool with a swimming pool with a swimming pool with a swimming pool with a swimming pool with a swimming pool with	they are almost all sandy beaches with safe swimming and most have shade provided by pohutukawa trees
First of all, most of the knights wear shoes, followed by shoes, flat shoes, shoes, shoes, shoes, shoes, shoes, shoes, shoes, shoes, shoes, shoes, shoes, shoes, shoes, shoes, shoes, shoes, shoes, shoes, shoes, shoes, shoes, shoes, shoes, shoes, shoes, shoes, shoes, shoes, shoes, shoes, shoes, shoes, shoes, shoes, shoes, shoes, shoes, shoes, shoes, shoes, shoes, shoes, shoes, shoes, shoes, shoes, shoes, shoes, shoes, shoes, shoes, shoes, shoes, shoes, shoes, shoes, shoes, shoes, shoes, shoes, shoes, shoes, shoes, shoes, shoes, shoes, shoes, shoes, shoes, shoes, shoes, shoes, shoes, shoes, shoes, shoes, shoes, shoes, shoes, shoes, shoes, shoes, shoes, shoes, shoes, shoes, shoes, shoes, shoes, shoes, shoes, shoes, shoes, shoes, shoes, shoes, shoes, shoes, shoes, shoes, shoes, shoes, shoes, shoes, shoes, shoes, shoes, shoes, shoes, shoes, shoes, shoes, shoes, shoes, shoes, shoes, shoes, shoes, shoes, shoes, shoes, shoes, shoes, shoes, shoes, shoes, shoes, shoes, shoes, shoes, shoes, shoes, shoes, shoes, shoes, shoes, shoes, shoes, shoes, shoes, shoes, shoes, shoes, shoes, shoes, shoes, shoes, shoes, shoes, shoes, shoes, shoes, shoes, shoes, shoes, shoes, shoes, shoes, shoes, shoes, shoes, shoes, shoes, shoes, shoes, shoes, shoes, shoes, shoes, shoes, shoes, shoes, shoes, shoes, shoes, shoes, shoes, shoes, shoes, shoes, shoes, shoes, shoes, shoes, shoes, shoes, shoes, shoes, shoes, shoes, shoes, shoes, shoes, shoes, shoes, shoes, shoes, shoes, shoes, shoes, shoes, shoes, shoes, shoes, shoes, shoes, shoes, shoes, shoes, shoes, shoes, shoes, shoes,	first most riders wear riding boots with a heel and a smooth quite narrow sole
First of all, most of the knights wear shoes, followed by shoes, flat shoes, shoes, shoes, shoes, shoes, shoes, shoes, shoes, shoes, shoes, shoes, shoes, shoes, shoes, shoes, shoes, shoes, shoes, shoes, shoes, shoes, shoes, shoes, shoes, shoes, shoes, shoes, shoes, shoes, shoes, shoes, shoes, shoes, shoes, shoes, shoes, shoes, shoes, shoes, shoes, shoes, shoes, shoes, shoes, shoes, shoes, shoes, shoes, shoes, shoes, shoes, shoes, shoes, shoes, shoes, shoes, shoes, shoes, shoes, shoes, shoes, shoes, shoes, shoes, shoes, shoes, shoes, shoes, shoes, shoes, shoes, shoes, shoes, shoes, shoes, shoes, shoes, shoes, shoes, shoes, shoes, shoes, shoes, shoes, shoes, shoes, shoes, shoes, shoes, shoes, shoes, shoes, shoes, shoes, shoes, shoes, shoes, shoes, shoes, shoes, shoes, shoes, shoes, shoes, shoes, shoes, shoes, shoes, shoes, shoes, shoes, shoes, shoes, shoes, shoes, shoes, shoes, shoes, shoes, shoes, shoes, shoes, shoes, shoes, shoes, shoes, shoes, shoes, shoes, shoes, shoes, shoes, shoes, shoes, shoes, shoes, shoes, shoes, shoes, shoes, shoes, shoes, shoes, shoes, shoes, shoes, shoes, shoes, shoes, shoes, shoes, shoes, shoes, shoes, shoes, shoes, shoes, shoes, shoes, shoes, shoes, shoes, shoes, shoes, shoes, shoes, shoes, shoes, shoes, shoes, shoes, shoes, shoes, shoes, shoes, shoes, shoes, shoes, shoes, shoes, shoes, shoes, shoes, shoes, shoes, shoes, shoes, shoes, shoes, shoes, shoes, shoes, shoes, shoes, shoes, shoes, shoes, shoes, shoes, shoes, shoes, shoes, shoes, shoes, shoes, shoes, shoes, shoes, shoes, shoes, shoes, shoes, shoes, shoes,	first most riders wear riding boots with a heel and a smooth quite narrow sole
1. The middle finger is like the arm of the arm. 2. The neck is like the arm of the arm of the arm of the arm of the arm of the arm of the arm of the arm of the arm of the arm of the arm of the arm of the arm of the arm of the arm of the arm of the arm of the arm of the arm of the arm of the arm of the arm of the arm of the arm of the arm of the arm of the arm of the arm of the arm of the arm of the arm of the arm of the arm of the arm of the arm of the arm of the arm of the arm of the arm of the arm of the arm of the arm of the arm of the arm of the arm of the arm of the arm of the arm of the arm of the arm of the arm of the arm of the arm of the arm of the arm of the arm of the arm of the arm of the arm of the arm of the arm of the arm of the arm of the arm of the arm of the arm of the arm of the arm of the arm of the arm of the arm of the arm of the arm of the arm of the arm of the arm of the arm of the arm of the arm of the arm of the arm of the arm of the arm of the arm of the arm of the arm of the arm of the arm of the arm of the arm of the arm of the arm of the arm of the arm of the arm of the arm of the arm of the arm of the arm of the arm of the arm of the arm of the arm of the arm of the arm of the arm of the arm of the arm of the arm of the arm of the arm of the arm of the arm of the arm of the arm of the arm of the arm of the arm of the arm of the arm of the arm of the arm of the arm of the arm of the arm of the arm of the arm of the arm of the arm of the arm of the arm of the arm of the arm of the arm of the arm of the arm of the arm of the arm of the arm of the arm of the arm of the arm	middle order batsmen sachin tendulkar and rahul dravid performed well and made a hundred-run partnership
1. The middle finger is like the arm of the arm. 2. The neck is like the arm of the arm of the arm of the arm of the arm of the arm of the arm of the arm of the arm of the arm of the arm of the arm of the arm of the arm of the arm of the arm of the arm of the arm of the arm of the arm of the arm of the arm of the arm of the arm of the arm of the arm of the arm of the arm of the arm of the arm of the arm of the arm of the arm of the arm of the arm of the arm of the arm of the arm of the arm of the arm of the arm of the arm of the arm of the arm of the arm of the arm of the arm of the arm of the arm of the arm of the arm of the arm of the arm of the arm of the arm of the arm of the arm of the arm of the arm of the arm of the arm of the arm of the arm of the arm of the arm of the arm of the arm of the arm of the arm of the arm of the arm of the arm of the arm of the arm of the arm of the arm of the arm of the arm of the arm of the arm of the arm of the arm of the arm of the arm of the arm of the arm of the arm of the arm of the arm of the arm of the arm of the arm of the arm of the arm of the arm of the arm of the arm of the arm of the arm of the arm of the arm of the arm of the arm of the arm of the arm of the arm of the arm of the arm of the arm of the arm of the arm of the arm of the arm of the arm of the arm of the arm of the arm of the arm of the arm of the arm of the arm of the arm of the arm of the arm of the arm of the arm of the arm of the arm of the arm of the arm of the arm of the arm of the arm of the arm of the arm of the arm of the arm of the arm of the arm of the arm of the arm of the arm	middle order batsmen sachin tendulkar and rahul dravid performed well and made a hundred-run partnership
It is also said that there are many reasons for being sent away, including the need to take care of the weak and even the weak.	children are placed in foster care for a wide variety of reasons that range from neglect to abuse and even to extortion
It is also said that there are many reasons for being sent away, including the need to take care of the weak and even the weak.	children are placed in foster care for a wide variety of reasons that range from neglect to abuse and even to extortion
When the light comes out, it will turn into a person who is not different. He or she believes that she must change the team to do everything she can and use her own way of doing things.	at the other end of the spectrum one morphs into an unrecognizable individual that feels he or she must change everything the team has been doing and make it their own
When the light comes out, it will turn into a person who is not different. He or she believes that she must change the team to do everything she can and use her own way of doing things.	at the other end of the spectrum one morphs into an unrecognizable individual that feels he or she must change everything the team has been doing and make it their own
Soda is the largest sea otter in the world. It is 80km away from the ocean. 50km to Mangala, India.	the sundarbans are the largest littoral mangrove belt in the world stretching 80 km 50 mi into the bangladeshi and indian hinterland from the coast
Soda is the largest sea otter in the world. It is 80km away from the ocean. 50km to Mangala, India.	the sundarbans are the largest littoral mangrove belt in the world stretching 80 km 50 mi into the bangladeshi and indian hinterland from the coast
This is the best way to use the power supply as a source of energy for a large number of people.	using ships to transport goods is by far the most efficient way to move large amounts of people and goods across oceans
In every generation, separation and reunion will be obvious and invisible. Two kinds of cause and effect will continue to change.	segregation and recombination shuffle variation back and forth between the two pools with each generation
In every generation, separation and reunion will be obvious and invisible. Two kinds of cause and effect will continue to change.	segregation and recombination shuffle variation back and forth between the two pools with each generation
This report shows that the E-Lihek policy has almost changed its direction and forced the main change of the立即改變方向.	the report is highly critical of almost every aspect of the present policy of the executive towards iraq and it urges an immediate change of direction
The combination of the videos is particularly difficult, which means that it may be possible that the content of the video will be distorted or made.	danielle lantagne a un expert on the disease stated the outbreak was likely caused by the peacekeepers
The combination of the videos is particularly difficult, which means that it may be possible that the content of the video will be distorted or made.	danielle lantagne a un expert on the disease stated the outbreak was likely caused by the peacekeepers
When you are in a hurry, you don't have to go to a hotel.	in the archipelagos and lakes you do not necessarily need a yacht
When you are in a hurry, you don't have to go to a hotel.	in the archipelagos and lakes you do not necessarily need a yacht
Just as the moon is the same as the earth's gravity, why is it so powerful?	just like the moon exerts a pull on the earth causing tides so does the milky way exert a force on the sagittarius galaxy
If you are not used to walking on the road in the countryside, please keep your head clean. It is much more convenient to walk on the road than to walk on the road in the countryside.	if you're not used to driving on country roads keep your wits about you steep grades narrow lanes and sharp curves predominate
If you are not used to walking on the road in the countryside, please keep your head clean. It is much more convenient to walk on the road than to walk on the road in the countryside.	if you're not used to driving on country roads keep your wits about you steep grades narrow lanes and sharp curves predominate
North, South, West, North, West, West, West, West, West, West, West, West, West, West, West, West, West, West, West, West, West, West, West, West, West, West, West, West, West, West, West, West, West, West, West, West, West, West, West, West, West, West, West, West, West, West, West, West, West, West, West, West, West, West, West, West, West, West, West, West, West, West, West, West, West, West, West, West, West, West, West, West, West, West, West, West, West, West, West, West, West, West, West, West, West, West, West, West, West, West, West, West, West, West, West, West, West, West, West, West, West, West, West, West, West, West, West, West, West, West, West, West, West, West, West, West, West, West, West, West, West, West, West, West, West, West, West, West, West, West, West, West, West, West, West, West, West, West, West, West, West, West, West, West, West, West, West, West, West, West, West, West, West, West, West, West, West, West, West, West, West, West, West, West, West, West, West, West, West, West, West, West, West, West, West, West, West, West, West, West, West, West, West, West, West, West, West, West, West, West, West, West, West, West, West, West, West, West, West, West, West, West, West, West, West, West, West, West, West, West, West, West, West, West, West, West, West, West, West, West, West, West,	in the north the region is bounded by the sahel and in the south and west by the atlantic ocean
North, South, West, North, West, West, West, West, West, West, West, West, West, West, West, West, West, West, West, West, West, West, West, West, West, West, West, West, West, West, West, West, West, West, West, West, West, West, West, West, West, West, West, West, West, West, West, West, West, West, West, West, West, West, West, West, West, West, West, West, West, West, West, West, West, West, West, West, West, West, West, West, West, West, West, West, West, West, West, West, West, West, West, West, West, West, West, West, West, West, West, West, West, West, West, West, West, West, West, West, West, West, West, West, West, West, West, West, West, West, West, West, West, West, West, West, West, West, West, West, West, West, West, West, West, West, West, West, West, West, West, West, West, West, West, West, West, West, West, West, West, West, West, West, West, West, West, West, West, West, West, West, West, West, West, West, West, West, West, West, West, West, West, West, West, West, West, West, West, West, West, West, West, West, West, West, West, West, West, West, West, West, West, West, West, West, West, West, West, West, West, West, West, West, West, West, West, West, West, West, West, West, West, West, West, West, West, West, West, West, West, West, West, West, West, West, West, West, West, West, West, West,	in the north the region is bounded by the sahel and in the south and west by the atlantic ocean
The U.S. and the U.S. agree that the U.S. and the U.S. will continue to support the U.S. and the U.S. and the U.S. will continue to support the U.S. and the U.S. and the U.S. will continue to support the U.S. and the U.S. and the U.S. will continue to support the U.S. and the U.S. and the U.S. will continue to support the U.S. and the U.S. and the U.S. will continue to support the U.S. and the U.S. and the U.S. will continue to support the U.S. and the U.S. and the U.S. will continue to support the U.S. and the U.S. and the U.S. will continue to support the U.S. and the U.S. will continue to support the U.S. and the U.S. will continue to support the U.S. and the U.S. will continue to support the U.S. and the U.S. will continue to support the U.S. and the U.S. will continue to support the U.S. and the U.S. will continue to support the U.S. and the U.S. will continue to support the U.S. and the U.S. will continue to support the U.S. and the U.S. will continue to support the U.S. and the U.S. will continue to support the U.S. and the U.S. will continue to support the U.S. and the U.S. will continue to support the U.S. and the U.S. will continue to support the U.S. will continue to support the U.S. and the U.S. will continue to support the U.S. will continue to support the U.S. will continue to support the U.S. will continue to support the U	we agree with the usoc's statement that the interests of our athletes and clubs and their sport may be better served by moving forward with meaningful change within our organization rather than decertification
It is said that the teacher may not be able to read the words out of his mouth.	virtual scaffolds are internalized in the software and are meant to question prompt and explain procedures that may have been to challenging for the student to handle alone
It is said that the teacher may not be able to read the words out of his mouth.	virtual scaffolds are internalized in the software and are meant to question prompt and explain procedures that may have been to challenging for the student to handle alone
No matter whether there is a cultural difference, this is not right.	be firm in turning down men and don't be afraid to stand your ground cultural differences or not it doesn't make it ok!
No matter whether there is a cultural difference, this is not right.	be firm in turning down men and don't be afraid to stand your ground cultural differences or not it doesn't make it ok!
If you are in the area, you can try to use the English currency, but you should not try to use the credit card. Please ask the seller in advance to make sure that you can use that kind of payment method.	on the outlying islands credit cards will probably not be accepted although british and united states currency may be taken check with the owners in advance to determine what is an acceptable payment method
Therefore,組織合力,克服,障礙的過程能,推動創新過程,以滿足核武的需求。	as a result the process of an organization working together to overcome an obstacle can lead to a new innovative process to serve the customer's need
Therefore,組織合力,克服,障礙的過程能,推動創新過程,以滿足核武的需求。	as a result the process of an organization working together to overcome an obstacle can lead to a new innovative process to serve the customer's need
This is an example of what a stranger wants to do, and what they want to do or do not do.	these theories look at what it is about certain people that make them want the things that they do and what things in their environment will make them do or not do certain things
This is an example of what a stranger wants to do, and what they want to do or do not do.	these theories look at what it is about certain people that make them want the things that they do and what things in their environment will make them do or not do certain things
The water in the upper part of the body is reflected in the outer layer of the body, causing the bone to continue to form an outer shell.	the moisture on your hands will react with the outer layers which will feel funny and form a sort of shell
The water in the upper part of the body is reflected in the outer layer of the body, causing the bone to continue to form an outer shell.	the moisture on your hands will react with the outer layers which will feel funny and form a sort of shell
Apart from your own information, you may also want to support the government's opinion, but it is not advisable to do so for the sake of the public.	you may also wish to consult the advice of governments other than your own but their advice is designed for their citizens
Apart from your own information, you may also want to support the government's opinion, but it is not advisable to do so for the sake of the public.	you may also wish to consult the advice of governments other than your own but their advice is designed for their citizens
There are about 800 people in the local population. There are at least one country in the world. There are at least one country in the world.	vatican city's population is around 800 it is the smallest independent country in the world and the country with the lowest population
There are about 800 people in the local population. There are at least one country in the world. There are at least one country in the world.	vatican city's population is around 800 it is the smallest independent country in the world and the country with the lowest population
Next-gen, the U.S. Air Force Director-General of the United States declared that the system of short-flight flights can be equipped with a capacity of over 1,000,000 passengers every year, and greatly reduced the number of flights.	nextgen is a system the faa claims would allow aircraft to fly shorter routes and save millions of gallons of fuel each year and cut carbon emissions
Next-gen, the U.S. Air Force Director-General of the United States declared that the system of short-flight flights can be equipped with a capacity of over 1,000,000 passengers every year, and greatly reduced the number of flights.	nextgen is a system the faa claims would allow aircraft to fly shorter routes and save millions of gallons of fuel each year and cut carbon emissions
There is also a link in the description of the video, which shows that the film is not based on the above-mentioned data. Therefore, the video is not based on the above-mentioned data, which shows that the video is not based on the above-mentioned data, which shows that the video is not based on the above-mentioned data, which shows that the video is not based on the above-mentioned data, which shows that the video is not based on the above-mentioned data, which shows that the video is not based on the above-mentioned data, which shows that the video is not based on the above-mentioned data, which shows that the video is not based on the above-mentioned data, which shows that the video is not based on the above-mentioned data, which shows that the video is not based on the above-mentioned data, which shows that the video is not based on the above-mentioned data, which shows that the video is not based on the above-mentioned data, which shows that the video is not based on the above-mentioned data, which shows that the video is not based on the above-mentioned data, which shows that the video is not based on the above-mentioned data, which shows that the video is not based on the above-mentioned data, which shows that the video is not based on the above-mentioned data, which shows that the video is not based on the above-mentioned data, which shows that the video is not based on the above-mentioned data, which shows that the video is not based on the above-mentioned data, which shows that the video is not based on the above-mentioned data, which shows that the video is not based on the above-mentioned data, which shows that the video is not based on the above-mentioned data, which shows that the video is not based on the above-mentioned data, which shows that the video is not based on the above-mentioned data, which shows that the video is not based on the above-mentioned data, which shows that the video is not based on the above-mentioned data, which shows that the video is not based on the above-mentioned	some cruises feature berlin germany in the brochures as you can see from the map above berlin is no where near the sea and a visit to the city is not included in the price of the cruise
There is also a link in the description of the video, which shows that the film is not based on the above-mentioned data. Therefore, the video is not based on the above-mentioned data, which shows that the video is not based on the above-mentioned data, which shows that the video is not based on the above-mentioned data, which shows that the video is not based on the above-mentioned data, which shows that the video is not based on the above-mentioned data, which shows that the video is not based on the above-mentioned data, which shows that the video is not based on the above-mentioned data, which shows that the video is not based on the above-mentioned data, which shows that the video is not based on the above-mentioned data, which shows that the video is not based on the above-mentioned data, which shows that the video is not based on the above-mentioned data, which shows that the video is not based on the above-mentioned data, which shows that the video is not based on the above-mentioned data, which shows that the video is not based on the above-mentioned data, which shows that the video is not based on the above-mentioned data, which shows that the video is not based on the above-mentioned data, which shows that the video is not based on the above-mentioned data, which shows that the video is not based on the above-mentioned data, which shows that the video is not based on the above-mentioned data, which shows that the video is not based on the above-mentioned data, which shows that the video is not based on the above-mentioned data, which shows that the video is not based on the above-mentioned data, which shows that the video is not based on the above-mentioned data, which shows that the video is not based on the above-mentioned data, which shows that the video is not based on the above-mentioned data, which shows that the video is not based on the above-mentioned data, which shows that the video is not based on the above-mentioned data, which shows that the video is not based on the above-mentioned	some cruises feature berlin germany in the brochures as you can see from the map above berlin is no where near the sea and a visit to the city is not included in the price of the cruise
It is usually not suitable for high-pitched and low-pitched and low-pitched and low-pitched and low-pitched and high-pitched and low-pitched and low-pitched and low-pitched and low-pitched and high-pitched and low-pitched and low-pitched and high-pitched and low-pitched and low-pitched and high-pitched and low-pitched and low-pitched and high-pitched and low-pitched and low-pitched and low-pitched and high-pitched and low-pitched and low-pitched and high-pitched and low-pitched and low-pitched and low-pitched and low-pitched and low-pitched and low-pitched and low-pitched and low-pitched and low-pitched and low-pitched and low-pitched and low-pitched and low-pitched and low-pitched and low-pitched and low-pitched and low-pitched and low-pitched and low-pitched and low-pitched and low-pitched and low-pitched and low-pitched and low-pitched and low-pitched and low-pitched and low-pitched and low-pitched and low-pitched and low-pitched and low-pitched and low-pitched and low-pitched and low-pitched and low-pitched and low-pitched and low-pitched and low-pitched and low-pitched and low-pitched and low-pitched and low-pitched and low-pitched and low-pitched and low-pitched and low-pitched and low-pitched and low-pitched and low-pitched and low-pitched and low-pitched and low-pitched and low-pitched and low-pitched and low-pitched and low-pitched and low-pitched and low-pitched and low-pitched and low-pitched and low-p	it is related to but usually not involving alpine style ski touring or mountaineering the latter ones done in steep terrain and requiring much stiffer skis and boots
It is usually not suitable for high-pitched and low-pitched and low-pitched and low-pitched and low-pitched and high-pitched and low-pitched and low-pitched and low-pitched and low-pitched and high-pitched and low-pitched and low-pitched and high-pitched and low-pitched and low-pitched and high-pitched and low-pitched and low-pitched and high-pitched and low-pitched and low-pitched and low-pitched and high-pitched and low-pitched and low-pitched and high-pitched and low-pitched and low-pitched and low-pitched and low-pitched and low-pitched and low-pitched and low-pitched and low-pitched and low-pitched and low-pitched and low-pitched and low-pitched and low-pitched and low-pitched and low-pitched and low-pitched and low-pitched and low-pitched and low-pitched and low-pitched and low-pitched and low-pitched and low-pitched and low-pitched and low-pitched and low-pitched and low-pitched and low-pitched and low-pitched and low-pitched and low-pitched and low-pitched and low-pitched and low-pitched and low-pitched and low-pitched and low-pitched and low-pitched and low-pitched and low-pitched and low-pitched and low-pitched and low-pitched and low-pitched and low-pitched and low-pitched and low-pitched and low-pitched and low-pitched and low-pitched and low-pitched and low-pitched and low-pitched and low-pitched and low-pitched and low-pitched and low-pitched and low-pitched and low-pitched and low-pitched and low-p	it is related to but usually not involving alpine style ski touring or mountaineering the latter ones done in steep terrain and requiring much stiffer skis and boots
In addition to the information about the origin of the river and the origin of the river and the origin of the river and the origin of the river and the origin of the river and the origin of the river and the origin of the river and the origin of the river and the origin of the river and the origin of the river and the origin of the river and the origin of the river and the origin of the river and the origin of the river and the origin of the river and the origin of the river and the origin of the river and the origin of the river and the origin of the river and the origin of the river and the origin of the river and the origin of the river and the origin of the river and the origin of the river and the origin of the river and the origin of the river and the origin of the river and the origin of the river and the origin of the river and the origin of the river and the origin of the river and the origin of the river and the origin of the river and the origin of the river and the origin of the river and the origin of the river and the origin of the river and the origin of the river and the origin of the river and the origin of the river and the origin of the river and the origin of the river and the origin of the river and the origin of the river and the origin of the river and the origin of the river and the origin of the river and the origin of the river and the origin of the river and the origin of the river and the origin of the river and the origin of the river and the origin of the river and the origin of the river and the origin of the river and the origin of the river and the origin of the river and the origin of the river and the origin of the river and the origin of the river and the origin of the river and the origin of the river and the origin of the river and the origin of the river and the origin of the river and the origin of the river and the origin of the river and the origin of the river and the origin of the river and the origin of the river and the origin of the river and the origin of the river and the origin of the river and	the service is frequently used by shipping including pleasure craft as well as expeditions who have remote data and voice needs
In addition to the information about the origin of the river and the origin of the river and the origin of the river and the origin of the river and the origin of the river and the origin of the river and the origin of the river and the origin of the river and the origin of the river and the origin of the river and the origin of the river and the origin of the river and the origin of the river and the origin of the river and the origin of the river and the origin of the river and the origin of the river and the origin of the river and the origin of the river and the origin of the river and the origin of the river and the origin of the river and the origin of the river and the origin of the river and the origin of the river and the origin of the river and the origin of the river and the origin of the river and the origin of the river and the origin of the river and the origin of the river and the origin of the river and the origin of the river and the origin of the river and the origin of the river and the origin of the river and the origin of the river and the origin of the river and the origin of the river and the origin of the river and the origin of the river and the origin of the river and the origin of the river and the origin of the river and the origin of the river and the origin of the river and the origin of the river and the origin of the river and the origin of the river and the origin of the river and the origin of the river and the origin of the river and the origin of the river and the origin of the river and the origin of the river and the origin of the river and the origin of the river and the origin of the river and the origin of the river and the origin of the river and the origin of the river and the origin of the river and the origin of the river and the origin of the river and the origin of the river and the origin of the river and the origin of the river and the origin of the river and the origin of the river and the origin of the river and the origin of the river and the origin of the river and the origin of the river and	the service is frequently used by shipping including pleasure craft as well as expeditions who have remote data and voice needs
The majority of teachers are educated in the streets, independent countries, or in the United States.	most of the smaller islands are independent nations or associated with france and known as luxury beach resorts
The performance took about 5 minutes and it suddenly turned into a crazy wind. After about 1 minute, the wind was blowing 70km per hour. Then it was reported that the rain was pouring and the water was pouring, and there was a rainstorm on the skin. It was also said that the ice was falling from the sky, and the door was closed and the wind was blowing. It was said that the ice was falling from the sky, and the wind was blowing from the sky, and the wind was blowing from the sky, and the wind was blowing from the sky, and the wind was blowing from the sky, and the wind was blowing from the sky, and the wind was blowing from the sky, and the wind was blowing from the sky, and the wind was blowing from the sky, and the wind was blowing from the sky, and the wind was blowing from the sky, and the wind was blowing from the sky, and the wind was blowing from the sky, and the wind was blowing from the sky, and the wind was blowing from the sky, and the wind was blowing from the sky, and the wind was blowing from the sky, and the wind was blowing from the sky, and the wind was blowing from the sky, and the wind was blowing from the sky, and the wind was blowing from the sky, and the wind was blowing from the sky, and the wind was blowing from the sky, and the wind was blowing from the sky, and the wind was blowing from the sky, and the wind was blowing from the sky, and the wind was blowing from the sky, and the wind was blowing from the sky, and the wind was blowing from the sky, and the wind was blowing from the sky, and the wind was blowing from the sky, and the wind was blowing from the sky, and the wind was blowing from the sky, and the wind was blowing from the sky, and the wind was blowing from the sky, and the wind was blowing from the sky, and the wind was blowing from the sky, and the wind was blowing from the sky, and the wind was blowing from the sky, and the wind was blowing from the wind was blowing from the	five minutes into the display a wind starts rolling in about a minute later the wind is reaching 70km/h... then the rain comes but so hard and so large that it slaps your skin like a needle then hail fell from the sky people panicking and screaming and running over each other
The performance took about 5 minutes and it suddenly turned into a crazy wind. After about 1 minute, the wind was blowing 70km per hour. Then it was reported that the rain was pouring and the water was pouring, and there was a rainstorm on the skin. It was also said that the ice was falling from the sky, and the door was closed and the wind was blowing. It was said that the ice was falling from the sky, and the wind was blowing from the sky, and the wind was blowing from the sky, and the wind was blowing from the sky, and the wind was blowing from the sky, and the wind was blowing from the sky, and the wind was blowing from the sky, and the wind was blowing from the sky, and the wind was blowing from the sky, and the wind was blowing from the sky, and the wind was blowing from the sky, and the wind was blowing from the sky, and the wind was blowing from the sky, and the wind was blowing from the sky, and the wind was blowing from the sky, and the wind was blowing from the sky, and the wind was blowing from the sky, and the wind was blowing from the sky, and the wind was blowing from the sky, and the wind was blowing from the sky, and the wind was blowing from the sky, and the wind was blowing from the sky, and the wind was blowing from the sky, and the wind was blowing from the sky, and the wind was blowing from the sky, and the wind was blowing from the sky, and the wind was blowing from the sky, and the wind was blowing from the sky, and the wind was blowing from the sky, and the wind was blowing from the sky, and the wind was blowing from the sky, and the wind was blowing from the sky, and the wind was blowing from the sky, and the wind was blowing from the sky, and the wind was blowing from the sky, and the wind was blowing from the sky, and the wind was blowing from the sky, and the wind was blowing from the sky, and the wind was blowing from the sky, and the wind was blowing from the wind was blowing from the	five minutes into the display a wind starts rolling in about a minute later the wind is reaching 70km/h... then the rain comes but so hard and so large that it slaps your skin like a needle then hail fell from the sky people panicking and screaming and running over each other
Basically, he is a hypocrite, and he has been killing us since the beginning. First of all, the pretentiousness is out of the law of the law. Secondly, the pretentiousness is to listen to the words of us until his works are removed.	"""he [wales] basically lied to us from the start. first by acting as if this was for legal reasons. second by pretending he was listening to us right up to his art deletion."
Basically, he is a hypocrite, and he has been killing us since the beginning. First of all, the pretentiousness is out of the law of the law. Secondly, the pretentiousness is to listen to the words of us until his works are removed.	"""he [wales] basically lied to us from the start. first by acting as if this was for legal reasons. second by pretending he was listening to us right up to his art deletion."
The language of the local official language is Romanian, but it is also used as a Russian language.	the capital of moldova is chişinău. the local language is romanian but russian is widely used
The language of the local official language is Romanian, but it is also used as a Russian language.	the capital of moldova is chişinău. the local language is romanian but russian is widely used
Taya participated in many countries' black-and-white artworks, including the five原 and 100原新鈔上的總理潮漲 in Canada.	he was also engaged in engraving banknotes for many countries recent examples of his work including the prime ministerial portraits on the front of the new canadian $5 and $100 bills
Taya participated in many countries' black-and-white artworks, including the five原 and 100原新鈔上的總理潮漲 in Canada.	he was also engaged in engraving banknotes for many countries recent examples of his work including the prime ministerial portraits on the front of the new canadian $5 and $100 bills
Yesterday morning, the police reported that a car crash was caused by two dead bodies and more than 20 victims.	a car bomb detonated at police headquarters in gaziantep turkey yesterday morning killed two police officers and injured more than twenty other people
Yesterday morning, the police reported that a car crash was caused by two dead bodies and more than 20 victims.	a car bomb detonated at police headquarters in gaziantep turkey yesterday morning killed two police officers and injured more than twenty other people
What is the purpose of this theory? What is the purpose of this theory? What is the purpose of this theory? What is the purpose of this theory? What is the purpose of this theory? What is the purpose of this theory? What is the purpose of this theory? What is the purpose of this theory? What is the purpose of this theory? What is the purpose of this theory? What is the purpose of this theory? What is the purpose of this theory? What is the purpose of this theory? What is the purpose of this theory? What is the purpose of this theory? What is the purpose of this theory? What is the purpose of this theory? What is the purpose of this theory? What is the purpose of this theory? What is the purpose of this theory? What is the purpose of this theory? What is the purpose of this theory? What is the purpose of this theory? What is the purpose of this theory? What is the purpose of this theory? What is the purpose of this theory? What is the purpose of this theory? What is the purpose of this theory? What is the purpose of this theory? What is the purpose of this theory? What is the purpose of this theory? What is the purpose of this theory? What is the purpose of this theory? What is the purpose of this theory? What is the purpose of this theory? What is the purpose of this theory? What is the purpose of this theory? What is the purpose of this theory? What is the purpose of this theory? What is the purpose of this theory? What is the purpose of this theory? What is the purpose of this theory? What is the purpose of this theory? What is the purpose of this theory? What is the purpose of this theory? What is the purpose of this theory? What is the purpose of this theory? What is the purpose of this theory? What is the purpose of this theory? What is the purpose of this theory? What is the purpose of this theory? What is the purpose of this theory? What is the purpose of this theory? What is the purpose of this theory? What is the purpose of this theory? What is the purpose	these theories look at what it is about certain people that make them want the things that they do and what things in their environment will make them do or not do certain things
What is the purpose of this theory? What is the purpose of this theory? What is the purpose of this theory? What is the purpose of this theory? What is the purpose of this theory? What is the purpose of this theory? What is the purpose of this theory? What is the purpose of this theory? What is the purpose of this theory? What is the purpose of this theory? What is the purpose of this theory? What is the purpose of this theory? What is the purpose of this theory? What is the purpose of this theory? What is the purpose of this theory? What is the purpose of this theory? What is the purpose of this theory? What is the purpose of this theory? What is the purpose of this theory? What is the purpose of this theory? What is the purpose of this theory? What is the purpose of this theory? What is the purpose of this theory? What is the purpose of this theory? What is the purpose of this theory? What is the purpose of this theory? What is the purpose of this theory? What is the purpose of this theory? What is the purpose of this theory? What is the purpose of this theory? What is the purpose of this theory? What is the purpose of this theory? What is the purpose of this theory? What is the purpose of this theory? What is the purpose of this theory? What is the purpose of this theory? What is the purpose of this theory? What is the purpose of this theory? What is the purpose of this theory? What is the purpose of this theory? What is the purpose of this theory? What is the purpose of this theory? What is the purpose of this theory? What is the purpose of this theory? What is the purpose of this theory? What is the purpose of this theory? What is the purpose of this theory? What is the purpose of this theory? What is the purpose of this theory? What is the purpose of this theory? What is the purpose of this theory? What is the purpose of this theory? What is the purpose of this theory? What is the purpose of this theory? What is the purpose of this theory? What is the purpose	these theories look at what it is about certain people that make them want the things that they do and what things in their environment will make them do or not do certain things
In the same month, there was another police officer running towards the scene. He was killed by 17 people.	the same month saw another airliner overrun a runway at mashhad and strike a wall killing seventeen
In the same month, there was another police officer running towards the scene. He was killed by 17 people.	the same month saw another airliner overrun a runway at mashhad and strike a wall killing seventeen
Now, it is not possible to collect the insects next to it, only to stop and consume it.	today the only insects that cannot fold back their wings are dragon flies and mayflies
Now, it is not possible to collect the insects next to it, only to stop and consume it.	today the only insects that cannot fold back their wings are dragon flies and mayflies
In the 60s, the Qing Dynasty was divided into 20 countries. The most famous of them were the Han Dynasty and the Qing Dynasty.	also between each dynasty was an unstable age of divided provinces the best-known of these periods was the three kingdoms epoch taking place for 60 years between the han and the jin dynasty
In the 60s, the Qing Dynasty was divided into 20 countries. The most famous of them were the Han Dynasty and the Qing Dynasty.	also between each dynasty was an unstable age of divided provinces the best-known of these periods was the three kingdoms epoch taking place for 60 years between the han and the jin dynasty
Taya will attack all the things in the water. It is also not his opponent.	it also attacked anything that entered the water even a giant dinosaur such as t rex would be no match for it
Taya will attack all the things in the water. It is also not his opponent.	it also attacked anything that entered the water even a giant dinosaur such as t rex would be no match for it
He is famous for his unique management team, which was founded in 1989 by Larson and Lovastov in the first 109th year.	the presence of a true  invisible team” larson and lafasto 1989 p109 is also a unique component of a virtual team
He is famous for his unique management team, which was founded in 1989 by Larson and Lovastov in the first 109th year.	the presence of a true  invisible team” larson and lafasto 1989 p109 is also a unique component of a virtual team
It is very simple to use the original tool to open it.	people have known about basic chemical elements such as gold silver and copper from antiquity as these can all be discovered in nature in native form and are relatively simple to mine with primitive tools
It is very simple to use the original tool to open it.	people have known about basic chemical elements such as gold silver and copper from antiquity as these can all be discovered in nature in native form and are relatively simple to mine with primitive tools
Although most of the buildings have already been rebuilt, it is better for tourists to understand the original design.	most of the buildings on the edges of the complex have been rebuilt in order to give tourists a better idea of how they originally appeared
Although most of the buildings have already been rebuilt, it is better for tourists to understand the original design.	most of the buildings on the edges of the complex have been rebuilt in order to give tourists a better idea of how they originally appeared
Since 1988, the voting box had to be transparent, allowing voters and observers to see that the voting began and that there was no信 in the box, and that there was no other way to enter the box.	since 1988 ballot boxes must be transparent so that voters and observers can witness that no envelopes are present at the start of the vote and that no envelopes are added except those of the duly counted and authorized voters
Since 1988, the voting box had to be transparent, allowing voters and observers to see that the voting began and that there was no信 in the box, and that there was no other way to enter the box.	since 1988 ballot boxes must be transparent so that voters and observers can witness that no envelopes are present at the start of the vote and that no envelopes are added except those of the duly counted and authorized voters
The research so far is mainly theoretical, but the purpose of the plan is to observe what the human race is doing.	the work done was mostly theoretical but the program was written to simulate observations made of the sagittarius galaxy
The research so far is mainly theoretical, but the purpose of the plan is to observe what the human race is doing.	the work done was mostly theoretical but the program was written to simulate observations made of the sagittarius galaxy
It is different from other countries, but after March, most of the new COVID-19 cases have not been confirmed by the government until July 2020, which is the date of the completion of the 100th Olympics.	cancellation policies vary but as of late march most coronavirus-based cancellation policies don't extend to july 2020 when the olympics had been scheduled
But there are a lot of similar things in the series.	but there are a lot of things about birds that still look like a dinosaur
But there are a lot of similar things in the series.	but there are a lot of things about birds that still look like a dinosaur
The link to the link is in the description of this video.	the internet combines elements of both mass and interpersonal communication
The link to the link is in the description of this video.	the internet combines elements of both mass and interpersonal communication
When France-Hungarian Finch ruled, France signed a treaty with Germany in 1940, and signed a treaty with Russia.	it was ruled by the vichy french these were french people who had made peace with the germans in 1940 and worked with the invaders instead of fighting them
When France-Hungarian Finch ruled, France signed a treaty with Germany in 1940, and signed a treaty with Russia.	it was ruled by the vichy french these were french people who had made peace with the germans in 1940 and worked with the invaders instead of fighting them
On the Internet, you can find the site of the local company.	a search of the internet for hostile environment course' will probably provide the address of a local company
On the Internet, you can find the site of the local company.	a search of the internet for hostile environment course' will probably provide the address of a local company
There is no definition of the four seas of the four seas of the four seas of the four seas of the four seas of the four seas of the four seas of the four seas of the four seas of the four seas of the four seas of the four seas of the four seas of the four seas of the four seas of the four seas of the four seas of the four seas of the four seas of the four seas of the four seas of the four seas of the four seas of the four seas of the four seas of the four seas of the four seas of the four seas of the four seas of the four seas of the four seas of the four seas of the four seas of the four seas of the four seas of the four seas of the four seas of the four seas of the four seas of the four seas of the four seas of the four seas of the four seas of the four seas of the four seas of the four seas of the four seas of the four seas of the four seas of the four seas of the four seas of the four seas of the four seas of the four seas of the four seas of the four seas of the four seas of the four seas of the four seas of the four seas of the four seas of the four seas of the four seas of the four seas of the four seas of the four seas of the four seas of the four seas of the four seas of the four seas of the four seas of the four seas of the four seas of the four seas of the four seas of the four seas of the four seas of the four seas of the four seas of the four seas of the four seas of the four seas of the four seas of the four seas of the four seas of the four seas of the four seas of the four seas of the four seas of the four seas of the four seas of the four seas of the four seas of the four seas of the four seas of the four seas of the four seas of the four seas of the four seas of the four seas of the four seas of the four seas of the four seas of the four seas of the four seas of the four seas of the four seas of the four seas of the four seas of the four seas	there is no universal definition for which manufactured items are antiques some tax agencies define goods older than 100 years as antiques
There is no definition of the four seas of the four seas of the four seas of the four seas of the four seas of the four seas of the four seas of the four seas of the four seas of the four seas of the four seas of the four seas of the four seas of the four seas of the four seas of the four seas of the four seas of the four seas of the four seas of the four seas of the four seas of the four seas of the four seas of the four seas of the four seas of the four seas of the four seas of the four seas of the four seas of the four seas of the four seas of the four seas of the four seas of the four seas of the four seas of the four seas of the four seas of the four seas of the four seas of the four seas of the four seas of the four seas of the four seas of the four seas of the four seas of the four seas of the four seas of the four seas of the four seas of the four seas of the four seas of the four seas of the four seas of the four seas of the four seas of the four seas of the four seas of the four seas of the four seas of the four seas of the four seas of the four seas of the four seas of the four seas of the four seas of the four seas of the four seas of the four seas of the four seas of the four seas of the four seas of the four seas of the four seas of the four seas of the four seas of the four seas of the four seas of the four seas of the four seas of the four seas of the four seas of the four seas of the four seas of the four seas of the four seas of the four seas of the four seas of the four seas of the four seas of the four seas of the four seas of the four seas of the four seas of the four seas of the four seas of the four seas of the four seas of the four seas of the four seas of the four seas of the four seas of the four seas of the four seas of the four seas of the four seas of the four seas of the four seas of the four seas of the four seas of the four seas	there is no universal definition for which manufactured items are antiques some tax agencies define goods older than 100 years as antiques
At the age of 176, 30% of the income was paid by the government, and the income was paid by the government until today.	by 1976 thirty percent of machu picchu had been restored and restoration continues till today
At the age of 176, 30% of the income was paid by the government, and the income was paid by the government until today.	by 1976 thirty percent of machu picchu had been restored and restoration continues till today
Some airlines have their own aircraft on the line, but other airlines or small-scale companies will be more troublesome.	on some routes the larger companies have their own planes but for other routes and smaller firms there was a problem
Some airlines have their own aircraft on the line, but other airlines or small-scale companies will be more troublesome.	on some routes the larger companies have their own planes but for other routes and smaller firms there was a problem
It is a great honor for the small world to be so excited to go to Mount Laoyi, the last one to be called Sailai Hira, the most famous statue in East Asia.	muhammad was deeply interested in matters beyond this mundane life. he used to frequent a cave that became known as  hira‘” on the mountain of  noor” light for contemplation
It is a great honor for the small world to be so excited to go to Mount Laoyi, the last one to be called Sailai Hira, the most famous statue in East Asia.	muhammad was deeply interested in matters beyond this mundane life. he used to frequent a cave that became known as  hira‘” on the mountain of  noor” light for contemplation
S.W.A.P.O.S.A.P.O.S.A.P.O.S.A.P.O.S.A.P.O.S.A.P.O.S.A.P.O.S.A.P.O.S.A.P.O.S.A.P.O.S.A.P.O.S.A.P.O.S.A.P.O.S.A.P.O.S.A.P.O.S.A.P.O.S.A.P.O.S.A.P.O.S.A.P.O.S.A.P.O.S.A.P.O.S.A.P.O.S.A.P.O.S.A.P.O.S.A.P.O.S.A.P.O.S.A.P.O.S.A.P.O.S.A.P.O.S.A.P.O.S.A.P.O.S.A.P.O.S.A.P.O.S.A.P.O.S.A.P.O.S.A.P.O.S.A.P.O.S.A.P.O.S.A.P.O.S.A.P.O.S.A.P.O.S.A.P.O.S.A.P.O.S.A.P.O.S.A.P.O.S.A.P.O.S.A.P.S.A.P.O.S.A.P.S.A.P.S.A.P.S.A.P.S.S.A.P.S.S.A.P.S.S.A.P.S.S.A.P.S.S.	the ruling party south west africa people's organisation swapo also retained a majority in the parliamentary elections
S.W.A.P.O.S.A.P.O.S.A.P.O.S.A.P.O.S.A.P.O.S.A.P.O.S.A.P.O.S.A.P.O.S.A.P.O.S.A.P.O.S.A.P.O.S.A.P.O.S.A.P.O.S.A.P.O.S.A.P.O.S.A.P.O.S.A.P.O.S.A.P.O.S.A.P.O.S.A.P.O.S.A.P.O.S.A.P.O.S.A.P.O.S.A.P.O.S.A.P.O.S.A.P.O.S.A.P.O.S.A.P.O.S.A.P.O.S.A.P.O.S.A.P.O.S.A.P.O.S.A.P.O.S.A.P.O.S.A.P.O.S.A.P.O.S.A.P.O.S.A.P.O.S.A.P.O.S.A.P.O.S.A.P.O.S.A.P.O.S.A.P.O.S.A.P.O.S.A.P.O.S.A.P.O.S.A.P.S.A.P.O.S.A.P.S.A.P.S.A.P.S.A.P.S.S.A.P.S.S.A.P.S.S.A.P.S.S.A.P.S.S.	the ruling party south west africa people's organisation swapo also retained a majority in the parliamentary elections
There are a lot of people who have a car, and there are people who have a lot of people who have a car, and there are people who have a car, and there are people who have a car, and there are people who have a car, and there are people who have a car, and there are people who have a car, and there are people who have a car, and there are people who have a car, and there are people who have a car, and there are people who have a car, and there are people who have a car, and there are people who have a car, and there are people who have a car, and there are people who have a car, and there are people who have a car, and there are people who have a car, and there are people who have a car, and there are people who have a car, and there are people who have a car, and there are people who have a car, and there are people who have a car, and there are people who have a car, and there are people who have a car, and there are people who have a car, and there are people who have a car, and there are people who have a car, and there are people who have a car, and there are people who have a car, and there are people who have a car, and there are people who have a car, and there are people who have a car, and there are people who have a car, and there are people who have a car, and there are people who have a car, and there are people who have a car, and there are people who have a car, and there are people who have a car, and there are people who have a car, and there are people who have a car, and there are people who have a car, and there are people who have a car, and there are people who have a car, and there are people who have a car, and there are people who have a car, and there are people who have a, and there are people who have a, and there are people who have a, and there are people who have a	mass car ownership also leads to a higher incidence of accidents on the roads which leads to the invention of new techniques in healthcare for repairing damaged bodies
There are a lot of people who have a car, and there are people who have a lot of people who have a car, and there are people who have a car, and there are people who have a car, and there are people who have a car, and there are people who have a car, and there are people who have a car, and there are people who have a car, and there are people who have a car, and there are people who have a car, and there are people who have a car, and there are people who have a car, and there are people who have a car, and there are people who have a car, and there are people who have a car, and there are people who have a car, and there are people who have a car, and there are people who have a car, and there are people who have a car, and there are people who have a car, and there are people who have a car, and there are people who have a car, and there are people who have a car, and there are people who have a car, and there are people who have a car, and there are people who have a car, and there are people who have a car, and there are people who have a car, and there are people who have a car, and there are people who have a car, and there are people who have a car, and there are people who have a car, and there are people who have a car, and there are people who have a car, and there are people who have a car, and there are people who have a car, and there are people who have a car, and there are people who have a car, and there are people who have a car, and there are people who have a car, and there are people who have a car, and there are people who have a car, and there are people who have a car, and there are people who have a car, and there are people who have a car, and there are people who have a, and there are people who have a, and there are people who have a, and there are people who have a	mass car ownership also leads to a higher incidence of accidents on the roads which leads to the invention of new techniques in healthcare for repairing damaged bodies
I usually listen to the sound of the sound of the sound of the sound of the sound of the sound of the sound of the sound of the sound of the sound of the sound of the sound of the sound of the sound of the sound of the sound of the sound of the sound of the sound of the sound of the sound of the sound of the sound of the sound of the sound of the sound of the sound of the sound of the sound of the sound of the sound of the sound of the sound of the sound of the sound of the sound of the sound of the sound of the sound of the sound of the sound of the sound of the sound of the sound of the sound of the sound of the sound of the sound of the sound of the sound of the sound of the sound of the sound of the sound of the sound of the sound of the sound of the sound of the sound of the sound of the sound of the sound of the sound of the sound of the sound of the sound of the sound of the sound of the sound of the sound of the sound of the sound of the sound of the sound of the sound of the sound of the sound of the sound of the sound of the sound of the sound of the sound of the sound of the sound of the sound of the sound of the sound of the sound of the sound of the sound of the sound of the sound of the sound of the sound of the sound of the sound of the sound of the sound of the sound of the sound of the sound of the sound of the sound of the sound of the sound of the sound of the sound of the sound of the sound of the sound of the sound of the sound of the sound of the sound of the sound of the sound of the sound of the sound of the sound of the sound of the sound of the sound of the sound of the sound of the sound of the sound of the sound of the sound of the sound of the sound of the sound of the sound of the sound of the sound of the sound of the sound of the sound of the sound of the sound of the sound of the sound of the sound of the sound of the sound of the sound of the sound of the sound	usually you always here the sound of tourists and vendors the story of the sound and light is just like a story book
In the past, there have been many questions, questions, questions, questions, questions, questions, questions, questions, questions, questions, questions, questions, questions, questions, questions, questions, questions, questions, questions, questions, questions, questions, questions, questions, questions, questions, questions, questions, questions, questions, questions, questions, questions, questions, questions, questions, questions, questions, questions, questions, questions, questions, questions, questions, questions, questions, questions, questions, questions, questions, questions, questions, questions, questions, questions, questions, questions, questions, questions, questions, questions, questions, questions, questions, questions, questions, questions, questions, questions, questions, questions, questions, questions, questions, questions, questions, questions, questions, questions, questions, questions, questions, questions, questions, questions, questions, questions, questions, questions, questions, questions, questions, questions, questions, questions, questions, questions, questions, questions, questions, questions, questions, questions, questions, questions, questions, questions, questions, questions, questions, questions, questions, questions, questions, questions, questions, questions, questions, questions, questions, questions, questions, questions, questions, questions, questions, questions, questions, questions, questions, questions, questions, questions, questions, questions, questions, questions, questions, questions, questions, questions, questions, questions, questions, questions, questions, questions, questions, questions, questions, questions, questions, questions, questions, questions, questions, questions, questions, questions, questions, questions, questions, questions, questions, questions, questions, questions, questions, questions, questions, questions, questions, questions, questions, questions, questions, questions, questions, questions, questions, questions, questions, questions, questions, questions, questions, questions, questions, questions, questions, questions, questions, questions, questions, questions, questions, questions, questions, questions, questions, questions, questions, questions, questions, questions, questions, questions, questions, questions, questions, questions, questions, questions, questions, questions, questions, questions, questions,	virtual scaffolds are internalized in the software and are meant to question prompt and explain procedures that may have been to challenging for the student to handle alone
In the past, there have been many questions, questions, questions, questions, questions, questions, questions, questions, questions, questions, questions, questions, questions, questions, questions, questions, questions, questions, questions, questions, questions, questions, questions, questions, questions, questions, questions, questions, questions, questions, questions, questions, questions, questions, questions, questions, questions, questions, questions, questions, questions, questions, questions, questions, questions, questions, questions, questions, questions, questions, questions, questions, questions, questions, questions, questions, questions, questions, questions, questions, questions, questions, questions, questions, questions, questions, questions, questions, questions, questions, questions, questions, questions, questions, questions, questions, questions, questions, questions, questions, questions, questions, questions, questions, questions, questions, questions, questions, questions, questions, questions, questions, questions, questions, questions, questions, questions, questions, questions, questions, questions, questions, questions, questions, questions, questions, questions, questions, questions, questions, questions, questions, questions, questions, questions, questions, questions, questions, questions, questions, questions, questions, questions, questions, questions, questions, questions, questions, questions, questions, questions, questions, questions, questions, questions, questions, questions, questions, questions, questions, questions, questions, questions, questions, questions, questions, questions, questions, questions, questions, questions, questions, questions, questions, questions, questions, questions, questions, questions, questions, questions, questions, questions, questions, questions, questions, questions, questions, questions, questions, questions, questions, questions, questions, questions, questions, questions, questions, questions, questions, questions, questions, questions, questions, questions, questions, questions, questions, questions, questions, questions, questions, questions, questions, questions, questions, questions, questions, questions, questions, questions, questions, questions, questions, questions, questions, questions, questions, questions, questions, questions, questions, questions, questions, questions, questions, questions, questions,	virtual scaffolds are internalized in the software and are meant to question prompt and explain procedures that may have been to challenging for the student to handle alone
Ma Da Ka Si Ka is one of the largest in the world. It has a wide variety of wildlife, and it is suitable for the whole country.	madagascar is by far the biggest and a continent on its own when it comes to wildlife
Ma Da Ka Si Ka is one of the largest in the world. It has a wide variety of wildlife, and it is suitable for the whole country.	madagascar is by far the biggest and a continent on its own when it comes to wildlife
But the experiment was not the only one. The experiment was able to take an even more valuable test. Ask questions and research.	it isn't alone though experimentation and an experiment is a test that is used to eliminate one or more of the possible hypotheses asking questions and making observations also guide scientific research
But the experiment was not the only one. The experiment was able to take an even more valuable test. Ask questions and research.	it isn't alone though experimentation and an experiment is a test that is used to eliminate one or more of the possible hypotheses asking questions and making observations also guide scientific research
This set of cutting-edge military and civilian life-saving skills is a real lesson. Although this method is thought to be passed on to the past two centuries, through the international agreement, it is certain that each country will accept the international law.	the strategy proved effective cutting off vital military and civilian supplies although this blockade violated generally accepted international law codified by several international agreements of the past two centuries
Put in the oven at 11.35 for 11 hours.	fire rescue crews eventually doused the fire by 11:35 pm
Put in the oven at 11.35 for 11 hours.	fire rescue crews eventually doused the fire by 11:35 pm
The land is about 70 km away from here, and about 100 km away from here.	the crust is about 70 km thick on the near side and 100 km thick on the far side
We can use the same method as the normal material to influence other materials.	the scientists were able to conclude that the dark matter affect other dark matter in the same way regular matter does
Let's take a look at the view from the top of the building.	do not deface the site by marking or scratching graffiti into structures
Let's take a look at the view from the top of the building.	do not deface the site by marking or scratching graffiti into structures
When I was studying abroad, I still had to play. Sometimes I would go to university to work in a boring place.	field trips are a large part of any classroom quite often a teacher would love to take her students places to which a bus trip is not an option
Each generation will try to identify and identify the two machines to continue to create changes.	segregation and recombination shuffle variation back and forth between the two pools with each generation
Each generation will try to identify and identify the two machines to continue to create changes.	segregation and recombination shuffle variation back and forth between the two pools with each generation
The U.S.-China Association and the U.S.-Australian Committee have both goals, which is to ensure the safety of the organization and other activities. To ensure that the members of the movement are more secure, and to pursue their dreams in the environment where they have the right to lead the organization.	usa gymnastics and the usoc have the same goal making the sport of gymnastics and others as safe as possible for athletes to follow their dreams in a safe positive and empowered environment
The U.S.-China Association and the U.S.-Australian Committee have both goals, which is to ensure the safety of the organization and other activities. To ensure that the members of the movement are more secure, and to pursue their dreams in the environment where they have the right to lead the organization.	usa gymnastics and the usoc have the same goal making the sport of gymnastics and others as safe as possible for athletes to follow their dreams in a safe positive and empowered environment
Heading to Lola, Beijing, on the outskirts of Shunshou Gate.	fellow wrestlers also paid tribute to luna
Heading to Lola, Beijing, on the outskirts of Shunshou Gate.	fellow wrestlers also paid tribute to luna
The head of the office said there were 19 police officers in the case.	the governor's office said nineteen of the injured were police officers
The head of the office said there were 19 police officers in the case.	the governor's office said nineteen of the injured were police officers
It is usually not suitable for high mountains and rain mountains. These two kinds of activities are very important. So you need to be more careful with the snowboard and snowmobiles.	it is related to but usually not involving alpine style ski touring or mountaineering the latter ones done in steep terrain and requiring much stiffer skis and boots
It is usually not suitable for high mountains and rain mountains. These two kinds of activities are very important. So you need to be more careful with the snowboard and snowmobiles.	it is related to but usually not involving alpine style ski touring or mountaineering the latter ones done in steep terrain and requiring much stiffer skis and boots
The sea and land justice organization and the democratic organization participated in several independent research. This research is believed to be a combination of land and land, and it can be reported in unknown circumstances to bring the disease into the sea.	the haitian institute for justice and democracy has referenced independent studies that suggest the nepalese un peacekeeping battalion unknowingly brought the disease to haiti
The sea and land justice organization and the democratic organization participated in several independent research. This research is believed to be a combination of land and land, and it can be reported in unknown circumstances to bring the disease into the sea.	the haitian institute for justice and democracy has referenced independent studies that suggest the nepalese un peacekeeping battalion unknowingly brought the disease to haiti
There is only Katarolia fish in the mainland, but the system is also used to fish in the West, English, French, Arabic, Japanese, and many other languages.	regular announcements in the metro are made only in catalan but unplanned disruptions are announced by an automated system in a wide variety of languages including spanish english french arabic and japanese
There is only Katarolia fish in the mainland, but the system is also used to fish in the West, English, French, Arabic, Japanese, and many other languages.	regular announcements in the metro are made only in catalan but unplanned disruptions are announced by an automated system in a wide variety of languages including spanish english french arabic and japanese
Therefore, the cooperative efforts to overcome the obstacles of the process can promote the process of creation, and fulfill the needs of the customers.	as a result the process of an organization working together to overcome an obstacle can lead to a new innovative process to serve the customer's need
Therefore, the cooperative efforts to overcome the obstacles of the process can promote the process of creation, and fulfill the needs of the customers.	as a result the process of an organization working together to overcome an obstacle can lead to a new innovative process to serve the customer's need
The next day, on the day of the 56th day, the singer pulled the pig out of the hole and moved to the side of the scene.	lakkha singh presented the chhappan bhog bhajan as well singer raju khandelwal was accompanying him
But there are a lot of similar things in the food.	but there are a lot of things about birds that still look like a dinosaur
But there are a lot of similar things in the food.	but there are a lot of things about birds that still look like a dinosaur
Malfoy, the oldest of the group, is now a member of the group.	lions are the most social cats living in large groups called prides
Malfoy, the oldest of the group, is now a member of the group.	lions are the most social cats living in large groups called prides
If you want to go further and observe the movement, you must go forward and find a place where the sound is heard.	if you want to be close to the action you're going to have to get in early to get a camping site close to the music
If you want to go further and observe the movement, you must go forward and find a place where the sound is heard.	if you want to be close to the action you're going to have to get in early to get a camping site close to the music
It has such a high level of texture and texture, which makes it one of the most attractive and attractive characters among the fans. There are some fans who even only collect its works.	his work is of such recognized quality and detail that he is one of the very few household names among philatelists some specialize in collecting his work alone
It has such a high level of texture and texture, which makes it one of the most attractive and attractive characters among the fans. There are some fans who even only collect its works.	his work is of such recognized quality and detail that he is one of the very few household names among philatelists some specialize in collecting his work alone
There are 1 to 3 adult companies in Shikun, plus more than 30 nurses and nurses.	prides are made up of one to three related adult males along with as many as thirty females and cubs
There are 1 to 3 adult companies in Shikun, plus more than 30 nurses and nurses.	prides are made up of one to three related adult males along with as many as thirty females and cubs
It is written that a kind of development cooperation tool can encourage students to learn to live far away from the traditional life of students.	blogging is a tool that inspires collaboration and encourages students to extend learning well beyond the traditional school day
It is written that a kind of development cooperation tool can encourage students to learn to live far away from the traditional life of students.	blogging is a tool that inspires collaboration and encourages students to extend learning well beyond the traditional school day
海地正義與民主組織參考了幾份獨立研究,這些研究認為尼泊爾聯合國維和部隊在不知情的情況下將該疾病帶入海地。	the haitian institute for justice and democracy has referenced independent studies that suggest the nepalese un peacekeeping battalion unknowingly brought the disease to haiti
海地正義與民主組織參考了幾份獨立研究,這些研究認為尼泊爾聯合國維和部隊在不知情的情況下將該疾病帶入海地。	the haitian institute for justice and democracy has referenced independent studies that suggest the nepalese un peacekeeping battalion unknowingly brought the disease to haiti
The arrest of the accused should not require them to bear the burden of the development of the streets, and to take responsibility for the interests of the law.	he added that they should not however be asked to take on obligations that go beyond their development stage responsibility and capabilities
The arrest of the accused should not require them to bear the burden of the development of the streets, and to take responsibility for the interests of the law.	he added that they should not however be asked to take on obligations that go beyond their development stage responsibility and capabilities
Please remember that even if the performance of the stage is not finished yet, the performance of the stage is still possible in other places.	remember that even though music on the main stages may have finished there may be sections of the festival that will keep playing music until late into the night
Please remember that even if the performance of the stage is not finished yet, the performance of the stage is still possible in other places.	remember that even though music on the main stages may have finished there may be sections of the festival that will keep playing music until late into the night
Saffari once told a story about the life of a African wild animal, especially the journey of a grassland animal.	the term safari in popular use refers to overland travel to view the stunning african wildlife particularly on savanna
Saffari once told a story about the life of a African wild animal, especially the journey of a grassland animal.	the term safari in popular use refers to overland travel to view the stunning african wildlife particularly on savanna
Taiwan has determined to reduce the number of cases, and the Chinese economy is likely to lose its performance.	he did not set a figure for the cuts saying they will be made based on china's economic output
Taiwan has determined to reduce the number of cases, and the Chinese economy is likely to lose its performance.	he did not set a figure for the cuts saying they will be made based on china's economic output
It is 11 o'clock in the afternoon, and the fire has been stopped at 11 o'clock in the afternoon.	between 10:00-11:00 pm mdt a fire was started by the inmates in the yard
It is 11 o'clock in the afternoon, and the fire has been stopped at 11 o'clock in the afternoon.	between 10:00-11:00 pm mdt a fire was started by the inmates in the yard
On August 15, 1940, the Ministry of Foreign Affairs of China and the Ministry of Foreign Affairs of China and the Ministry of Foreign Affairs of China and the Ministry of Foreign Affairs of China and the Ministry of Foreign Affairs of China and the Ministry of Foreign Affairs of China and the Ministry of Foreign Affairs of China and the Ministry of Foreign Affairs of China and the Ministry of Foreign Affairs of China and the Ministry of Foreign Affairs of China and the Ministry of Foreign Affairs of China and the Ministry of Foreign Affairs of China and the Ministry of Foreign Affairs of China and the Ministry of Foreign Affairs of China and the Ministry of Foreign Affairs of China and the Ministry of Foreign Affairs of China and the Ministry of Foreign Affairs of China and the Ministry of Foreign Affairs of China and the Ministry of Foreign Affairs of China and the Ministry of Foreign Affairs of China and the Ministry of Foreign Affairs of China and the Ministry of Foreign Affairs of China and the Ministry of Foreign Affairs of China and the Ministry of Foreign Affairs of China and the Ministry of Foreign Affairs of China and the Ministry of Foreign Affairs of China and the Ministry of Foreign Affairs of China and the Ministry of Foreign Affairs of China and the Ministry of Foreign Affairs of China and the Ministry of Foreign Affairs of China and the Ministry of Foreign Affairs of China and the Ministry of Foreign Affairs of China and the Ministry of Foreign Affairs of China and the Ministry of Foreign Affairs of China and the Ministry of Foreign Affairs of China and the Ministry of Foreign Affairs of China and the Ministry of Foreign Affairs of China and the Ministry of Foreign Affairs of China and the Ministry of Foreign Affairs of China and the Ministry of Foreign Affairs of China and the Ministry of Foreign Affairs of China and the Ministry of Foreign Affairs of China and the Ministry of Foreign Affairs of China and the Ministry of Foreign Affairs of China	on 15 august 1940 the allies invaded southern france the invasion was called operation dragoon
Since 1537, since the founding of the Archons, Barragui has been keeping the local pig's head in a unique style.	since the foundation of asunción in 1537 paraguay has managed to keep a lot of its indigenous character and identity
Since 1537, since the founding of the Archons, Barragui has been keeping the local pig's head in a unique style.	since the foundation of asunción in 1537 paraguay has managed to keep a lot of its indigenous character and identity
In fact, there are people who know that its existence is not easy to find. Once it enters the cave, it is completely isolated.	in fact it is not easy to find at all even if one knew it existed once inside the cave it is a total isolation
In fact, there are people who know that its existence is not easy to find. Once it enters the cave, it is completely isolated.	in fact it is not easy to find at all even if one knew it existed once inside the cave it is a total isolation
The Ministry of Health and Welfare and the Ministry of Health and Welfare and the Ministry of Health and Welfare and the Ministry of Health and Welfare and the Ministry of Health and Welfare and the Ministry of Health and Welfare and the Ministry of Health and Welfare and the Ministry of Health and Welfare and the Ministry of Health and Welfare and the Ministry of Health and Welfare and the Ministry of Health and Welfare and the Ministry of Health and Welfare and the Ministry of Health and Welfare and the Ministry of Health and Welfare and the Ministry of Health and Welfare and the Ministry of Health and Welfare and the Ministry of Health and Welfare and the Ministry of Health and Welfare and the Ministry of Health and Welfare and the Ministry of Health and Welfare and the Ministry of Health and Welfare and the Ministry of Health and Welfare and the Ministry of Health and Welfare and the Ministry of Health and Welfare and the Ministry of Health and Welfare and the Ministry of Health and Welfare and the Ministry of Health and Welfare and the Ministry of Health and Welfare and the Ministry of Health and Welfare and the Ministry of Health and Welfare and the Ministry of Health and Welfare and the Ministry of Health and Welfare and the Ministry of Health and Welfare and the Ministry of Health and Welfare and the Ministry of Health and Welfare and the Ministry of Health and Welfare and the Ministry of Health and Welfare and the Ministry of Health and Welfare and the Ministry of Health and Welfare and the Ministry of Health and Welfare and the Ministry of Health and Welfare and the Ministry of Health and Welfare and the Ministry of Welfare and the Ministry of Health and Welfare and the Ministry of Welfare and the Ministry of Welfare and the Ministry of Welfare and the Ministry of Welfare and the Ministry of Welfare and the Ministry of Welfare and the Ministry of Welfare and the	the correlation between brain pathology and behaviour supports scientists in their research
The Ministry of Health and Welfare and the Ministry of Health and Welfare and the Ministry of Health and Welfare and the Ministry of Health and Welfare and the Ministry of Health and Welfare and the Ministry of Health and Welfare and the Ministry of Health and Welfare and the Ministry of Health and Welfare and the Ministry of Health and Welfare and the Ministry of Health and Welfare and the Ministry of Health and Welfare and the Ministry of Health and Welfare and the Ministry of Health and Welfare and the Ministry of Health and Welfare and the Ministry of Health and Welfare and the Ministry of Health and Welfare and the Ministry of Health and Welfare and the Ministry of Health and Welfare and the Ministry of Health and Welfare and the Ministry of Health and Welfare and the Ministry of Health and Welfare and the Ministry of Health and Welfare and the Ministry of Health and Welfare and the Ministry of Health and Welfare and the Ministry of Health and Welfare and the Ministry of Health and Welfare and the Ministry of Health and Welfare and the Ministry of Health and Welfare and the Ministry of Health and Welfare and the Ministry of Health and Welfare and the Ministry of Health and Welfare and the Ministry of Health and Welfare and the Ministry of Health and Welfare and the Ministry of Health and Welfare and the Ministry of Health and Welfare and the Ministry of Health and Welfare and the Ministry of Health and Welfare and the Ministry of Health and Welfare and the Ministry of Health and Welfare and the Ministry of Health and Welfare and the Ministry of Health and Welfare and the Ministry of Health and Welfare and the Ministry of Welfare and the Ministry of Health and Welfare and the Ministry of Welfare and the Ministry of Welfare and the Ministry of Welfare and the Ministry of Welfare and the Ministry of Welfare and the Ministry of Welfare and the Ministry of Welfare and the	the correlation between brain pathology and behaviour supports scientists in their research
Although he is not a professional swimmer, he has the power of 5 times more than a strong person.	a well rounded athlete the tiger can climb though not well swim leap great distances and pull with five times the force of a strong human
Although he is not a professional swimmer, he has the power of 5 times more than a strong person.	a well rounded athlete the tiger can climb though not well swim leap great distances and pull with five times the force of a strong human
20-year-old research shows that there are two kinds of genetic changes, and they are both invisible and invisible.	twentieth century research has shown that there are two pools of genetic variation hidden and expressed
20-year-old research shows that there are two kinds of genetic changes, and they are both invisible and invisible.	twentieth century research has shown that there are two pools of genetic variation hidden and expressed
The Japanese government announced that the nuclear power plant will launch a nuclear power plant.	according to japan's nuclear agency radioactive caesium and iodine has been identified at the plant
The Japanese government announced that the nuclear power plant will launch a nuclear power plant.	according to japan's nuclear agency radioactive caesium and iodine has been identified at the plant
Please subscribe to the channel and turn on the notification bell to be notified when I upload a new video.	do not deface the site by marking or scratching graffiti into structures
Please subscribe to the channel and turn on the notification bell to be notified when I upload a new video.	do not deface the site by marking or scratching graffiti into structures
At the age of 53, this year, on the morning of early morning, he was appointed as the leader. In the past month, he signed a contract with the Ministry of Justice.	cuomo 53 began his governorship earlier this year and signed a bill last month legalizing same-sex marriage
At the age of 53, this year, on the morning of early morning, he was appointed as the leader. In the past month, he signed a contract with the Ministry of Justice.	cuomo 53 began his governorship earlier this year and signed a bill last month legalizing same-sex marriage
There is only Katalonia, but the automatic system will also use Spanish, English, French, Arabic, Japanese, and other languages to conduct research and research.	regular announcements in the metro are made only in catalan but unplanned disruptions are announced by an automated system in a wide variety of languages including spanish english french arabic and japanese
There is only Katalonia, but the automatic system will also use Spanish, English, French, Arabic, Japanese, and other languages to conduct research and research.	regular announcements in the metro are made only in catalan but unplanned disruptions are announced by an automated system in a wide variety of languages including spanish english french arabic and japanese
There are two types of合金基本上是,或以上的金屬的混合物,別忘了周期表上是有許多元素的。	alloys are basically a mixture of two or more metals don't forget that there are many elements on the periodic table
There are two types of合金基本上是,或以上的金屬的混合物,別忘了周期表上是有許多元素的。	alloys are basically a mixture of two or more metals don't forget that there are many elements on the periodic table
After school, the teacher would take the students to the place where the bus is.	field trips are a large part of any classroom quite often a teacher would love to take her students places to which a bus trip is not an option
In the beginning, the ancient culture and culture began to take the milk, milk, meat, and skin away from the people.	ancient cultures and tribes began to keep them for easy access to milk hair meat and skins
In the beginning, the ancient culture and culture began to take the milk, milk, meat, and skin away from the people.	ancient cultures and tribes began to keep them for easy access to milk hair meat and skins
A lion is a cat in a group, and he lives in the body of a group.	lions are the most social cats living in large groups called prides
A lion is a cat in a group, and he lives in the body of a group.	lions are the most social cats living in large groups called prides
In particular, some people think that it is possible to use the correct interpretation of the expression, to verify whether it is true or false.	in particular it is claimed that one can detect whether a person is lying by interpreting micro-expressions correctly
In particular, some people think that it is possible to use the correct interpretation of the expression, to verify whether it is true or false.	in particular it is claimed that one can detect whether a person is lying by interpreting micro-expressions correctly
Many people do not think it is a kind of fear.	many people don't think about them as dinosaurs because they have feathers and can fly
Many people do not think it is a kind of fear.	many people don't think about them as dinosaurs because they have feathers and can fly
Although we are not sure, but we think it may have a chance to break up. It may have a misunderstanding, but it is likely that other窗隆属恐隆, or it may also have a chance to break up.	we don't know for sure but it may have had a forked tongue its diet included turtles large fish other mosasaurs and it may even have been a cannibal
Although we are not sure, but we think it may have a chance to break up. It may have a misunderstanding, but it is likely that other窗隆属恐隆, or it may also have a chance to break up.	we don't know for sure but it may have had a forked tongue its diet included turtles large fish other mosasaurs and it may even have been a cannibal
It seems to have been around 10,000 years ago in Iran.	goats seem to have been first domesticated roughly 10,000 years ago in the zagros mountains of iran
It seems to have been around 10,000 years ago in Iran.	goats seem to have been first domesticated roughly 10,000 years ago in the zagros mountains of iran
Safari is said to be a post-credits post-credits post-credits post-credits post-credits post-credits post-credits post-credits post-credits post-credits post-credits post-credits post-credits post-credits post-credits post-credits post-credits post-credits post-credits post-credits post-credits post-credits post-credits post-credits post-credits post-credits post-credits post-credits post-credits post-credits post-credits post-credits post-credits post-credits post-credits post-credits post-credits post-credits post-credits post-credits post-credits post-credits post-credits post-credits post-credits post-credits post-credits post-credits post-credits post-credits post-credits post-credits post-credits post-credits post-credits post-credits post-credits post-credits post-credits post-credits post-credits post-credits post-credits post-credits post-credits post-credits post-credits post-credits post-credits post-credits post-credits post-credits post-credits post-credits post-credits post-credits post-credits post-credits post-credits post-credits post-credits post-credits post-credits post-credits post-credits post-credits post-credits post-c	the term safari in popular use refers to overland travel to view the stunning african wildlife particularly on savanna
Safari is said to be a post-credits post-credits post-credits post-credits post-credits post-credits post-credits post-credits post-credits post-credits post-credits post-credits post-credits post-credits post-credits post-credits post-credits post-credits post-credits post-credits post-credits post-credits post-credits post-credits post-credits post-credits post-credits post-credits post-credits post-credits post-credits post-credits post-credits post-credits post-credits post-credits post-credits post-credits post-credits post-credits post-credits post-credits post-credits post-credits post-credits post-credits post-credits post-credits post-credits post-credits post-credits post-credits post-credits post-credits post-credits post-credits post-credits post-credits post-credits post-credits post-credits post-credits post-credits post-credits post-credits post-credits post-credits post-credits post-credits post-credits post-credits post-credits post-credits post-credits post-credits post-credits post-credits post-credits post-credits post-credits post-credits post-credits post-credits post-credits post-credits post-credits post-credits post-c	the term safari in popular use refers to overland travel to view the stunning african wildlife particularly on savanna
The Taliban took the bus to Balai, which was surrounded by a group of people. The people treated the king and the queen as arrogant and threatened.	in a carriage they traveled back to paris surrounded by a mob of people screaming and shouting threats against the king and queen
The Taliban took the bus to Balai, which was surrounded by a group of people. The people treated the king and the queen as arrogant and threatened.	in a carriage they traveled back to paris surrounded by a mob of people screaming and shouting threats against the king and queen
It is impossible to use medicine to cure pain and pain, because the Olympics will press the button to use medicine.	he has been unable to take the drugs needed to overcome his pain as they are banned from the games
It is impossible to use medicine to cure pain and pain, because the Olympics will press the button to use medicine.	he has been unable to take the drugs needed to overcome his pain as they are banned from the games
The communication flow is related to the interaction between the two countries and the communication tools, and the interaction between the elderly and the elderly.	traffic flow is the study of the movement of individual drivers and vehicles between two points and the interactions they make with one another
The communication flow is related to the interaction between the two countries and the communication tools, and the interaction between the elderly and the elderly.	traffic flow is the study of the movement of individual drivers and vehicles between two points and the interactions they make with one another
On Q2, in 2006, it was said that the continuous mode was only one way to help the organization achieve a higher level of water flow.	angel 2006 explains the continuum approach as a method being used to help organizations reach a higher level of performance
When you are on the beach, you can pick up the waves. They usually appear near the bridge or the same place.	rip currents are the returning flow from waves breaking off the beach often at a reef or similar
When you are on the beach, you can pick up the waves. They usually appear near the bridge or the same place.	rip currents are the returning flow from waves breaking off the beach often at a reef or similar
There is a tour guide who introduced Germany to Berlin. The map on the top shows that Berlin does not depend on the sea. Therefore, the cost of visiting this city is not included in the travel fee.	some cruises feature berlin germany in the brochures as you can see from the map above berlin is no where near the sea and a visit to the city is not included in the price of the cruise
There is a tour guide who introduced Germany to Berlin. The map on the top shows that Berlin does not depend on the sea. Therefore, the cost of visiting this city is not included in the travel fee.	some cruises feature berlin germany in the brochures as you can see from the map above berlin is no where near the sea and a visit to the city is not included in the price of the cruise
The point of view of all the scientific issues in the world including psychology and psychology has been accepted by the streets.	accepted were aristotle's views on all matters of science including psychology
The point of view of all the scientific issues in the world including psychology and psychology has been accepted by the streets.	accepted were aristotle's views on all matters of science including psychology
The sky and the mountains of Qingshan and Qingshan are not visible, and the inside of the cave can only be seen or heard in a small part of the world.	nothing can be seen other than the clear beautiful sky above and the many surrounding mountains very little of this world can be seen or heard from inside the cave
The sky and the mountains of Qingshan and Qingshan are not visible, and the inside of the cave can only be seen or heard in a small part of the world.	nothing can be seen other than the clear beautiful sky above and the many surrounding mountains very little of this world can be seen or heard from inside the cave
After the two cameras, the two victims needed to be replaced by the elderly, and at the end, they were killed and beaten to death.	the photographers later took the place of an aged lady as she needed the lavatory mendoza was gunned down
After the two cameras, the two victims needed to be replaced by the elderly, and at the end, they were killed and beaten to death.	the photographers later took the place of an aged lady as she needed the lavatory mendoza was gunned down
Scientists hope to understand the process of the planet's formation, especially the earth, because it is likely to meet the earth again.	scientists hope to understand how planets form especially how the earth formed since comets collided with the earth long ago
Scientists hope to understand the process of the planet's formation, especially the earth, because it is likely to meet the earth again.	scientists hope to understand how planets form especially how the earth formed since comets collided with the earth long ago
The hot and dark water is suitable for your standard dish. The juice is very expensive, but it's very good.	the hot chocolate is up to belgian standards fruit juices are pricey but excellent
The hot and dark water is suitable for your standard dish. The juice is very expensive, but it's very good.	the hot chocolate is up to belgian standards fruit juices are pricey but excellent
The tradition of the church is usually held at the end of Friday night at the end of Friday night at the end of Friday night at the end of Friday night at the end of Friday night at the end of Friday night at the end of Friday night at the end of Friday night at the end of Friday night at the end of Friday night at the end of Friday night at the end of Friday night at the end of Friday night at the end of Friday night at the end of Friday night at the end of Friday night at the end of Friday night at the end of Friday night at the end of Friday night at the end of Friday night at the end of Friday night at the end of Friday night at the end of Friday night at the end of Friday night at the end of Friday night at the end of Friday night at the end of Friday night at the end of Friday night at the end of Friday night at the end of Friday night at the end of Friday night at the end of Friday night at the end of Friday night at the end of Friday night at the end of Friday night at the end of Friday night at the end of Friday night at the end of Friday night at the end of Friday night at the end of Friday night at the end of Friday night at the end of Friday night at the end of Friday night at the end of Friday night at the end of Friday night at the end of Friday night at the end of Friday night at the end of Friday night at the end of Friday night at the end of Friday night at the end of Friday night at the end of Friday night at the end of Friday night at the end of Friday night at the end of Friday night at the end of Friday night at the end of Friday night at the end of Friday night at the end of Friday night at the end of Friday night at the end of Friday night at the end of Friday night at the end of Friday night at the end of Friday night at the end of Friday night at the end of Friday night at the end of Friday night at the end of Friday night at the end of Friday night at the end of Friday night at the end of Friday night at the end of Friday night at the end of	more traditional churches often hold an easter vigil on saturday night during the easter weekend with the congregations often breaking into celebration at the stroke of midnight to celebrate christ's resurrection
The exit door to Lola is also closed.	fellow wrestlers also paid tribute to luna
The exit door to Lola is also closed.	fellow wrestlers also paid tribute to luna
Most of the buildings of the Weizhikun Binyuan have been rebuilt, and it is very interesting to know more about the original art.	most of the buildings on the edges of the complex have been rebuilt in order to give tourists a better idea of how they originally appeared
Most of the buildings of the Weizhikun Binyuan have been rebuilt, and it is very interesting to know more about the original art.	most of the buildings on the edges of the complex have been rebuilt in order to give tourists a better idea of how they originally appeared
There were still many men and women who died in the next life. There were many other people who were killed or killed, no matter if they were dead or alive.	there are still many men and women alive who survived their time here and many more who had loved ones who were murdered or worked to death there jews and non-jews alike
There were still many men and women who died in the next life. There were many other people who were killed or killed, no matter if they were dead or alive.	there are still many men and women alive who survived their time here and many more who had loved ones who were murdered or worked to death there jews and non-jews alike
The behavior of the lion and the dog are very similar. These two animals are the lion and the dog, but they do not include other large-shaped cats. They are very similar, and they are also very close to their prey.	lion prides act much like packs of wolves or dogs animals surprisingly similar to lions but not other big cats in behavior and also very deadly to their prey
The behavior of the lion and the dog are very similar. These two animals are the lion and the dog, but they do not include other large-shaped cats. They are very similar, and they are also very close to their prey.	lion prides act much like packs of wolves or dogs animals surprisingly similar to lions but not other big cats in behavior and also very deadly to their prey
20世紀的研究顯示有兩種基因變異,隱性和顯性。	twentieth century research has shown that there are two pools of genetic variation hidden and expressed
20世紀的研究顯示有兩種基因變異,隱性和顯性。	twentieth century research has shown that there are two pools of genetic variation hidden and expressed
Select the PH-S根據化物質中的競離指向量移定, ph-dx-dx-dx-dx-dx-dx-dx-dx-dx-dx-dx-dx-dx-dx-dx-dx-dx-dx-dx-dx-dx-dx-dx-dx-dx-dx-dx-dx-dx-dx-dx-dx-dx-dx-dx-dx-dx-dx-dx-dx-dx-dx-dx-dx-dx-dx-dx-dx-dx-dx-dx-dx-dx-dx-dx-dx-dx-dx-dx-dx-dx-dx-dx-dx-dx-dx-dx-dx-dx-dx-dx-dx-dx-dx-dx-dx-dx-dx-dx-dx-dx-dx-dx-dx-dx-dx-dx-dx-dx-dx-dx-dx-dx-dx-dx-dx-dx-dx-dx-dx-dx-dx-dx-dx-dx-dx-dx-dx-dx-dx-dx-dx-dx-dx-dx-dx-dx-dx-dx-dx-dx-dx-dx-dx-dx-dx-dx-dx-dx-dx-dx-dx-dx-dx-dx-dx-dx-dx-dx-dx-	the ph level is indicated by the amount of hydrogen the h in ph ions in the tested chemical
Select the PH-S根據化物質中的競離指向量移定, ph-dx-dx-dx-dx-dx-dx-dx-dx-dx-dx-dx-dx-dx-dx-dx-dx-dx-dx-dx-dx-dx-dx-dx-dx-dx-dx-dx-dx-dx-dx-dx-dx-dx-dx-dx-dx-dx-dx-dx-dx-dx-dx-dx-dx-dx-dx-dx-dx-dx-dx-dx-dx-dx-dx-dx-dx-dx-dx-dx-dx-dx-dx-dx-dx-dx-dx-dx-dx-dx-dx-dx-dx-dx-dx-dx-dx-dx-dx-dx-dx-dx-dx-dx-dx-dx-dx-dx-dx-dx-dx-dx-dx-dx-dx-dx-dx-dx-dx-dx-dx-dx-dx-dx-dx-dx-dx-dx-dx-dx-dx-dx-dx-dx-dx-dx-dx-dx-dx-dx-dx-dx-dx-dx-dx-dx-dx-dx-dx-dx-dx-dx-dx-dx-dx-dx-dx-dx-dx-dx-dx-	the ph level is indicated by the amount of hydrogen the h in ph ions in the tested chemical
You don't have to go to a swimming pool to swim.	in the archipelagos and lakes you do not necessarily need a yacht
You don't have to go to a swimming pool to swim.	in the archipelagos and lakes you do not necessarily need a yacht
In addition to the destruction of the students of HALIP, the western world has cut the gap between HALIP philosophy and science.	as knowledge of greek declined the west found itself cut off from its greek philosophical and scientific roots
In addition to the destruction of the students of HALIP, the western world has cut the gap between HALIP philosophy and science.	as knowledge of greek declined the west found itself cut off from its greek philosophical and scientific roots
It is said that the world of the seven great miracles is the only way to overcome the fear of death.	the great pyramid at giza is the only one of the seven wonders that is still standing today
It is said that the world of the seven great miracles is the only way to overcome the fear of death.	the great pyramid at giza is the only one of the seven wonders that is still standing today
The disease spread to the pig's body and spread all over the body.	the disease is carried by pigs which then migrates to humans through mosquitos
The disease spread to the pig's body and spread all over the body.	the disease is carried by pigs which then migrates to humans through mosquitos
Usually, this incident occurred in the period of the Middle Ages, which was the 11th, 12th, and 13th century of the European history, lasting from 1,000 to 1,300 years.	the age where the events took place is commonly referred as the high middle ages the period of european history in the 11th 12th and 13th centuries ad 1000–1300
Usually, this incident occurred in the period of the Middle Ages, which was the 11th, 12th, and 13th century of the European history, lasting from 1,000 to 1,300 years.	the age where the events took place is commonly referred as the high middle ages the period of european history in the 11th 12th and 13th centuries ad 1000–1300
It is a symbol of the center of Tsinghua, which dates back to the four hundredth year of the West, and dates back to the 1100th year of the West.	its renown for being an epicenter of luxury began in about 400 a.d. and lasted up until about 1100 a.d
It is a symbol of the center of Tsinghua, which dates back to the four hundredth year of the West, and dates back to the 1100th year of the West.	its renown for being an epicenter of luxury began in about 400 a.d. and lasted up until about 1100 a.d
But the experiment is not the only one. The experiment is to eliminate one or more fake test, ask questions, and follow the observation and can also lead to scientific research research.	it isn't alone though experimentation and an experiment is a test that is used to eliminate one or more of the possible hypotheses asking questions and making observations also guide scientific research
But the experiment is not the only one. The experiment is to eliminate one or more fake test, ask questions, and follow the observation and can also lead to scientific research research.	it isn't alone though experimentation and an experiment is a test that is used to eliminate one or more of the possible hypotheses asking questions and making observations also guide scientific research
President Yutou Yiqi asked Yidou An to make a statement after the phone call.	the announcement was made after trump had a phone conversation with turkish president recep tayyip erdoğan
President Yutou Yiqi asked Yidou An to make a statement after the phone call.	the announcement was made after trump had a phone conversation with turkish president recep tayyip erdoğan
The number of people who have been killed in this city is 40,000.	apia is the capital of samoa the town is on the island of upolu and has a population of just under 40,000
The number of people who have been killed in this city is 40,000.	apia is the capital of samoa the town is on the island of upolu and has a population of just under 40,000
Yesterday morning, in Taoyiqi, Jiazai An Taipo Police Department reported that the car crash caused two deaths and more than 20 people were injured.	a car bomb detonated at police headquarters in gaziantep turkey yesterday morning killed two police officers and injured more than twenty other people
Yesterday morning, in Taoyiqi, Jiazai An Taipo Police Department reported that the car crash caused two deaths and more than 20 people were injured.	a car bomb detonated at police headquarters in gaziantep turkey yesterday morning killed two police officers and injured more than twenty other people
Taya participated in many countries' market trading and trading works, including Canada's 5th round and 100th round.	he was also engaged in engraving banknotes for many countries recent examples of his work including the prime ministerial portraits on the front of the new canadian $5 and $100 bills
Taya participated in many countries' market trading and trading works, including Canada's 5th round and 100th round.	he was also engaged in engraving banknotes for many countries recent examples of his work including the prime ministerial portraits on the front of the new canadian $5 and $100 bills
This is not the end, but the beginning of the whole process.	this is not going to be goodbye this is the closing of one chapter and the opening of a new one
This is not the end, but the beginning of the whole process.	this is not going to be goodbye this is the closing of one chapter and the opening of a new one
5.5.5.5.5.5.5.5.5.5.5.5.5.5.5.5.5.5.5.5.5.5.5.5.5.5.5.5.5.5.5.5.5.5.5.5.5.5.5.5.5.5.5.5.5.5.5.5.5.5.5.5.5.5.5.5.5.5.5.5.5.5.5.5.5.5.5.5.5.5.5.5.5.5.5.5.5.5.5.5.5.5.5.5.5.5.5.5.5.5.5.5.5.5.5.5.5.5.5.5.5.5.5.5.5.5.5.5.5.5.5.5.5.5.5.5.5.5.5.5.5.5.5.5.5.5.5.5.5.5.5.5.5.5.5.5.5.5.5.5.5.5.5.5.5.5.5.5.5.5.5.5.5.5.5.5.5.5.5.5.5.5.5.5.5.5.5.5.5.5.5.5.5.5.5.5.5.5.5.5.5.5.5.5.5.5.5.5.5.5.5.5.5.5.5.5.5.5.5.5.5.5.5.5.5.5.5.5.5.5.5.5.5.5.5.5.5.5.5.5.5.5.	more traditional churches often hold an easter vigil on saturday night during the easter weekend with the congregations often breaking into celebration at the stroke of midnight to celebrate christ's resurrection
Most of the food in Germany is usually eaten by tourists, Chinese or other wooden plates, and the temperature of the cake is usually matched with a cup of thick coffee.	many german baked goods also feature almonds hazelnuts and other tree nuts popular cakes often pair particularly well with a cup of strong coffee
If you want to see the best view of Hong Kong, you can come to Hong Kong to watch the game.	to get the best views of hong kong leave the island and head for the kowloon waterfront opposite
If you want to see the best view of Hong Kong, you can come to Hong Kong to watch the game.	to get the best views of hong kong leave the island and head for the kowloon waterfront opposite
Through the learning method, we can share the journey to the future and share the experiences.	sharing a field trip virtually is also a great way to reflect a on a trip and share experiences with future classes
Through the learning method, we can share the journey to the future and share the experiences.	sharing a field trip virtually is also a great way to reflect a on a trip and share experiences with future classes
The blue color will be changed according to the texture of the chemical acid	the cabbage juice changes color depending on how acidic or basic alkaline the chemical is
The blue color will be changed according to the texture of the chemical acid	the cabbage juice changes color depending on how acidic or basic alkaline the chemical is
According to the report, the Ministry of Rural Affairs and the Ministry of Rural Affairs and the Ministry of Rural Affairs and the Ministry of Rural Affairs and the Ministry of Rural Affairs and the Ministry of Rural Affairs and the Ministry of Rural Affairs and the Ministry of Rural Affairs and the Ministry of Rural Affairs and the Ministry of Rural Affairs and the Ministry of Rural Affairs and the Ministry of Rural Affairs and the Ministry of Rural Affairs and the Ministry of Rural Affairs and the Ministry of Rural Affairs and the Ministry of Rural Affairs and the Ministry of Rural Affairs and the Ministry of Rural Affairs and the Ministry of Rural Affairs and the Ministry of Rural Affairs and the Ministry of Rural Affairs and the Ministry of Rural Affairs and the Ministry of Rural Affairs and the Ministry of Rural Affairs and the Ministry of Rural Affairs and the Ministry of Rural Affairs and the Ministry of Rural Affairs and the Ministry of Rural Affairs and the Ministry of Rural Affairs and the Ministry of Rural Affairs and the Ministry of Rural Affairs and the Ministry of Rural Affairs and the Ministry of Rural Affairs and the Ministry of Rural Affairs and the Ministry of Rural Affairs and the Ministry of Rural Affairs and the Ministry of Rural Affairs and the Ministry of Rural Affairs and the Ministry of Rural Affairs and the Ministry of Rural Affairs and the Ministry of Rural Affairs and the Ministry of Rural Affairs and the Ministry of Rural Affairs and the Ministry of Rural Affairs and the Ministry of Rural Affairs and the Ministry of Rural Affairs and the Ministry of Rural Affairs and the Ministry of Rural Affairs and the Ministry of Rural Affairs and the Ministry of Rural Affairs and the Ministry of Rural Affairs and the Ministry of Rural Affairs and the Ministry of Rural Affairs and the Ministry of Rural Affairs and the Ministry of Rural Affairs and the Ministry of Rural Affairs and the Ministry of Rural Affairs and the Ministry of Rural Affairs and the Ministry of Rural Affairs and the Ministry of Rural Affairs and the Ministry of Rural Affairs and the Ministry of Rural Affairs and the Ministry of Rural	the report is highly critical of almost every aspect of the present policy of the executive towards iraq and it urges an immediate change of direction
The 53-year-old古墨今年稍早上又不是周長,上個月簽署了一位韓張同盛婚姻合法法的法案。	cuomo 53 began his governorship earlier this year and signed a bill last month legalizing same-sex marriage
The 53-year-old古墨今年稍早上又不是周長,上個月簽署了一位韓張同盛婚姻合法法的法案。	cuomo 53 began his governorship earlier this year and signed a bill last month legalizing same-sex marriage
Mr. Oli Fassassi, in his speech, pointed out that because of his wife, he was unable to understand the content of the speech, he was still able to fully understand the meaning of the speech.	oliver sacks in his paper the president's speech indicated how people who are unable to understand speech because of brain damage are nevertheless able to assess sincerity accurately
Mr. Oli Fassassi, in his speech, pointed out that because of his wife, he was unable to understand the content of the speech, he was still able to fully understand the meaning of the speech.	oliver sacks in his paper the president's speech indicated how people who are unable to understand speech because of brain damage are nevertheless able to assess sincerity accurately
Therefore, the add-on call can be indicated as a label.	so it is likely that the notation was added simply as a label
Therefore, the add-on call can be indicated as a label.	so it is likely that the notation was added simply as a label
Thank you for watching this video. Please subscribe to my channel if you enjoy the content.	this sediment was necessary for creating sandbars and beaches which served as wildlife habitats
Thank you for watching this video. Please subscribe to my channel if you enjoy the content.	this sediment was necessary for creating sandbars and beaches which served as wildlife habitats
Please remember that even if the main stage of the music performance ends quickly, the music is still possible in other places.	remember that even though music on the main stages may have finished there may be sections of the festival that will keep playing music until late into the night
Please remember that even if the main stage of the music performance ends quickly, the music is still possible in other places.	remember that even though music on the main stages may have finished there may be sections of the festival that will keep playing music until late into the night
If you want to buy a well card, the ticket will cost you a lot of money. The ticket allows you to enter a park with a certain spirit, or a park with all kinds of countries.	it may also be beneficial for one to buy a wild card which provides entry to either selections of parks in south africa or all of the south african national parks
If you want to buy a well card, the ticket will cost you a lot of money. The ticket allows you to enter a park with a certain spirit, or a park with all kinds of countries.	it may also be beneficial for one to buy a wild card which provides entry to either selections of parks in south africa or all of the south african national parks
Although we are not sure, we think that she may have a relationship with someone else. She may have a husband, a wife, other pets, and even a companion.	we don't know for sure but it may have had a forked tongue its diet included turtles large fish other mosasaurs and it may even have been a cannibal
Although we are not sure, we think that she may have a relationship with someone else. She may have a husband, a wife, other pets, and even a companion.	we don't know for sure but it may have had a forked tongue its diet included turtles large fish other mosasaurs and it may even have been a cannibal
When the Emperor was ruled by the French, the French, in 1940, met with the Germans to deal with each other, and cooperated with the invaders to fight against each other.	it was ruled by the vichy french these were french people who had made peace with the germans in 1940 and worked with the invaders instead of fighting them
When the Emperor was ruled by the French, the French, in 1940, met with the Germans to deal with each other, and cooperated with the invaders to fight against each other.	it was ruled by the vichy french these were french people who had made peace with the germans in 1940 and worked with the invaders instead of fighting them
In case of heavy-duty countries, there are times when you can get rid of a lot of waste, especially smoking, drinking and waiting for the goods to arrive.	travellers bound for countries with heavy taxation can sometimes save a considerable amount of money especially on products such as alcoholic beverages and tobacco
In the East China Sea, please confirm the location of your warehouse, because the most serious damage to the warehouse will occur very quickly.	if crossing the northern baltic in winter check the cabin location as going through ice causes quite horrible noise for those most affected
Mix the two dry ingredients together and use the water to clean the hands to squeeze the juice into the paste.	swirl the two dry powders together and then with clean wet hands squeeze them into a ball
Mix the two dry ingredients together and use the water to clean the hands to squeeze the juice into the paste.	swirl the two dry powders together and then with clean wet hands squeeze them into a ball
Three countries are one of the most bloodshed generations of Chinese ancient times. Thousands of people are fighting for the safety of the people, and the safety of the people, and the safety of the people, and the safety of the people, and the safety of the people, and the safety of the people, and the safety of the people, and the safety of the people, and the safety of the people, and the safety of the people, and the safety of the people, and the safety of the people, and the safety of the people, and the safety of the people, and the safety of the people, and the safety of the people, and the safety of the people, and the safety of the people, and the safety of the people, and the safety of the people, and the safety of the people, and the safety of the people, and the safety of the people, and the safety of the people, and the safety of the people, and the safety of the people, and the safety of the people, and the safety of the people, and the safety of the people, and the safety of the people, and the safety of the people, and the safety of the people, and the safety of the people, and the safety of the people, and the safety of the people, and the safety of the people, and the safety of the people, and the safety of the people, and the safety of the people, and the safety of the people, and the safety of the people, and the safety of the people, and the safety of the people, and the safety of the people, and the safety of the people, and the safety of the people, and the safety of the people, and the safety of the people, and the safety of the people, and the safety of the people, and the safety of the people, and the safety of the people, and the safety of the people, and the safety of the people, and the safety of the people, and the safety of the people, and the safety of the people, and the safety of the people, and the safety of the people, and the safety of the people, and the people	the three kingdoms was one of the bloodiest eras in ancient china's history thousands of people died fighting to sit in the highest seat in the grand palace at xi'an
Three countries are one of the most bloodshed generations of Chinese ancient times. Thousands of people are fighting for the safety of the people, and the safety of the people, and the safety of the people, and the safety of the people, and the safety of the people, and the safety of the people, and the safety of the people, and the safety of the people, and the safety of the people, and the safety of the people, and the safety of the people, and the safety of the people, and the safety of the people, and the safety of the people, and the safety of the people, and the safety of the people, and the safety of the people, and the safety of the people, and the safety of the people, and the safety of the people, and the safety of the people, and the safety of the people, and the safety of the people, and the safety of the people, and the safety of the people, and the safety of the people, and the safety of the people, and the safety of the people, and the safety of the people, and the safety of the people, and the safety of the people, and the safety of the people, and the safety of the people, and the safety of the people, and the safety of the people, and the safety of the people, and the safety of the people, and the safety of the people, and the safety of the people, and the safety of the people, and the safety of the people, and the safety of the people, and the safety of the people, and the safety of the people, and the safety of the people, and the safety of the people, and the safety of the people, and the safety of the people, and the safety of the people, and the safety of the people, and the safety of the people, and the safety of the people, and the safety of the people, and the safety of the people, and the safety of the people, and the safety of the people, and the safety of the people, and the safety of the people, and the safety of the people, and the safety of the people, and the people	the three kingdoms was one of the bloodiest eras in ancient china's history thousands of people died fighting to sit in the highest seat in the grand palace at xi'an
Faeli said that he will return to Germany to evaluate the result of the decision of the decision-making meeting tonight, and to judge whether he will continue to hold on during his election campaign, but later he said that he will continue to participate in the election and participate in the first election of the 21st of January.	perry stated that he would return to texas to assess the results of tonight's caucus determine whether there is a path forward for myself in this race but later said that he would remain in the race and compete in the january 21 south carolina primary
Faeli said that he will return to Germany to evaluate the result of the decision of the decision-making meeting tonight, and to judge whether he will continue to hold on during his election campaign, but later he said that he will continue to participate in the election and participate in the first election of the 21st of January.	perry stated that he would return to texas to assess the results of tonight's caucus determine whether there is a path forward for myself in this race but later said that he would remain in the race and compete in the january 21 south carolina primary
Zidhaka, Alisdha, Declan, Manmukha, Gayao, Tahu, Water, Air, Fire, etc. are the one and only composition of the four elements.	aristotle a philosopher theorised that everything is made up of a mixture of one or more of four elements they were earth water air and fire
Zidhaka, Alisdha, Declan, Manmukha, Gayao, Tahu, Water, Air, Fire, etc. are the one and only composition of the four elements.	aristotle a philosopher theorised that everything is made up of a mixture of one or more of four elements they were earth water air and fire
Since 1537, the Ba Lai Kuei has been set up in the heart of the city, and has maintained the unique style of local pigs.	since the foundation of asunción in 1537 paraguay has managed to keep a lot of its indigenous character and identity
Since 1537, the Ba Lai Kuei has been set up in the heart of the city, and has maintained the unique style of local pigs.	since the foundation of asunción in 1537 paraguay has managed to keep a lot of its indigenous character and identity
The two years after the end of the two wars, the original allies became the enemy, and the war began.	with two years of the end of the war the former allies were now enemies and the cold war began
The U.S. Committee of the U.S. Committee of the U.S. Committee of the U.S. Committee of the U.S. Committee of the U.S. Committee of the U.S. Committee of the U.S. Committee of the U.S. Committee of the U.S. Committee of the U.S. Committee of the U.S. Committee of the U.S. Committee of the U.S. Committee of the U.S. Committee of the U.S. Committee of the U.S. Committee of the U.S. Committee of the U.S. Committee of the U.S. Committee of the U.S. Committee of the U.S. Committee of the U.S. Committee of the U.S. Committee of the U.S. Committee of the U.S. Committee of the U.S. Committee of the U.S. Committee of the U.S. Committee of the U.S. Committee of the U.S. Committee of the U.S. Committee of the U.S. Committee of the U.S. Committee of the U.S. Committee of the U.S. Committee of the U.S. Committee of the U.S. Committee of the U.S. Committee of the U.S. Committee of the U.S. Committee of the U.S. Committee of the U.S. Committee of the U.S. Committee of the U.S. Committee of the U.S. Committee of the U.S. Committee of the U.S. Committee of the U.S. Committee of the U.S. Committee of the U.S. Committee of the U.S. Committee of the U.S. Committee of the U.S. Committee of the U.S. Committee of the U.S. Committee of the U.S. Committee of the U.S. Committee of the U.S. Committee of the U.S. Committee of the U.S. Committee of the U.S. Committee of the U.S. Committee of the U.	usa gymnastics supports the united states olympic committee's letter and accepts the absolute need of the olympic family to promote a safe environment for all of our athletes
The U.S. Committee of the U.S. Committee of the U.S. Committee of the U.S. Committee of the U.S. Committee of the U.S. Committee of the U.S. Committee of the U.S. Committee of the U.S. Committee of the U.S. Committee of the U.S. Committee of the U.S. Committee of the U.S. Committee of the U.S. Committee of the U.S. Committee of the U.S. Committee of the U.S. Committee of the U.S. Committee of the U.S. Committee of the U.S. Committee of the U.S. Committee of the U.S. Committee of the U.S. Committee of the U.S. Committee of the U.S. Committee of the U.S. Committee of the U.S. Committee of the U.S. Committee of the U.S. Committee of the U.S. Committee of the U.S. Committee of the U.S. Committee of the U.S. Committee of the U.S. Committee of the U.S. Committee of the U.S. Committee of the U.S. Committee of the U.S. Committee of the U.S. Committee of the U.S. Committee of the U.S. Committee of the U.S. Committee of the U.S. Committee of the U.S. Committee of the U.S. Committee of the U.S. Committee of the U.S. Committee of the U.S. Committee of the U.S. Committee of the U.S. Committee of the U.S. Committee of the U.S. Committee of the U.S. Committee of the U.S. Committee of the U.S. Committee of the U.S. Committee of the U.S. Committee of the U.S. Committee of the U.S. Committee of the U.S. Committee of the U.S. Committee of the U.S. Committee of the U.S. Committee of the U.	usa gymnastics supports the united states olympic committee's letter and accepts the absolute need of the olympic family to promote a safe environment for all of our athletes
After a long time, he was sent to the hospital for treatment. At the hospital, there were many patients who were sent to the hospital for treatment.	huhne has resigned and he will be replaced in the cabinet by ed davey mp norman lamb mp is expected to take the business minister job davey is vacating
After a long time, he was sent to the hospital for treatment. At the hospital, there were many patients who were sent to the hospital for treatment.	huhne has resigned and he will be replaced in the cabinet by ed davey mp norman lamb mp is expected to take the business minister job davey is vacating
There are many reasons for being loyal to the past, including taking care of the weak and even the weak.	children are placed in foster care for a wide variety of reasons that range from neglect to abuse and even to extortion
There are many reasons for being loyal to the past, including taking care of the weak and even the weak.	children are placed in foster care for a wide variety of reasons that range from neglect to abuse and even to extortion
You can choose to give birth to other children.	these couples may choose to make an adoption plan for their baby
You can choose to give birth to other children.	these couples may choose to make an adoption plan for their baby
In the UK, there are quite a few English-speaking writers. If you want to write a book on the ground, look for the historical evidence of the English-speaking writers, which is a good starting point.	this is the place the british colonisers took as their own and so if you are looking for evidence of the territory's colonial past this is a good place to start
In the UK, there are quite a few English-speaking writers. If you want to write a book on the ground, look for the historical evidence of the English-speaking writers, which is a good starting point.	this is the place the british colonisers took as their own and so if you are looking for evidence of the territory's colonial past this is a good place to start
On the same month, Masam Hadeh, another anti-tank sniper, rushed out and hit a wall, causing 17 people to die.	the same month saw another airliner overrun a runway at mashhad and strike a wall killing seventeen
On the same month, Masam Hadeh, another anti-tank sniper, rushed out and hit a wall, causing 17 people to die.	the same month saw another airliner overrun a runway at mashhad and strike a wall killing seventeen
There are some oilcolour hand-dry hand-dry ingredients in Germany. As shown in the map, oilcolour is not reliable. Therefore, oilcolour waste is not included in the recipe.	some cruises feature berlin germany in the brochures as you can see from the map above berlin is no where near the sea and a visit to the city is not included in the price of the cruise
There are some oilcolour hand-dry hand-dry ingredients in Germany. As shown in the map, oilcolour is not reliable. Therefore, oilcolour waste is not included in the recipe.	some cruises feature berlin germany in the brochures as you can see from the map above berlin is no where near the sea and a visit to the city is not included in the price of the cruise
This cave is located on the top of a hill in the north of Macau, which is located outside of the world.	resting on the top of one of the mountains north of mecca the cave is completely isolated from the rest of the world
5. When the time comes, the believers will celebrate Jesus' resurrection together.	more traditional churches often hold an easter vigil on saturday night during the easter weekend with the congregations often breaking into celebration at the stroke of midnight to celebrate christ's resurrection
It is said that from 1966, it was built to protect wild animals. Currently, it is estimated that there are about 40,000 maga live and about 30,000 flowers.	since 1966 the sundarbans have been a wildlife sanctuary and it is estimated that there are now 400 royal bengal tigers and about 30,000 spotted deer in the area
It is said that from 1966, it was built to protect wild animals. Currently, it is estimated that there are about 40,000 maga live and about 30,000 flowers.	since 1966 the sundarbans have been a wildlife sanctuary and it is estimated that there are now 400 royal bengal tigers and about 30,000 spotted deer in the area
The plant is made of human-like ingrown air, and is absorbed by human-like extractive chemical carbon.	plants make oxygen which humans breathe and they take in carbon-dioxide which humans exhale that is breathe out
The plant is made of human-like ingrown air, and is absorbed by human-like extractive chemical carbon.	plants make oxygen which humans breathe and they take in carbon-dioxide which humans exhale that is breathe out
These items will be used to study the early production of late-night snacks in the hospital.	while he was working at the hospital liggins began to investigate premature labor during his spare time
They boarded the carriage and returned to Bali. The journey was covered by a group of暴民, and the people were threatened by the king and the queen.	in a carriage they traveled back to paris surrounded by a mob of people screaming and shouting threats against the king and queen
They boarded the carriage and returned to Bali. The journey was covered by a group of暴民, and the people were threatened by the king and the queen.	in a carriage they traveled back to paris surrounded by a mob of people screaming and shouting threats against the king and queen
In fact, the leading management of the team is responsible for the acquisition of a unique number of individual members of the team, including LARS and Alavazco in 1989.	the presence of a true  invisible team” larson and lafasto 1989 p109 is also a unique component of a virtual team
In fact, the leading management of the team is responsible for the acquisition of a unique number of individual members of the team, including LARS and Alavazco in 1989.	the presence of a true  invisible team” larson and lafasto 1989 p109 is also a unique component of a virtual team
In the meeting of President Lui Dunjai, he requested that the environmental law of the conservative party should be fully revised, and the conservative party should review the environmental law.	layton had asked for changes to the conservatives' environmental bill during the meeting with the pm asking for a thorough and complete rewriting of the conservative party's environmental bill
In the meeting of President Lui Dunjai, he requested that the environmental law of the conservative party should be fully revised, and the conservative party should review the environmental law.	layton had asked for changes to the conservatives' environmental bill during the meeting with the pm asking for a thorough and complete rewriting of the conservative party's environmental bill
It was planned to be held in September 2017, and it was a full-time bus ride for the staff at the Barseil海關檢查站.	the bridge is scheduled to be fully operational in september 2017 when the brazilian customs checkpoints are expected to be finished
It was planned to be held in September 2017, and it was a full-time bus ride for the staff at the Barseil海關檢查站.	the bridge is scheduled to be fully operational in september 2017 when the brazilian customs checkpoints are expected to be finished
The police, Chen De-lai, Zhek-Hai-Yi, Shor-Lan-Gi, were told to report to the scene.	police superintendent chandra shekhar solanki said the accused appeared in court with covered faces
The police, Chen De-lai, Zhek-Hai-Yi, Shor-Lan-Gi, were told to report to the scene.	police superintendent chandra shekhar solanki said the accused appeared in court with covered faces
The port of Norma added materials and a few screen-to-screen TV screens, allowing the public to enjoy the view.	several large television screens were installed in various places in rome to let the people watch the ceremony
Generally speaking, the host started to make the two types of action possible for each of the two types of action. One of them is to try to maintain the same condition as the other.	generally speaking two behaviors can emerge as managers begin to lead their former peers. one end of the spectrum is trying to remain  one of the guys” or gals
Generally speaking, the host started to make the two types of action possible for each of the two types of action. One of them is to try to maintain the same condition as the other.	generally speaking two behaviors can emerge as managers begin to lead their former peers. one end of the spectrum is trying to remain  one of the guys” or gals
Usually, this incident occurred in the era known as the period of ancient China, which is also the 11th, 12th, and 13th century of the history of Europe. It lasted from 1000 to 1300 years.	the age where the events took place is commonly referred as the high middle ages the period of european history in the 11th 12th and 13th centuries ad 1000–1300
Usually, this incident occurred in the era known as the period of ancient China, which is also the 11th, 12th, and 13th century of the history of Europe. It lasted from 1000 to 1300 years.	the age where the events took place is commonly referred as the high middle ages the period of european history in the 11th 12th and 13th centuries ad 1000–1300
According to the leaked documents, the documents show that the Balasitans hoped that in 1967, the war between the Middle East and the Middle East would be the foundation of the border, and that the border would be divided.	the document according to the leak will refer to the borders dispute which palestine wants based on the borders before the 1967 mideast war
According to the leaked documents, the documents show that the Balasitans hoped that in 1967, the war between the Middle East and the Middle East would be the foundation of the border, and that the border would be divided.	the document according to the leak will refer to the borders dispute which palestine wants based on the borders before the 1967 mideast war
The bridge was built in September 2017, and it was a full-fledged car that was scheduled to be used for the BASI海關檢查站.	the bridge is scheduled to be fully operational in september 2017 when the brazilian customs checkpoints are expected to be finished
The bridge was built in September 2017, and it was a full-fledged car that was scheduled to be used for the BASI海關檢查站.	the bridge is scheduled to be fully operational in september 2017 when the brazilian customs checkpoints are expected to be finished
According to the book of Leidingman of Syphilis, the meaning of Syphilis is public, and the meaning of Syphilis is public, and the meaning of Syphilis is public, and the meaning of Syphilis is public, and the meaning of Syphilis is public, and the meaning of Syphilis is public, and the meaning of Syphilis is public, and the meaning of Syphilis is public, and the meaning of Syphilis is public, and the meaning of Syphilis is public, and the meaning of Syphilis is public, and the meaning of Syphilis is public, and the meaning of Syphilis is public, and the meaning of Syphilis is public, and the meaning of Syphilis is public, and the meaning of Syphilis is public, and the meaning of Syphilis is public, and the meaning of Syphilis is public, and the meaning of Syphilis is public, and the meaning of Syphilis is public, and the meaning of Syphilis is public, and the meaning of Syphilis is public, and the meaning of Syphilis is public, and the meaning of Syphilis is public, and the meaning of Syphilis is public, and the meaning of Syphilis is public, and the meaning of Syphilis is public, and the meaning of Syphilis is public, and the meaning of Syphilis is public, and the meaning of Syphilis is public, and the meaning of Syphilis is public, and the meaning of Syphilis is public, and the meaning of Syphilis is public, and the meaning of Syphilis is public, and the meaning of Syphilis is public, and the meaning of Syphilis is public, and the meaning of Syphilis is public, and the meaning of Syphilis is public, and the meaning of Syphilis is public, and the	the word civilization comes from the latin civilis meaning civil related to the latin civis meaning citizen and civitas meaning city or city-state and that also somehow defines the size of the society
According to the book of Leidingman of Syphilis, the meaning of Syphilis is public, and the meaning of Syphilis is public, and the meaning of Syphilis is public, and the meaning of Syphilis is public, and the meaning of Syphilis is public, and the meaning of Syphilis is public, and the meaning of Syphilis is public, and the meaning of Syphilis is public, and the meaning of Syphilis is public, and the meaning of Syphilis is public, and the meaning of Syphilis is public, and the meaning of Syphilis is public, and the meaning of Syphilis is public, and the meaning of Syphilis is public, and the meaning of Syphilis is public, and the meaning of Syphilis is public, and the meaning of Syphilis is public, and the meaning of Syphilis is public, and the meaning of Syphilis is public, and the meaning of Syphilis is public, and the meaning of Syphilis is public, and the meaning of Syphilis is public, and the meaning of Syphilis is public, and the meaning of Syphilis is public, and the meaning of Syphilis is public, and the meaning of Syphilis is public, and the meaning of Syphilis is public, and the meaning of Syphilis is public, and the meaning of Syphilis is public, and the meaning of Syphilis is public, and the meaning of Syphilis is public, and the meaning of Syphilis is public, and the meaning of Syphilis is public, and the meaning of Syphilis is public, and the meaning of Syphilis is public, and the meaning of Syphilis is public, and the meaning of Syphilis is public, and the meaning of Syphilis is public, and the meaning of Syphilis is public, and the	the word civilization comes from the latin civilis meaning civil related to the latin civis meaning citizen and civitas meaning city or city-state and that also somehow defines the size of the society
Do you think it is possible to influence the travel area because it may affect the travel plan?	travellers are strongly advised to be aware of any risk of severe weather affecting their area as they may affect any travel plans
Do you think it is possible to influence the travel area because it may affect the travel plan?	travellers are strongly advised to be aware of any risk of severe weather affecting their area as they may affect any travel plans
Hong Kong is the most famous tourist destination in Hong Kong, and it is also one of many tourist attractions.	hong kong island gives the territory of hong kong its name and is the place that many tourists regard as the main focus
Hong Kong is the most famous tourist destination in Hong Kong, and it is also one of many tourist attractions.	hong kong island gives the territory of hong kong its name and is the place that many tourists regard as the main focus
It was made in the 1960s by the Bolivian Newspaper Group, and it is a very solid, solid, and bright material.	throughout 1960s brzezinski worked for john f kennedy as his advisor and then the lyndon b johnson administration
In the end, there are a lot of animals, including insects, insects, insects, and birds.	finally there are many small cats including loose pet cats that eat the far more numerous small prey like insects rodents lizards and birds
In the end, there are a lot of animals, including insects, insects, insects, and birds.	finally there are many small cats including loose pet cats that eat the far more numerous small prey like insects rodents lizards and birds
Before the deployment of the team, the situation in the 18th century has never been related to the conflict between China and the United States.	prior to the arrival of troops haiti had not encountered problems related to the disease since the 1800s
Before the deployment of the team, the situation in the 18th century has never been related to the conflict between China and the United States.	prior to the arrival of troops haiti had not encountered problems related to the disease since the 1800s
