source_yue	prediction	reference
在 短 短 兩 週 內 美 軍 和 自 由 法 國 軍 就 解 放 了 南 法 並 轉 向 德 國	in a short period of time the u.s. and the british army released the south and went to germany	in just two weeks the americans and free french forces had liberated southern france and were turning towards germany
在 短 短 兩 週 內 美 軍 和 自 由 法 國 軍 就 解 放 了 南 法 並 轉 向 德 國	in a short period of time the u.s. and the british army released the south and went to germany	in just two weeks the americans and free french forces had liberated southern france and were turning towards germany
奧 利 佛 ‧薩 克 斯 在 他 的 文 章 〈總 統 的 演 講 〉中 指 出 因 為 腦 部 受 損 而 無 法 理 解 演 講 內 容 的 人 仍 然 可 以 準 確 感 受 到 演 講 者 的 誠 意	onifax in his article general speech said that because of his speech he was unable to understand the content of the speech he could still feel the sincerity of the speech	oliver sacks in his paper the president's speech indicated how people who are unable to understand speech because of brain damage are nevertheless able to assess sincerity accurately
奧 利 佛 ‧薩 克 斯 在 他 的 文 章 〈總 統 的 演 講 〉中 指 出 因 為 腦 部 受 損 而 無 法 理 解 演 講 內 容 的 人 仍 然 可 以 準 確 感 受 到 演 講 者 的 誠 意	onifax in his article general speech said that because of his speech he was unable to understand the content of the speech he could still feel the sincerity of the speech	oliver sacks in his paper the president's speech indicated how people who are unable to understand speech because of brain damage are nevertheless able to assess sincerity accurately
兩 名 攝 影 師 後 來 與 一 名 需 要 如 廁 的 老 婦 人 交 換 最 後 曼 多 薩 被 擊 斃	two photographers later exchanged a necessary old man's money and later killed him in the act	the photographers later took the place of an aged lady as she needed the lavatory mendoza was gunned down
兩 名 攝 影 師 後 來 與 一 名 需 要 如 廁 的 老 婦 人 交 換 最 後 曼 多 薩 被 擊 斃	two photographers later exchanged a necessary old man's money and later killed him in the act	the photographers later took the place of an aged lady as she needed the lavatory mendoza was gunned down
史 密 斯 飛 船 已 經 取 消 他 們 巡 迴 演 唱 會 的 剩 餘 場 次	myspears had already cancelled their performance at the concert	aerosmith have cancelled their remaining concerts on their tour
史 密 斯 飛 船 已 經 取 消 他 們 巡 迴 演 唱 會 的 剩 餘 場 次	myspears had already cancelled their performance at the concert	aerosmith have cancelled their remaining concerts on their tour
該 城 市 與 國 內 的 其 它 城 市 有 明 顯 差 異 因 為 它 偏 向 擁 有 阿 拉 伯 而 不 是 非 洲 風 格	the city had a clear difference in other cities in the country because it was more of an arctic and non-native region	the city is in stark contrast to the rest of the country's cities because it has more of an arabic flair than of an african
該 城 市 與 國 內 的 其 它 城 市 有 明 顯 差 異 因 為 它 偏 向 擁 有 阿 拉 伯 而 不 是 非 洲 風 格	the city had a clear difference in other cities in the country because it was more of an arctic and non-native region	the city is in stark contrast to the rest of the country's cities because it has more of an arabic flair than of an african
金 字 塔 的 聲 光 秀 對 小 孩 來 說 是 該 地 區 最 有 趣 的 東 西 之 一	the starry sky of this tower is the most interesting thing in the region for children	the pyramid sound and light show is one of the most interesting things in the area for kids
金 字 塔 的 聲 光 秀 對 小 孩 來 說 是 該 地 區 最 有 趣 的 東 西 之 一	the starry sky of this tower is the most interesting thing in the region for children	the pyramid sound and light show is one of the most interesting things in the area for kids
我 們 只 能 好 奇 等 到 又 有 新 發 明 出 現 鍵 盤 又 將 何 去 何 從	we can only be curious to see what is going on when a new name appears	one can only wonder what the keyboard will become when something newer comes along
我 們 只 能 好 奇 等 到 又 有 新 發 明 出 現 鍵 盤 又 將 何 去 何 從	we can only be curious to see what is going on when a new name appears	one can only wonder what the keyboard will become when something newer comes along
美 國 體 操 協 會 和 美 國 奧 委 會 擁 有 相 同 的 目 標 也 就 是 讓 體 操 和 其 他 運 動 儘 可 能 安 全 讓 運 動 員 得 以 在 安 全 、正 向 和 擁 有 自 主 權 的 環 境 中 追 尋 自 己 的 夢 想	the united states' union or the olympic club have the same goal of being able to provide the athletes with the safety and the courage to pursue their dreams in the environment they desire	usa gymnastics and the usoc have the same goal making the sport of gymnastics and others as safe as possible for athletes to follow their dreams in a safe positive and empowered environment
美 國 體 操 協 會 和 美 國 奧 委 會 擁 有 相 同 的 目 標 也 就 是 讓 體 操 和 其 他 運 動 儘 可 能 安 全 讓 運 動 員 得 以 在 安 全 、正 向 和 擁 有 自 主 權 的 環 境 中 追 尋 自 己 的 夢 想	the united states' union or the olympic club have the same goal of being able to provide the athletes with the safety and the courage to pursue their dreams in the environment they desire	usa gymnastics and the usoc have the same goal making the sport of gymnastics and others as safe as possible for athletes to follow their dreams in a safe positive and empowered environment
聖 彼 得 堡 郵 輪 行 程 包 括 城 內 觀 光 船 上 乘 客 無 須 持 有 簽 證 檢 查 相 關 規 定	the city was protected from touristic accidents including city lights and the city was not required to sign a check-in	saint petersburg cruises include time in town. cruise passengers are exempted from visa requirements check the terms
聖 彼 得 堡 郵 輪 行 程 包 括 城 內 觀 光 船 上 乘 客 無 須 持 有 簽 證 檢 查 相 關 規 定	the city was protected from touristic accidents including city lights and the city was not required to sign a check-in	saint petersburg cruises include time in town. cruise passengers are exempted from visa requirements check the terms
大 部 分 現 代 研 究 型 望 遠 鏡 都 是 巨 大 的 設 施 座 落 於 有 大 氣 條 件 良 好 的 偏 遠 地 區	most modern research facilities are huge and have good weather conditions	most modern research telescopes are enormous facilities in remote areas with favorable atmospheric conditions
大 部 分 現 代 研 究 型 望 遠 鏡 都 是 巨 大 的 設 施 座 落 於 有 大 氣 條 件 良 好 的 偏 遠 地 區	most modern research facilities are huge and have good weather conditions	most modern research telescopes are enormous facilities in remote areas with favorable atmospheric conditions
他 補 充 道 ：「然 而 不 應 該 要 求 他 們 承 擔 超 出 其 發 展 階 段 、責 任 和 能 力 的 義 務 」	the report is still not supposed to require them to be worried about developing a sense of responsibility and ability	he added that they should not however be asked to take on obligations that go beyond their development stage responsibility and capabilities
他 補 充 道 ：「然 而 不 應 該 要 求 他 們 承 擔 超 出 其 發 展 階 段 、責 任 和 能 力 的 義 務 」	the report is still not supposed to require them to be worried about developing a sense of responsibility and ability	he added that they should not however be asked to take on obligations that go beyond their development stage responsibility and capabilities
英 國 殖 民 者 把 這 裡 據 為 已 有 因 此 如 果 想 在 這 片 土 地 上 尋 找 殖 民 歷 史 的 證 據 這 裡 是 個 不 錯 的 起 點	the american civilization is a very rich region so if you want to find evidence on this land you should try a good start	this is the place the british colonisers took as their own and so if you are looking for evidence of the territory's colonial past this is a good place to start
英 國 殖 民 者 把 這 裡 據 為 已 有 因 此 如 果 想 在 這 片 土 地 上 尋 找 殖 民 歷 史 的 證 據 這 裡 是 個 不 錯 的 起 點	the american civilization is a very rich region so if you want to find evidence on this land you should try a good start	this is the place the british colonisers took as their own and so if you are looking for evidence of the territory's colonial past this is a good place to start
那 些 地 方 幾 乎 都 是 能 讓 人 安 全 游 泳 的 沙 灘 且 大 多 數 都 有 紐 西 蘭 聖 誕 樹 提 供 的 樹 蔭	these places are almost all sand for safe travel and most of them offer a sound of a new zealand tree	they are almost all sandy beaches with safe swimming and most have shade provided by pohutukawa trees
那 些 地 方 幾 乎 都 是 能 讓 人 安 全 游 泳 的 沙 灘 且 大 多 數 都 有 紐 西 蘭 聖 誕 樹 提 供 的 樹 蔭	these places are almost all sand for safe travel and most of them offer a sound of a new zealand tree	they are almost all sandy beaches with safe swimming and most have shade provided by pohutukawa trees
該 委 員 會 是 馬 德 立 回 應 從 十 月 開 始 的 大 規 模 反 政 權 抗 議 活 動 而 設 立 的	the congressman mardl is a big-time protestant for the protest movement in november	the commission was martelly's response to widespread anti-regime protests that started in october
福 克 蘭 群 島 的 官 方 貨 幣 是 福 克 蘭 群 島 鎊 fkp價 值 與 英 鎊 gbp 相 等	the official currency of the france group is the france group fkp which is equivalent to the british currency bp	the official falklands currency is the falkland pound fkp whose value is set equivalent to that of one british pound gbp
福 克 蘭 群 島 的 官 方 貨 幣 是 福 克 蘭 群 島 鎊 fkp價 值 與 英 鎊 gbp 相 等	the official currency of the france group is the france group fkp which is equivalent to the british currency bp	the official falklands currency is the falkland pound fkp whose value is set equivalent to that of one british pound gbp
鷹 架 式 教 學 並 非 學 習 方 法 而 是 一 種 輔 助 可 為 正 在 經 歷 新 學 習 體 驗 如 使 用 新 電 腦 程 式 或 開 始 新 專 案 等 的 人 提 供 支 援	hengdx education is not a learning method but a kind of support that can be used to experience new learning and to provide support for new computers or new speakers	scaffolding is not a method of learning but rather an aid that provides support to individuals whom are undergoing a new learning experience such as using a new computer program or beginning a new project
鷹 架 式 教 學 並 非 學 習 方 法 而 是 一 種 輔 助 可 為 正 在 經 歷 新 學 習 體 驗 如 使 用 新 電 腦 程 式 或 開 始 新 專 案 等 的 人 提 供 支 援	hengdx education is not a learning method but a kind of support that can be used to experience new learning and to provide support for new computers or new speakers	scaffolding is not a method of learning but rather an aid that provides support to individuals whom are undergoing a new learning experience such as using a new computer program or beginning a new project
合 金 基 本 上 是 兩 種 或 以 上 的 金 屬 的 混 合 物 別 忘 了 週 期 表 上 是 有 許 多 元 素 的	hubs are basically two or more gold-globe-money-money-money-money-money-money-money-money-money-money-money-money-money-money-money-money-money-money-money-money-money-money-money-money-money-money-money-money-money-money-money-money-money-money-money-money-money-	alloys are basically a mixture of two or more metals don't forget that there are many elements on the periodic table
合 金 基 本 上 是 兩 種 或 以 上 的 金 屬 的 混 合 物 別 忘 了 週 期 表 上 是 有 許 多 元 素 的	hubs are basically two or more gold-globe-money-money-money-money-money-money-money-money-money-money-money-money-money-money-money-money-money-money-money-money-money-money-money-money-money-money-money-money-money-money-money-money-money-money-money-money-money-	alloys are basically a mixture of two or more metals don't forget that there are many elements on the periodic table
這 是 分 別 一 些 動 詞 和 受 詞 的 重 要 方 式	this is an important way to distinguish some phrases and words	this is an important way to distinguish between some verbs and objects
這 是 分 別 一 些 動 詞 和 受 詞 的 重 要 方 式	this is an important way to distinguish some phrases and words	this is an important way to distinguish between some verbs and objects
遊 客 仍 須 聽 取 當 局 建 議 、遵 守 所 有 標 示 並 密 切 注 意 安 全 警 示	the tourists must hear the authorities' instructions to watch out for the police	still take advice from authorities obey all signs and pay close attention to safety warnings
遊 客 仍 須 聽 取 當 局 建 議 、遵 守 所 有 標 示 並 密 切 注 意 安 全 警 示	the tourists must hear the authorities' instructions to watch out for the police	still take advice from authorities obey all signs and pay close attention to safety warnings
有 些 地 區 將 水 燒 開 一 分 鐘 就 夠 了 在 其 他 地 區 則 需 要 數 分 鐘	some areas would have been enough to boil for a minute and the rest would take a few minutes	in some areas boiling water for a minute is enough in others several minutes are needed
有 些 地 區 將 水 燒 開 一 分 鐘 就 夠 了 在 其 他 地 區 則 需 要 數 分 鐘	some areas would have been enough to boil for a minute and the rest would take a few minutes	in some areas boiling water for a minute is enough in others several minutes are needed
傳 統 上 海 軍 的 任 務 是 確 保 國 家 可 安 穩 地 轉 移 人 民 和 貨 物 同 時 干 擾 敵 國 轉 移 人 員 和 貨 物 的 作 業	in traditional the navy's mission is to ensure that the country is safe to transfer people and goods while disturbing the transfer of people and goods	the job of navies has traditionally been to ensure that your country maintains the ability to move your people and goods while at the same time interfering with your enemy's ability to move his people and goods
傳 統 上 海 軍 的 任 務 是 確 保 國 家 可 安 穩 地 轉 移 人 民 和 貨 物 同 時 干 擾 敵 國 轉 移 人 員 和 貨 物 的 作 業	in traditional the navy's mission is to ensure that the country is safe to transfer people and goods while disturbing the transfer of people and goods	the job of navies has traditionally been to ensure that your country maintains the ability to move your people and goods while at the same time interfering with your enemy's ability to move his people and goods
橋 下 的 垂 直 間 距 為 15 公 尺 工 程 於 2011 年 8 月 完 工 但 直 至 2017 年 3 月 才 通 車	the bridge is 15 km long and is built in august 2011 but until august 3, 2017	the vertical clearance under the bridge is 15 meters construction was completed in august 2011 it didn't open to traffic until march 2017
橋 下 的 垂 直 間 距 為 15 公 尺 工 程 於 2011 年 8 月 完 工 但 直 至 2017 年 3 月 才 通 車	the bridge is 15 km long and is built in august 2011 but until august 3, 2017	the vertical clearance under the bridge is 15 meters construction was completed in august 2011 it didn't open to traffic until march 2017
牠 也 會 攻 擊 所 有 進 入 水 中 的 任 何 東 西 ；即 使 是 像 霸 王 龍 這 樣 的 巨 型 恐 龍 也 不 是 牠 的 對 手	he also attacks anything in the water which is his opponent even if he is a giant dinosaur like baltic	it also attacked anything that entered the water even a giant dinosaur such as t rex would be no match for it
牠 也 會 攻 擊 所 有 進 入 水 中 的 任 何 東 西 ；即 使 是 像 霸 王 龍 這 樣 的 巨 型 恐 龍 也 不 是 牠 的 對 手	he also attacks anything in the water which is his opponent even if he is a giant dinosaur like baltic	it also attacked anything that entered the water even a giant dinosaur such as t rex would be no match for it
所 有 名 詞 以 及 sie 意 思 為 '您 '一 詞 即 使 在 句 子 中 間 出 現 仍 然 會 以 大 寫 字 母 開 頭	all the names and the islamic is a term that still has a beginning when it comes to the middle	all nouns alongside the word sie for you always begin with a capital letter even in the middle of a sentence
所 有 名 詞 以 及 sie 意 思 為 '您 '一 詞 即 使 在 句 子 中 間 出 現 仍 然 會 以 大 寫 字 母 開 頭	all the names and the islamic is a term that still has a beginning when it comes to the middle	all nouns alongside the word sie for you always begin with a capital letter even in the middle of a sentence
芬 蘭 是 非 常 適 合 划 船 的 地 方 有 「千 湖 之 國 」之 稱 的 芬 蘭 也 坐 擁 數 以 千 計 個 湖 中 島 或 沿 海 群 島	francisco is a very suitable place for the population of the country and is also used for the 2009 island or the olympic island	finland is a great boating destination the land of a thousand lakes has thousands of islands too in the lakes and in the coastal archipelagos
芬 蘭 是 非 常 適 合 划 船 的 地 方 有 「千 湖 之 國 」之 稱 的 芬 蘭 也 坐 擁 數 以 千 計 個 湖 中 島 或 沿 海 群 島	francisco is a very suitable place for the population of the country and is also used for the 2009 island or the olympic island	finland is a great boating destination the land of a thousand lakes has thousands of islands too in the lakes and in the coastal archipelagos
然 而 在 整 體 結 核 病 患 者 群 當 中 罹 患 廣 泛 抗 藥 性 結 核 菌 者 比 率 似 乎 仍 非 常 低 ；在 南 非 任 何 特 定 時 刻 中 每 33 萬 人 有 6 千 人 受 到 感 染	however in the whole range of patients the number of patients in the range of the range of drug-based cases is very low in the south any specific time in which every 330,000 people are infected	however the percentage of xdr-tb in the entire group of people with tuberculosis still seems to be low 6,000 of the total 330,000 people infected at any particular moment in south africa
橋 下 的 垂 直 間 距 為 15 公 尺 工 程 於 2011 年 8 月 完 工 但 直 至 2017 年 3 月 才 通 車	the river at the bottom was 15 km2 and it was built in august 2011 but was built in august 2017	the vertical clearance under the bridge is 15 meters construction was completed in august 2011 it didn't open to traffic until march 2017
橋 下 的 垂 直 間 距 為 15 公 尺 工 程 於 2011 年 8 月 完 工 但 直 至 2017 年 3 月 才 通 車	the river at the bottom was 15 km2 and it was built in august 2011 but was built in august 2017	the vertical clearance under the bridge is 15 meters construction was completed in august 2011 it didn't open to traffic until march 2017
所 有 人 都 參 與 社 會 活 動 使 用 運 輸 系 統 幾 乎 每 一 個 人 都 抱 怨 運 輸 系 統	everyone involved in social events used transportation systems for almost everyone including the transportation system	everyone participates in society and uses transportation systems almost everyone complains about transportation systems
所 有 人 都 參 與 社 會 活 動 使 用 運 輸 系 統 幾 乎 每 一 個 人 都 抱 怨 運 輸 系 統	everyone involved in social events used transportation systems for almost everyone including the transportation system	everyone participates in society and uses transportation systems almost everyone complains about transportation systems
科 學 家 能 斷 定 暗 物 質 用 與 一 般 物 質 相 同 的 方 式 影 響 其 他 暗 物 質	scientists can determine the type of matter that is used in the same way as the other	the scientists were able to conclude that the dark matter affect other dark matter in the same way regular matter does
外 島 地 區 也 許 可 以 使 用 英 美 貨 幣 但 應 該 無 法 使 用 信 用 卡 ；請 事 先 詢 問 商 家 以 確 定 可 使 用 哪 種 付 款 方 式	you can also use your application in your area if you want to get a credit card check your business card to determine which type of payment you want to use	on the outlying islands credit cards will probably not be accepted although british and united states currency may be taken check with the owners in advance to determine what is an acceptable payment method
注 意 不 要 讓 織 物 的 溫 度 太 高 可 能 導 致 縮 水 極 端 情 況 下 也 可 能 燒 焦	be careful not to let the temperature rise too high it might cause water to evaporate and may burn in the next few days	be careful not to allow fabric to become too hot which can cause shrinkage or in extreme cases scorch
注 意 不 要 讓 織 物 的 溫 度 太 高 可 能 導 致 縮 水 極 端 情 況 下 也 可 能 燒 焦	be careful not to let the temperature rise too high it might cause water to evaporate and may burn in the next few days	be careful not to allow fabric to become too hot which can cause shrinkage or in extreme cases scorch
自 由 派 對 推 動 重 建 的 批 評 主 要 在 於 重 建 合 約 犒 賞 了 一 般 認 為 的 華 府 圈 內 人	the party's rejection of the reconstruction of the property is mainly about the cooperation of the general public	liberal criticism of the reconstruction effort has focused on the awarding of reconstruction contracts to perceived washington insiders
自 由 派 對 推 動 重 建 的 批 評 主 要 在 於 重 建 合 約 犒 賞 了 一 般 認 為 的 華 府 圈 內 人	the party's rejection of the reconstruction of the property is mainly about the cooperation of the general public	liberal criticism of the reconstruction effort has focused on the awarding of reconstruction contracts to perceived washington insiders
那 些 地 方 幾 乎 都 是 能 讓 人 安 全 游 泳 的 沙 灘 且 大 多 數 都 有 紐 西 蘭 聖 誕 樹 提 供 的 樹 蔭	these places are often a place to offer food to tourists who are safe from the wind	they are almost all sandy beaches with safe swimming and most have shade provided by pohutukawa trees
那 些 地 方 幾 乎 都 是 能 讓 人 安 全 游 泳 的 沙 灘 且 大 多 數 都 有 紐 西 蘭 聖 誕 樹 提 供 的 樹 蔭	these places are often a place to offer food to tourists who are safe from the wind	they are almost all sandy beaches with safe swimming and most have shade provided by pohutukawa trees
省 長 辦 公 室 表 示 傷 患 中 有 十 九 名 是 警 察	the prime minister said there were 19 police in the scene	the governor's office said nineteen of the injured were police officers
省 長 辦 公 室 表 示 傷 患 中 有 十 九 名 是 警 察	the prime minister said there were 19 police in the scene	the governor's office said nineteen of the injured were police officers
船 舶 包 括 遊 樂 船 和 有 遠 端 資 料 與 音 訊 需 求 的 探 險 船 時 常 使 用 這 項 服 務	sounds are used to include audio information from the galaxy and the galaxy	the service is frequently used by shipping including pleasure craft as well as expeditions who have remote data and voice needs
船 舶 包 括 遊 樂 船 和 有 遠 端 資 料 與 音 訊 需 求 的 探 險 船 時 常 使 用 這 項 服 務	sounds are used to include audio information from the galaxy and the galaxy	the service is frequently used by shipping including pleasure craft as well as expeditions who have remote data and voice needs
多 發 性 硬 化 症 是 影 響 腦 部 、脊 髓 和 視 神 經 等 中 樞 神 經 系 統 的 病 症	the symptoms were in the brain which were the brain system which was like a clock with a water and a nerves	ms is a disease that affects the central nervous system which is made up of the brain the spinal cord and the optic nerve
多 發 性 硬 化 症 是 影 響 腦 部 、脊 髓 和 視 神 經 等 中 樞 神 經 系 統 的 病 症	the symptoms were in the brain which were the brain system which was like a clock with a water and a nerves	ms is a disease that affects the central nervous system which is made up of the brain the spinal cord and the optic nerve
睡 眠 中 斷 意 指 刻 意 在 一 般 的 睡 眠 期 間 醒 來 又 在 短 時 間 內 10-60 分 鐘 後 入 睡 的 過 程	the sleep is only darkened during the normal sleep and is a process that takes a short time to get into the water after 10 to 60 minutes	sleep interruption is the process of purposefully awakening during your normal sleep period and falling asleep a short time later 10–60 minutes
睡 眠 中 斷 意 指 刻 意 在 一 般 的 睡 眠 期 間 醒 來 又 在 短 時 間 內 10-60 分 鐘 後 入 睡 的 過 程	the sleep is only darkened during the normal sleep and is a process that takes a short time to get into the water after 10 to 60 minutes	sleep interruption is the process of purposefully awakening during your normal sleep period and falling asleep a short time later 10–60 minutes
尚 卡 羅 ‧費 希 切 拉 無 法 控 制 車 輛 使 得 比 賽 開 始 後 不 久 就 結 束 了	sankhano tried to control the car without a crash and the race ended	giancarlo fisichella lost control of his car and ended the race very soon after the start
尚 卡 羅 ‧費 希 切 拉 無 法 控 制 車 輛 使 得 比 賽 開 始 後 不 久 就 結 束 了	sankhano tried to control the car without a crash and the race ended	giancarlo fisichella lost control of his car and ended the race very soon after the start
他 無 法 服 用 藥 物 來 抑 制 疼 痛 因 為 奧 運 會 禁 止 使 用 那 些 藥 物	they cannot use drug to heal pain because omen is so much more beneficial to those drugs	he has been unable to take the drugs needed to overcome his pain as they are banned from the games
他 無 法 服 用 藥 物 來 抑 制 疼 痛 因 為 奧 運 會 禁 止 使 用 那 些 藥 物	they cannot use drug to heal pain because omen is so much more beneficial to those drugs	he has been unable to take the drugs needed to overcome his pain as they are banned from the games
我 們 只 能 好 奇 等 到 又 有 新 發 明 出 現 鍵 盤 又 將 何 去 何 從	we were just curious to see what new forms of art would be available	one can only wonder what the keyboard will become when something newer comes along
我 們 只 能 好 奇 等 到 又 有 新 發 明 出 現 鍵 盤 又 將 何 去 何 從	we were just curious to see what new forms of art would be available	one can only wonder what the keyboard will become when something newer comes along
雖 然 在 巴 黎 生 活 就 要 表 現 出 最 好 的 一 面 這 種 說 法 往 往 只 是 不 正 確 的 刻 板 印 象 不 過 言 行 舉 止 表 現 出 「bien élevé」有 教 養 的 樣 子 還 是 比 較 容 易 讓 你 左 右 逢 源	although in brazil you have to show the best side of yourself this saying is not exactly a blackboard but it is a sentence that shows beyond your friend you look more religious or rather easy to let you go	while this is often only an inaccurate stereotype the best way to get along in paris still is to be on your best behavior acting like someone who is bien élevé well brought up. it will make getting about considerably easier
雖 然 在 巴 黎 生 活 就 要 表 現 出 最 好 的 一 面 這 種 說 法 往 往 只 是 不 正 確 的 刻 板 印 象 不 過 言 行 舉 止 表 現 出 「bien élevé」有 教 養 的 樣 子 還 是 比 較 容 易 讓 你 左 右 逢 源	although in brazil you have to show the best side of yourself this saying is not exactly a blackboard but it is a sentence that shows beyond your friend you look more religious or rather easy to let you go	while this is often only an inaccurate stereotype the best way to get along in paris still is to be on your best behavior acting like someone who is bien élevé well brought up. it will make getting about considerably easier
多 數 對 於 科 技 決 定 論 的 詮 釋 都 有 兩 個 主 要 理 念 ：科 技 本 身 的 發 展 途 徑 遠 比 文 化 或 政 治 因 素 有 著 更 大 之 影 響 力 以 及 科 技 反 過 來 會 「影 響 」社 會 固 有 型 態 而 非 受 社 會 制 約	most of the theory of science is based on two main theories the development of science is much more effective than the culture or political factors and the science is more effective than the social situation and not the social weak	most interpretations of technological determinism share two general ideas that the development of technology itself follows a path largely beyond cultural or political influence and that technology in turn has effects on societies that are inherent rather than socially conditioned
許 多 德 國 的 烘 焙 食 品 中 常 含 有 杏 仁 、榛 果 和 其 他 木 本 堅 果 而 熱 門 的 蛋 糕 品 項 通 常 特 別 適 合 搭 配 一 杯 濃 厚 的 咖 啡	many german food items are often served with a cup of coffee with a hot cake and other items with a hot cake	many german baked goods also feature almonds hazelnuts and other tree nuts popular cakes often pair particularly well with a cup of strong coffee
一 顆 炸 彈 在 當 地 行 政 長 官 的 辦 公 室 外 爆 炸	a bomb exploded outside the office of local director of justice	one bomb exploded outside the governor general's office
一 顆 炸 彈 在 當 地 行 政 長 官 的 辦 公 室 外 爆 炸	a bomb exploded outside the office of local director of justice	one bomb exploded outside the governor general's office
在 其 中 78 個 建 議 第 一 個 就 是 應 在 今 年 年 底 前 採 行 新 的 外 交 措 施 以 保 護 伊 拉 克 的 邊 境 免 受 敵 國 侵 擾 並 重 建 與 其 鄰 國 的 外 交 關 係	one of the 78 suggestions was to hold a new diplomatic position in the first year of this year to protect the national sovereignty of the iraq border and its diplomatic relations between qi and qi	first among its 78 recommendations is that a new diplomatic initiative should be taken before the end of this year to secure iraq's borders against hostile interventions and to re-establish diplomatic relations with its neighbors
在 其 中 78 個 建 議 第 一 個 就 是 應 在 今 年 年 底 前 採 行 新 的 外 交 措 施 以 保 護 伊 拉 克 的 邊 境 免 受 敵 國 侵 擾 並 重 建 與 其 鄰 國 的 外 交 關 係	one of the 78 suggestions was to hold a new diplomatic position in the first year of this year to protect the national sovereignty of the iraq border and its diplomatic relations between qi and qi	first among its 78 recommendations is that a new diplomatic initiative should be taken before the end of this year to secure iraq's borders against hostile interventions and to re-establish diplomatic relations with its neighbors
根 據 水 下 拓 樸 回 流 的 海 浪 會 集 中 於 少 數 較 深 的 區 域 並 可 能 在 此 產 生 流 向 深 水 區 的 快 速 水 流	according to the water sources the waves will集中于少数較深的渠域 and may flow into deep waters and flow into the water	due to the underwater topology the return flow is concentrated at a few deeper sections and a fast current to deep water may form there
根 據 水 下 拓 樸 回 流 的 海 浪 會 集 中 於 少 數 較 深 的 區 域 並 可 能 在 此 產 生 流 向 深 水 區 的 快 速 水 流	according to the water sources the waves will集中于少数較深的渠域 and may flow into deep waters and flow into the water	due to the underwater topology the return flow is concentrated at a few deeper sections and a fast current to deep water may form there
1889 年 這 個 港 口 發 生 了 惡 名 遠 播 的 海 軍 僵 持 事 件 當 時 七 艘 來 自 德 國 、美 國 、和 英 國 的 軍 艦 都 拒 絕 離 港	in 1889 a nuclear nuclear nuclear nuclear nuclear nuclear accident took place in the south of germany and the united states of america	the harbor was the site of an infamous naval standoff in 1889 when seven ships from germany the us and britain refused to leave the harbor
人 們 所 知 的 那 25 份 仍 存 在 的 當 列 普 單 面 印 刷 版 是 這 份 文 件 中 留 存 下 來 最 古 老 的 版 本 原 始 手 稿 並 未 留 存 下 來	the popular 15-page popular book cover was the most ancient version of the book with the name geoprogrammar	the 25 dunlap broadsides still known to exist are the oldest surviving copies of the document the original handwritten copy has not survived
人 們 所 知 的 那 25 份 仍 存 在 的 當 列 普 單 面 印 刷 版 是 這 份 文 件 中 留 存 下 來 最 古 老 的 版 本 原 始 手 稿 並 未 留 存 下 來	the popular 15-page popular book cover was the most ancient version of the book with the name geoprogrammar	the 25 dunlap broadsides still known to exist are the oldest surviving copies of the document the original handwritten copy has not survived
執 政 黨 西 南 非 洲 人 民 組 織 swapo 也 在 國 會 選 舉 中 保 住 了 多 數 黨 的 地 位	the swapo is also the place where the national election is held	the ruling party south west africa people's organisation swapo also retained a majority in the parliamentary elections
執 政 黨 西 南 非 洲 人 民 組 織 swapo 也 在 國 會 選 舉 中 保 住 了 多 數 黨 的 地 位	the swapo is also the place where the national election is held	the ruling party south west africa people's organisation swapo also retained a majority in the parliamentary elections
在 部 隊 進 駐 前 海 地 自 十 八 世 紀 以 來 從 未 發 生 過 與 霍 亂 有 關 的 問 題	anything else has been reported to have been in contact with the nuclear power plant since the 18th century	prior to the arrival of troops haiti had not encountered problems related to the disease since the 1800s
在 部 隊 進 駐 前 海 地 自 十 八 世 紀 以 來 從 未 發 生 過 與 霍 亂 有 關 的 問 題	anything else has been reported to have been in contact with the nuclear power plant since the 18th century	prior to the arrival of troops haiti had not encountered problems related to the disease since the 1800s
多 發 性 硬 化 症 是 影 響 腦 部 、脊 髓 和 視 神 經 等 中 樞 神 經 系 統 的 病 症	darkness is the symptoms of the brain's water and the nerves in the brain	ms is a disease that affects the central nervous system which is made up of the brain the spinal cord and the optic nerve
多 發 性 硬 化 症 是 影 響 腦 部 、脊 髓 和 視 神 經 等 中 樞 神 經 系 統 的 病 症	darkness is the symptoms of the brain's water and the nerves in the brain	ms is a disease that affects the central nervous system which is made up of the brain the spinal cord and the optic nerve
大 部 分 現 代 研 究 型 望 遠 鏡 都 是 巨 大 的 設 施 座 落 於 有 大 氣 條 件 良 好 的 偏 遠 地 區	most of the research telescope lenses are huge and have a large air condition	most modern research telescopes are enormous facilities in remote areas with favorable atmospheric conditions
大 部 分 現 代 研 究 型 望 遠 鏡 都 是 巨 大 的 設 施 座 落 於 有 大 氣 條 件 良 好 的 偏 遠 地 區	most of the research telescope lenses are huge and have a large air condition	most modern research telescopes are enormous facilities in remote areas with favorable atmospheric conditions
在 部 隊 進 駐 前 海 地 自 十 八 世 紀 以 來 從 未 發 生 過 與 霍 亂 有 關 的 問 題	the team had been in contact with the problem since the accident in the 18th century before the crash	prior to the arrival of troops haiti had not encountered problems related to the disease since the 1800s
在 部 隊 進 駐 前 海 地 自 十 八 世 紀 以 來 從 未 發 生 過 與 霍 亂 有 關 的 問 題	the team had been in contact with the problem since the accident in the 18th century before the crash	prior to the arrival of troops haiti had not encountered problems related to the disease since the 1800s
在 歐 洲 歷 史 的 這 段 時 期 已 變 得 富 有 且 強 大 的 天 主 教 教 會 受 到 了 嚴 格 的 審 視	during the european history the strong god george was considered to be a serious threat	during this period of european history the catholic church which had become rich and powerful came under scrutiny
在 歐 洲 歷 史 的 這 段 時 期 已 變 得 富 有 且 強 大 的 天 主 教 教 會 受 到 了 嚴 格 的 審 視	during the european history the strong god george was considered to be a serious threat	during this period of european history the catholic church which had become rich and powerful came under scrutiny
一 顆 炸 彈 在 當 地 行 政 長 官 的 辦 公 室 外 爆 炸	a bomb exploded in the office of local executive officer	one bomb exploded outside the governor general's office
一 顆 炸 彈 在 當 地 行 政 長 官 的 辦 公 室 外 爆 炸	a bomb exploded in the office of local executive officer	one bomb exploded outside the governor general's office
他 們 靠 著 有 紀 律 的 防 守 、控 球 技 巧 與 絕 佳 的 團 隊 默 契 脫 穎 而 出 顯 然 是 不 好 對 付 的 強 隊	with several defense agents and a team of agents to help him out the tough team is still not good	their disciplined defence ball handling skills and excellent team work made them stand out and it was clear that this was the team to beat
他 們 靠 著 有 紀 律 的 防 守 、控 球 技 巧 與 絕 佳 的 團 隊 默 契 脫 穎 而 出 顯 然 是 不 好 對 付 的 強 隊	with several defense agents and a team of agents to help him out the tough team is still not good	their disciplined defence ball handling skills and excellent team work made them stand out and it was clear that this was the team to beat
但 鳥 類 與 恐 龍 仍 有 許 多 相 似 之 處	but the dinosaurs are still in the same boat	but there are a lot of things about birds that still look like a dinosaur
但 鳥 類 與 恐 龍 仍 有 許 多 相 似 之 處	but the dinosaurs are still in the same boat	but there are a lot of things about birds that still look like a dinosaur
許 多 義 大 利 城 市 和 世 界 上 其 他 地 方 也 有 類 似 的 陳 設 尤 其 是 波 蘭 並 有 為 數 眾 多 的 人 潮 前 來 觀 禮	many italian cities and worlds have similar levels to others especially in the poland and are more likely to have a more popular front	in many other cities of italy and in the rest of the world particularly in poland similar setups were made which were viewed by a great number of people
許 多 義 大 利 城 市 和 世 界 上 其 他 地 方 也 有 類 似 的 陳 設 尤 其 是 波 蘭 並 有 為 數 眾 多 的 人 潮 前 來 觀 禮	many italian cities and worlds have similar levels to others especially in the poland and are more likely to have a more popular front	in many other cities of italy and in the rest of the world particularly in poland similar setups were made which were viewed by a great number of people
合 金 基 本 上 是 兩 種 或 以 上 的 金 屬 的 混 合 物 別 忘 了 週 期 表 上 是 有 許 多 元 素 的	the gold is basically two or more gold-capable goods that are likely to have many elements	alloys are basically a mixture of two or more metals don't forget that there are many elements on the periodic table
合 金 基 本 上 是 兩 種 或 以 上 的 金 屬 的 混 合 物 別 忘 了 週 期 表 上 是 有 許 多 元 素 的	the gold is basically two or more gold-capable goods that are likely to have many elements	alloys are basically a mixture of two or more metals don't forget that there are many elements on the periodic table
馬 德 立 昨 日 在 由 九 名 委 員 組 成 的 臨 時 選 舉 委 員 會 cep 中 宣 誓	mattlap was elected as the chairman of the nine congresses	martelly swore in a new provisional electoral council cep of nine members yesterday
馬 德 立 昨 日 在 由 九 名 委 員 組 成 的 臨 時 選 舉 委 員 會 cep 中 宣 誓	mattlap was elected as the chairman of the nine congresses	martelly swore in a new provisional electoral council cep of nine members yesterday
如 果 你 曾 看 過 電 影 《國 家 寶 藏 》你 可 能 會 以 為 《美 國 獨 立 宣 言 》的 背 面 畫 有 一 張 藏 寶 圖	if you have watched a movie you might have thought the back of a united states independent congressman had a bed	if you have watched the movie national treasure you may think a treasure map was written on the back of the declaration of independence
如 果 你 曾 看 過 電 影 《國 家 寶 藏 》你 可 能 會 以 為 《美 國 獨 立 宣 言 》的 背 面 畫 有 一 張 藏 寶 圖	if you have watched a movie you might have thought the back of a united states independent congressman had a bed	if you have watched the movie national treasure you may think a treasure map was written on the back of the declaration of independence
據 報 導 他 當 時 的 年 紀 是 20 多 歲 在 一 份 聲 明 中 小 賈 斯 汀 說 ：「雖 然 我 當 時 不 在 現 場 這 起 悲 劇 事 件 與 我 也 沒 有 直 接 的 牽 涉 但 我 非 常 關 心 受 害 者 的 家 屬 並 為 他 們 祈 禱 」	according to him he was more than twenty at the time a small stone in a statement although i was not at the scene this was a direct connection between the case and me but i was very concerned about the family and their attempts	he was reportedly aged in his 20s. in a statement bieber said [w]hile i was not present nor directly involved with this tragic accident my thoughts and prayers are with the family of the victim.
據 報 導 他 當 時 的 年 紀 是 20 多 歲 在 一 份 聲 明 中 小 賈 斯 汀 說 ：「雖 然 我 當 時 不 在 現 場 這 起 悲 劇 事 件 與 我 也 沒 有 直 接 的 牽 涉 但 我 非 常 關 心 受 害 者 的 家 屬 並 為 他 們 祈 禱 」	according to him he was more than twenty at the time a small stone in a statement although i was not at the scene this was a direct connection between the case and me but i was very concerned about the family and their attempts	he was reportedly aged in his 20s. in a statement bieber said [w]hile i was not present nor directly involved with this tragic accident my thoughts and prayers are with the family of the victim.
羅 蘭 多 ‧蒙 多 薩 以 m16 步 槍 向 遊 客 射 擊	loland's montosas used m16 guns to attack the tourists	rolando mendoza fired his m16 rifle at the tourists
意 外 發 生 後 吉 布 森 被 送 往 醫 院 但 不 久 後 便 身 亡	after the incident gizmo was sent to hospital after a long time	after the accident occurred gibson was transported to a hospital but died shortly afterwards
植 物 製 造 人 類 吸 入 的 氧 氣 並 吸 收 人 類 呼 出 的 二 氧 化 碳	the plants make humans into gas and absorb the oxygen from humans	plants make oxygen which humans breathe and they take in carbon-dioxide which humans exhale that is breathe out
植 物 製 造 人 類 吸 入 的 氧 氣 並 吸 收 人 類 呼 出 的 二 氧 化 碳	the plants make humans into gas and absorb the oxygen from humans	plants make oxygen which humans breathe and they take in carbon-dioxide which humans exhale that is breathe out
中 間 棒 次 擊 球 手 薩 辛 ・坦 都 卡 和 拉 胡 爾 ・德 拉 維 德 表 現 出 色 攜 手 合 作 之 下 得 分 來 到 了 100分	the midfielder killed the fielder and the hikawa and the levy played the game and the hikawa had scored 100 points	middle order batsmen sachin tendulkar and rahul dravid performed well and made a hundred-run partnership
中 間 棒 次 擊 球 手 薩 辛 ・坦 都 卡 和 拉 胡 爾 ・德 拉 維 德 表 現 出 色 攜 手 合 作 之 下 得 分 來 到 了 100分	the midfielder killed the fielder and the hikawa and the levy played the game and the hikawa had scored 100 points	middle order batsmen sachin tendulkar and rahul dravid performed well and made a hundred-run partnership
利 金 斯 liggins 爵 士 於 醫 院 任 職 時 就 會 利 用 下 班 後 的 時 間 研 究 早 產 現 象	legan's work at the hospital will be used to study the early stages of the next class	while he was working at the hospital liggins began to investigate premature labor during his spare time
校 外 教 學 是 學 校 教 育 重 要 的 一 環 很 多 時 候 老 師 會 想 帶 學 生 去 公 車 到 不 了 的 地 方	school education is an important part of education often teachers want to take students to places where they can't	field trips are a large part of any classroom quite often a teacher would love to take her students places to which a bus trip is not an option
29 歲 的 馬 拉 ·巴 拉 蘇 布 拉 曼 尼 安 malar balasubramanian 醫 生 在 俄 亥 俄 州 的 布 魯 艾 施 辛 辛 那 提 以 北 約 15 英 里 的 郊 區 被 發 現 她 穿 著 t 恤 和 內 衣 躺 在 路 邊 的 地 上 顯 然 攝 入 了 大 量 的 藥 物	the 29-year-old maribassobalamanias neon maraibasramanian was found in the area where the doctor was buried in the oregon subsoil in the new latin region about 15 miles away he wore a t-shirt and a underwear lying on the ground and was still in the room with a large number of patients	dr malar balasubramanian 29 was found in blue ash ohio a suburb approximately 15 miles north of cincinnati lying on the ground beside the road in a t-shirt and underwear in an apparently heavily medicated state
29 歲 的 馬 拉 ·巴 拉 蘇 布 拉 曼 尼 安 malar balasubramanian 醫 生 在 俄 亥 俄 州 的 布 魯 艾 施 辛 辛 那 提 以 北 約 15 英 里 的 郊 區 被 發 現 她 穿 著 t 恤 和 內 衣 躺 在 路 邊 的 地 上 顯 然 攝 入 了 大 量 的 藥 物	the 29-year-old maribassobalamanias neon maraibasramanian was found in the area where the doctor was buried in the oregon subsoil in the new latin region about 15 miles away he wore a t-shirt and a underwear lying on the ground and was still in the room with a large number of patients	dr malar balasubramanian 29 was found in blue ash ohio a suburb approximately 15 miles north of cincinnati lying on the ground beside the road in a t-shirt and underwear in an apparently heavily medicated state
早 期 這 個 節 目 只 有 在 一 個 經 營 許 久 的 網 路 電 台 toginet 上 播 出 toginet 是 一 個 聚 焦 於 談 話 性 廣 播 節 目 的 電 台	only a classic internet platform called tokenet is available in the early days of the show tokenet is the most popular platform for talking and broadcasting	in its early days the show was featured solely at the long-running internet radio site toginet radio a site focused on talk radio
早 期 這 個 節 目 只 有 在 一 個 經 營 許 久 的 網 路 電 台 toginet 上 播 出 toginet 是 一 個 聚 焦 於 談 話 性 廣 播 節 目 的 電 台	only a classic internet platform called tokenet is available in the early days of the show tokenet is the most popular platform for talking and broadcasting	in its early days the show was featured solely at the long-running internet radio site toginet radio a site focused on talk radio
網 路 結 合 了 大 眾 與 人 際 溝 通 這 兩 種 元 素	the network combined brought together two elements of communication two elements	the internet combines elements of both mass and interpersonal communication
網 路 結 合 了 大 眾 與 人 際 溝 通 這 兩 種 元 素	the network combined brought together two elements of communication two elements	the internet combines elements of both mass and interpersonal communication
人 們 所 知 的 那 25 份 仍 存 在 的 當 列 普 單 面 印 刷 版 是 這 份 文 件 中 留 存 下 來 最 古 老 的 版 本 原 始 手 稿 並 未 留 存 下 來	the 25-page original copy of the book was the oldest in the document so the copy was not yet in the document	the 25 dunlap broadsides still known to exist are the oldest surviving copies of the document the original handwritten copy has not survived
人 們 所 知 的 那 25 份 仍 存 在 的 當 列 普 單 面 印 刷 版 是 這 份 文 件 中 留 存 下 來 最 古 老 的 版 本 原 始 手 稿 並 未 留 存 下 來	the 25-page original copy of the book was the oldest in the document so the copy was not yet in the document	the 25 dunlap broadsides still known to exist are the oldest surviving copies of the document the original handwritten copy has not survived
史 密 斯 飛 船 已 經 取 消 他 們 巡 迴 演 唱 會 的 剩 餘 場 次	since the sifu ship has already destroyed the normal length of the taimu lake	aerosmith have cancelled their remaining concerts on their tour
史 密 斯 飛 船 已 經 取 消 他 們 巡 迴 演 唱 會 的 剩 餘 場 次	since the sifu ship has already destroyed the normal length of the taimu lake	aerosmith have cancelled their remaining concerts on their tour
熱 門 運 動 包 括 足 球 、籃 球 、排 球 、水 球 、擊 劍 、橄 欖 球 、自 行 車 、冰 上 曲 棍 球 、直 排 輪 曲 棍 球 和 f1 賽 車	dark sports include football, basketball, volleyball, waterball, gym, gym-ball, bike-riding ice-ball straight-line basketball and f-ball	popular sports include football basketball volleyball water-polo fencing rugby cycling ice hockey roller hockey and f1 motor racing
熱 門 運 動 包 括 足 球 、籃 球 、排 球 、水 球 、擊 劍 、橄 欖 球 、自 行 車 、冰 上 曲 棍 球 、直 排 輪 曲 棍 球 和 f1 賽 車	dark sports include football, basketball, volleyball, waterball, gym, gym-ball, bike-riding ice-ball straight-line basketball and f-ball	popular sports include football basketball volleyball water-polo fencing rugby cycling ice hockey roller hockey and f1 motor racing
他 們 靠 著 有 紀 律 的 防 守 、控 球 技 巧 與 絕 佳 的 團 隊 默 契 脫 穎 而 出 顯 然 是 不 好 對 付 的 強 隊	they relied on several defense agents to consider the group's military presence to be a strong opponent	their disciplined defence ball handling skills and excellent team work made them stand out and it was clear that this was the team to beat
他 們 靠 著 有 紀 律 的 防 守 、控 球 技 巧 與 絕 佳 的 團 隊 默 契 脫 穎 而 出 顯 然 是 不 好 對 付 的 強 隊	they relied on several defense agents to consider the group's military presence to be a strong opponent	their disciplined defence ball handling skills and excellent team work made them stand out and it was clear that this was the team to beat
熨 燙 潮 濕 的 衣 服 有 助 於 乾 燥 衣 服 許 多 飯 店 即 使 客 房 內 未 提 供 熨 斗 和 燙 衣 板 也 可 以 跟 飯 店 借 用	dry clothes are often used to wear a dress many stores offer a dresser and a dresser to wear with a dresser	ironing damp clothes can help them dry many hotels have an iron and ironing board available for loan even if one is not present in the room
熨 燙 潮 濕 的 衣 服 有 助 於 乾 燥 衣 服 許 多 飯 店 即 使 客 房 內 未 提 供 熨 斗 和 燙 衣 板 也 可 以 跟 飯 店 借 用	dry clothes are often used to wear a dress many stores offer a dresser and a dresser to wear with a dresser	ironing damp clothes can help them dry many hotels have an iron and ironing board available for loan even if one is not present in the room
山 羊 似 乎 是 在 一 萬 年 前 左 右 在 伊 朗 的 札 格 洛 斯 山 脈 首 次 被 馴 養 的	the mountain was about ten thousand years ago in the first year of the irish zhazda qalaxi	goats seem to have been first domesticated roughly 10,000 years ago in the zagros mountains of iran
山 羊 似 乎 是 在 一 萬 年 前 左 右 在 伊 朗 的 札 格 洛 斯 山 脈 首 次 被 馴 養 的	the mountain was about ten thousand years ago in the first year of the irish zhazda qalaxi	goats seem to have been first domesticated roughly 10,000 years ago in the zagros mountains of iran
人 造 衛 星 是 用 火 箭 送 上 太 空 的 科 學 家 在 太 空 中 使 用 望 遠 鏡 因 為 地 球 的 大 氣 有 時 會 扭 曲 我 們 的 光 和 視 線	humans use a rocket to send the sky to the sky scientists use a telescope in the sky because the earth is big and sometimes the light is out of our sight	the satellite was sent into space by a rocket scientists use telescopes in space because the earth's atmosphere distorts some of our light and view
人 造 衛 星 是 用 火 箭 送 上 太 空 的 科 學 家 在 太 空 中 使 用 望 遠 鏡 因 為 地 球 的 大 氣 有 時 會 扭 曲 我 們 的 光 和 視 線	humans use a rocket to send the sky to the sky scientists use a telescope in the sky because the earth is big and sometimes the light is out of our sight	the satellite was sent into space by a rocket scientists use telescopes in space because the earth's atmosphere distorts some of our light and view
安 琪 兒 2006年 說 明 了 連 續 模 式 這 是 一 個 用 來 幫 助 組 織 達 到 更 高 績 效 水 準 的 方 法	onki's year 2006 series was a way of helping to achieve greater efficiency	angel 2006 explains the continuum approach as a method being used to help organizations reach a higher level of performance
而 光 譜 的 另 一 端 則 會 轉 變 為 截 然 不 同 的 人 他 或 她 認 為 自 己 必 須 改 變 團 隊 一 直 以 來 的 所 有 做 法 並 改 用 自 己 的 方 式 行 事	while the other section of the spectrum will turn into a different person he or she believes that she has to change the whole group and use her own ways	at the other end of the spectrum one morphs into an unrecognizable individual that feels he or she must change everything the team has been doing and make it their own
而 光 譜 的 另 一 端 則 會 轉 變 為 截 然 不 同 的 人 他 或 她 認 為 自 己 必 須 改 變 團 隊 一 直 以 來 的 所 有 做 法 並 改 用 自 己 的 方 式 行 事	while the other section of the spectrum will turn into a different person he or she believes that she has to change the whole group and use her own ways	at the other end of the spectrum one morphs into an unrecognizable individual that feels he or she must change everything the team has been doing and make it their own
惡 劣 天 氣 是 所 有 危 險 天 氣 現 象 的 總 稱 有 可 能 會 造 成 破 壞 、嚴 重 的 社 會 混 亂 或 人 命 損 失	the evil weather is the general name of all dangerous weather phenomena which can cause serious social disorder or life loss	severe weather is the generic term for any dangerous weather phenomenon with the potential to cause damage serious social disruption or loss of human life
惡 劣 天 氣 是 所 有 危 險 天 氣 現 象 的 總 稱 有 可 能 會 造 成 破 壞 、嚴 重 的 社 會 混 亂 或 人 命 損 失	the evil weather is the general name of all dangerous weather phenomena which can cause serious social disorder or life loss	severe weather is the generic term for any dangerous weather phenomenon with the potential to cause damage serious social disruption or loss of human life
同 一 個 月 在 馬 什 哈 德 有 另 一 架 民 航 客 機 滑 行 衝 出 跑 道 、撞 上 一 面 牆 、並 造 成 十 七 人 死 亡	sumhata was also hit by another flight of the airline and 17 people died in the same month	the same month saw another airliner overrun a runway at mashhad and strike a wall killing seventeen
同 一 個 月 在 馬 什 哈 德 有 另 一 架 民 航 客 機 滑 行 衝 出 跑 道 、撞 上 一 面 牆 、並 造 成 十 七 人 死 亡	sumhata was also hit by another flight of the airline and 17 people died in the same month	the same month saw another airliner overrun a runway at mashhad and strike a wall killing seventeen
格 陵 蘭 島 上 人 煙 稀 少 在 北 歐 史 詩 中 紅 髮 艾 瑞 克 因 謀 殺 被 逐 出 冰 島 當 他 往 更 遠 的 西 邊 去 時 發 現 了 格 陵 蘭 島 並 為 它 取 了 這 個 名 字	present-day the greek island was a small lake in the northern oasis where the red-haired black-haired sand was being pulled out when he found the greek island and took its name as he went farther west	greenland was settled sparsely in the norse sagas they say that erik the red was exiled from iceland for murder and when travelling further west found greenland and named it greenland
格 陵 蘭 島 上 人 煙 稀 少 在 北 歐 史 詩 中 紅 髮 艾 瑞 克 因 謀 殺 被 逐 出 冰 島 當 他 往 更 遠 的 西 邊 去 時 發 現 了 格 陵 蘭 島 並 為 它 取 了 這 個 名 字	present-day the greek island was a small lake in the northern oasis where the red-haired black-haired sand was being pulled out when he found the greek island and took its name as he went farther west	greenland was settled sparsely in the norse sagas they say that erik the red was exiled from iceland for murder and when travelling further west found greenland and named it greenland
他 們 通 常 會 提 供 特 別 的 餐 點 、飲 料 和 娛 樂 以 保 持 客 人 心 情 愉 悅 並 讓 後 者 留 在 現 場	they often offer special meals drinks and fish to keep the patient in the hospital and keep the patient in the scene	they usually have special food drink and entertainment offers to keep guests in a good mood and keep them at the premise
他 們 通 常 會 提 供 特 別 的 餐 點 、飲 料 和 娛 樂 以 保 持 客 人 心 情 愉 悅 並 讓 後 者 留 在 現 場	they often offer special meals drinks and fish to keep the patient in the hospital and keep the patient in the scene	they usually have special food drink and entertainment offers to keep guests in a good mood and keep them at the premise
滄 龍 是 那 個 時 期 的 頂 層 掠 食 者 因 此 除 了 其 他 的 滄 龍 外 牠 們 不 怕 任 何 生 物	the dragon was the top-level hunter so they didn't fear any living things except for other dragons	mosasaurus was the apex predator of its time so it feared nothing except other mosasaurs
滄 龍 是 那 個 時 期 的 頂 層 掠 食 者 因 此 除 了 其 他 的 滄 龍 外 牠 們 不 怕 任 何 生 物	the dragon was the top-level hunter so they didn't fear any living things except for other dragons	mosasaurus was the apex predator of its time so it feared nothing except other mosasaurs
遊 客 仍 須 聽 取 當 局 建 議 、遵 守 所 有 標 示 並 密 切 注 意 安 全 警 示	the tourists must listen to the authorities to keep all the signs and keep an eye on the security guard	still take advice from authorities obey all signs and pay close attention to safety warnings
遊 客 仍 須 聽 取 當 局 建 議 、遵 守 所 有 標 示 並 密 切 注 意 安 全 警 示	the tourists must listen to the authorities to keep all the signs and keep an eye on the security guard	still take advice from authorities obey all signs and pay close attention to safety warnings
昨 天 早 上 在 土 耳 其 加 濟 安 泰 普 警 察 總 部 引 爆 的 汽 車 炸 彈 造 成 兩 名 員 警 死 亡 以 及 超 過 二 十 位 民 眾 受 傷	today morning the car crash caused two dead bodies and over twenty casualties	a car bomb detonated at police headquarters in gaziantep turkey yesterday morning killed two police officers and injured more than twenty other people
昨 天 早 上 在 土 耳 其 加 濟 安 泰 普 警 察 總 部 引 爆 的 汽 車 炸 彈 造 成 兩 名 員 警 死 亡 以 及 超 過 二 十 位 民 眾 受 傷	today morning the car crash caused two dead bodies and over twenty casualties	a car bomb detonated at police headquarters in gaziantep turkey yesterday morning killed two police officers and injured more than twenty other people
女 子 坐 式 團 體 中 有 四 位 滑 雪 者 未 能 完 成 比 賽 在 大 迴 轉 賽 的 117 位 滑 雪 者 中 有 45 位 未 在 比 賽 中 獲 得 排 名	during the group there were four snowmen who didn't complete the game and in the 117 snowmen who were in the big round there were 45 snowmen who didn't make a name for themselves	four skiers in the women's sitting group failed to finish their runs and 45 of the 117 total skiers in the giant slalom failed to rank in the race
女 子 坐 式 團 體 中 有 四 位 滑 雪 者 未 能 完 成 比 賽 在 大 迴 轉 賽 的 117 位 滑 雪 者 中 有 45 位 未 在 比 賽 中 獲 得 排 名	during the group there were four snowmen who didn't complete the game and in the 117 snowmen who were in the big round there were 45 snowmen who didn't make a name for themselves	four skiers in the women's sitting group failed to finish their runs and 45 of the 117 total skiers in the giant slalom failed to rank in the race
往 北 不 遠 處 是 浪 漫 且 迷 人 的 城 鎮 ──辛 特 拉 這 裡 對 外 國 人 來 說 非 常 有 名 因 為 拜 倫 男 爵 曾 對 它 的 美 景 進 行 過 鮮 明 的 描 繪	the northern part of the city is the city of the romans the foreign nation is very famous for its beauty as the southern part of the belgian province has been a prominent landmark	to the north and within easy reach is the romantic and fascinating town of sintra and which was made famous to foreigners after a glowing account of its splendours recorded by lord byron
往 北 不 遠 處 是 浪 漫 且 迷 人 的 城 鎮 ──辛 特 拉 這 裡 對 外 國 人 來 說 非 常 有 名 因 為 拜 倫 男 爵 曾 對 它 的 美 景 進 行 過 鮮 明 的 描 繪	the northern part of the city is the city of the romans the foreign nation is very famous for its beauty as the southern part of the belgian province has been a prominent landmark	to the north and within easy reach is the romantic and fascinating town of sintra and which was made famous to foreigners after a glowing account of its splendours recorded by lord byron
把 滑 雪 路 線 想 像 成 類 似 的 健 行 路 線	the rock-mall line is like a rock with a rock shape	think of the skiing route as of a similar hiking route
把 滑 雪 路 線 想 像 成 類 似 的 健 行 路 線	the rock-mall line is like a rock with a rock shape	think of the skiing route as of a similar hiking route
現 今 無 法 收 起 翅 膀 的 昆 蟲 只 有 蜻 蜓 與 蜉 蝣	the audience who can't be seen is only clear and empty	today the only insects that cannot fold back their wings are dragon flies and mayflies
現 今 無 法 收 起 翅 膀 的 昆 蟲 只 有 蜻 蜓 與 蜉 蝣	the audience who can't be seen is only clear and empty	today the only insects that cannot fold back their wings are dragon flies and mayflies
問 題 是 因 為 無 法 百 分 之 百 預 測 駕 駛 習 慣 所 以 研 究 交 通 流 量 非 常 困 難	the problem is that the rate of exposure to the white-white-white-white is very low in research	unfortunately studying traffic flow is difficult because driver behavior cannot be predicted with one-hundred percent certainty
問 題 是 因 為 無 法 百 分 之 百 預 測 駕 駛 習 慣 所 以 研 究 交 通 流 量 非 常 困 難	the problem is that the rate of exposure to the white-white-white-white is very low in research	unfortunately studying traffic flow is difficult because driver behavior cannot be predicted with one-hundred percent certainty
羅 士 比 數 越 小 星 體 在 磁 場 逆 轉 方 面 就 越 不 活 躍	the number of drosophila less than the length of the body is much smaller in the rotation	the smaller the rossby number the less active the star with respect to magnetic reversals
船 舶 包 括 遊 樂 船 和 有 遠 端 資 料 與 音 訊 需 求 的 探 險 船 時 常 使 用 這 項 服 務	dark clouds include the skyline and the far-off lake where the sound is heard and the wind is heard which is often used for service	the service is frequently used by shipping including pleasure craft as well as expeditions who have remote data and voice needs
船 舶 包 括 遊 樂 船 和 有 遠 端 資 料 與 音 訊 需 求 的 探 險 船 時 常 使 用 這 項 服 務	dark clouds include the skyline and the far-off lake where the sound is heard and the wind is heard which is often used for service	the service is frequently used by shipping including pleasure craft as well as expeditions who have remote data and voice needs
它 指 出 將 圖 像 垂 直 和 水 平 三 等 分 後 線 條 的 交 點 便 是 拍 攝 主 體 最 有 效 的 位 置 見 範 例	he pointed out the water level and the balance of water and sandstone as the most effective place to see the rice	it states that the most effective place for the main subject is at the intersection of lines dividing the image into thirds vertically and horizontally see example
它 指 出 將 圖 像 垂 直 和 水 平 三 等 分 後 線 條 的 交 點 便 是 拍 攝 主 體 最 有 效 的 位 置 見 範 例	he pointed out the water level and the balance of water and sandstone as the most effective place to see the rice	it states that the most effective place for the main subject is at the intersection of lines dividing the image into thirds vertically and horizontally see example
因 此 表 演 者 在 舞 台 上 抽 大 麻 捲 菸 而 戲 院 本 身 也 鼓 勵 觀 眾 一 起 抽	the actor was on stage to sing a song and the actor encouraged the audience to look	as a result the performers smoke cannabis joints on stage and the theatre itself is encouraging the audience to join in
因 此 表 演 者 在 舞 台 上 抽 大 麻 捲 菸 而 戲 院 本 身 也 鼓 勵 觀 眾 一 起 抽	the actor was on stage to sing a song and the actor encouraged the audience to look	as a result the performers smoke cannabis joints on stage and the theatre itself is encouraging the audience to join in
正 確 使 用 部 落 格 「可 以 增 強 學 生 分 析 與 批 判 的 能 力 ；學 生 能 透 過 積 極 回 應 網 路 教 材 明 確 定 義 自 己 在 他 人 撰 寫 的 文 章 脈 絡 中 處 於 何 種 位 置 也 能 勾 勒 出 自 己 對 特 定 議 題 的 觀 點 奧 拉 維 斯 2002	he is using blogging to strengthen students' knowledge and their ability to judge students through their immediate internet education to determine what position they are in the text they are writing in their own personal books and to be able to make their own views on specific topics olympic2002	appropriate use of blogs can empower students to become more analytical and critical; through actively responding to internet materials students can define their positions in the context of others' writings as well as outline their own perspectives on particular issues oravec 2002
正 確 使 用 部 落 格 「可 以 增 強 學 生 分 析 與 批 判 的 能 力 ；學 生 能 透 過 積 極 回 應 網 路 教 材 明 確 定 義 自 己 在 他 人 撰 寫 的 文 章 脈 絡 中 處 於 何 種 位 置 也 能 勾 勒 出 自 己 對 特 定 議 題 的 觀 點 奧 拉 維 斯 2002	he is using blogging to strengthen students' knowledge and their ability to judge students through their immediate internet education to determine what position they are in the text they are writing in their own personal books and to be able to make their own views on specific topics olympic2002	appropriate use of blogs can empower students to become more analytical and critical; through actively responding to internet materials students can define their positions in the context of others' writings as well as outline their own perspectives on particular issues oravec 2002
奧 利 佛 ‧薩 克 斯 在 他 的 文 章 〈總 統 的 演 講 〉中 指 出 因 為 腦 部 受 損 而 無 法 理 解 演 講 內 容 的 人 仍 然 可 以 準 確 感 受 到 演 講 者 的 誠 意	howley-fersahas in his speech as president said that because the old man was elected he was still able to accurately feel the sincerity of the speaker	oliver sacks in his paper the president's speech indicated how people who are unable to understand speech because of brain damage are nevertheless able to assess sincerity accurately
奧 利 佛 ‧薩 克 斯 在 他 的 文 章 〈總 統 的 演 講 〉中 指 出 因 為 腦 部 受 損 而 無 法 理 解 演 講 內 容 的 人 仍 然 可 以 準 確 感 受 到 演 講 者 的 誠 意	howley-fersahas in his speech as president said that because the old man was elected he was still able to accurately feel the sincerity of the speaker	oliver sacks in his paper the president's speech indicated how people who are unable to understand speech because of brain damage are nevertheless able to assess sincerity accurately
自 由 派 對 推 動 重 建 的 批 評 主 要 在 於 重 建 合 約 犒 賞 了 一 般 認 為 的 華 府 圈 內 人	the only way to re-enter the party is to re-increase the general image of the painter's circle	liberal criticism of the reconstruction effort has focused on the awarding of reconstruction contracts to perceived washington insiders
自 由 派 對 推 動 重 建 的 批 評 主 要 在 於 重 建 合 約 犒 賞 了 一 般 認 為 的 華 府 圈 內 人	the only way to re-enter the party is to re-increase the general image of the painter's circle	liberal criticism of the reconstruction effort has focused on the awarding of reconstruction contracts to perceived washington insiders
通 常 會 一 直 聽 到 遊 客 和 攤 販 的 聲 音 聲 光 交 織 的 故 事 宛 如 一 本 故 事 書	it is often heard by tourists and visitors that the story of starlight is a story of a kind	usually you always here the sound of tourists and vendors the story of the sound and light is just like a story book
結 果 兩 種 魚 類 已 經 滅 絕 而 包 括 隆 背 骨 尾 魚 在 內 的 其 他 兩 種 則 瀕 臨 滅 絕	the result was two fish had been killed including a long-tailed fish and two other dead fish	as a result two fish species have become extinct and two others have become endangered including the humpback chub
結 果 兩 種 魚 類 已 經 滅 絕 而 包 括 隆 背 骨 尾 魚 在 內 的 其 他 兩 種 則 瀕 臨 滅 絕	the result was two fish had been killed including a long-tailed fish and two other dead fish	as a result two fish species have become extinct and two others have become endangered including the humpback chub
取 消 政 策 各 家 不 同 但 三 月 底 後 大 多 數 因 新 冠 病 毒 所 設 的 取 消 政 策 並 沒 有 延 長 到 2020 年 七 月 亦 即 原 定 舉 辦 奧 運 的 日 期	the country was different from the government but most of the life-form diseases after march did not last until september 2020 to determine the day of the olympic olympic	cancellation policies vary but as of late march most coronavirus-based cancellation policies don't extend to july 2020 when the olympics had been scheduled
首 先 大 部 份 的 騎 士 都 穿 著 有 鞋 跟 且 鞋 底 平 滑 狹 窄 的 馬 靴	first most of the rides are made of a pair of shoes with a flat sole and a flat sole	first most riders wear riding boots with a heel and a smooth quite narrow sole
首 先 大 部 份 的 騎 士 都 穿 著 有 鞋 跟 且 鞋 底 平 滑 狹 窄 的 馬 靴	first most of the rides are made of a pair of shoes with a flat sole and a flat sole	first most riders wear riding boots with a heel and a smooth quite narrow sole
有 人 說 形 成 香 港 天 際 線 的 一 整 排 建 築 物 在 維 多 利 亞 港 海 水 的 襯 托 下 就 像 光 輝 閃 亮 的 長 條 圖	some said that the whole population of the hong kong skyline in the vietnamese river was covered in a white sand	the parade of buildings that make the hong kong skyline has been likened to a glittering bar chart that is made apparent by the presence of the waters of victoria harbour
有 人 說 形 成 香 港 天 際 線 的 一 整 排 建 築 物 在 維 多 利 亞 港 海 水 的 襯 托 下 就 像 光 輝 閃 亮 的 長 條 圖	some said that the whole population of the hong kong skyline in the vietnamese river was covered in a white sand	the parade of buildings that make the hong kong skyline has been likened to a glittering bar chart that is made apparent by the presence of the waters of victoria harbour
傳 統 上 海 軍 的 任 務 是 確 保 國 家 可 安 穩 地 轉 移 人 民 和 貨 物 同 時 干 擾 敵 國 轉 移 人 員 和 貨 物 的 作 業	in the traditional sea-vacation mission was to ensure that the country is safe from being moved by people and goods while disturbing the work of the people and goods	the job of navies has traditionally been to ensure that your country maintains the ability to move your people and goods while at the same time interfering with your enemy's ability to move his people and goods
傳 統 上 海 軍 的 任 務 是 確 保 國 家 可 安 穩 地 轉 移 人 民 和 貨 物 同 時 干 擾 敵 國 轉 移 人 員 和 貨 物 的 作 業	in the traditional sea-vacation mission was to ensure that the country is safe from being moved by people and goods while disturbing the work of the people and goods	the job of navies has traditionally been to ensure that your country maintains the ability to move your people and goods while at the same time interfering with your enemy's ability to move his people and goods
先 前 在 全 球 推 出 的 華 碩 eee pc 兼 顧 了 精 省 與 功 能 性 等 要 素 這 款 電 腦 已 成 為 2007 年 台 北 資 訊 月 的 熱 門 話 題	the previously-purchased wasp ee pc with a high-quality and functional cost-quality computer to become a full-time topic in the north taiwan region of 2007	asus eee pc earlier launched world-wide for cost-saving and functionality factors became a hot topic in 2007 taipei it month
先 前 在 全 球 推 出 的 華 碩 eee pc 兼 顧 了 精 省 與 功 能 性 等 要 素 這 款 電 腦 已 成 為 2007 年 台 北 資 訊 月 的 熱 門 話 題	the previously-purchased wasp ee pc with a high-quality and functional cost-quality computer to become a full-time topic in the north taiwan region of 2007	asus eee pc earlier launched world-wide for cost-saving and functionality factors became a hot topic in 2007 taipei it month
它 指 出 將 圖 像 垂 直 和 水 平 三 等 分 後 線 條 的 交 點 便 是 拍 攝 主 體 最 有 效 的 位 置 見 範 例	he pointed out the point of view of the cross-sectional and the water-level three-dimensional cross-sectional cross-sectional cross-sectional cross-sectional cross-sectional cross-sectional cross-sectional cross-sectional cross-sectional cross-sectional cross-sectional cross-sectional cross-sectional cross-sectional cross-sectional cross-sectional cross-sectional cross-sectional cross-sectional cross-sectional cross-sectional cross-sectional cross-sectional cross-sectional cross-sectional cross-section	it states that the most effective place for the main subject is at the intersection of lines dividing the image into thirds vertically and horizontally see example
它 指 出 將 圖 像 垂 直 和 水 平 三 等 分 後 線 條 的 交 點 便 是 拍 攝 主 體 最 有 效 的 位 置 見 範 例	he pointed out the point of view of the cross-sectional and the water-level three-dimensional cross-sectional cross-sectional cross-sectional cross-sectional cross-sectional cross-sectional cross-sectional cross-sectional cross-sectional cross-sectional cross-sectional cross-sectional cross-sectional cross-sectional cross-sectional cross-sectional cross-sectional cross-sectional cross-sectional cross-sectional cross-sectional cross-sectional cross-sectional cross-sectional cross-sectional cross-section	it states that the most effective place for the main subject is at the intersection of lines dividing the image into thirds vertically and horizontally see example
問 題 是 因 為 無 法 百 分 之 百 預 測 駕 駛 習 慣 所 以 研 究 交 通 流 量 非 常 困 難	the problem is that there is no way to get rid of the traffic flow in the eight percent rate of the traffic	unfortunately studying traffic flow is difficult because driver behavior cannot be predicted with one-hundred percent certainty
問 題 是 因 為 無 法 百 分 之 百 預 測 駕 駛 習 慣 所 以 研 究 交 通 流 量 非 常 困 難	the problem is that there is no way to get rid of the traffic flow in the eight percent rate of the traffic	unfortunately studying traffic flow is difficult because driver behavior cannot be predicted with one-hundred percent certainty
「safari」一 詞 普 遍 是 指 欣 賞 壯 麗 的 非 洲 野 生 動 植 物 特 別 是 草 原 動 植 物 的 陸 上 旅 行	safari is a popular tourist destination in africa where tourists can enjoy their nightlife especially in the winter	the term safari in popular use refers to overland travel to view the stunning african wildlife particularly on savanna
「safari」一 詞 普 遍 是 指 欣 賞 壯 麗 的 非 洲 野 生 動 植 物 特 別 是 草 原 動 植 物 的 陸 上 旅 行	safari is a popular tourist destination in africa where tourists can enjoy their nightlife especially in the winter	the term safari in popular use refers to overland travel to view the stunning african wildlife particularly on savanna
身 心 越 放 鬆 擁 有 的 生 命 力 就 越 強 每 個 人 都 有 潛 力 找 到 絕 對 的 平 和 與 滿 足	the more relaxed the body the more powerful the life is and everyone has the potential to find peace and satisfaction	the lower the tension the more positive the life force present every person has the potential to find absolute peace and contentment
電 視 報 導 顯 示 有 白 煙 從 核 電 廠 中 冒 出	the news showed white smoke had been out of the nuclear power plant	television reports show white smoke coming from the plant
電 視 報 導 顯 示 有 白 煙 從 核 電 廠 中 冒 出	the news showed white smoke had been out of the nuclear power plant	television reports show white smoke coming from the plant
若 是 在 冬 季 穿 越 北 波 羅 的 海 請 確 認 您 艙 房 的 位 置 因 為 對 受 影 響 最 嚴 重 的 艙 房 穿 過 浮 冰 會 產 生 非 常 可 怕 的 噪 音	if you are in the east bay of the bay you are in the position of the window to have the worst impact on the enemy's window the enemy will be very scared of grass	if crossing the northern baltic in winter check the cabin location as going through ice causes quite horrible noise for those most affected
問 題 是 因 為 無 法 百 分 之 百 預 測 駕 駛 習 慣 所 以 研 究 交 通 流 量 非 常 困 難	the problem is that because there are no 100% of the waste the flow of the waste is very difficult to study	unfortunately studying traffic flow is difficult because driver behavior cannot be predicted with one-hundred percent certainty
問 題 是 因 為 無 法 百 分 之 百 預 測 駕 駛 習 慣 所 以 研 究 交 通 流 量 非 常 困 難	the problem is that because there are no 100% of the waste the flow of the waste is very difficult to study	unfortunately studying traffic flow is difficult because driver behavior cannot be predicted with one-hundred percent certainty
德 基 西 納 夫 人 在 阿 根 廷 劇 院 宣 佈 有 意 競 選 總 統 這 裡 也 是 她 在 2005 年 投 入 參 議 院 選 戰 、欲 成 為 布 宜 諾 斯 艾 利 斯 省 代 表 團 一 員 時 的 起 點	the senator was elected as president of the aginting congress which was his first presidential campaign in 2005 to become the first point of the pro-norsi-canada congress	mrs kirchner announced her intention to run for president at the argentine theatre the same location she used to start her 2005 campaign for the senate as member of the buenos aires province delegation
巴 黎 人 有 著 自 我 中 心 、無 禮 與 自 大 的 惡 名	parijan is a great name for my heart and mind	parisians have a reputation for being egocentric rude and arrogant
巴 黎 人 有 著 自 我 中 心 、無 禮 與 自 大 的 惡 名	parijan is a great name for my heart and mind	parisians have a reputation for being egocentric rude and arrogant
熱 巧 克 力 的 水 準 符 合 比 利 時 標 準 果 汁 很 貴 但 非 常 好 喝	the water level of the hot water tank is very good for your standard quality equipment	the hot chocolate is up to belgian standards fruit juices are pricey but excellent
熱 巧 克 力 的 水 準 符 合 比 利 時 標 準 果 汁 很 貴 但 非 常 好 喝	the water level of the hot water tank is very good for your standard quality equipment	the hot chocolate is up to belgian standards fruit juices are pricey but excellent
部 落 格 也 有 助 於 提 高 學 生 的 寫 作 能 力 雖 然 學 生 常 以 草 率 馬 虎 的 文 法 和 拼 寫 開 始 他 們 的 部 落 格 體 驗 但 因 為 有 讀 者 的 存 在 所 以 一 般 可 以 改 變 這 點	boleca also has the ability to provide students with the ability to read the language and comment on the books they are reading but because they have their own existence they can generally change the point	blogs can also help improve student writing while students often begin their blog experience with sloppy grammar and spelling the presence of an audience generally changes that
部 落 格 也 有 助 於 提 高 學 生 的 寫 作 能 力 雖 然 學 生 常 以 草 率 馬 虎 的 文 法 和 拼 寫 開 始 他 們 的 部 落 格 體 驗 但 因 為 有 讀 者 的 存 在 所 以 一 般 可 以 改 變 這 點	boleca also has the ability to provide students with the ability to read the language and comment on the books they are reading but because they have their own existence they can generally change the point	blogs can also help improve student writing while students often begin their blog experience with sloppy grammar and spelling the presence of an audience generally changes that
且 在 革 命 之 後 各 種 職 缺 都 開 放 給 所 有 主 動 求 職 的 男 性 讓 最 有 意 願 和 成 就 者 得 以 接 掌	after the race all races were open to all the men who were in the race to get the best of the event and the winner	also after the revolution occupations were open to all male applicants allowing the most ambitious and successful to succeed
且 在 革 命 之 後 各 種 職 缺 都 開 放 給 所 有 主 動 求 職 的 男 性 讓 最 有 意 願 和 成 就 者 得 以 接 掌	after the race all races were open to all the men who were in the race to get the best of the event and the winner	also after the revolution occupations were open to all male applicants allowing the most ambitious and successful to succeed
如 果 你 想 近 距 離 觀 賞 活 動 你 必 須 提 早 進 去 找 到 一 個 靠 近 音 樂 演 奏 的 露 營 地 點	if you are near a concert you have to go in early to find a more musical destination	if you want to be close to the action you're going to have to get in early to get a camping site close to the music
如 果 你 想 近 距 離 觀 賞 活 動 你 必 須 提 早 進 去 找 到 一 個 靠 近 音 樂 演 奏 的 露 營 地 點	if you are near a concert you have to go in early to find a more musical destination	if you want to be close to the action you're going to have to get in early to get a camping site close to the music
熱 門 運 動 包 括 足 球 、籃 球 、排 球 、水 球 、擊 劍 、橄 欖 球 、自 行 車 、冰 上 曲 棍 球 、直 排 輪 曲 棍 球 和 f1 賽 車	the sport includes a group of basketball players who play basketball with a speed limit of 1m2s and a f1 car with a speed limit of 2m2s and a speed limit of 1m2s	popular sports include football basketball volleyball water-polo fencing rugby cycling ice hockey roller hockey and f1 motor racing
熱 門 運 動 包 括 足 球 、籃 球 、排 球 、水 球 、擊 劍 、橄 欖 球 、自 行 車 、冰 上 曲 棍 球 、直 排 輪 曲 棍 球 和 f1 賽 車	the sport includes a group of basketball players who play basketball with a speed limit of 1m2s and a f1 car with a speed limit of 2m2s and a speed limit of 1m2s	popular sports include football basketball volleyball water-polo fencing rugby cycling ice hockey roller hockey and f1 motor racing
卡 薩 布 蘭 卡 是 全 摩 洛 哥 境 內 最 無 趣 的 購 物 處 之 一	cajabralcan is one of the most boring relics in the monorocan	casablanca is one of the least interesting places to shop in all of morocco
卡 薩 布 蘭 卡 是 全 摩 洛 哥 境 內 最 無 趣 的 購 物 處 之 一	cajabralcan is one of the most boring relics in the monorocan	casablanca is one of the least interesting places to shop in all of morocco
格 陵 蘭 島 上 人 煙 稀 少 在 北 歐 史 詩 中 紅 髮 艾 瑞 克 因 謀 殺 被 逐 出 冰 島 當 他 往 更 遠 的 西 邊 去 時 發 現 了 格 陵 蘭 島 並 為 它 取 了 這 個 名 字	the greek island was still small in the north australian region and was inhabited by the arian mosa when it discovered the greek island and named it after it	greenland was settled sparsely in the norse sagas they say that erik the red was exiled from iceland for murder and when travelling further west found greenland and named it greenland
格 陵 蘭 島 上 人 煙 稀 少 在 北 歐 史 詩 中 紅 髮 艾 瑞 克 因 謀 殺 被 逐 出 冰 島 當 他 往 更 遠 的 西 邊 去 時 發 現 了 格 陵 蘭 島 並 為 它 取 了 這 個 名 字	the greek island was still small in the north australian region and was inhabited by the arian mosa when it discovered the greek island and named it after it	greenland was settled sparsely in the norse sagas they say that erik the red was exiled from iceland for murder and when travelling further west found greenland and named it greenland
古 代 中 國 使 用 獨 特 的 方 式 來 表 示 不 同 的 時 期 ；中 國 的 各 個 階 段 或 掌 權 的 各 家 族 都 屬 於 截 然 不 同 的 王 朝	the ancient chinese used unique ways to show different periods the sections and lengths of china's borders and powers were all different sides of the empire	ancient china had a unique way of showing different time periods each stage of china or each family that was in power was a distinctive dynasty
古 代 中 國 使 用 獨 特 的 方 式 來 表 示 不 同 的 時 期 ；中 國 的 各 個 階 段 或 掌 權 的 各 家 族 都 屬 於 截 然 不 同 的 王 朝	the ancient chinese used unique ways to show different periods the sections and lengths of china's borders and powers were all different sides of the empire	ancient china had a unique way of showing different time periods each stage of china or each family that was in power was a distinctive dynasty
此 格 式 的 長 寬 比 除 以 12以 獲 得 最 簡 單 整 數 比 因 此 稱 為 3:2	the length of the square is greater than 22 and is more simple than 3 than 2	the aspect ratio of this format dividing by twelve to obtain the simplest whole-number ratio is therefore said to be 3:2
此 格 式 的 長 寬 比 除 以 12以 獲 得 最 簡 單 整 數 比 因 此 稱 為 3:2	the length of the square is greater than 22 and is more simple than 3 than 2	the aspect ratio of this format dividing by twelve to obtain the simplest whole-number ratio is therefore said to be 3:2
澳 洲 的 米 切 爾 ‧古 爾 利 mitchell gourley 在 男 子 站 姿 超 級 大 迴 轉 排 名 第 十 一 來 自 捷 克 的 競 爭 對 手 奧 德 里 奇 ·耶 利 內 克 oldrich jelinek 則 在 男 子 坐 姿 超 級 大 迴 轉 項 目 排 名 第 十 六 名	michael of australia was the first to win the 11th place in the over-the-dark round of the men's station and the next-tenner was the 16th place in the over-the-dark round of the men's station	australia's mitchell gourley finished eleventh in the men's standing super-g czech competitor oldrich jelinek finished sixteenth in the men's sitting super-g
澳 洲 的 米 切 爾 ‧古 爾 利 mitchell gourley 在 男 子 站 姿 超 級 大 迴 轉 排 名 第 十 一 來 自 捷 克 的 競 爭 對 手 奧 德 里 奇 ·耶 利 內 克 oldrich jelinek 則 在 男 子 坐 姿 超 級 大 迴 轉 項 目 排 名 第 十 六 名	michael of australia was the first to win the 11th place in the over-the-dark round of the men's station and the next-tenner was the 16th place in the over-the-dark round of the men's station	australia's mitchell gourley finished eleventh in the men's standing super-g czech competitor oldrich jelinek finished sixteenth in the men's sitting super-g
加 州 州 長 阿 諾 ‧史 瓦 辛 格 簽 署 一 項 法 案 禁 止 販 賣 暴 力 電 動 遊 戲 給 未 成 年	the african state of africa signed a law that allowed the purchase of electric games to last for a year	california governor arnold schwarzenegger signed into law a bill that bans the sale or rental of violent video games to minors
加 州 州 長 阿 諾 ‧史 瓦 辛 格 簽 署 一 項 法 案 禁 止 販 賣 暴 力 電 動 遊 戲 給 未 成 年	the african state of africa signed a law that allowed the purchase of electric games to last for a year	california governor arnold schwarzenegger signed into law a bill that bans the sale or rental of violent video games to minors
巴 黎 人 有 著 自 我 中 心 、無 禮 與 自 大 的 惡 名	the brazilian has a nameless and grand center of self-pity	parisians have a reputation for being egocentric rude and arrogant
巴 黎 人 有 著 自 我 中 心 、無 禮 與 自 大 的 惡 名	the brazilian has a nameless and grand center of self-pity	parisians have a reputation for being egocentric rude and arrogant
同 樣 的 如 持 有 申 根 簽 證 你 就 不 需 要 分 別 申 請 每 個 申 根 會 員 國 的 簽 證 從 而 節 省 了 時 間 、金 錢 和 文 書 作 業	the same place has new funding you don't have to apply for a new national funding from the time you have to go to work and work	similarly by having a schengen visa you do not need to apply for visas to each of the schengen member countries separately hence saving time money and paperwork
同 樣 的 如 持 有 申 根 簽 證 你 就 不 需 要 分 別 申 請 每 個 申 根 會 員 國 的 簽 證 從 而 節 省 了 時 間 、金 錢 和 文 書 作 業	the same place has new funding you don't have to apply for a new national funding from the time you have to go to work and work	similarly by having a schengen visa you do not need to apply for visas to each of the schengen member countries separately hence saving time money and paperwork
他 補 充 道 ：「然 而 不 應 該 要 求 他 們 承 擔 超 出 其 發 展 階 段 、責 任 和 能 力 的 義 務 」	taboo is still not required to expect a full-blown development phase to be possible and possible	he added that they should not however be asked to take on obligations that go beyond their development stage responsibility and capabilities
他 補 充 道 ：「然 而 不 應 該 要 求 他 們 承 擔 超 出 其 發 展 階 段 、責 任 和 能 力 的 義 務 」	taboo is still not required to expect a full-blown development phase to be possible and possible	he added that they should not however be asked to take on obligations that go beyond their development stage responsibility and capabilities
獅 子 是 最 群 居 性 的 貓 科 生 活 在 名 為 獅 群 的 大 團 體 中	cite is the most vulnerable species to live in the name of the group	lions are the most social cats living in large groups called prides
獅 子 是 最 群 居 性 的 貓 科 生 活 在 名 為 獅 群 的 大 團 體 中	cite is the most vulnerable species to live in the name of the group	lions are the most social cats living in large groups called prides
1940 年 8 月 15 日 同 盟 國 進 攻 法 國 南 部 史 稱 「龍 騎 兵 行 動 」	the march was held on march 15 1940 in the french southern part of montian	on 15 august 1940 the allies invaded southern france the invasion was called operation dragoon
除 了 上 方 晴 朗 美 麗 的 天 空 和 周 圍 群 山 其 他 什 麼 都 看 不 到 ；洞 穴 內 部 只 能 看 到 或 聽 到 一 小 部 分 的 世 界	besides the sky in the sky and the mountains around you only see or hear a small part of the world in winter	nothing can be seen other than the clear beautiful sky above and the many surrounding mountains very little of this world can be seen or heard from inside the cave
除 了 上 方 晴 朗 美 麗 的 天 空 和 周 圍 群 山 其 他 什 麼 都 看 不 到 ；洞 穴 內 部 只 能 看 到 或 聽 到 一 小 部 分 的 世 界	besides the sky in the sky and the mountains around you only see or hear a small part of the world in winter	nothing can be seen other than the clear beautiful sky above and the many surrounding mountains very little of this world can be seen or heard from inside the cave
最 方 便 取 用 的 植 物 資 源 應 是 葉 子 和 莢 豆 中 可 取 得 的 蛋 白 質 但 除 非 經 過 烹 調 不 然 對 像 我 們 這 樣 的 靈 長 類 動 物 來 說 它 們 很 難 消 化	the most convenient thing to do is to get rid of the white spots that are found in leaves and leaves but not through the stalks which are hard to digest in such a kind of animal like us	the most readily accessible plant resources would have been the proteins accessible in leaves and legumes but these are hard for primates like us to digest unless they are cooked
最 方 便 取 用 的 植 物 資 源 應 是 葉 子 和 莢 豆 中 可 取 得 的 蛋 白 質 但 除 非 經 過 烹 調 不 然 對 像 我 們 這 樣 的 靈 長 類 動 物 來 說 它 們 很 難 消 化	the most convenient thing to do is to get rid of the white spots that are found in leaves and leaves but not through the stalks which are hard to digest in such a kind of animal like us	the most readily accessible plant resources would have been the proteins accessible in leaves and legumes but these are hard for primates like us to digest unless they are cooked
穆 罕 默 德 對 於 超 脫 這 個 世 俗 世 界 的 事 物 深 感 興 趣 他 常 去 「努 爾 」光 山 上 一 個 叫 做 「西 拉 hira」的 洞 穴 冥 想	it is a rare sight to see in a super-duper world it is often seen as a satellite image of the eastern moon of the sun	muhammad was deeply interested in matters beyond this mundane life. he used to frequent a cave that became known as  hira‘” on the mountain of  noor” light for contemplation
穆 罕 默 德 對 於 超 脫 這 個 世 俗 世 界 的 事 物 深 感 興 趣 他 常 去 「努 爾 」光 山 上 一 個 叫 做 「西 拉 hira」的 洞 穴 冥 想	it is a rare sight to see in a super-duper world it is often seen as a satellite image of the eastern moon of the sun	muhammad was deeply interested in matters beyond this mundane life. he used to frequent a cave that became known as  hira‘” on the mountain of  noor” light for contemplation
他 們 先 釋 放 了 包 括 小 孩 與 老 人 在 內 的 六 名 人 質 如 同 菲 律 賓 籍 的 攝 影 師 那 樣	they first released a small show in the greenland where the philippines' photographer was	six hostages including the children and elderly were released early as were the filipino photographers
寫 部 落 格 是 一 種 啟 發 合 作 的 工 具 可 以 鼓 勵 學 生 將 學 習 遠 遠 延 伸 到 傳 統 的 學 校 生 活 之 外	sépoloc is a tool for developing cooperation to encourage students to stay away from traditional school life	blogging is a tool that inspires collaboration and encourages students to extend learning well beyond the traditional school day
寫 部 落 格 是 一 種 啟 發 合 作 的 工 具 可 以 鼓 勵 學 生 將 學 習 遠 遠 延 伸 到 傳 統 的 學 校 生 活 之 外	sépoloc is a tool for developing cooperation to encourage students to stay away from traditional school life	blogging is a tool that inspires collaboration and encourages students to extend learning well beyond the traditional school day
摩 洛 哥 蘇 丹 重 建 了 這 座 城 市 取 名 「達 魯 i 巴 迪 亞 」而 「卡 薩 布 蘭 卡 」則 是 在 此 建 立 貿 易 基 地 的 西 班 牙 貿 易 商 為 它 取 的 名 稱	molokosodan was once again known as the town of daulabdia and casablanca which was the name of the city's first archbishop of the southeastern region	the moroccan sultan rebuilt the city as daru l-badya and it was given the name casablanca by spanish traders who established trading bases there
摩 洛 哥 蘇 丹 重 建 了 這 座 城 市 取 名 「達 魯 i 巴 迪 亞 」而 「卡 薩 布 蘭 卡 」則 是 在 此 建 立 貿 易 基 地 的 西 班 牙 貿 易 商 為 它 取 的 名 稱	molokosodan was once again known as the town of daulabdia and casablanca which was the name of the city's first archbishop of the southeastern region	the moroccan sultan rebuilt the city as daru l-badya and it was given the name casablanca by spanish traders who established trading bases there
然 而 這 些 計 畫 在 一 夜 之 間 全 都 報 廢 了 超 過 80 萬 名 蘇 聯 紅 軍 違 反 《里 加 和 約 》、《波 蘇 互 不 侵 犯 協 定 》和 其 它 雙 邊 與 多 邊 的 國 際 協 定 入 侵 波 蘭 東 部 並 在 隨 後 進 入 白 俄 羅 斯 與 烏 克 蘭 形 成 白 俄 羅 斯 與 烏 克 蘭 戰 線	these events have been reported overnight over 800,000 soldiers were evacuated and the river was not encircled and the surrounding countries were encircled into the port of poland and a hundred o'clock in the afternoon a hundred o'clock in the evening	however these plans were rendered obsolete nearly overnight when over 800,000 soldiers from the soviet's union red army entered and created the belarussian and ukrainian fronts after invading the eastern regions of poland in violation of the riga peace treaty the soviet-polish non-aggression pact and other international treaties both bilateral and multilateral
植 物 透 過 光 合 作 用 從 陽 光 中 獲 取 養 分 植 物 同 時 也 能 提 供 遮 蔽	the optical cooperation between the object and the object is combined with the light in the sunlight to make a light	plants make their food from the sun by photosynthesis they also provide shade
植 物 透 過 光 合 作 用 從 陽 光 中 獲 取 養 分 植 物 同 時 也 能 提 供 遮 蔽	the optical cooperation between the object and the object is combined with the light in the sunlight to make a light	plants make their food from the sun by photosynthesis they also provide shade
義 大 利 語 也 是 該 國 大 部 分 工 作 人 口 平 常 使 用 的 語 言 拉 丁 語 則 多 半 在 宗 教 儀 式 中 使 用	 italian is also a language that most of the workers use most often the language is mostly used in religious ceremonies	italian is also the everyday language used by most of those who work in the state while latin is often used in religious ceremonies
義 大 利 語 也 是 該 國 大 部 分 工 作 人 口 平 常 使 用 的 語 言 拉 丁 語 則 多 半 在 宗 教 儀 式 中 使 用	 italian is also a language that most of the workers use most often the language is mostly used in religious ceremonies	italian is also the everyday language used by most of those who work in the state while latin is often used in religious ceremonies
他 們 先 釋 放 了 包 括 小 孩 與 老 人 在 內 的 六 名 人 質 如 同 菲 律 賓 籍 的 攝 影 師 那 樣	they are the same as the pictures of the philippines who were the victims of the small river flow	six hostages including the children and elderly were released early as were the filipino photographers
宇 宙 中 的 所 有 事 物 皆 由 物 質 構 成 而 所 有 物 質 皆 由 稱 為 原 子 的 微 小 粒 子 構 成	all of the universe is a matter of material composition and all matter is a matter of small particles	everything in the universe is made of matter all matter is made of tiny particles called atoms
宇 宙 中 的 所 有 事 物 皆 由 物 質 構 成 而 所 有 物 質 皆 由 稱 為 原 子 的 微 小 粒 子 構 成	all of the universe is a matter of material composition and all matter is a matter of small particles	everything in the universe is made of matter all matter is made of tiny particles called atoms
畫 面 呈 現 在 金 字 塔 上 燈 光 則 點 亮 了 其 他 金 字 塔	the screen displays the light point on the tabletop and other tablets	the scenes are displayed on the pyramids and the different pyramids are lit up
畫 面 呈 現 在 金 字 塔 上 燈 光 則 點 亮 了 其 他 金 字 塔	the screen displays the light point on the tabletop and other tablets	the scenes are displayed on the pyramids and the different pyramids are lit up
咖 哩 是 以 藥 草 和 香 料 為 底 加 上 肉 類 或 蔬 菜 的 菜 餚	galicia is known for its herbs and spices and the flavor of the meat and the vegetables	a curry is a dish based on herbs and spices together with either meat or vegetables
咖 哩 是 以 藥 草 和 香 料 為 底 加 上 肉 類 或 蔬 菜 的 菜 餚	galicia is known for its herbs and spices and the flavor of the meat and the vegetables	a curry is a dish based on herbs and spices together with either meat or vegetables
許 多 義 大 利 城 市 和 世 界 上 其 他 地 方 也 有 類 似 的 陳 設 尤 其 是 波 蘭 並 有 為 數 眾 多 的 人 潮 前 來 觀 禮	many italian cities and worlds have similar levels to others especially in the south of the country and are often occupied by many people	in many other cities of italy and in the rest of the world particularly in poland similar setups were made which were viewed by a great number of people
許 多 義 大 利 城 市 和 世 界 上 其 他 地 方 也 有 類 似 的 陳 設 尤 其 是 波 蘭 並 有 為 數 眾 多 的 人 潮 前 來 觀 禮	many italian cities and worlds have similar levels to others especially in the south of the country and are often occupied by many people	in many other cities of italy and in the rest of the world particularly in poland similar setups were made which were viewed by a great number of people
睡 眠 中 斷 意 指 刻 意 在 一 般 的 睡 眠 期 間 醒 來 又 在 短 時 間 內 10-60 分 鐘 後 入 睡 的 過 程	the end of the sleep means that the night is awake and the process of getting into sleep is 10 to 60 minutes after the short time	sleep interruption is the process of purposefully awakening during your normal sleep period and falling asleep a short time later 10–60 minutes
睡 眠 中 斷 意 指 刻 意 在 一 般 的 睡 眠 期 間 醒 來 又 在 短 時 間 內 10-60 分 鐘 後 入 睡 的 過 程	the end of the sleep means that the night is awake and the process of getting into sleep is 10 to 60 minutes after the short time	sleep interruption is the process of purposefully awakening during your normal sleep period and falling asleep a short time later 10–60 minutes
意 外 發 生 後 吉 布 森 被 送 往 醫 院 但 不 久 後 便 身 亡	after the incident the police were sent to the hospital but were not released after	after the accident occurred gibson was transported to a hospital but died shortly afterwards
北 馬 里 亞 納 群 島 緊 急 管 理 處 表 示 沒 有 收 到 國 內 的 損 傷 回 報	pamari arabian authorities said there was no national damage report	the northern marianas emergency management office said that there were no damages reported in the nation
北 馬 里 亞 納 群 島 緊 急 管 理 處 表 示 沒 有 收 到 國 內 的 損 傷 回 報	pamari arabian authorities said there was no national damage report	the northern marianas emergency management office said that there were no damages reported in the nation
歐 洲 大 陸 雖 然 相 對 較 小 但 卻 存 在 許 多 獨 立 國 家 一 般 情 況 下 在 數 個 國 家 間 旅 行 代 表 著 必 須 申 請 數 個 簽 證 經 歷 多 次 護 照 檢 查	the european mainland is relatively small but has many independent countries in general a tourist base in the country must be invited by a visa or by a passport check	europe is a continent that is relatively small but with many independent countries under normal circumstances travelling through multiple countries would mean having to go through visa applications and passport control multiple times
歐 洲 大 陸 雖 然 相 對 較 小 但 卻 存 在 許 多 獨 立 國 家 一 般 情 況 下 在 數 個 國 家 間 旅 行 代 表 著 必 須 申 請 數 個 簽 證 經 歷 多 次 護 照 檢 查	the european mainland is relatively small but has many independent countries in general a tourist base in the country must be invited by a visa or by a passport check	europe is a continent that is relatively small but with many independent countries under normal circumstances travelling through multiple countries would mean having to go through visa applications and passport control multiple times
大 家 現 在 都 在 電 腦 螢 幕 上 寫 訊 息 再 也 用 不 到 削 鉛 筆 機 了	you can now write information on your computer without using a pencil	people now write messages on computer screens never having to come close to a sharpener
大 家 現 在 都 在 電 腦 螢 幕 上 寫 訊 息 再 也 用 不 到 削 鉛 筆 機 了	you can now write information on your computer without using a pencil	people now write messages on computer screens never having to come close to a sharpener
北 美 山 區 時 間 下 午 10:00 至 11:00 間 囚 犯 在 庭 院 中 縱 火	the time for north u.s. mountain areas to be turned from 10am to 11am was turned off in the park	between 10:00-11:00 pm mdt a fire was started by the inmates in the yard
北 美 山 區 時 間 下 午 10:00 至 11:00 間 囚 犯 在 庭 院 中 縱 火	the time for north u.s. mountain areas to be turned from 10am to 11am was turned off in the park	between 10:00-11:00 pm mdt a fire was started by the inmates in the yard
根 據 水 下 拓 樸 回 流 的 海 浪 會 集 中 於 少 數 較 深 的 區 域 並 可 能 在 此 產 生 流 向 深 水 區 的 快 速 水 流	dark sea waves are集中于少数較深的区域 并可能再次产生流向深水区的快速水流	due to the underwater topology the return flow is concentrated at a few deeper sections and a fast current to deep water may form there
根 據 水 下 拓 樸 回 流 的 海 浪 會 集 中 於 少 數 較 深 的 區 域 並 可 能 在 此 產 生 流 向 深 水 區 的 快 速 水 流	dark sea waves are集中于少数較深的区域 并可能再次产生流向深水区的快速水流	due to the underwater topology the return flow is concentrated at a few deeper sections and a fast current to deep water may form there
一 位 觀 察 家 將 比 斯 凱 克 描 述 為 陷 入 「無 政 府 狀 態 」因 為 成 群 的 人 們 在 街 上 遊 蕩 搶 劫 零 售 商 店	an observer described the base as a state of affairs because the people on the street were in a meeting room	bishkek was described as sinking into a state of anarchy by one observer as gangs of people roamed the streets and plundered stores of consumer goods
一 位 觀 察 家 將 比 斯 凱 克 描 述 為 陷 入 「無 政 府 狀 態 」因 為 成 群 的 人 們 在 街 上 遊 蕩 搶 劫 零 售 商 店	an observer described the base as a state of affairs because the people on the street were in a meeting room	bishkek was described as sinking into a state of anarchy by one observer as gangs of people roamed the streets and plundered stores of consumer goods
如 同 所 有 南 非 國 家 公 園 這 座 公 園 設 有 日 常 保 育 及 入 場 費	as with all the southern african parks this park is often filled with expenses	as with all south african national parks there are daily conservation and entry fees for the park
如 同 所 有 南 非 國 家 公 園 這 座 公 園 設 有 日 常 保 育 及 入 場 費	as with all the southern african parks this park is often filled with expenses	as with all south african national parks there are daily conservation and entry fees for the park
消 防 隊 最 後 在 晚 間 11:35 撲 滅 火 勢	the group was finally destroyed at 11.35 p.m.	fire rescue crews eventually doused the fire by 11:35 pm
消 防 隊 最 後 在 晚 間 11:35 撲 滅 火 勢	the group was finally destroyed at 11.35 p.m.	fire rescue crews eventually doused the fire by 11:35 pm
現 任 參 議 員 、阿 根 廷 第 一 夫 人 克 莉 絲 汀 娜 ‧費 南 德 茲 ‧德 基 希 納 昨 晚 在 距 離 布 宜 諾 斯 艾 利 斯 50 公 里 31 英 里 的 拉 普 拉 塔 市 宣 布 參 選 總 統	the spokesperson for the first man to be held was dr. henna from finland who was 50 km from the ross-grey lake 31 miles from the leipzig lake	current senator and argentine first lady cristina fernandez de kirchner announced her presidential candidacy yesterday evening in la plata a city 50 kilometers 31 miles away from buenos aires
現 任 參 議 員 、阿 根 廷 第 一 夫 人 克 莉 絲 汀 娜 ‧費 南 德 茲 ‧德 基 希 納 昨 晚 在 距 離 布 宜 諾 斯 艾 利 斯 50 公 里 31 英 里 的 拉 普 拉 塔 市 宣 布 參 選 總 統	the spokesperson for the first man to be held was dr. henna from finland who was 50 km from the ross-grey lake 31 miles from the leipzig lake	current senator and argentine first lady cristina fernandez de kirchner announced her presidential candidacy yesterday evening in la plata a city 50 kilometers 31 miles away from buenos aires
消 防 隊 最 後 在 晚 間 11:35 撲 滅 火 勢	the fire was set at 11.35 p.m.	fire rescue crews eventually doused the fire by 11:35 pm
消 防 隊 最 後 在 晚 間 11:35 撲 滅 火 勢	the fire was set at 11.35 p.m.	fire rescue crews eventually doused the fire by 11:35 pm
先 前 在 全 球 推 出 的 華 碩 eee pc 兼 顧 了 精 省 與 功 能 性 等 要 素 這 款 電 腦 已 成 為 2007 年 台 北 資 訊 月 的 熱 門 話 題	the world's first global launch was the eepc which was the official capacity of the computer to be the official hot topic of the 2007 taiwan news month	asus eee pc earlier launched world-wide for cost-saving and functionality factors became a hot topic in 2007 taipei it month
先 前 在 全 球 推 出 的 華 碩 eee pc 兼 顧 了 精 省 與 功 能 性 等 要 素 這 款 電 腦 已 成 為 2007 年 台 北 資 訊 月 的 熱 門 話 題	the world's first global launch was the eepc which was the official capacity of the computer to be the official hot topic of the 2007 taiwan news month	asus eee pc earlier launched world-wide for cost-saving and functionality factors became a hot topic in 2007 taipei it month
儘 管 有 一 種 實 驗 性 的 疫 苗 顯 示 能 降 低 伊 波 拉 病 毒 的 致 死 率 但 到 目 前 為 止 沒 有 藥 物 明 確 證 實 適 合 治 療 已 受 感 染 的 人	despite a test-based vaccine the death rate of the ebony virus is currently not fully confirmed to be a patient who is suspected of being infected	while one experimental vaccine appears able to reduce ebola mortality up until now no drugs have been clearly demonstrated suitable for treating existing infection
儘 管 有 一 種 實 驗 性 的 疫 苗 顯 示 能 降 低 伊 波 拉 病 毒 的 致 死 率 但 到 目 前 為 止 沒 有 藥 物 明 確 證 實 適 合 治 療 已 受 感 染 的 人	despite a test-based vaccine the death rate of the ebony virus is currently not fully confirmed to be a patient who is suspected of being infected	while one experimental vaccine appears able to reduce ebola mortality up until now no drugs have been clearly demonstrated suitable for treating existing infection
像 鈣 和 鉀 這 樣 的 元 素 被 視 為 金 屬 當 然 也 有 像 銀 和 金 這 樣 的 金 屬	the number of travelers and travelers was considered to be metal of course there was also a silver and metal metal	elements like calcium and potassium are considered metals of course there are also metals like silver and gold
這 些 伴 侶 可 以 選 擇 計 畫 領 養 他 們 的 孩 子	these women can choose to have children or to raise them	these couples may choose to make an adoption plan for their baby
這 些 伴 侶 可 以 選 擇 計 畫 領 養 他 們 的 孩 子	these women can choose to have children or to raise them	these couples may choose to make an adoption plan for their baby
很 早 就 開 始 採 用 軌 枕 將 軌 道 固 定 住 但 漸 漸 地 人 們 發 現 若 鋪 上 鐵 條 軌 道 效 率 較 高	the fort started using spirits to hold the spirits but gradually people discovered that the spirits had a higher effectiveness than the iron	crossties were introduced fairly early to hold the tracks in place gradually however it was realised that tracks would be more efficient if they had a stip of iron on the top
這 套 切 斷 必 要 軍 事 及 民 生 物 資 供 應 的 戰 略 確 實 奏 效 雖 然 這 種 封 鎖 方 式 已 違 反 過 去 兩 個 世 紀 以 來 透 過 多 項 國 際 協 議 所 制 定 且 普 遍 為 各 國 接 受 的 國 際 法 規	this cut was made in the process of forcing military and civil services to accept the internet although this seal was considered to be a two-dimensional origin and was made by international organizations and was widely accepted by international laws	the strategy proved effective cutting off vital military and civilian supplies although this blockade violated generally accepted international law codified by several international agreements of the past two centuries
通 常 把 這 些 事 件 發 生 的 時 代 稱 為 中 古 盛 期 也 就 是 歐 洲 歷 史 的 11、12 和 13 世 紀 西 元 1000–1300 年	the events in the past were often called the ancient period and were the 11th century of the european history the 11th and 13th centuries the age of the 1000s to the 1300s	the age where the events took place is commonly referred as the high middle ages the period of european history in the 11th 12th and 13th centuries ad 1000–1300
通 常 把 這 些 事 件 發 生 的 時 代 稱 為 中 古 盛 期 也 就 是 歐 洲 歷 史 的 11、12 和 13 世 紀 西 元 1000–1300 年	the events in the past were often called the ancient period and were the 11th century of the european history the 11th and 13th centuries the age of the 1000s to the 1300s	the age where the events took place is commonly referred as the high middle ages the period of european history in the 11th 12th and 13th centuries ad 1000–1300
它 是 南 非 的 主 要 景 點 之 一 也 被 視 為 南 非 國 家 公 園 sanparks 的 旗 艦 景 點	it is one of the main attractions of the south and is considered the most popular attraction in the south	it is one of the main attractions of south africa and it is considered the flagship of south african national parks sanparks
它 是 南 非 的 主 要 景 點 之 一 也 被 視 為 南 非 國 家 公 園 sanparks 的 旗 艦 景 點	it is one of the main attractions of the south and is considered the most popular attraction in the south	it is one of the main attractions of south africa and it is considered the flagship of south african national parks sanparks
因 此 組 織 合 力 克 服 障 礙 的 過 程 能 推 動 創 新 過 程 以 滿 足 客 戶 的 需 求	due to the organization's cooperation in the process of promoting the creation of the process of fulfilling the requirements of the customer	as a result the process of an organization working together to overcome an obstacle can lead to a new innovative process to serve the customer's need
因 此 組 織 合 力 克 服 障 礙 的 過 程 能 推 動 創 新 過 程 以 滿 足 客 戶 的 需 求	due to the organization's cooperation in the process of promoting the creation of the process of fulfilling the requirements of the customer	as a result the process of an organization working together to overcome an obstacle can lead to a new innovative process to serve the customer's need
不 用 說 如 果 你 會 一 種 羅 曼 語 系 的 語 言 那 葡 萄 牙 文 對 你 來 說 會 非 常 好 學	no words are very good if you are a native language of romanian language	needless to say if you know a romance language it will be easier for you to learn portuguese
此 格 式 的 長 寬 比 除 以 12以 獲 得 最 簡 單 整 數 比 因 此 稱 為 3:2	the length of the square is 12 which is the simplest length of the square which is called 3-2	the aspect ratio of this format dividing by twelve to obtain the simplest whole-number ratio is therefore said to be 3:2
此 格 式 的 長 寬 比 除 以 12以 獲 得 最 簡 單 整 數 比 因 此 稱 為 3:2	the length of the square is 12 which is the simplest length of the square which is called 3-2	the aspect ratio of this format dividing by twelve to obtain the simplest whole-number ratio is therefore said to be 3:2
當 地 由 法 國 「維 希 」人 vichy 所 統 治 這 些 法 國 人 在 1940 年 與 德 國 人 和 睦 相 處 並 與 侵 略 者 合 作 而 非 對 抗	when the french ruled the greek people in 1940 and the german alliance met and cooperated with the invaders	it was ruled by the vichy french these were french people who had made peace with the germans in 1940 and worked with the invaders instead of fighting them
當 地 由 法 國 「維 希 」人 vichy 所 統 治 這 些 法 國 人 在 1940 年 與 德 國 人 和 睦 相 處 並 與 侵 略 者 合 作 而 非 對 抗	when the french ruled the greek people in 1940 and the german alliance met and cooperated with the invaders	it was ruled by the vichy french these were french people who had made peace with the germans in 1940 and worked with the invaders instead of fighting them
意 外 發 生 後 吉 布 森 被 送 往 醫 院 但 不 久 後 便 身 亡	after the accident the body was sent to the hospital but was later dead	after the accident occurred gibson was transported to a hospital but died shortly afterwards
像 鈣 和 鉀 這 樣 的 元 素 被 視 為 金 屬 當 然 也 有 像 銀 和 金 這 樣 的 金 屬	the number of accounts and accounts was considered to be gold of course there were also accounts of money and gold	elements like calcium and potassium are considered metals of course there are also metals like silver and gold
女 性 ：建 議 所 有 女 性 遊 客 不 論 實 際 的 婚 姻 狀 況 為 何 都 自 稱 已 婚	women all women have a right to know why the actual marriage is in the right state	women it is recommended that any women travellers say that they are married regardless of actual marital status
女 性 ：建 議 所 有 女 性 遊 客 不 論 實 際 的 婚 姻 狀 況 為 何 都 自 稱 已 婚	women all women have a right to know why the actual marriage is in the right state	women it is recommended that any women travellers say that they are married regardless of actual marital status
傳 統 上 海 軍 的 任 務 是 確 保 國 家 可 安 穩 地 轉 移 人 民 和 貨 物 同 時 干 擾 敵 國 轉 移 人 員 和 貨 物 的 作 業	in traditional the navy's mission is to ensure that the country is safe from the transfer of people and goods while disturbing the transfer of people and goods	the job of navies has traditionally been to ensure that your country maintains the ability to move your people and goods while at the same time interfering with your enemy's ability to move his people and goods
傳 統 上 海 軍 的 任 務 是 確 保 國 家 可 安 穩 地 轉 移 人 民 和 貨 物 同 時 干 擾 敵 國 轉 移 人 員 和 貨 物 的 作 業	in traditional the navy's mission is to ensure that the country is safe from the transfer of people and goods while disturbing the transfer of people and goods	the job of navies has traditionally been to ensure that your country maintains the ability to move your people and goods while at the same time interfering with your enemy's ability to move his people and goods
女 子 坐 式 團 體 中 有 四 位 滑 雪 者 未 能 完 成 比 賽 在 大 迴 轉 賽 的 117 位 滑 雪 者 中 有 45 位 未 在 比 賽 中 獲 得 排 名	in the group of women there are four athletes who have not finished the game and in the 117 athletes in the grand final there are 45 who have not won the game	four skiers in the women's sitting group failed to finish their runs and 45 of the 117 total skiers in the giant slalom failed to rank in the race
女 子 坐 式 團 體 中 有 四 位 滑 雪 者 未 能 完 成 比 賽 在 大 迴 轉 賽 的 117 位 滑 雪 者 中 有 45 位 未 在 比 賽 中 獲 得 排 名	in the group of women there are four athletes who have not finished the game and in the 117 athletes in the grand final there are 45 who have not won the game	four skiers in the women's sitting group failed to finish their runs and 45 of the 117 total skiers in the giant slalom failed to rank in the race
它 已 為 我 們 帶 來 火 車 、汽 車 及 其 他 運 輸 裝 置	he brought cars and other equipment for us	it has brought us the train the car and many other transportation devices
它 已 為 我 們 帶 來 火 車 、汽 車 及 其 他 運 輸 裝 置	he brought cars and other equipment for us	it has brought us the train the car and many other transportation devices
貴 湖 大 學 的 研 究 員 表 示 兩 種 化 合 物 會 互 相 反 應 產 生 阻 礙 腎 功 能 的 結 晶	a study by a university in guizhou said that two chemical reactions were reflected in the formation of a left-wing satellite	the two compounds react with one another to form crystals that may block kidney function researchers at the university said
貴 湖 大 學 的 研 究 員 表 示 兩 種 化 合 物 會 互 相 反 應 產 生 阻 礙 腎 功 能 的 結 晶	a study by a university in guizhou said that two chemical reactions were reflected in the formation of a left-wing satellite	the two compounds react with one another to form crystals that may block kidney function researchers at the university said
因 此 表 演 者 在 舞 台 上 抽 大 麻 捲 菸 而 戲 院 本 身 也 鼓 勵 觀 眾 一 起 抽	the performer took a big roll on stage and the actor also encouraged the audience to take a look	as a result the performers smoke cannabis joints on stage and the theatre itself is encouraging the audience to join in
因 此 表 演 者 在 舞 台 上 抽 大 麻 捲 菸 而 戲 院 本 身 也 鼓 勵 觀 眾 一 起 抽	the performer took a big roll on stage and the actor also encouraged the audience to take a look	as a result the performers smoke cannabis joints on stage and the theatre itself is encouraging the audience to join in
整 個 1960 年 代 布 里 辛 斯 基 擔 任 過 約 翰 ．甘 迺 迪 的 顧 問 及 林 登 ．詹 森 的 幕 僚	the whole 1960s bolivian army had the potential to carry out the campaign of the great and the spirit of the god	throughout 1960s brzezinski worked for john f kennedy as his advisor and then the lyndon b johnson administration
鷹 架 式 教 學 並 非 學 習 方 法 而 是 一 種 輔 助 可 為 正 在 經 歷 新 學 習 體 驗 如 使 用 新 電 腦 程 式 或 開 始 新 專 案 等 的 人 提 供 支 援	the geological study method is a kind of a complex that is used to experience new learning and to use new methods or new methods to provide support	scaffolding is not a method of learning but rather an aid that provides support to individuals whom are undergoing a new learning experience such as using a new computer program or beginning a new project
鷹 架 式 教 學 並 非 學 習 方 法 而 是 一 種 輔 助 可 為 正 在 經 歷 新 學 習 體 驗 如 使 用 新 電 腦 程 式 或 開 始 新 專 案 等 的 人 提 供 支 援	the geological study method is a kind of a complex that is used to experience new learning and to use new methods or new methods to provide support	scaffolding is not a method of learning but rather an aid that provides support to individuals whom are undergoing a new learning experience such as using a new computer program or beginning a new project
藏 傳 佛 教 的 冥 想 核 心 是 本 尊 瑜 伽 透 過 觀 想 神 佛 淨 化 所 有 的 能 量 通 道 啟 動 脈 輪 建 立 開 悟 意 識	the image of the total Buddha was a speciality through the illusion of divinity to purify all the energy through the movement of the object to create non-divisional	the center of tibetan meditation is the deity yoga through the visualization of various deities the energy channels are cleaned the chakras are activated and the enlightenment consciousness is created
藏 傳 佛 教 的 冥 想 核 心 是 本 尊 瑜 伽 透 過 觀 想 神 佛 淨 化 所 有 的 能 量 通 道 啟 動 脈 輪 建 立 開 悟 意 識	the image of the total Buddha was a speciality through the illusion of divinity to purify all the energy through the movement of the object to create non-divisional	the center of tibetan meditation is the deity yoga through the visualization of various deities the energy channels are cleaned the chakras are activated and the enlightenment consciousness is created
舉 例 來 說 北 卡 羅 萊 納 州 班 奈 特 學 校 的 學 生 每 年 都 會 為 他 們 的 北 州 首 府 參 訪 之 旅 設 計 一 個 網 站 這 個 網 站 每 年 都 會 改 版 但 舊 版 本 仍 會 保 留 在 線 上 當 作 剪 貼 簿 來 使	the student of the northern carol camp is often a website for their northern governor's visit and the website is always changed but the version will still be on the scene as a bookkeeping	for example each year students from bennet school in north carolina design a website about their trip to the state capital each year the website gets remodeled but old versions are kept online to serve as a scrapbook
舉 例 來 說 北 卡 羅 萊 納 州 班 奈 特 學 校 的 學 生 每 年 都 會 為 他 們 的 北 州 首 府 參 訪 之 旅 設 計 一 個 網 站 這 個 網 站 每 年 都 會 改 版 但 舊 版 本 仍 會 保 留 在 線 上 當 作 剪 貼 簿 來 使	the student of the northern carol camp is often a website for their northern governor's visit and the website is always changed but the version will still be on the scene as a bookkeeping	for example each year students from bennet school in north carolina design a website about their trip to the state capital each year the website gets remodeled but old versions are kept online to serve as a scrapbook
上 週 經 濟 產 業 省 宣 布 apple 已 向 他 們 通 報 另 外 34 起 過 熱 事 件 該 公 司 宣 稱 這 些 事 件 「並 不 嚴 重 」	polls have announced that apple is announcing another 34 cases to their company in the week of last week and the company claims that these cases are not serious	last week meti announced that apple had informed it of 34 additional overheating incidents which the company called non-serious
上 週 經 濟 產 業 省 宣 布 apple 已 向 他 們 通 報 另 外 34 起 過 熱 事 件 該 公 司 宣 稱 這 些 事 件 「並 不 嚴 重 」	polls have announced that apple is announcing another 34 cases to their company in the week of last week and the company claims that these cases are not serious	last week meti announced that apple had informed it of 34 additional overheating incidents which the company called non-serious
巽 達 班 斯 森 林 已 列 入 聯 合 國 教 科 文 組 織 世 界 遺 產 位 於 印 度 境 內 的 區 域 稱 為 巽 達 班 斯 國 家 公 園	sundarpanj is a world-class heritage organization that is co-founded by the union of religious groups named the national community within the indian province sundarpanj national park	the sundarbans has been declared a unesco world heritage site the part of the forest within indian territory is called sundarbans national park
羅 馬 各 處 架 設 了 幾 面 巨 型 電 視 螢 幕 讓 人 民 觀 看 儀 式	lomagot was a popular television show where people were interested in watching	several large television screens were installed in various places in rome to let the people watch the ceremony
有 人 說 形 成 香 港 天 際 線 的 一 整 排 建 築 物 在 維 多 利 亞 港 海 水 的 襯 托 下 就 像 光 輝 閃 亮 的 長 條 圖	some said that the whole building of the hong kong skyline was covered in a layer of sand in the vietnamese river	the parade of buildings that make the hong kong skyline has been likened to a glittering bar chart that is made apparent by the presence of the waters of victoria harbour
有 人 說 形 成 香 港 天 際 線 的 一 整 排 建 築 物 在 維 多 利 亞 港 海 水 的 襯 托 下 就 像 光 輝 閃 亮 的 長 條 圖	some said that the whole building of the hong kong skyline was covered in a layer of sand in the vietnamese river	the parade of buildings that make the hong kong skyline has been likened to a glittering bar chart that is made apparent by the presence of the waters of victoria harbour
您 手 上 的 水 分 會 與 外 層 發 生 反 應 因 此 產 生 古 怪 的 觸 感 並 形 成 一 種 外 殼	the water in your hand is a kind of shell that is made of solid solid matter and is caused by the reaction of the external layer	the moisture on your hands will react with the outer layers which will feel funny and form a sort of shell
您 手 上 的 水 分 會 與 外 層 發 生 反 應 因 此 產 生 古 怪 的 觸 感 並 形 成 一 種 外 殼	the water in your hand is a kind of shell that is made of solid solid matter and is caused by the reaction of the external layer	the moisture on your hands will react with the outer layers which will feel funny and form a sort of shell
雷 頓 在 與 總 理 的 會 面 中 請 求 修 改 保 守 黨 的 環 境 法 案 要 求 「全 面 徹 底 改 寫 」保 守 黨 所 提 的 環 境 法 案	leadon asked the governor of the party to rectify the environmental issue in the meeting	layton had asked for changes to the conservatives' environmental bill during the meeting with the pm asking for a thorough and complete rewriting of the conservative party's environmental bill
雷 頓 在 與 總 理 的 會 面 中 請 求 修 改 保 守 黨 的 環 境 法 案 要 求 「全 面 徹 底 改 寫 」保 守 黨 所 提 的 環 境 法 案	leadon asked the governor of the party to rectify the environmental issue in the meeting	layton had asked for changes to the conservatives' environmental bill during the meeting with the pm asking for a thorough and complete rewriting of the conservative party's environmental bill
巴 黎 人 有 著 自 我 中 心 、無 禮 與 自 大 的 惡 名	the brazilian had a name that was boundless and unambiguous to me	parisians have a reputation for being egocentric rude and arrogant
巴 黎 人 有 著 自 我 中 心 、無 禮 與 自 大 的 惡 名	the brazilian had a name that was boundless and unambiguous to me	parisians have a reputation for being egocentric rude and arrogant
美 國 體 操 協 會 和 美 國 奧 委 會 擁 有 相 同 的 目 標 也 就 是 讓 體 操 和 其 他 運 動 儘 可 能 安 全 讓 運 動 員 得 以 在 安 全 、正 向 和 擁 有 自 主 權 的 環 境 中 追 尋 自 己 的 夢 想	the united states' health association and the u.s. congress have aimed to ensure that health and other sports are safe and that athletes are willing to pursue their dreams in safe conditions and have the right to do so	usa gymnastics and the usoc have the same goal making the sport of gymnastics and others as safe as possible for athletes to follow their dreams in a safe positive and empowered environment
美 國 體 操 協 會 和 美 國 奧 委 會 擁 有 相 同 的 目 標 也 就 是 讓 體 操 和 其 他 運 動 儘 可 能 安 全 讓 運 動 員 得 以 在 安 全 、正 向 和 擁 有 自 主 權 的 環 境 中 追 尋 自 己 的 夢 想	the united states' health association and the u.s. congress have aimed to ensure that health and other sports are safe and that athletes are willing to pursue their dreams in safe conditions and have the right to do so	usa gymnastics and the usoc have the same goal making the sport of gymnastics and others as safe as possible for athletes to follow their dreams in a safe positive and empowered environment
1990 年 它 因 為 沙 漠 沙 塵 的 威 脅 而 被 列 入 瀕 危 世 界 遺 產 名 單	in 1990 he was charged with threat of the samovars being invaded by the world	in 1990 it was added to the list of world heritage sites in danger due to the threat of desert sands
1990 年 它 因 為 沙 漠 沙 塵 的 威 脅 而 被 列 入 瀕 危 世 界 遺 產 名 單	in 1990 he was charged with threat of the samovars being invaded by the world	in 1990 it was added to the list of world heritage sites in danger due to the threat of desert sands
古 文 化 與 部 落 開 始 飼 養 牠 們 以 便 取 得 奶 、毛 、肉 與 皮	the ancient culture and the blog started to grow their milk, meat and skin	ancient cultures and tribes began to keep them for easy access to milk hair meat and skins
古 文 化 與 部 落 開 始 飼 養 牠 們 以 便 取 得 奶 、毛 、肉 與 皮	the ancient culture and the blog started to grow their milk, meat and skin	ancient cultures and tribes began to keep them for easy access to milk hair meat and skins
後 來 他 被 轉 往 劍 橋 的 阿 登 布 魯 克 醫 院 addenbrooke's hospital	then he was transferred to the adenbrook hospital in the adenbrook hospital in louk	he was subsequently relocated to addenbrooke's hospital in cambridge
後 來 他 被 轉 往 劍 橋 的 阿 登 布 魯 克 醫 院 addenbrooke's hospital	then he was transferred to the adenbrook hospital in the adenbrook hospital in louk	he was subsequently relocated to addenbrooke's hospital in cambridge
「基 本 上 他 威 爾 斯 從 一 開 始 就 對 我 們 撒 謊 首 先 假 裝 這 是 出 自 法 律 考 量 ；其 次 假 裝 在 聽 我 們 說 話 直 到 他 的 作 品 被 刪 除 」	he basically started to desert us from the beginning he first sought to make a law to judge if he was going to listen to us again until his work was deleted	"""he [wales] basically lied to us from the start. first by acting as if this was for legal reasons. second by pretending he was listening to us right up to his art deletion."
「基 本 上 他 威 爾 斯 從 一 開 始 就 對 我 們 撒 謊 首 先 假 裝 這 是 出 自 法 律 考 量 ；其 次 假 裝 在 聽 我 們 說 話 直 到 他 的 作 品 被 刪 除 」	he basically started to desert us from the beginning he first sought to make a law to judge if he was going to listen to us again until his work was deleted	"""he [wales] basically lied to us from the start. first by acting as if this was for legal reasons. second by pretending he was listening to us right up to his art deletion."
然 而 這 些 計 畫 在 一 夜 之 間 全 都 報 廢 了 超 過 80 萬 名 蘇 聯 紅 軍 違 反 《里 加 和 約 》、《波 蘇 互 不 侵 犯 協 定 》和 其 它 雙 邊 與 多 邊 的 國 際 協 定 入 侵 波 蘭 東 部 並 在 隨 後 進 入 白 俄 羅 斯 與 烏 克 蘭 形 成 白 俄 羅 斯 與 烏 克 蘭 戰 線	during the process over 800,000 soviet army resisted the expansion of the nevada and the expansion of the nevada and the expansion of the nevada and the expansion of the nevada and the expansion of the nevada and the expansion of the nevada and the expansion of the nevada and the expansion of the nevada and the expansion of the nevada and the expansion of the nevada and the expansion of the nevada and the expansion of the nevada and the expansion of the nevada and the expansion of the nevada	however these plans were rendered obsolete nearly overnight when over 800,000 soldiers from the soviet's union red army entered and created the belarussian and ukrainian fronts after invading the eastern regions of poland in violation of the riga peace treaty the soviet-polish non-aggression pact and other international treaties both bilateral and multilateral
牠 們 的 腳 上 有 鱗 片 和 爪 子 、會 下 蛋 而 且 會 像 暴 龍 一 樣 用 兩 隻 後 腳 行 走	the legs have a wheel or a pole that will be bent and will walk like walking in a car	they have feet with scales and claws they lay eggs and they walk on their two back legs like a t-rex
牠 們 的 腳 上 有 鱗 片 和 爪 子 、會 下 蛋 而 且 會 像 暴 龍 一 樣 用 兩 隻 後 腳 行 走	the legs have a wheel or a pole that will be bent and will walk like walking in a car	they have feet with scales and claws they lay eggs and they walk on their two back legs like a t-rex
植 物 在 自 然 環 境 中 最 美 麗 了 所 以 請 忍 住 「只 摘 一 朵 就 好 」的 誘 惑	the plants are the most beautiful in the environment so please keep a good watch	plants look their best when in a natural environment so resist the temptation to remove even just one specimen
植 物 在 自 然 環 境 中 最 美 麗 了 所 以 請 忍 住 「只 摘 一 朵 就 好 」的 誘 惑	the plants are the most beautiful in the environment so please keep a good watch	plants look their best when in a natural environment so resist the temptation to remove even just one specimen
梵 蒂 岡 的 人 口 為 八 百 人 左 右 是 全 世 界 最 小 的 獨 立 國 家 也 是 人 口 最 少 的 國 家	the population of phantom is about 800 the smallest country in the world and the smallest country in the population	vatican city's population is around 800 it is the smallest independent country in the world and the country with the lowest population
梵 蒂 岡 的 人 口 為 八 百 人 左 右 是 全 世 界 最 小 的 獨 立 國 家 也 是 人 口 最 少 的 國 家	the population of phantom is about 800 the smallest country in the world and the smallest country in the population	vatican city's population is around 800 it is the smallest independent country in the world and the country with the lowest population
多 數 較 小 的 島 嶼 皆 為 獨 立 國 家 或 與 法 國 有 著 淵 源 且 以 奢 華 海 濱 度 假 村 聞 名	many islands in the island are independent countries or the finland is named after the caravan navy	most of the smaller islands are independent nations or associated with france and known as luxury beach resorts
逆 向 文 化 衝 擊 的 出 現 速 度 比 文 化 衝 擊 快 較 無 蜜 月 期 持 續 時 間 較 長 也 比 較 嚴 重	the speed of the change in the culture was much faster the longer the time was the worse	re-entry shock comes on sooner than culture shock there's less of a honeymoon phase lasts longer and can be more severe
逆 向 文 化 衝 擊 的 出 現 速 度 比 文 化 衝 擊 快 較 無 蜜 月 期 持 續 時 間 較 長 也 比 較 嚴 重	the speed of the change in the culture was much faster the longer the time was the worse	re-entry shock comes on sooner than culture shock there's less of a honeymoon phase lasts longer and can be more severe
香 港 島 是 香 港 特 別 行 政 區 之 名 的 由 來 也 是 許 多 旅 客 的 觀 光 重 點	hungary is a special tourist attraction in the hong kong region	hong kong island gives the territory of hong kong its name and is the place that many tourists regard as the main focus
香 港 島 是 香 港 特 別 行 政 區 之 名 的 由 來 也 是 許 多 旅 客 的 觀 光 重 點	hungary is a special tourist attraction in the hong kong region	hong kong island gives the territory of hong kong its name and is the place that many tourists regard as the main focus
但 對 於 歸 鄉 遊 子 人 們 可 能 覺 得 沒 必 要 再 擔 待 和 理 解 他 們	but for the rich people they might not have understood or understood the meaning of the word	people may not anticipate that patience and understanding are also necessary for travellers returning home
但 對 於 歸 鄉 遊 子 人 們 可 能 覺 得 沒 必 要 再 擔 待 和 理 解 他 們	but for the rich people they might not have understood or understood the meaning of the word	people may not anticipate that patience and understanding are also necessary for travellers returning home
月 球 表 面 是 由 岩 石 和 塵 土 組 成 月 球 的 最 外 層 稱 為 地 殼	the moon is made of rock and clay the moon's favorite is called earth	the surface of the moon is made of rocks and dust the outer layer of the moon is called the crust
月 球 表 面 是 由 岩 石 和 塵 土 組 成 月 球 的 最 外 層 稱 為 地 殼	the moon is made of rock and clay the moon's favorite is called earth	the surface of the moon is made of rocks and dust the outer layer of the moon is called the crust
核 分 裂 炸 彈 的 運 作 原 理 是 基 於 將 眾 多 質 子 和 中 子 融 合 成 一 個 原 子 核 需 要 大 量 能 量	the transport of nuclear bombs is a combination of many particles and atoms that require a lot of energy	the fission bomb works on the principle that it takes energy to put together a nucleus with many protons and neutrons
核 分 裂 炸 彈 的 運 作 原 理 是 基 於 將 眾 多 質 子 和 中 子 融 合 成 一 個 原 子 核 需 要 大 量 能 量	the transport of nuclear bombs is a combination of many particles and atoms that require a lot of energy	the fission bomb works on the principle that it takes energy to put together a nucleus with many protons and neutrons
這 場 墜 機 事 件 發 生 在 高 山 區 據 信 是 敵 軍 攻 擊 所 致	the incident happened in gushan and was a military attack	the crash occurred high up in mountainous terrain and is believed to have been the result of hostile fire
有 些 地 區 將 水 燒 開 一 分 鐘 就 夠 了 在 其 他 地 區 則 需 要 數 分 鐘	some areas have been boiled for about a minute and are still needed in other areas	in some areas boiling water for a minute is enough in others several minutes are needed
有 些 地 區 將 水 燒 開 一 分 鐘 就 夠 了 在 其 他 地 區 則 需 要 數 分 鐘	some areas have been boiled for about a minute and are still needed in other areas	in some areas boiling water for a minute is enough in others several minutes are needed
這 些 是 有 時 擁 擠 的 家 庭 海 灘 岸 邊 有 成 排 的 商 店 林 立 在 這 裡 游 泳 很 安 全	these are sometimes home to the brave the store is located on the right side of the store and is safe to travel in	these are sometimes-crowded family beaches with a good range of shops lining the shore swimming is safe
這 些 是 有 時 擁 擠 的 家 庭 海 灘 岸 邊 有 成 排 的 商 店 林 立 在 這 裡 游 泳 很 安 全	these are sometimes home to the brave the store is located on the right side of the store and is safe to travel in	these are sometimes-crowded family beaches with a good range of shops lining the shore swimming is safe
該 城 市 與 國 內 的 其 它 城 市 有 明 顯 差 異 因 為 它 偏 向 擁 有 阿 拉 伯 而 不 是 非 洲 風 格	the city had a clear difference in other cities in the country because it was more of an arctic region than an african region	the city is in stark contrast to the rest of the country's cities because it has more of an arabic flair than of an african
該 城 市 與 國 內 的 其 它 城 市 有 明 顯 差 異 因 為 它 偏 向 擁 有 阿 拉 伯 而 不 是 非 洲 風 格	the city had a clear difference in other cities in the country because it was more of an arctic region than an african region	the city is in stark contrast to the rest of the country's cities because it has more of an arabic flair than of an african
正 如 同 月 亮 對 地 球 的 引 力 造 成 潮 汐 一 樣 銀 河 系 也 對 射 手 座 星 系 施 加 了 作 用 力	the moon is as strong as the earth and is also a force for the author srylce	just like the moon exerts a pull on the earth causing tides so does the milky way exert a force on the sagittarius galaxy
隨 著 希 臘 學 問 的 沒 落 西 方 世 界 斷 開 了 其 與 希 臘 哲 學 和 科 學 的 根 源	with the death of helipad the western world opened up to the source of helipa and science	as knowledge of greek declined the west found itself cut off from its greek philosophical and scientific roots
隨 著 希 臘 學 問 的 沒 落 西 方 世 界 斷 開 了 其 與 希 臘 哲 學 和 科 學 的 根 源	with the death of helipad the western world opened up to the source of helipa and science	as knowledge of greek declined the west found itself cut off from its greek philosophical and scientific roots
您 手 上 的 水 分 會 與 外 層 發 生 反 應 因 此 產 生 古 怪 的 觸 感 並 形 成 一 種 外 殼	the water in your hand will react to the external walls causing the bone to feel strange and form a kind of shell	the moisture on your hands will react with the outer layers which will feel funny and form a sort of shell
您 手 上 的 水 分 會 與 外 層 發 生 反 應 因 此 產 生 古 怪 的 觸 感 並 形 成 一 種 外 殼	the water in your hand will react to the external walls causing the bone to feel strange and form a kind of shell	the moisture on your hands will react with the outer layers which will feel funny and form a sort of shell
只 有 生 殖 細 胞 系 細 胞 中 的 突 變 會 遺 傳 給 子 女 而 其 他 地 方 的 突 變 可 以 導 致 細 胞 死 亡 或 癌 症	only cells in cells are special to the brain and other specialities can cause cells to die or cancer	only mutations in germ-line cells can be passed on to children while mutations elsewhere can cause cell-death or cancer
只 有 生 殖 細 胞 系 細 胞 中 的 突 變 會 遺 傳 給 子 女 而 其 他 地 方 的 突 變 可 以 導 致 細 胞 死 亡 或 癌 症	only cells in cells are special to the brain and other specialities can cause cells to die or cancer	only mutations in germ-line cells can be passed on to children while mutations elsewhere can cause cell-death or cancer
牠 們 的 腳 上 有 鱗 片 和 爪 子 、會 下 蛋 而 且 會 像 暴 龍 一 樣 用 兩 隻 後 腳 行 走	they have a bow and a fork to lower the eggs and make a bow like a drink	they have feet with scales and claws they lay eggs and they walk on their two back legs like a t-rex
牠 們 的 腳 上 有 鱗 片 和 爪 子 、會 下 蛋 而 且 會 像 暴 龍 一 樣 用 兩 隻 後 腳 行 走	they have a bow and a fork to lower the eggs and make a bow like a drink	they have feet with scales and claws they lay eggs and they walk on their two back legs like a t-rex
把 滑 雪 路 線 想 像 成 類 似 的 健 行 路 線	the bavarian route is a route that is similar to the one in the city	think of the skiing route as of a similar hiking route
把 滑 雪 路 線 想 像 成 類 似 的 健 行 路 線	the bavarian route is a route that is similar to the one in the city	think of the skiing route as of a similar hiking route
羅 士 比 數 越 小 星 體 在 磁 場 逆 轉 方 面 就 越 不 活 躍	the number of dros is smaller and the length of the rotation is less	the smaller the rossby number the less active the star with respect to magnetic reversals
地 域 性 與 季 節 性 的 極 端 氣 候 現 象 包 含 了 雪 暴 、暴 風 雪 、冰 風 暴 和 沙 塵 暴	the geological system of the holy language includes the snow storm storm storm storm ice storm storm sand storm	regional and seasonal severe weather phenomena include blizzards snowstorms ice storms and dust storms
地 域 性 與 季 節 性 的 極 端 氣 候 現 象 包 含 了 雪 暴 、暴 風 雪 、冰 風 暴 和 沙 塵 暴	the geological system of the holy language includes the snow storm storm storm storm ice storm storm sand storm	regional and seasonal severe weather phenomena include blizzards snowstorms ice storms and dust storms
舉 例 來 說 世 界 上 最 普 遍 的 靜 態 圖 像 攝 影 格 式 是 35 釐 米 這 也 是 類 比 底 片 時 代 結 束 時 的 主 要 底 片 尺 寸	in the context of this the world's most picturesque landscape is 35 miles and is the main bottom pole of the era of the bottom	for example the most common still image photography format in the world is 35mm which was the dominant film size at the close of the analog film era
舉 例 來 說 世 界 上 最 普 遍 的 靜 態 圖 像 攝 影 格 式 是 35 釐 米 這 也 是 類 比 底 片 時 代 結 束 時 的 主 要 底 片 尺 寸	in the context of this the world's most picturesque landscape is 35 miles and is the main bottom pole of the era of the bottom	for example the most common still image photography format in the world is 35mm which was the dominant film size at the close of the analog film era
任 何 要 在 高 海 拔 地 區 駕 駛 或 者 要 在 山 上 道 路 開 車 的 人 都 應 該 要 考 慮 自 己 有 多 大 的 機 率 會 遇 到 降 雪 、結 冰 或 冰 點 以 下 的 溫 度	any driver who is going to the high seas or going to the mountains should consider how much fuel they will have to carry to get to the ice or to the point	anyone who's going to drive at high latitudes or over mountain passes should consider the possibility of snow ice or freezing temperatures
任 何 要 在 高 海 拔 地 區 駕 駛 或 者 要 在 山 上 道 路 開 車 的 人 都 應 該 要 考 慮 自 己 有 多 大 的 機 率 會 遇 到 降 雪 、結 冰 或 冰 點 以 下 的 溫 度	any driver who is going to the high seas or going to the mountains should consider how much fuel they will have to carry to get to the ice or to the point	anyone who's going to drive at high latitudes or over mountain passes should consider the possibility of snow ice or freezing temperatures
因 此 表 演 者 在 舞 台 上 抽 大 麻 捲 菸 而 戲 院 本 身 也 鼓 勵 觀 眾 一 起 抽	the performer took a large roll on the stage and the actress herself was a fan of the show	as a result the performers smoke cannabis joints on stage and the theatre itself is encouraging the audience to join in
因 此 表 演 者 在 舞 台 上 抽 大 麻 捲 菸 而 戲 院 本 身 也 鼓 勵 觀 眾 一 起 抽	the performer took a large roll on the stage and the actress herself was a fan of the show	as a result the performers smoke cannabis joints on stage and the theatre itself is encouraging the audience to join in
有 些 人 覺 得 他 是 對 的 但 很 多 人 持 相 反 看 法 ；他 們 認 為 包 括 太 陽 在 內 的 太 陽 系 甚 至 其 它 星 星 都 是 繞 著 地 球 移 動 的	some people think it's right but many people think it's illegal and they think the sun in the sky and even the other stars are willing to move	some people thought he was right but many people believed the opposite; that the solar system moved around the earth including the sun and even the other stars
有 些 人 覺 得 他 是 對 的 但 很 多 人 持 相 反 看 法 ；他 們 認 為 包 括 太 陽 在 內 的 太 陽 系 甚 至 其 它 星 星 都 是 繞 著 地 球 移 動 的	some people think it's right but many people think it's illegal and they think the sun in the sky and even the other stars are willing to move	some people thought he was right but many people believed the opposite; that the solar system moved around the earth including the sun and even the other stars
強 烈 建 議 遊 客 注 意 惡 劣 天 氣 是 否 可 能 影 響 到 旅 行 地 區 因 為 惡 劣 天 氣 可 能 會 影 響 旅 遊 計 畫	courtesy suggest that you be careful if the weather in the abyss affects the travel area because the weather in the abyss might affect the travel plan	travellers are strongly advised to be aware of any risk of severe weather affecting their area as they may affect any travel plans
強 烈 建 議 遊 客 注 意 惡 劣 天 氣 是 否 可 能 影 響 到 旅 行 地 區 因 為 惡 劣 天 氣 可 能 會 影 響 旅 遊 計 畫	courtesy suggest that you be careful if the weather in the abyss affects the travel area because the weather in the abyss might affect the travel plan	travellers are strongly advised to be aware of any risk of severe weather affecting their area as they may affect any travel plans
1940 年 8 月 15 日 同 盟 國 進 攻 法 國 南 部 史 稱 「龍 騎 兵 行 動 」	in August 1940 the french army arrived in montevideo on the 15th and the french south pole	on 15 august 1940 the allies invaded southern france the invasion was called operation dragoon
蘇 達 班 自 1966 年 起 即 為 野 生 動 物 保 護 區 目 前 該 地 區 估 計 有 400 隻 孟 加 拉 虎 以 及 約 30,000 隻 梅 花 鹿	sodabansi was built in 1966 as a wild animal reserve the area now has 400 mangalaves and about 30,000 plum blossoms	since 1966 the sundarbans have been a wildlife sanctuary and it is estimated that there are now 400 royal bengal tigers and about 30,000 spotted deer in the area
蘇 達 班 自 1966 年 起 即 為 野 生 動 物 保 護 區 目 前 該 地 區 估 計 有 400 隻 孟 加 拉 虎 以 及 約 30,000 隻 梅 花 鹿	sodabansi was built in 1966 as a wild animal reserve the area now has 400 mangalaves and about 30,000 plum blossoms	since 1966 the sundarbans have been a wildlife sanctuary and it is estimated that there are now 400 royal bengal tigers and about 30,000 spotted deer in the area
中 世 紀 末 期 西 歐 開 始 發 展 獨 特 的 風 格 當 時 的 一 大 進 展 就 是 十 字 軍 成 員 開 始 用 釦 子 固 定 衣 服	darkness began to develop in a unique way the great battle at the time was the tenth army who began to use stock clothing	towards the end of the middle ages western europe began to develop their own style one of the biggest developments of the time as a result of the crusades people began to use buttons to fasten clothing
中 世 紀 末 期 西 歐 開 始 發 展 獨 特 的 風 格 當 時 的 一 大 進 展 就 是 十 字 軍 成 員 開 始 用 釦 子 固 定 衣 服	darkness began to develop in a unique way the great battle at the time was the tenth army who began to use stock clothing	towards the end of the middle ages western europe began to develop their own style one of the biggest developments of the time as a result of the crusades people began to use buttons to fasten clothing
1963 年 大 壩 建 成 後 便 抑 止 了 將 沉 積 物 帶 往 整 片 河 川 的 季 節 性 洪 水	after the 1963 defeat the castle was rebuilt into a grand canyon in the river	after the dam was built in 1963 the seasonal floods that would spread sediment throughout the river were halted
1963 年 大 壩 建 成 後 便 抑 止 了 將 沉 積 物 帶 往 整 片 河 川 的 季 節 性 洪 水	after the 1963 defeat the castle was rebuilt into a grand canyon in the river	after the dam was built in 1963 the seasonal floods that would spread sediment throughout the river were halted
如 果 基 地 台 擁 有 雙 射 頻 這 將 使 其 向 下 兼 容 於 802.11a、802.11b 和 802.11g	if the computer is damaged the computer will be able to use a 802.1a802.1b or 802.1g	this will allow it to be backwards compatible with 802.11a 802.11b and 802.11g provided that the base station has dual radios
巴 塞 隆 納 的 官 方 語 言 是 加 泰 隆 尼 亞 語 和 西 班 牙 語 約 有 一 半 的 人 口 比 較 喜 歡 講 加 泰 隆 尼 亞 語 絕 大 多 數 的 人 都 聽 得 懂 而 幾 乎 所 有 人 都 懂 西 班 牙 語	the official language of the bachonese is greek and sebanese most people are more fond of the greek and most people are aware of it and most people are aware of sebanese	barcelona's official languages are catalan and spanish about a half prefer to speak catalan a vast majority understands it and virtually everyone knows spanish
巴 塞 隆 納 的 官 方 語 言 是 加 泰 隆 尼 亞 語 和 西 班 牙 語 約 有 一 半 的 人 口 比 較 喜 歡 講 加 泰 隆 尼 亞 語 絕 大 多 數 的 人 都 聽 得 懂 而 幾 乎 所 有 人 都 懂 西 班 牙 語	the official language of the bachonese is greek and sebanese most people are more fond of the greek and most people are aware of it and most people are aware of sebanese	barcelona's official languages are catalan and spanish about a half prefer to speak catalan a vast majority understands it and virtually everyone knows spanish
北 邊 連 接 薩 赫 勒 地 區 南 邊 和 西 邊 緊 鄰 大 西 洋	the northern links the black area south and the western border are large	in the north the region is bounded by the sahel and in the south and west by the atlantic ocean
北 邊 連 接 薩 赫 勒 地 區 南 邊 和 西 邊 緊 鄰 大 西 洋	the northern links the black area south and the western border are large	in the north the region is bounded by the sahel and in the south and west by the atlantic ocean
考 量 所 有 因 素 後 如 果 我 們 的 祖 先 解 決 「蛋 白 質 問 題 」的 方 式 與 現 今 莽 原 上 的 黑 猩 猩 類 似 我 們 也 無 須 感 到 驚 訝	if we solve all the problems first and the black star in the net above we don't have to be surprised	all things considered we should not be surprised if our own ancestors solved their protein problem in somewhat the same way that chimps on the savanna do today
考 量 所 有 因 素 後 如 果 我 們 的 祖 先 解 決 「蛋 白 質 問 題 」的 方 式 與 現 今 莽 原 上 的 黑 猩 猩 類 似 我 們 也 無 須 感 到 驚 訝	if we solve all the problems first and the black star in the net above we don't have to be surprised	all things considered we should not be surprised if our own ancestors solved their protein problem in somewhat the same way that chimps on the savanna do today
我 們 只 能 好 奇 等 到 又 有 新 發 明 出 現 鍵 盤 又 將 何 去 何 從	we can only wait until new names appear and the sign will be able to be filled	one can only wonder what the keyboard will become when something newer comes along
我 們 只 能 好 奇 等 到 又 有 新 發 明 出 現 鍵 盤 又 將 何 去 何 從	we can only wait until new names appear and the sign will be able to be filled	one can only wonder what the keyboard will become when something newer comes along
貴 湖 大 學 的 研 究 員 表 示 兩 種 化 合 物 會 互 相 反 應 產 生 阻 礙 腎 功 能 的 結 晶	the researchers at the university said that both sides were reflecting the evidence of the damage to the artificial intelligence	the two compounds react with one another to form crystals that may block kidney function researchers at the university said
貴 湖 大 學 的 研 究 員 表 示 兩 種 化 合 物 會 互 相 反 應 產 生 阻 礙 腎 功 能 的 結 晶	the researchers at the university said that both sides were reflecting the evidence of the damage to the artificial intelligence	the two compounds react with one another to form crystals that may block kidney function researchers at the university said
這 是 分 別 一 些 動 詞 和 受 詞 的 重 要 方 式	this is an important part of the movement and the process	this is an important way to distinguish between some verbs and objects
這 是 分 別 一 些 動 詞 和 受 詞 的 重 要 方 式	this is an important part of the movement and the process	this is an important way to distinguish between some verbs and objects
如 果 基 地 台 擁 有 雙 射 頻 這 將 使 其 向 下 兼 容 於 802.11a、802.11b 和 802.11g	if the computer is in the range of the device it will use the 802.11a 802.11b or 802.11g	this will allow it to be backwards compatible with 802.11a 802.11b and 802.11g provided that the base station has dual radios
他 們 先 釋 放 了 包 括 小 孩 與 老 人 在 內 的 六 名 人 質 如 同 菲 律 賓 籍 的 攝 影 師 那 樣	they first released six children and an old man together with a photographer from the philippines	six hostages including the children and elderly were released early as were the filipino photographers
文 化 決 定 論 是 浪 漫 主 義 的 重 要 構 成 之 一 多 取 材 自 歌 德 、費 希 特 和 施 萊 格 爾 等 作 家	the theory of law was one of the important contributions of the romanians to the rule of phedra and sri gregor	romanticism had a large element of cultural determinism drawn from writers such as goethe fichte and schlegel
文 化 決 定 論 是 浪 漫 主 義 的 重 要 構 成 之 一 多 取 材 自 歌 德 、費 希 特 和 施 萊 格 爾 等 作 家	the theory of law was one of the important contributions of the romanians to the rule of phedra and sri gregor	romanticism had a large element of cultural determinism drawn from writers such as goethe fichte and schlegel
如 果 你 曾 看 過 電 影 《國 家 寶 藏 》你 可 能 會 以 為 《美 國 獨 立 宣 言 》的 背 面 畫 有 一 張 藏 寶 圖	if you have watched a movie called national security you might think there is a map of the united states' independence campaign	if you have watched the movie national treasure you may think a treasure map was written on the back of the declaration of independence
如 果 你 曾 看 過 電 影 《國 家 寶 藏 》你 可 能 會 以 為 《美 國 獨 立 宣 言 》的 背 面 畫 有 一 張 藏 寶 圖	if you have watched a movie called national security you might think there is a map of the united states' independence campaign	if you have watched the movie national treasure you may think a treasure map was written on the back of the declaration of independence
車 輛 本 身 已 在 當 天 格 林 威 治 標 準 時 間 約 12:00 時 自 事 故 現 場 移 除	the car was originally parked at 12 o'clock on the day of the crash	the vehicle itself was taken away from the scene of the accident at approximately 1200 gmt on the same day
車 輛 本 身 已 在 當 天 格 林 威 治 標 準 時 間 約 12:00 時 自 事 故 現 場 移 除	the car was originally parked at 12 o'clock on the day of the crash	the vehicle itself was taken away from the scene of the accident at approximately 1200 gmt on the same day
現 今 無 法 收 起 翅 膀 的 昆 蟲 只 有 蜻 蜓 與 蜉 蝣	the insects that can't be caught in the net are only green and fat	today the only insects that cannot fold back their wings are dragon flies and mayflies
現 今 無 法 收 起 翅 膀 的 昆 蟲 只 有 蜻 蜓 與 蜉 蝣	the insects that can't be caught in the net are only green and fat	today the only insects that cannot fold back their wings are dragon flies and mayflies
老 虎 是 全 方 面 的 運 動 員 能 攀 爬 雖 然 不 太 專 精 ﹑游 泳 ﹑遠 距 離 跳 躍 並 擁 有 超 過 一 個 強 壯 人 類 五 倍 的 拉 力	louff is a sport that can be a little bit of a thrash but not too much a strong man with a strong will and a strong will power	a well rounded athlete the tiger can climb though not well swim leap great distances and pull with five times the force of a strong human
老 虎 是 全 方 面 的 運 動 員 能 攀 爬 雖 然 不 太 專 精 ﹑游 泳 ﹑遠 距 離 跳 躍 並 擁 有 超 過 一 個 強 壯 人 類 五 倍 的 拉 力	louff is a sport that can be a little bit of a thrash but not too much a strong man with a strong will and a strong will power	a well rounded athlete the tiger can climb though not well swim leap great distances and pull with five times the force of a strong human
哪 些 人 造 物 品 屬 於 古 董 並 沒 有 一 個 放 諸 四 海 皆 準 的 定 義 有 些 稅 務 機 關 將 歷 史 超 過 100 年 的 物 品 定 義 為 古 董	those people make goods from antique and do not have a fixed rate of release of four seas some tax-cabinet history is over 100 years of antique	there is no universal definition for which manufactured items are antiques some tax agencies define goods older than 100 years as antiques
哪 些 人 造 物 品 屬 於 古 董 並 沒 有 一 個 放 諸 四 海 皆 準 的 定 義 有 些 稅 務 機 關 將 歷 史 超 過 100 年 的 物 品 定 義 為 古 董	those people make goods from antique and do not have a fixed rate of release of four seas some tax-cabinet history is over 100 years of antique	there is no universal definition for which manufactured items are antiques some tax agencies define goods older than 100 years as antiques
科 查 莫 谷 ──智 利 首 屈 一 指 的 攀 岩 地 點 有 南 美 優 勝 美 地 之 稱 擁 有 各 式 各 樣 的 大 片 花 崗 岩 壁 和 峭 壁	the pan-anthocles of the first century were known as the south uighur empire and had numerous large-scale river banks and bridges	cochamó valley - chile's premier climbing destination known as the yosemite of south america with a variety of granite big walls and crags
科 查 莫 谷 ──智 利 首 屈 一 指 的 攀 岩 地 點 有 南 美 優 勝 美 地 之 稱 擁 有 各 式 各 樣 的 大 片 花 崗 岩 壁 和 峭 壁	the pan-anthocles of the first century were known as the south uighur empire and had numerous large-scale river banks and bridges	cochamó valley - chile's premier climbing destination known as the yosemite of south america with a variety of granite big walls and crags
氫 離 子 是 失 去 電 子 後 的 質 子 因 為 氫 原 子 由 一 個 質 子 和 一 個 電 子 組 成	chrysophanes are the roots of the branches that are lost because only one is formed and one is formed	hydrogen ions are protons that had their electrons stripped off them since hydrogen atoms consist of one proton and one electron
氫 離 子 是 失 去 電 子 後 的 質 子 因 為 氫 原 子 由 一 個 質 子 和 一 個 電 子 組 成	chrysophanes are the roots of the branches that are lost because only one is formed and one is formed	hydrogen ions are protons that had their electrons stripped off them since hydrogen atoms consist of one proton and one electron
因 為 牠 們 長 著 羽 毛 且 能 夠 飛 翔 很 多 人 不 認 為 牠 們 是 恐 龍 的 一 種	because they are wearing rainbows many people don't think they are a kind of dinosaur	many people don't think about them as dinosaurs because they have feathers and can fly
因 為 牠 們 長 著 羽 毛 且 能 夠 飛 翔 很 多 人 不 認 為 牠 們 是 恐 龍 的 一 種	because they are wearing rainbows many people don't think they are a kind of dinosaur	many people don't think about them as dinosaurs because they have feathers and can fly
網 路 結 合 了 大 眾 與 人 際 溝 通 這 兩 種 元 素	the network network also has two elements which are available to the public	the internet combines elements of both mass and interpersonal communication
網 路 結 合 了 大 眾 與 人 際 溝 通 這 兩 種 元 素	the network network also has two elements which are available to the public	the internet combines elements of both mass and interpersonal communication
戰 爭 爆 發 後 不 久 英 國 便 開 始 對 德 國 發 起 海 上 封 鎖	after the war the british began to rise to the sea	soon after the outbreak of hostilities britain initiated a naval blockade of germany
戰 爭 爆 發 後 不 久 英 國 便 開 始 對 德 國 發 起 海 上 封 鎖	after the war the british began to rise to the sea	soon after the outbreak of hostilities britain initiated a naval blockade of germany
虛 擬 團 隊 必 須 遵 守 跟 傳 統 團 隊 一 樣 的 品 質 標 準 但 是 有 細 微 的 差 異	howie groups must follow the same rules as traditional groups but have a subtle difference	virtual teams are held to the same standards of excellence as conventional teams but there are subtle differences
虛 擬 團 隊 必 須 遵 守 跟 傳 統 團 隊 一 樣 的 品 質 標 準 但 是 有 細 微 的 差 異	howie groups must follow the same rules as traditional groups but have a subtle difference	virtual teams are held to the same standards of excellence as conventional teams but there are subtle differences
中 世 紀 末 期 西 歐 開 始 發 展 獨 特 的 風 格 當 時 的 一 大 進 展 就 是 十 字 軍 成 員 開 始 用 釦 子 固 定 衣 服	during the middle ages seo began developing unique styles and at the time a large battle was held between ten soldiers and began using stock clothing	towards the end of the middle ages western europe began to develop their own style one of the biggest developments of the time as a result of the crusades people began to use buttons to fasten clothing
中 世 紀 末 期 西 歐 開 始 發 展 獨 特 的 風 格 當 時 的 一 大 進 展 就 是 十 字 軍 成 員 開 始 用 釦 子 固 定 衣 服	during the middle ages seo began developing unique styles and at the time a large battle was held between ten soldiers and began using stock clothing	towards the end of the middle ages western europe began to develop their own style one of the biggest developments of the time as a result of the crusades people began to use buttons to fasten clothing
英 國 殖 民 者 把 這 裡 據 為 已 有 因 此 如 果 想 在 這 片 土 地 上 尋 找 殖 民 歷 史 的 證 據 這 裡 是 個 不 錯 的 起 點	sacrifices in the united states are considered to be very rich so if you want to look at the history of the throne you should look for a good starting point	this is the place the british colonisers took as their own and so if you are looking for evidence of the territory's colonial past this is a good place to start
英 國 殖 民 者 把 這 裡 據 為 已 有 因 此 如 果 想 在 這 片 土 地 上 尋 找 殖 民 歷 史 的 證 據 這 裡 是 個 不 錯 的 起 點	sacrifices in the united states are considered to be very rich so if you want to look at the history of the throne you should look for a good starting point	this is the place the british colonisers took as their own and so if you are looking for evidence of the territory's colonial past this is a good place to start
巽 達 班 斯 森 林 已 列 入 聯 合 國 教 科 文 組 織 世 界 遺 產 位 於 印 度 境 內 的 區 域 稱 為 巽 達 班 斯 國 家 公 園	jantabans is a heritage of the national community and is known as jantabans national park in the indian province	the sundarbans has been declared a unesco world heritage site the part of the forest within indian territory is called sundarbans national park
1889 年 這 個 港 口 發 生 了 惡 名 遠 播 的 海 軍 僵 持 事 件 當 時 七 艘 來 自 德 國 、美 國 、和 英 國 的 軍 艦 都 拒 絕 離 港	the harbour incident happened after the 1889 attack when the 77th army of the united states and the british army were refused to speak	the harbor was the site of an infamous naval standoff in 1889 when seven ships from germany the us and britain refused to leave the harbor
舉 例 來 說 世 界 上 最 普 遍 的 靜 態 圖 像 攝 影 格 式 是 35 釐 米 這 也 是 類 比 底 片 時 代 結 束 時 的 主 要 底 片 尺 寸	for example the world's most common image photography range is 35mm which is the main aperture of the lower range of the period	for example the most common still image photography format in the world is 35mm which was the dominant film size at the close of the analog film era
舉 例 來 說 世 界 上 最 普 遍 的 靜 態 圖 像 攝 影 格 式 是 35 釐 米 這 也 是 類 比 底 片 時 代 結 束 時 的 主 要 底 片 尺 寸	for example the world's most common image photography range is 35mm which is the main aperture of the lower range of the period	for example the most common still image photography format in the world is 35mm which was the dominant film size at the close of the analog film era
羅 士 比 數 越 小 星 體 在 磁 場 逆 轉 方 面 就 越 不 活 躍	loss is smaller than the number of times the body is in the range of a rotation and is less than	the smaller the rossby number the less active the star with respect to magnetic reversals
這 座 山 洞 位 於 麥 加 北 方 的 一 座 山 頂 上 徹 底 與 外 面 的 世 界 隔 絕	the cave is located on a hill in the north of the macaw and is located outside the world	resting on the top of one of the mountains north of mecca the cave is completely isolated from the rest of the world
然 而 在 整 體 結 核 病 患 者 群 當 中 罹 患 廣 泛 抗 藥 性 結 核 菌 者 比 率 似 乎 仍 非 常 低 ；在 南 非 任 何 特 定 時 刻 中 每 33 萬 人 有 6 千 人 受 到 感 染	however in the overall population of the disease the number of people infected with the virus is very low in any specific time in the south every 330,000 people are infected	however the percentage of xdr-tb in the entire group of people with tuberculosis still seems to be low 6,000 of the total 330,000 people infected at any particular moment in south africa
透 過 紅 外 光 譜 術 ftir 進 行 比 較 時 顯 示 這 些 晶 體 的 組 成 與 受 害 寵 物 的 尿 液 中 發 現 的 晶 體 相 符	by using the luminous fluid these forms of the body and the substance that is damaged are combined to form a form	the composition of these crystals matches those found in the urine of affected pets when compared by infrared spectroscopy ftir
透 過 紅 外 光 譜 術 ftir 進 行 比 較 時 顯 示 這 些 晶 體 的 組 成 與 受 害 寵 物 的 尿 液 中 發 現 的 晶 體 相 符	by using the luminous fluid these forms of the body and the substance that is damaged are combined to form a form	the composition of these crystals matches those found in the urine of affected pets when compared by infrared spectroscopy ftir
熱 門 運 動 包 括 足 球 、籃 球 、排 球 、水 球 、擊 劍 、橄 欖 球 、自 行 車 、冰 上 曲 棍 球 、直 排 輪 曲 棍 球 和 f1 賽 車	japan sports include football, basketball, volleyball, water sports, sports games, sports cars, ice hockey straight-track hockey and f1 games	popular sports include football basketball volleyball water-polo fencing rugby cycling ice hockey roller hockey and f1 motor racing
熱 門 運 動 包 括 足 球 、籃 球 、排 球 、水 球 、擊 劍 、橄 欖 球 、自 行 車 、冰 上 曲 棍 球 、直 排 輪 曲 棍 球 和 f1 賽 車	japan sports include football, basketball, volleyball, water sports, sports games, sports cars, ice hockey straight-track hockey and f1 games	popular sports include football basketball volleyball water-polo fencing rugby cycling ice hockey roller hockey and f1 motor racing
透 過 紅 外 光 譜 術 ftir 進 行 比 較 時 顯 示 這 些 晶 體 的 組 成 與 受 害 寵 物 的 尿 液 中 發 現 的 晶 體 相 符	the formation of these crystals was more apparent through the red light technology and the discovery of the crystals in the heavy material	the composition of these crystals matches those found in the urine of affected pets when compared by infrared spectroscopy ftir
透 過 紅 外 光 譜 術 ftir 進 行 比 較 時 顯 示 這 些 晶 體 的 組 成 與 受 害 寵 物 的 尿 液 中 發 現 的 晶 體 相 符	the formation of these crystals was more apparent through the red light technology and the discovery of the crystals in the heavy material	the composition of these crystals matches those found in the urine of affected pets when compared by infrared spectroscopy ftir
逆 向 文 化 衝 擊 的 出 現 速 度 比 文 化 衝 擊 快 較 無 蜜 月 期 持 續 時 間 較 長 也 比 較 嚴 重	the speed of the movement to the cultural impact was faster the longer the time to the cultural impact was longer and more serious	re-entry shock comes on sooner than culture shock there's less of a honeymoon phase lasts longer and can be more severe
逆 向 文 化 衝 擊 的 出 現 速 度 比 文 化 衝 擊 快 較 無 蜜 月 期 持 續 時 間 較 長 也 比 較 嚴 重	the speed of the movement to the cultural impact was faster the longer the time to the cultural impact was longer and more serious	re-entry shock comes on sooner than culture shock there's less of a honeymoon phase lasts longer and can be more severe
且 在 革 命 之 後 各 種 職 缺 都 開 放 給 所 有 主 動 求 職 的 男 性 讓 最 有 意 願 和 成 就 者 得 以 接 掌	during the revolution all races were open to all the people who were in the crowd to make the winner of the second round of the event	also after the revolution occupations were open to all male applicants allowing the most ambitious and successful to succeed
且 在 革 命 之 後 各 種 職 缺 都 開 放 給 所 有 主 動 求 職 的 男 性 讓 最 有 意 願 和 成 就 者 得 以 接 掌	during the revolution all races were open to all the people who were in the crowd to make the winner of the second round of the event	also after the revolution occupations were open to all male applicants allowing the most ambitious and successful to succeed
當 組 織 內 各 個 功 能 式 部 門 均 有 效 利 用 所 有 可 運 用 的 資 源 時 便 可 發 揮 創 造 力 和 獨 創 力	when the army uses all its useful resources to make a war of war	when all available resources are effectively used across the functional departments of an organization creativity and ingenuity can transpire
歐 洲 大 陸 雖 然 相 對 較 小 但 卻 存 在 許 多 獨 立 國 家 一 般 情 況 下 在 數 個 國 家 間 旅 行 代 表 著 必 須 申 請 數 個 簽 證 經 歷 多 次 護 照 檢 查	the european mainland is relatively small but has many independent countries in general a tourist must be invited by a visa to go through the passport check	europe is a continent that is relatively small but with many independent countries under normal circumstances travelling through multiple countries would mean having to go through visa applications and passport control multiple times
歐 洲 大 陸 雖 然 相 對 較 小 但 卻 存 在 許 多 獨 立 國 家 一 般 情 況 下 在 數 個 國 家 間 旅 行 代 表 著 必 須 申 請 數 個 簽 證 經 歷 多 次 護 照 檢 查	the european mainland is relatively small but has many independent countries in general a tourist must be invited by a visa to go through the passport check	europe is a continent that is relatively small but with many independent countries under normal circumstances travelling through multiple countries would mean having to go through visa applications and passport control multiple times
女 性 ：建 議 所 有 女 性 遊 客 不 論 實 際 的 婚 姻 狀 況 為 何 都 自 稱 已 婚	women all women tourists who do not live in a stable state of emergency only know how to get married	women it is recommended that any women travellers say that they are married regardless of actual marital status
女 性 ：建 議 所 有 女 性 遊 客 不 論 實 際 的 婚 姻 狀 況 為 何 都 自 稱 已 婚	women all women tourists who do not live in a stable state of emergency only know how to get married	women it is recommended that any women travellers say that they are married regardless of actual marital status
前 往 重 稅 國 家 旅 行 的 旅 客 有 時 可 以 省 下 一 筆 不 小 的 花 費 尤 其 是 在 菸 、酒 等 商 品 上	for tourists who want to travel to other countries sometimes you can pay a lot especially for food	travellers bound for countries with heavy taxation can sometimes save a considerable amount of money especially on products such as alcoholic beverages and tobacco
強 風 、冰 雹 、暴 雨 或 暴 雪 、和 野 火 是 劇 烈 天 氣 的 表 現 形 式 與 結 果 雷 暴 雨 、龍 捲 風 、海 龍 捲 和 氣 旋 也 是	the storm stormed the snow storm and the wild fire caused the sky to look more like a storm storm storm or a storm storm	high winds hail excessive precipitation and wildfires are forms and effects of severe weather as are thunderstorms tornadoes waterspouts and cyclones
強 風 、冰 雹 、暴 雨 或 暴 雪 、和 野 火 是 劇 烈 天 氣 的 表 現 形 式 與 結 果 雷 暴 雨 、龍 捲 風 、海 龍 捲 和 氣 旋 也 是	the storm stormed the snow storm and the wild fire caused the sky to look more like a storm storm storm or a storm storm	high winds hail excessive precipitation and wildfires are forms and effects of severe weather as are thunderstorms tornadoes waterspouts and cyclones
他 們 搭 乘 馬 車 返 回 巴 黎 沿 途 被 一 群 暴 民 包 圍 民 眾 對 著 國 王 和 王 后 叫 囂 、口 出 威 脅	he said that the car would be taken back to bali and be taken to the country where the queen called her to threaten her	in a carriage they traveled back to paris surrounded by a mob of people screaming and shouting threats against the king and queen
他 們 搭 乘 馬 車 返 回 巴 黎 沿 途 被 一 群 暴 民 包 圍 民 眾 對 著 國 王 和 王 后 叫 囂 、口 出 威 脅	he said that the car would be taken back to bali and be taken to the country where the queen called her to threaten her	in a carriage they traveled back to paris surrounded by a mob of people screaming and shouting threats against the king and queen
古 文 化 與 部 落 開 始 飼 養 牠 們 以 便 取 得 奶 、毛 、肉 與 皮	the ancient culture and the tribe began to let them become milk, meat and skin	ancient cultures and tribes began to keep them for easy access to milk hair meat and skins
古 文 化 與 部 落 開 始 飼 養 牠 們 以 便 取 得 奶 、毛 、肉 與 皮	the ancient culture and the tribe began to let them become milk, meat and skin	ancient cultures and tribes began to keep them for easy access to milk hair meat and skins
該 城 市 也 是 攀 登 尼 拉 貢 戈 火 山 的 基 地 可 進 行 非 洲 一 些 最 便 宜 的 山 地 大 猩 猩 追 蹤 活 動	sanskrit is also a place where you can hang out and enjoy some of the most affordable mountainous places in the world	the city is also the base to climb the nyiragongo volcano along with some of the cheapest mountain gorilla tracking in africa
該 城 市 也 是 攀 登 尼 拉 貢 戈 火 山 的 基 地 可 進 行 非 洲 一 些 最 便 宜 的 山 地 大 猩 猩 追 蹤 活 動	sanskrit is also a place where you can hang out and enjoy some of the most affordable mountainous places in the world	the city is also the base to climb the nyiragongo volcano along with some of the cheapest mountain gorilla tracking in africa
其 他 提 名 包 括 最 佳 影 片 、最 佳 導 演 、最 佳 攝 影 、最 佳 服 裝 設 計 、最 佳 剪 輯 、最 佳 原 創 音 樂 、最 佳 製 作 設 計 、最 佳 音 效 剪 輯 、最 佳 混 音 及 最 佳 原 著 劇 本 獎	other topics include the best video the best director the best photography the best clothing design the best editing the best original music the best production design the best audio editing the best audio and the best original script	the other nominations include best picture director cinematography costume design film-editing original score production design sound editing sound mixing and original screenplay
其 他 提 名 包 括 最 佳 影 片 、最 佳 導 演 、最 佳 攝 影 、最 佳 服 裝 設 計 、最 佳 剪 輯 、最 佳 原 創 音 樂 、最 佳 製 作 設 計 、最 佳 音 效 剪 輯 、最 佳 混 音 及 最 佳 原 著 劇 本 獎	other topics include the best video the best director the best photography the best clothing design the best editing the best original music the best production design the best audio editing the best audio and the best original script	the other nominations include best picture director cinematography costume design film-editing original score production design sound editing sound mixing and original screenplay
惡 劣 天 氣 是 所 有 危 險 天 氣 現 象 的 總 稱 有 可 能 會 造 成 破 壞 、嚴 重 的 社 會 混 亂 或 人 命 損 失	the worst weather is the general public with a dangerous weather phenomenon that may cause a serious social disorder or a human loss	severe weather is the generic term for any dangerous weather phenomenon with the potential to cause damage serious social disruption or loss of human life
惡 劣 天 氣 是 所 有 危 險 天 氣 現 象 的 總 稱 有 可 能 會 造 成 破 壞 、嚴 重 的 社 會 混 亂 或 人 命 損 失	the worst weather is the general public with a dangerous weather phenomenon that may cause a serious social disorder or a human loss	severe weather is the generic term for any dangerous weather phenomenon with the potential to cause damage serious social disruption or loss of human life
考 量 所 有 因 素 後 如 果 我 們 的 祖 先 解 決 「蛋 白 質 問 題 」的 方 式 與 現 今 莽 原 上 的 黑 猩 猩 類 似 我 們 也 無 須 感 到 驚 訝	if we had been able to solve all the problems in the early days of our life and the black stars on the modern internet we would have been surprised	all things considered we should not be surprised if our own ancestors solved their protein problem in somewhat the same way that chimps on the savanna do today
考 量 所 有 因 素 後 如 果 我 們 的 祖 先 解 決 「蛋 白 質 問 題 」的 方 式 與 現 今 莽 原 上 的 黑 猩 猩 類 似 我 們 也 無 須 感 到 驚 訝	if we had been able to solve all the problems in the early days of our life and the black stars on the modern internet we would have been surprised	all things considered we should not be surprised if our own ancestors solved their protein problem in somewhat the same way that chimps on the savanna do today
也 可 以 前 往 北 方 造 訪 非 凡 的 花 地 瑪 聖 母 朝 聖 地 那 是 世 界 聞 名 的 聖 母 顯 靈 處	you can also visit the famous flowerpot in the north of the city which is the world's most famous flowerpot	also to the north visit the great sanctuary of our lady of fatima shrine a place of worldwide famous marian apparitions
最 方 便 取 用 的 植 物 資 源 應 是 葉 子 和 莢 豆 中 可 取 得 的 蛋 白 質 但 除 非 經 過 烹 調 不 然 對 像 我 們 這 樣 的 靈 長 類 動 物 來 說 它 們 很 難 消 化	it is convenient to use plant-based leaves and eggs in a pot but if you jump over them they will be very hard to digest if you use your palm or animal	the most readily accessible plant resources would have been the proteins accessible in leaves and legumes but these are hard for primates like us to digest unless they are cooked
最 方 便 取 用 的 植 物 資 源 應 是 葉 子 和 莢 豆 中 可 取 得 的 蛋 白 質 但 除 非 經 過 烹 調 不 然 對 像 我 們 這 樣 的 靈 長 類 動 物 來 說 它 們 很 難 消 化	it is convenient to use plant-based leaves and eggs in a pot but if you jump over them they will be very hard to digest if you use your palm or animal	the most readily accessible plant resources would have been the proteins accessible in leaves and legumes but these are hard for primates like us to digest unless they are cooked
他 沒 有 設 定 減 少 的 數 量 只 聲 稱 將 依 據 中 國 的 經 濟 產 出 進 行 削 減	tablet has set a small amount to call for a limited range of Chinese economy	he did not set a figure for the cuts saying they will be made based on china's economic output
他 沒 有 設 定 減 少 的 數 量 只 聲 稱 將 依 據 中 國 的 經 濟 產 出 進 行 削 減	tablet has set a small amount to call for a limited range of Chinese economy	he did not set a figure for the cuts saying they will be made based on china's economic output
同 樣 的 如 持 有 申 根 簽 證 你 就 不 需 要 分 別 申 請 每 個 申 根 會 員 國 的 簽 證 從 而 節 省 了 時 間 、金 錢 和 文 書 作 業	the same way you have to apply for a new income to apply for a new member of the country to get rid of time money and documents	similarly by having a schengen visa you do not need to apply for visas to each of the schengen member countries separately hence saving time money and paperwork
同 樣 的 如 持 有 申 根 簽 證 你 就 不 需 要 分 別 申 請 每 個 申 根 會 員 國 的 簽 證 從 而 節 省 了 時 間 、金 錢 和 文 書 作 業	the same way you have to apply for a new income to apply for a new member of the country to get rid of time money and documents	similarly by having a schengen visa you do not need to apply for visas to each of the schengen member countries separately hence saving time money and paperwork
正 確 使 用 部 落 格 「可 以 增 強 學 生 分 析 與 批 判 的 能 力 ；學 生 能 透 過 積 極 回 應 網 路 教 材 明 確 定 義 自 己 在 他 人 撰 寫 的 文 章 脈 絡 中 處 於 何 種 位 置 也 能 勾 勒 出 自 己 對 特 定 議 題 的 觀 點 奧 拉 維 斯 2002	the use of blocks to strengthen students' knowledge and judge ability to get through a meeting online to determine who is in the position of the object in which the person is standing the document and to highlight their views on the specific topic oryves2002	appropriate use of blogs can empower students to become more analytical and critical; through actively responding to internet materials students can define their positions in the context of others' writings as well as outline their own perspectives on particular issues oravec 2002
正 確 使 用 部 落 格 「可 以 增 強 學 生 分 析 與 批 判 的 能 力 ；學 生 能 透 過 積 極 回 應 網 路 教 材 明 確 定 義 自 己 在 他 人 撰 寫 的 文 章 脈 絡 中 處 於 何 種 位 置 也 能 勾 勒 出 自 己 對 特 定 議 題 的 觀 點 奧 拉 維 斯 2002	the use of blocks to strengthen students' knowledge and judge ability to get through a meeting online to determine who is in the position of the object in which the person is standing the document and to highlight their views on the specific topic oryves2002	appropriate use of blogs can empower students to become more analytical and critical; through actively responding to internet materials students can define their positions in the context of others' writings as well as outline their own perspectives on particular issues oravec 2002
羅 蘭 多 ‧蒙 多 薩 以 m16 步 槍 向 遊 客 射 擊	loland's montesart shot at the tourists with a m16 gun	rolando mendoza fired his m16 rifle at the tourists
這 似 乎 很 合 理 因 為 地 球 感 覺 起 來 並 沒 有 在 移 動 不 是 嗎 ？	this seems to be very suitable for the earth to feel good and not be too cold	this seems sensible because the earth doesn't feel as if it's moving does it
這 似 乎 很 合 理 因 為 地 球 感 覺 起 來 並 沒 有 在 移 動 不 是 嗎 ？	this seems to be very suitable for the earth to feel good and not be too cold	this seems sensible because the earth doesn't feel as if it's moving does it
日 本 政 府 核 能 機 構 表 示 已 在 核 電 廠 找 到 放 射 性 銫 及 碘	the japan government's nuclear power supply said it was launching nuclear power plants	according to japan's nuclear agency radioactive caesium and iodine has been identified at the plant
日 本 政 府 核 能 機 構 表 示 已 在 核 電 廠 找 到 放 射 性 銫 及 碘	the japan government's nuclear power supply said it was launching nuclear power plants	according to japan's nuclear agency radioactive caesium and iodine has been identified at the plant
每 一 個 世 代 分 離 和 重 組 會 使 得 顯 性 和 隱 性 兩 組 基 因 不 斷 產 生 變 化	every generation of veneers and ancestors will try to remain in shape and remain in shape for two reasons	segregation and recombination shuffle variation back and forth between the two pools with each generation
每 一 個 世 代 分 離 和 重 組 會 使 得 顯 性 和 隱 性 兩 組 基 因 不 斷 產 生 變 化	every generation of veneers and ancestors will try to remain in shape and remain in shape for two reasons	segregation and recombination shuffle variation back and forth between the two pools with each generation
丹 地 大 學 的 帕 梅 拉 ‧弗 格 森 教 授 指 出 ：「如 果 發 布 嫌 疑 人 的 照 片 等 資 料 記 者 確 實 顯 得 遊 走 在 險 路 上 」	dani university's parmoleficast professor said that the information received by the published suspect was certainly visible on the road	professor pamela ferguson of the university of dundee notes journalists do seem to be walking a dangerous line if publishing photos etc of suspects
丹 地 大 學 的 帕 梅 拉 ‧弗 格 森 教 授 指 出 ：「如 果 發 布 嫌 疑 人 的 照 片 等 資 料 記 者 確 實 顯 得 遊 走 在 險 路 上 」	dani university's parmoleficast professor said that the information received by the published suspect was certainly visible on the road	professor pamela ferguson of the university of dundee notes journalists do seem to be walking a dangerous line if publishing photos etc of suspects
科 學 家 能 斷 定 暗 物 質 用 與 一 般 物 質 相 同 的 方 式 影 響 其 他 暗 物 質	formal editing is used in the same way as general material	the scientists were able to conclude that the dark matter affect other dark matter in the same way regular matter does
「它 們 的 熱 行 為 不 像 地 球 上 的 大 型 洞 穴 那 樣 穩 定 、往 往 維 持 較 一 致 的 溫 度 而 是 與 深 入 地 下 的 洞 穴 較 為 相 近 」美 國 地 理 調 查 協 會 usgs 天 體 地 質 學 小 組 成 員 亞 利 桑 那 州 弗 拉 格 斯 塔 夫 北 亞 利 桑 那 大 學 的 葛 倫 ‧庫 欣 表 示	the heat wave was stable as if it were a large frozen abyss in the sky and was a twin moon under the heart u.s. gs skydark skydark skydark skydark skydark skydark skydark skydark skydark skydark skydark skydark skydark skydark skydark skydark skydark skydark skydark skydark skydark skydark skydark skydark skydark skydark skydark skydark skydark skydark skydark	their thermal behavior is not as steady as large caves on earth that often maintain a fairly constant temperature but it is consistent with these being deep holes in the ground, said glen cushing of the united states geological survey usgs astrogeology team and of northern arizona university located in flagstaff arizona
「它 們 的 熱 行 為 不 像 地 球 上 的 大 型 洞 穴 那 樣 穩 定 、往 往 維 持 較 一 致 的 溫 度 而 是 與 深 入 地 下 的 洞 穴 較 為 相 近 」美 國 地 理 調 查 協 會 usgs 天 體 地 質 學 小 組 成 員 亞 利 桑 那 州 弗 拉 格 斯 塔 夫 北 亞 利 桑 那 大 學 的 葛 倫 ‧庫 欣 表 示	the heat wave was stable as if it were a large frozen abyss in the sky and was a twin moon under the heart u.s. gs skydark skydark skydark skydark skydark skydark skydark skydark skydark skydark skydark skydark skydark skydark skydark skydark skydark skydark skydark skydark skydark skydark skydark skydark skydark skydark skydark skydark skydark skydark skydark	their thermal behavior is not as steady as large caves on earth that often maintain a fairly constant temperature but it is consistent with these being deep holes in the ground, said glen cushing of the united states geological survey usgs astrogeology team and of northern arizona university located in flagstaff arizona
大 部 分 現 代 研 究 型 望 遠 鏡 都 是 巨 大 的 設 施 座 落 於 有 大 氣 條 件 良 好 的 偏 遠 地 區	most of the research facilities in the far future are huge and have a large air condition area	most modern research telescopes are enormous facilities in remote areas with favorable atmospheric conditions
大 部 分 現 代 研 究 型 望 遠 鏡 都 是 巨 大 的 設 施 座 落 於 有 大 氣 條 件 良 好 的 偏 遠 地 區	most of the research facilities in the far future are huge and have a large air condition area	most modern research telescopes are enormous facilities in remote areas with favorable atmospheric conditions
兒 童 被 送 往 寄 養 中 心 的 原 因 眾 多 包 括 疏 於 照 顧 、虐 待 甚 至 勒 索	the children were sent to the center of the community including the caretaker and the doctor	children are placed in foster care for a wide variety of reasons that range from neglect to abuse and even to extortion
兒 童 被 送 往 寄 養 中 心 的 原 因 眾 多 包 括 疏 於 照 顧 、虐 待 甚 至 勒 索	the children were sent to the center of the community including the caretaker and the doctor	children are placed in foster care for a wide variety of reasons that range from neglect to abuse and even to extortion
或 許 在 近 端 因 地 殼 較 薄 而 有 更 多 月 海 此 處 的 岩 漿 較 容 易 浮 到 表 面	or more so because the geological surface is more surface-like the rock is easier to float	there may be more maria on the near side because the crust is thinner it was easier for lava to rise up to the surface
或 許 在 近 端 因 地 殼 較 薄 而 有 更 多 月 海 此 處 的 岩 漿 較 容 易 浮 到 表 面	or more so because the geological surface is more surface-like the rock is easier to float	there may be more maria on the near side because the crust is thinner it was easier for lava to rise up to the surface
牠 也 會 攻 擊 所 有 進 入 水 中 的 任 何 東 西 ；即 使 是 像 霸 王 龍 這 樣 的 巨 型 恐 龍 也 不 是 牠 的 對 手	he also attacks anything that enters the water which is like a dragon that is not his opponent	it also attacked anything that entered the water even a giant dinosaur such as t rex would be no match for it
牠 也 會 攻 擊 所 有 進 入 水 中 的 任 何 東 西 ；即 使 是 像 霸 王 龍 這 樣 的 巨 型 恐 龍 也 不 是 牠 的 對 手	he also attacks anything that enters the water which is like a dragon that is not his opponent	it also attacked anything that entered the water even a giant dinosaur such as t rex would be no match for it
娛 樂 新 聞 網 站 tmz 獲 知 該 名 攝 影 師 在 塞 普 爾 韋 達 大 道 sepulveda boulevard 的 對 側 停 下 車 試 圖 在 穿 過 馬 路 並 繼 續 前 進 之 前 對 警 察 攔 停 點 拍 照 這 促 使 加 州 公 路 巡 警 的 警 官 兩 次 執 行 交 通 攔 停 命 令 他 回 到 車 道 對 面	with the news website tmz or the photographer took a stop at the jeff brouwer's station in puvitt-blvd trying to cross the road and continue to the front to take pictures of the police station which was a two-way highway with police officers passing by to order him back to the car	entertainment news website tmz understands the photographer stopped his vehicle on the other side of sepulveda boulevard and attempted to take pictures of the police stop before crossing the road and continuing prompting the california highway patrol police officer conducting the traffic stop to order him back across twice
娛 樂 新 聞 網 站 tmz 獲 知 該 名 攝 影 師 在 塞 普 爾 韋 達 大 道 sepulveda boulevard 的 對 側 停 下 車 試 圖 在 穿 過 馬 路 並 繼 續 前 進 之 前 對 警 察 攔 停 點 拍 照 這 促 使 加 州 公 路 巡 警 的 警 官 兩 次 執 行 交 通 攔 停 命 令 他 回 到 車 道 對 面	with the news website tmz or the photographer took a stop at the jeff brouwer's station in puvitt-blvd trying to cross the road and continue to the front to take pictures of the police station which was a two-way highway with police officers passing by to order him back to the car	entertainment news website tmz understands the photographer stopped his vehicle on the other side of sepulveda boulevard and attempted to take pictures of the police stop before crossing the road and continuing prompting the california highway patrol police officer conducting the traffic stop to order him back across twice
對 springboks 隊 來 說 這 也 終 結 了 五 連 敗	he was in the springbooks for five years	for the springboks it ended a five-match losing streak
對 springboks 隊 來 說 這 也 終 結 了 五 連 敗	he was in the springbooks for five years	for the springboks it ended a five-match losing streak
不 用 說 如 果 你 會 一 種 羅 曼 語 系 的 語 言 那 葡 萄 牙 文 對 你 來 說 會 非 常 好 學	with no words you would be very good at reading a romantic language like napa or amin	needless to say if you know a romance language it will be easier for you to learn portuguese
但 對 於 歸 鄉 遊 子 人 們 可 能 覺 得 沒 必 要 再 擔 待 和 理 解 他 們	but for the rich people they might not be able to understand them	people may not anticipate that patience and understanding are also necessary for travellers returning home
但 對 於 歸 鄉 遊 子 人 們 可 能 覺 得 沒 必 要 再 擔 待 和 理 解 他 們	but for the rich people they might not be able to understand them	people may not anticipate that patience and understanding are also necessary for travellers returning home
海 地 正 義 與 民 主 組 織 參 考 了 幾 份 獨 立 研 究 這 些 研 究 認 為 尼 泊 爾 聯 合 國 維 和 部 隊 在 不 知 情 的 情 況 下 將 該 疾 病 帶 入 海 地	the sea-based business and cultural organization involved several independent researchers who believed that the agreement would bring the disease into the sea if it did not know the situation	the haitian institute for justice and democracy has referenced independent studies that suggest the nepalese un peacekeeping battalion unknowingly brought the disease to haiti
海 地 正 義 與 民 主 組 織 參 考 了 幾 份 獨 立 研 究 這 些 研 究 認 為 尼 泊 爾 聯 合 國 維 和 部 隊 在 不 知 情 的 情 況 下 將 該 疾 病 帶 入 海 地	the sea-based business and cultural organization involved several independent researchers who believed that the agreement would bring the disease into the sea if it did not know the situation	the haitian institute for justice and democracy has referenced independent studies that suggest the nepalese un peacekeeping battalion unknowingly brought the disease to haiti
中 世 紀 末 期 西 歐 開 始 發 展 獨 特 的 風 格 當 時 的 一 大 進 展 就 是 十 字 軍 成 員 開 始 用 釦 子 固 定 衣 服	darkness began to develop in the west european and a major development was the army of the ten states to start using stock to store clothing	towards the end of the middle ages western europe began to develop their own style one of the biggest developments of the time as a result of the crusades people began to use buttons to fasten clothing
中 世 紀 末 期 西 歐 開 始 發 展 獨 特 的 風 格 當 時 的 一 大 進 展 就 是 十 字 軍 成 員 開 始 用 釦 子 固 定 衣 服	darkness began to develop in the west european and a major development was the army of the ten states to start using stock to store clothing	towards the end of the middle ages western europe began to develop their own style one of the biggest developments of the time as a result of the crusades people began to use buttons to fasten clothing
卡 薩 布 蘭 卡 是 全 摩 洛 哥 境 內 最 無 趣 的 購 物 處 之 一	calombra is the most boring property in the whole moroccan	casablanca is one of the least interesting places to shop in all of morocco
卡 薩 布 蘭 卡 是 全 摩 洛 哥 境 內 最 無 趣 的 購 物 處 之 一	calombra is the most boring property in the whole moroccan	casablanca is one of the least interesting places to shop in all of morocco
獅 群 裡 有 一 到 三 隻 成 年 公 獅 再 加 上 多 達 三 十 隻 母 獅 和 幼 獅 組 成	the group has 1 to 3 adult companies with more than 30 bosses and a few early-formers	prides are made up of one to three related adult males along with as many as thirty females and cubs
獅 群 裡 有 一 到 三 隻 成 年 公 獅 再 加 上 多 達 三 十 隻 母 獅 和 幼 獅 組 成	the group has 1 to 3 adult companies with more than 30 bosses and a few early-formers	prides are made up of one to three related adult males along with as many as thirty females and cubs
馬 德 立 昨 日 在 由 九 名 委 員 組 成 的 臨 時 選 舉 委 員 會 cep 中 宣 誓	mardelab announced the election committee of the nine congresses to the congress	martelly swore in a new provisional electoral council cep of nine members yesterday
馬 德 立 昨 日 在 由 九 名 委 員 組 成 的 臨 時 選 舉 委 員 會 cep 中 宣 誓	mardelab announced the election committee of the nine congresses to the congress	martelly swore in a new provisional electoral council cep of nine members yesterday
文 明 是 由 一 群 數 量 顯 著 且 以 協 作 方 式 生 活 與 工 作 的 群 眾 亦 即 社 會 所 共 享 的 獨 特 文 化	the civilisation is a group of individuals who help to live in a unique way of life and work which is the social and social community	a civilization is a singular culture shared by a significant large group of people who live and work co-operatively a society
文 明 是 由 一 群 數 量 顯 著 且 以 協 作 方 式 生 活 與 工 作 的 群 眾 亦 即 社 會 所 共 享 的 獨 特 文 化	the civilisation is a group of individuals who help to live in a unique way of life and work which is the social and social community	a civilization is a singular culture shared by a significant large group of people who live and work co-operatively a society
德 基 西 納 夫 人 在 阿 根 廷 劇 院 宣 佈 有 意 競 選 總 統 這 裡 也 是 她 在 2005 年 投 入 參 議 院 選 戰 、欲 成 為 布 宜 諾 斯 艾 利 斯 省 代 表 團 一 員 時 的 起 點	the greek government announced a presidential election in arctic in 2005 to become the first point of the irish-sansk-dia-tribune	mrs kirchner announced her intention to run for president at the argentine theatre the same location she used to start her 2005 campaign for the senate as member of the buenos aires province delegation
他 們 通 常 會 提 供 特 別 的 餐 點 、飲 料 和 娛 樂 以 保 持 客 人 心 情 愉 悅 並 讓 後 者 留 在 現 場	they usually offer special meals to drink and to keep the customer's mind and body and leave the latter at the scene	they usually have special food drink and entertainment offers to keep guests in a good mood and keep them at the premise
他 們 通 常 會 提 供 特 別 的 餐 點 、飲 料 和 娛 樂 以 保 持 客 人 心 情 愉 悅 並 讓 後 者 留 在 現 場	they usually offer special meals to drink and to keep the customer's mind and body and leave the latter at the scene	they usually have special food drink and entertainment offers to keep guests in a good mood and keep them at the premise
地 殼 在 近 端 厚 約 七 十 公 里 在 遠 端 厚 約 一 百 公 里	the land is about 70 km away from here and about 100 km away from the source	the crust is about 70 km thick on the near side and 100 km thick on the far side
自 由 派 對 推 動 重 建 的 批 評 主 要 在 於 重 建 合 約 犒 賞 了 一 般 認 為 的 華 府 圈 內 人	the system offers a re-assessor's assessment of the person in charge of the general opinion of the author	liberal criticism of the reconstruction effort has focused on the awarding of reconstruction contracts to perceived washington insiders
自 由 派 對 推 動 重 建 的 批 評 主 要 在 於 重 建 合 約 犒 賞 了 一 般 認 為 的 華 府 圈 內 人	the system offers a re-assessor's assessment of the person in charge of the general opinion of the author	liberal criticism of the reconstruction effort has focused on the awarding of reconstruction contracts to perceived washington insiders
有 些 人 覺 得 他 是 對 的 但 很 多 人 持 相 反 看 法 ；他 們 認 為 包 括 太 陽 在 內 的 太 陽 系 甚 至 其 它 星 星 都 是 繞 著 地 球 移 動 的	some people think it's right but many people think it's against the law including the sun that's the same even the rest are just walking around the earth	some people thought he was right but many people believed the opposite; that the solar system moved around the earth including the sun and even the other stars
有 些 人 覺 得 他 是 對 的 但 很 多 人 持 相 反 看 法 ；他 們 認 為 包 括 太 陽 在 內 的 太 陽 系 甚 至 其 它 星 星 都 是 繞 著 地 球 移 動 的	some people think it's right but many people think it's against the law including the sun that's the same even the rest are just walking around the earth	some people thought he was right but many people believed the opposite; that the solar system moved around the earth including the sun and even the other stars
一 般 來 說 主 管 開 始 領 導 昔 日 的 同 儕 時 有 可 能 產 生 兩 種 行 為 其 中 一 種 是 試 圖 維 持 自 己 仍 為 同 儕 圈 子 裡 的 一 員	in general the host started to make the day of the copper wire possible and tried to make it into a circle	generally speaking two behaviors can emerge as managers begin to lead their former peers. one end of the spectrum is trying to remain  one of the guys” or gals
一 般 來 說 主 管 開 始 領 導 昔 日 的 同 儕 時 有 可 能 產 生 兩 種 行 為 其 中 一 種 是 試 圖 維 持 自 己 仍 為 同 儕 圈 子 裡 的 一 員	in general the host started to make the day of the copper wire possible and tried to make it into a circle	generally speaking two behaviors can emerge as managers begin to lead their former peers. one end of the spectrum is trying to remain  one of the guys” or gals
一 種 簡 單 的 人 氣 晚 餐 是 pa amb oli夏 季 期 間 尤 其 流 行 ：麵 包 配 橄 欖 油 、番 茄 和 任 何 可 取 得 的 調 味 料 例 如 起 司 、鮪 魚 等	a simple dinner is paamp oli which is a popular food during summer and is a great combination of olive oil and any other seasonings such as fish and fish	a simple popular dinner especially during the summer is the pa amb oli bread with olive oil tomato and any available condiments such as cheese tunafish etc
一 種 簡 單 的 人 氣 晚 餐 是 pa amb oli夏 季 期 間 尤 其 流 行 ：麵 包 配 橄 欖 油 、番 茄 和 任 何 可 取 得 的 調 味 料 例 如 起 司 、鮪 魚 等	a simple dinner is paamp oli which is a popular food during summer and is a great combination of olive oil and any other seasonings such as fish and fish	a simple popular dinner especially during the summer is the pa amb oli bread with olive oil tomato and any available condiments such as cheese tunafish etc
歐 洲 大 陸 雖 然 相 對 較 小 但 卻 存 在 許 多 獨 立 國 家 一 般 情 況 下 在 數 個 國 家 間 旅 行 代 表 著 必 須 申 請 數 個 簽 證 經 歷 多 次 護 照 檢 查	the european nation is relatively small but has many independent countries in general the number of visas required during the trip must be measured by the number of visas	europe is a continent that is relatively small but with many independent countries under normal circumstances travelling through multiple countries would mean having to go through visa applications and passport control multiple times
歐 洲 大 陸 雖 然 相 對 較 小 但 卻 存 在 許 多 獨 立 國 家 一 般 情 況 下 在 數 個 國 家 間 旅 行 代 表 著 必 須 申 請 數 個 簽 證 經 歷 多 次 護 照 檢 查	the european nation is relatively small but has many independent countries in general the number of visas required during the trip must be measured by the number of visas	europe is a continent that is relatively small but with many independent countries under normal circumstances travelling through multiple countries would mean having to go through visa applications and passport control multiple times
scotturb 公 車 403 會 固 定 開 往 辛 特 拉 停 靠 在 羅 卡 角	scotterp 403 is set to open in russia and stop in russia	scotturb bus 403 travels regularly to sintra stopping at cabo da roca
scotturb 公 車 403 會 固 定 開 往 辛 特 拉 停 靠 在 羅 卡 角	scotterp 403 is set to open in russia and stop in russia	scotturb bus 403 travels regularly to sintra stopping at cabo da roca
阿 皮 亞 是 薩 摩 亞 的 首 都 這 個 城 鎮 位 於 烏 波 盧 島 上 人 口 接 近 40,000 人	apia is a capital of the samosas and is located on the uber island and is inhabited by more than 40,000 people	apia is the capital of samoa the town is on the island of upolu and has a population of just under 40,000
阿 皮 亞 是 薩 摩 亞 的 首 都 這 個 城 鎮 位 於 烏 波 盧 島 上 人 口 接 近 40,000 人	apia is a capital of the samosas and is located on the uber island and is inhabited by more than 40,000 people	apia is the capital of samoa the town is on the island of upolu and has a population of just under 40,000
透 過 虛 擬 方 式 分 享 校 外 教 學 也 是 回 顧 該 次 旅 行 和 向 未 來 班 級 分 享 經 驗 的 好 方 法	the way to travel is also a good way to travel and to travel to the future	sharing a field trip virtually is also a great way to reflect a on a trip and share experiences with future classes
透 過 虛 擬 方 式 分 享 校 外 教 學 也 是 回 顧 該 次 旅 行 和 向 未 來 班 級 分 享 經 驗 的 好 方 法	the way to travel is also a good way to travel and to travel to the future	sharing a field trip virtually is also a great way to reflect a on a trip and share experiences with future classes
美 國 體 操 協 會 為 美 國 奧 委 會 的 來 信 背 書 並 認 同 奧 林 匹 克 大 家 庭 絕 對 有 需 要 為 我 們 所 有 的 運 動 員 推 動 安 全 的 環 境	the united states first held a letter to the us olympic club and said that we needed security for all sports	usa gymnastics supports the united states olympic committee's letter and accepts the absolute need of the olympic family to promote a safe environment for all of our athletes
美 國 體 操 協 會 為 美 國 奧 委 會 的 來 信 背 書 並 認 同 奧 林 匹 克 大 家 庭 絕 對 有 需 要 為 我 們 所 有 的 運 動 員 推 動 安 全 的 環 境	the united states first held a letter to the us olympic club and said that we needed security for all sports	usa gymnastics supports the united states olympic committee's letter and accepts the absolute need of the olympic family to promote a safe environment for all of our athletes
而 改 朝 換 代 之 際 也 是 各 地 分 裂 動 盪 的 時 期 其 中 最 著 名 的 就 是 漢 朝 和 晉 朝 之 間 60 年 的 三 國 時 代	the modernity was also a period of the divided party which was the most prominent period of the han dynasty and the imperial dynasty	also between each dynasty was an unstable age of divided provinces the best-known of these periods was the three kingdoms epoch taking place for 60 years between the han and the jin dynasty
而 改 朝 換 代 之 際 也 是 各 地 分 裂 動 盪 的 時 期 其 中 最 著 名 的 就 是 漢 朝 和 晉 朝 之 間 60 年 的 三 國 時 代	the modernity was also a period of the divided party which was the most prominent period of the han dynasty and the imperial dynasty	also between each dynasty was an unstable age of divided provinces the best-known of these periods was the three kingdoms epoch taking place for 60 years between the han and the jin dynasty
除 了 周 三 的 比 賽 卡 潘 內 多 carpanedo 也 參 加 了 錦 標 賽 中 的 兩 場 個 別 賽 事	as well as the match for the new season carpignol and capnado both had a special difference in their performance	beyond wednesday's event carpanedo competed in two individual races at the championships
除 了 周 三 的 比 賽 卡 潘 內 多 carpanedo 也 參 加 了 錦 標 賽 中 的 兩 場 個 別 賽 事	as well as the match for the new season carpignol and capnado both had a special difference in their performance	beyond wednesday's event carpanedo competed in two individual races at the championships
首 先 大 部 份 的 騎 士 都 穿 著 有 鞋 跟 且 鞋 底 平 滑 狹 窄 的 馬 靴	first most of the rides are made of shoes with a foot-painting or a horse-riding horse	first most riders wear riding boots with a heel and a smooth quite narrow sole
首 先 大 部 份 的 騎 士 都 穿 著 有 鞋 跟 且 鞋 底 平 滑 狹 窄 的 馬 靴	first most of the rides are made of shoes with a foot-painting or a horse-riding horse	first most riders wear riding boots with a heel and a smooth quite narrow sole
當 組 織 內 各 個 功 能 式 部 門 均 有 效 利 用 所 有 可 運 用 的 資 源 時 便 可 發 揮 創 造 力 和 獨 創 力	when a group of civil army members use all their resources to use they can use their creativity to create forces	when all available resources are effectively used across the functional departments of an organization creativity and ingenuity can transpire
在 短 短 兩 週 內 美 軍 和 自 由 法 國 軍 就 解 放 了 南 法 並 轉 向 德 國	in a short period of time the u.s. army and the free british army released the south and moved to germany	in just two weeks the americans and free french forces had liberated southern france and were turning towards germany
在 短 短 兩 週 內 美 軍 和 自 由 法 國 軍 就 解 放 了 南 法 並 轉 向 德 國	in a short period of time the u.s. army and the free british army released the south and moved to germany	in just two weeks the americans and free french forces had liberated southern france and were turning towards germany
鷹 架 式 教 學 並 非 學 習 方 法 而 是 一 種 輔 助 可 為 正 在 經 歷 新 學 習 體 驗 如 使 用 新 電 腦 程 式 或 開 始 新 專 案 等 的 人 提 供 支 援	the in-access education and the learning method is a kind of responsibility that can be used to experience new learning and to support new computers or new applications	scaffolding is not a method of learning but rather an aid that provides support to individuals whom are undergoing a new learning experience such as using a new computer program or beginning a new project
鷹 架 式 教 學 並 非 學 習 方 法 而 是 一 種 輔 助 可 為 正 在 經 歷 新 學 習 體 驗 如 使 用 新 電 腦 程 式 或 開 始 新 專 案 等 的 人 提 供 支 援	the in-access education and the learning method is a kind of responsibility that can be used to experience new learning and to support new computers or new applications	scaffolding is not a method of learning but rather an aid that provides support to individuals whom are undergoing a new learning experience such as using a new computer program or beginning a new project
實 際 上 即 便 有 人 知 道 它 的 存 在 也 不 容 易 找 到 一 旦 進 到 山 洞 內 就 完 全 與 世 隔 絕	actually even if you know its existence it's not easy to find once you get to the cave you're completely in the world	in fact it is not easy to find at all even if one knew it existed once inside the cave it is a total isolation
實 際 上 即 便 有 人 知 道 它 的 存 在 也 不 容 易 找 到 一 旦 進 到 山 洞 內 就 完 全 與 世 隔 絕	actually even if you know its existence it's not easy to find once you get to the cave you're completely in the world	in fact it is not easy to find at all even if one knew it existed once inside the cave it is a total isolation
因 此 鉛 筆 在 剛 問 世 時 成 為 了 許 多 人 的 好 朋 友	so it became a good friend of many when it came to the monsoons	thus the pencil was a good friend to many people when it came out
最 方 便 取 用 的 植 物 資 源 應 是 葉 子 和 莢 豆 中 可 取 得 的 蛋 白 質 但 除 非 經 過 烹 調 不 然 對 像 我 們 這 樣 的 靈 長 類 動 物 來 說 它 們 很 難 消 化	the most convenient reason to use them is that leaves and leaves can be removed but not through a strip they are difficult to digest in such a environment	the most readily accessible plant resources would have been the proteins accessible in leaves and legumes but these are hard for primates like us to digest unless they are cooked
最 方 便 取 用 的 植 物 資 源 應 是 葉 子 和 莢 豆 中 可 取 得 的 蛋 白 質 但 除 非 經 過 烹 調 不 然 對 像 我 們 這 樣 的 靈 長 類 動 物 來 說 它 們 很 難 消 化	the most convenient reason to use them is that leaves and leaves can be removed but not through a strip they are difficult to digest in such a environment	the most readily accessible plant resources would have been the proteins accessible in leaves and legumes but these are hard for primates like us to digest unless they are cooked
對 springboks 隊 來 說 這 也 終 結 了 五 連 敗	the springboks were in the lead and ended in the fifth	for the springboks it ended a five-match losing streak
對 springboks 隊 來 說 這 也 終 結 了 五 連 敗	the springboks were in the lead and ended in the fifth	for the springboks it ended a five-match losing streak
請 勿 在 建 築 物 上 做 標 記 或 塗 鴉 以 免 破 壞 景 點 的 外 觀	please continue to make signs and pictures to avoid damage to the view	do not deface the site by marking or scratching graffiti into structures
請 勿 在 建 築 物 上 做 標 記 或 塗 鴉 以 免 破 壞 景 點 的 外 觀	please continue to make signs and pictures to avoid damage to the view	do not deface the site by marking or scratching graffiti into structures
雷 頓 在 與 總 理 的 會 面 中 請 求 修 改 保 守 黨 的 環 境 法 案 要 求 「全 面 徹 底 改 寫 」保 守 黨 所 提 的 環 境 法 案	in the meeting with the president please amend the environmental law of the conservative party and request the full-time facility to amend the environmental law of the conservative party	layton had asked for changes to the conservatives' environmental bill during the meeting with the pm asking for a thorough and complete rewriting of the conservative party's environmental bill
雷 頓 在 與 總 理 的 會 面 中 請 求 修 改 保 守 黨 的 環 境 法 案 要 求 「全 面 徹 底 改 寫 」保 守 黨 所 提 的 環 境 法 案	in the meeting with the president please amend the environmental law of the conservative party and request the full-time facility to amend the environmental law of the conservative party	layton had asked for changes to the conservatives' environmental bill during the meeting with the pm asking for a thorough and complete rewriting of the conservative party's environmental bill
這 將 讓 玩 家 透 過 在 空 中 揮 動 裝 置 以 控 制 電 子 遊 戲 中 的 動 作 和 移 動	it will allow the player to move and move through the air through the control system	this will allow players to control actions and movements in video games by moving the device through the air
二 戰 結 束 不 過 兩 年 原 本 的 盟 友 就 成 了 敵 人 冷 戰 開 始	the war ended but the original allies of the enemy had been defeated and the war began	with two years of the end of the war the former allies were now enemies and the cold war began
多 發 性 硬 化 症 是 影 響 腦 部 、脊 髓 和 視 神 經 等 中 樞 神 經 系 統 的 病 症	the severe symptoms are the brain's bone marrow and the brain's central and central nerves	ms is a disease that affects the central nervous system which is made up of the brain the spinal cord and the optic nerve
多 發 性 硬 化 症 是 影 響 腦 部 、脊 髓 和 視 神 經 等 中 樞 神 經 系 統 的 病 症	the severe symptoms are the brain's bone marrow and the brain's central and central nerves	ms is a disease that affects the central nervous system which is made up of the brain the spinal cord and the optic nerve
53 歲 的 古 莫 今 年 稍 早 上 任 為 州 長 上 個 月 簽 署 了 一 項 將 同 性 婚 姻 合 法 化 的 法 案	at age 53 this year less were charged with the case of the alleged legalization of a legal marriage that was signed last month	cuomo 53 began his governorship earlier this year and signed a bill last month legalizing same-sex marriage
53 歲 的 古 莫 今 年 稍 早 上 任 為 州 長 上 個 月 簽 署 了 一 項 將 同 性 婚 姻 合 法 化 的 法 案	at age 53 this year less were charged with the case of the alleged legalization of a legal marriage that was signed last month	cuomo 53 began his governorship earlier this year and signed a bill last month legalizing same-sex marriage
星 期 日 傍 晚 美 國 總 統 唐 納 ‧川 普 透 過 新 聞 秘 書 發 表 聲 明 宣 布 美 國 軍 隊 將 撤 離 敘 利 亞	on monday the u.s. president of the united states passed a civil law to state that the u.s. army was going to jail	late on sunday the united states president donald trump in a statement delivered via the press secretary announced us troops would be leaving syria
星 期 日 傍 晚 美 國 總 統 唐 納 ‧川 普 透 過 新 聞 秘 書 發 表 聲 明 宣 布 美 國 軍 隊 將 撤 離 敘 利 亞	on monday the u.s. president of the united states passed a civil law to state that the u.s. army was going to jail	late on sunday the united states president donald trump in a statement delivered via the press secretary announced us troops would be leaving syria
更 北 方 的 大 片 地 區 人 口 稀 少 有 些 幾 乎 是 杳 無 人 煙 的 荒 野	more than a large area of ​​the population there are also some almost deserted villages	large areas further north are quite sparsely populated and some is nearly uninhabited wilderness
更 北 方 的 大 片 地 區 人 口 稀 少 有 些 幾 乎 是 杳 無 人 煙 的 荒 野	more than a large area of ​​the population there are also some almost deserted villages	large areas further north are quite sparsely populated and some is nearly uninhabited wilderness
許 多 義 大 利 城 市 和 世 界 上 其 他 地 方 也 有 類 似 的 陳 設 尤 其 是 波 蘭 並 有 為 數 眾 多 的 人 潮 前 來 觀 禮	many italian cities and other places in the world have similar conditions especially in the country where there are many people who come to visit	in many other cities of italy and in the rest of the world particularly in poland similar setups were made which were viewed by a great number of people
許 多 義 大 利 城 市 和 世 界 上 其 他 地 方 也 有 類 似 的 陳 設 尤 其 是 波 蘭 並 有 為 數 眾 多 的 人 潮 前 來 觀 禮	many italian cities and other places in the world have similar conditions especially in the country where there are many people who come to visit	in many other cities of italy and in the rest of the world particularly in poland similar setups were made which were viewed by a great number of people
二 十 世 紀 的 研 究 顯 示 有 兩 種 基 因 變 異 ：隱 性 和 顯 性	the study in the 20th century showed that two kinds of bacteria were called the trichococcus	twentieth century research has shown that there are two pools of genetic variation hidden and expressed
二 十 世 紀 的 研 究 顯 示 有 兩 種 基 因 變 異 ：隱 性 和 顯 性	the study in the 20th century showed that two kinds of bacteria were called the trichococcus	twentieth century research has shown that there are two pools of genetic variation hidden and expressed
有 些 人 覺 得 他 是 對 的 但 很 多 人 持 相 反 看 法 ；他 們 認 為 包 括 太 陽 在 內 的 太 陽 系 甚 至 其 它 星 星 都 是 繞 著 地 球 移 動 的	some people think it's the opposite but many people think it's the same even the rest of the planet is a bit of a global movement	some people thought he was right but many people believed the opposite; that the solar system moved around the earth including the sun and even the other stars
有 些 人 覺 得 他 是 對 的 但 很 多 人 持 相 反 看 法 ；他 們 認 為 包 括 太 陽 在 內 的 太 陽 系 甚 至 其 它 星 星 都 是 繞 著 地 球 移 動 的	some people think it's the opposite but many people think it's the same even the rest of the planet is a bit of a global movement	some people thought he was right but many people believed the opposite; that the solar system moved around the earth including the sun and even the other stars
不 過 就 這 方 面 來 說 申 根 區 的 運 作 方 式 就 像 一 個 國 家	however the saudi region was based on the constitution of the new region into a country	the schengen zone however works somewhat like one country in this respect
不 過 就 這 方 面 來 說 申 根 區 的 運 作 方 式 就 像 一 個 國 家	however the saudi region was based on the constitution of the new region into a country	the schengen zone however works somewhat like one country in this respect
阿 皮 亞 是 薩 摩 亞 的 首 都 這 個 城 鎮 位 於 烏 波 盧 島 上 人 口 接 近 40,000 人	apia is the capital of the monarchy and is located on the island of vrlana and is population of nearly 40,000	apia is the capital of samoa the town is on the island of upolu and has a population of just under 40,000
阿 皮 亞 是 薩 摩 亞 的 首 都 這 個 城 鎮 位 於 烏 波 盧 島 上 人 口 接 近 40,000 人	apia is the capital of the monarchy and is located on the island of vrlana and is population of nearly 40,000	apia is the capital of samoa the town is on the island of upolu and has a population of just under 40,000
在 獨 立 戰 爭 期 間 這 十 三 個 州 首 先 根 據 《邦 聯 條 例 》成 立 了 脆 弱 的 中 央 政 府 而 國 會 是 它 唯 一 的 機 構	while reading the money the 13 states first helped to establish a moderate government with a moderate rate of about 100 million dollars which would be its only source	during the revolutionary war the thirteen states first formed a weak central government-with the congress being its only component-under the articles of confederation
在 獨 立 戰 爭 期 間 這 十 三 個 州 首 先 根 據 《邦 聯 條 例 》成 立 了 脆 弱 的 中 央 政 府 而 國 會 是 它 唯 一 的 機 構	while reading the money the 13 states first helped to establish a moderate government with a moderate rate of about 100 million dollars which would be its only source	during the revolutionary war the thirteen states first formed a weak central government-with the congress being its only component-under the articles of confederation
地 域 性 與 季 節 性 的 極 端 氣 候 現 象 包 含 了 雪 暴 、暴 風 雪 、冰 風 暴 和 沙 塵 暴	the earthquake and the extreme weather conditions in guizhi include snow storm ice storm sand storm	regional and seasonal severe weather phenomena include blizzards snowstorms ice storms and dust storms
地 域 性 與 季 節 性 的 極 端 氣 候 現 象 包 含 了 雪 暴 、暴 風 雪 、冰 風 暴 和 沙 塵 暴	the earthquake and the extreme weather conditions in guizhi include snow storm ice storm sand storm	regional and seasonal severe weather phenomena include blizzards snowstorms ice storms and dust storms
也 許 購 買 一 張 wild card 聯 票 會 比 較 划 算 這 種 聯 票 可 讓 你 進 入 南 非 某 些 精 選 的 公 園 或 是 南 非 所 有 的 國 家 公 園	you can also buy a wildcard ticket which is more expensive and allows you to enter a park with a certain spirit or all the national park	it may also be beneficial for one to buy a wild card which provides entry to either selections of parks in south africa or all of the south african national parks
也 許 購 買 一 張 wild card 聯 票 會 比 較 划 算 這 種 聯 票 可 讓 你 進 入 南 非 某 些 精 選 的 公 園 或 是 南 非 所 有 的 國 家 公 園	you can also buy a wildcard ticket which is more expensive and allows you to enter a park with a certain spirit or all the national park	it may also be beneficial for one to buy a wild card which provides entry to either selections of parks in south africa or all of the south african national parks
已 婚 且 育 有 兩 名 成 年 子 女 的 杜 瓦 爾 並 沒 有 給 與 故 事 有 關 的 米 勒 留 下 深 刻 的 印 象	the two relics of the split were not related to the story and had no strong impression of the relics	duvall who is married with two adult children did not leave a big impression on miller to whom the story was related
已 婚 且 育 有 兩 名 成 年 子 女 的 杜 瓦 爾 並 沒 有 給 與 故 事 有 關 的 米 勒 留 下 深 刻 的 印 象	the two relics of the split were not related to the story and had no strong impression of the relics	duvall who is married with two adult children did not leave a big impression on miller to whom the story was related
另 一 方 面 在 很 多 國 家 冰 雪 氣 候 都 十 分 常 見 而 且 交 通 幾 乎 全 年 無 阻	otherly many countries have a lot of ice and traffic is almost all	on the other hand icy and snowy conditions are normal in many countries and traffic goes on mostly uninterrupted all year round
另 一 方 面 在 很 多 國 家 冰 雪 氣 候 都 十 分 常 見 而 且 交 通 幾 乎 全 年 無 阻	otherly many countries have a lot of ice and traffic is almost all	on the other hand icy and snowy conditions are normal in many countries and traffic goes on mostly uninterrupted all year round
該 發 現 也 為 鳥 類 羽 毛 的 進 化 提 供 深 入 的 見 解	the discovery also involved the introduction of the source of the material into the process	the find also grants insight into the evolution of feathers in birds
該 發 現 也 為 鳥 類 羽 毛 的 進 化 提 供 深 入 的 見 解	the discovery also involved the introduction of the source of the material into the process	the find also grants insight into the evolution of feathers in birds
遊 客 仍 須 聽 取 當 局 建 議 、遵 守 所 有 標 示 並 密 切 注 意 安 全 警 示	the tourists were allowed to leave the building and watch the security guards	still take advice from authorities obey all signs and pay close attention to safety warnings
遊 客 仍 須 聽 取 當 局 建 議 、遵 守 所 有 標 示 並 密 切 注 意 安 全 警 示	the tourists were allowed to leave the building and watch the security guards	still take advice from authorities obey all signs and pay close attention to safety warnings
芬 蘭 是 非 常 適 合 划 船 的 地 方 有 「千 湖 之 國 」之 稱 的 芬 蘭 也 坐 擁 數 以 千 計 個 湖 中 島 或 沿 海 群 島	francisco is a very well-known place for boats and is known for its water-saving rivers and sea islands	finland is a great boating destination the land of a thousand lakes has thousands of islands too in the lakes and in the coastal archipelagos
芬 蘭 是 非 常 適 合 划 船 的 地 方 有 「千 湖 之 國 」之 稱 的 芬 蘭 也 坐 擁 數 以 千 計 個 湖 中 島 或 沿 海 群 島	francisco is a very well-known place for boats and is known for its water-saving rivers and sea islands	finland is a great boating destination the land of a thousand lakes has thousands of islands too in the lakes and in the coastal archipelagos
芬 蘭 是 非 常 適 合 划 船 的 地 方 有 「千 湖 之 國 」之 稱 的 芬 蘭 也 坐 擁 數 以 千 計 個 湖 中 島 或 沿 海 群 島	francisco is a very suitable place for boaters and is known as the finnaia zorong with over 1,000 islands or ocean islands	finland is a great boating destination the land of a thousand lakes has thousands of islands too in the lakes and in the coastal archipelagos
芬 蘭 是 非 常 適 合 划 船 的 地 方 有 「千 湖 之 國 」之 稱 的 芬 蘭 也 坐 擁 數 以 千 計 個 湖 中 島 或 沿 海 群 島	francisco is a very suitable place for boaters and is known as the finnaia zorong with over 1,000 islands or ocean islands	finland is a great boating destination the land of a thousand lakes has thousands of islands too in the lakes and in the coastal archipelagos
雖 然 無 法 確 定 但 我 們 認 為 牠 可 能 有 雙 分 舌 牠 會 吃 烏 龜 、大 型 魚 類 、其 他 滄 龍 屬 恐 龍 甚 至 可 能 也 會 吃 同 類	although we are not sure we think it might have a difference it might be a turtle with a fish in it other birds with a hole in it or maybe it might be a bird	we don't know for sure but it may have had a forked tongue its diet included turtles large fish other mosasaurs and it may even have been a cannibal
雖 然 無 法 確 定 但 我 們 認 為 牠 可 能 有 雙 分 舌 牠 會 吃 烏 龜 、大 型 魚 類 、其 他 滄 龍 屬 恐 龍 甚 至 可 能 也 會 吃 同 類	although we are not sure we think it might have a difference it might be a turtle with a fish in it other birds with a hole in it or maybe it might be a bird	we don't know for sure but it may have had a forked tongue its diet included turtles large fish other mosasaurs and it may even have been a cannibal
它 指 出 將 圖 像 垂 直 和 水 平 三 等 分 後 線 條 的 交 點 便 是 拍 攝 主 體 最 有 效 的 位 置 見 範 例	he pointed out the location of the bridge to the point after the water level and the water level three	it states that the most effective place for the main subject is at the intersection of lines dividing the image into thirds vertically and horizontally see example
它 指 出 將 圖 像 垂 直 和 水 平 三 等 分 後 線 條 的 交 點 便 是 拍 攝 主 體 最 有 效 的 位 置 見 範 例	he pointed out the location of the bridge to the point after the water level and the water level three	it states that the most effective place for the main subject is at the intersection of lines dividing the image into thirds vertically and horizontally see example
而 改 朝 換 代 之 際 也 是 各 地 分 裂 動 盪 的 時 期 其 中 最 著 名 的 就 是 漢 朝 和 晉 朝 之 間 60 年 的 三 國 時 代	the revolution was also a period of civilisation which was most famous for the hansis and the jinshan period of the 60s	also between each dynasty was an unstable age of divided provinces the best-known of these periods was the three kingdoms epoch taking place for 60 years between the han and the jin dynasty
而 改 朝 換 代 之 際 也 是 各 地 分 裂 動 盪 的 時 期 其 中 最 著 名 的 就 是 漢 朝 和 晉 朝 之 間 60 年 的 三 國 時 代	the revolution was also a period of civilisation which was most famous for the hansis and the jinshan period of the 60s	also between each dynasty was an unstable age of divided provinces the best-known of these periods was the three kingdoms epoch taking place for 60 years between the han and the jin dynasty
腦 部 病 理 學 與 行 為 之 間 的 關 聯 支 持 科 學 家 進 行 研 究	the old patient learned to study the methods of the relationship between actions	the correlation between brain pathology and behaviour supports scientists in their research
腦 部 病 理 學 與 行 為 之 間 的 關 聯 支 持 科 學 家 進 行 研 究	the old patient learned to study the methods of the relationship between actions	the correlation between brain pathology and behaviour supports scientists in their research
另 一 方 面 在 很 多 國 家 冰 雪 氣 候 都 十 分 常 見 而 且 交 通 幾 乎 全 年 無 阻	otherly many countries have very common ice climate and have almost no transportation	on the other hand icy and snowy conditions are normal in many countries and traffic goes on mostly uninterrupted all year round
另 一 方 面 在 很 多 國 家 冰 雪 氣 候 都 十 分 常 見 而 且 交 通 幾 乎 全 年 無 阻	otherly many countries have very common ice climate and have almost no transportation	on the other hand icy and snowy conditions are normal in many countries and traffic goes on mostly uninterrupted all year round
馬 德 立 昨 日 在 由 九 名 委 員 組 成 的 臨 時 選 舉 委 員 會 cep 中 宣 誓	mardal was elected by nine members of the committee yesterday	martelly swore in a new provisional electoral council cep of nine members yesterday
馬 德 立 昨 日 在 由 九 名 委 員 組 成 的 臨 時 選 舉 委 員 會 cep 中 宣 誓	mardal was elected by nine members of the committee yesterday	martelly swore in a new provisional electoral council cep of nine members yesterday
它 在 月 海 下 較 薄 在 高 原 下 則 較 厚	he was in the sea and was in the high and low islands	it is thinner under the maria and thicker under the highlands
它 在 月 海 下 較 薄 在 高 原 下 則 較 厚	he was in the sea and was in the high and low islands	it is thinner under the maria and thicker under the highlands
甘 藍 汁 會 根 據 化 學 物 質 的 酸 鹼 度 變 色	the tube is ellipsoid based on the material of the science	the cabbage juice changes color depending on how acidic or basic alkaline the chemical is
甘 藍 汁 會 根 據 化 學 物 質 的 酸 鹼 度 變 色	the tube is ellipsoid based on the material of the science	the cabbage juice changes color depending on how acidic or basic alkaline the chemical is
地 球 上 流 入 海 洋 的 河 水 中 有 整 整 20％ 是 來 自 於 亞 馬 遜 河	there are 20% of the ocean water on earth from amazon	a full 20% of the water that pours out of the planet's rivers into the oceans comes from the amazon
地 球 上 流 入 海 洋 的 河 水 中 有 整 整 20％ 是 來 自 於 亞 馬 遜 河	there are 20% of the ocean water on earth from amazon	a full 20% of the water that pours out of the planet's rivers into the oceans comes from the amazon
獅 群 的 行 為 和 狼 群 或 狗 群 非 常 相 像 這 兩 種 動 物 意 外 地 和 獅 子 但 不 包 括 其 他 大 型 貓 科 相 似 而 且 也 對 牠 們 的 獵 物 非 常 狠	the actions and waves of the lions and dogs are very similar these animals are both lion and tiger but they are not as aggressive as other large cats and are very aggressive against them	lion prides act much like packs of wolves or dogs animals surprisingly similar to lions but not other big cats in behavior and also very deadly to their prey
獅 群 的 行 為 和 狼 群 或 狗 群 非 常 相 像 這 兩 種 動 物 意 外 地 和 獅 子 但 不 包 括 其 他 大 型 貓 科 相 似 而 且 也 對 牠 們 的 獵 物 非 常 狠	the actions and waves of the lions and dogs are very similar these animals are both lion and tiger but they are not as aggressive as other large cats and are very aggressive against them	lion prides act much like packs of wolves or dogs animals surprisingly similar to lions but not other big cats in behavior and also very deadly to their prey
仍 有 許 多 當 時 在 此 的 男 女 存 活 了 下 來 還 有 更 多 人 的 摯 愛 在 此 被 殺 害 或 勞 動 至 死 不 管 是 不 是 猶 太	many men and women who were here at the time were killed or killed in the event of a death	there are still many men and women alive who survived their time here and many more who had loved ones who were murdered or worked to death there jews and non-jews alike
仍 有 許 多 當 時 在 此 的 男 女 存 活 了 下 來 還 有 更 多 人 的 摯 愛 在 此 被 殺 害 或 勞 動 至 死 不 管 是 不 是 猶 太	many men and women who were here at the time were killed or killed in the event of a death	there are still many men and women alive who survived their time here and many more who had loved ones who were murdered or worked to death there jews and non-jews alike
他 的 作 品 擁 有 如 此 高 辨 識 度 的 品 質 和 細 節 這 使 他 成 為 集 郵 家 之 間 極 少 數 「家 喻 戶 曉 」的 人 物 之 一 有 些 集 郵 家 甚 至 只 蒐 集 他 的 作 品	its works are rich in varied materials and details which makes it one of the most popular and popular among the writers some even just collect their works	his work is of such recognized quality and detail that he is one of the very few household names among philatelists some specialize in collecting his work alone
他 的 作 品 擁 有 如 此 高 辨 識 度 的 品 質 和 細 節 這 使 他 成 為 集 郵 家 之 間 極 少 數 「家 喻 戶 曉 」的 人 物 之 一 有 些 集 郵 家 甚 至 只 蒐 集 他 的 作 品	its works are rich in varied materials and details which makes it one of the most popular and popular among the writers some even just collect their works	his work is of such recognized quality and detail that he is one of the very few household names among philatelists some specialize in collecting his work alone
川 普 與 土 耳 其 總 統 艾 爾 多 安 通 過 電 話 後 便 發 表 這 則 聲 明	chample and toriki president idon called and said	the announcement was made after trump had a phone conversation with turkish president recep tayyip erdoğan
川 普 與 土 耳 其 總 統 艾 爾 多 安 通 過 電 話 後 便 發 表 這 則 聲 明	chample and toriki president idon called and said	the announcement was made after trump had a phone conversation with turkish president recep tayyip erdoğan
月 球 表 面 是 由 岩 石 和 塵 土 組 成 月 球 的 最 外 層 稱 為 地 殼	the moon is called the moon by the rays of the moon and the clay	the surface of the moon is made of rocks and dust the outer layer of the moon is called the crust
月 球 表 面 是 由 岩 石 和 塵 土 組 成 月 球 的 最 外 層 稱 為 地 殼	the moon is called the moon by the rays of the moon and the clay	the surface of the moon is made of rocks and dust the outer layer of the moon is called the crust
當 然 有 基 督 教 神 學 對 此 傳 統 的 解 釋 但 這 很 可 能 是 基 督 教 出 現 前 就 存 在 的 春 天 及 豐 收 儀 式	of course there are some traditions that are more religious but it is likely that the religious ones are more of the spring and summer customs	there are of course christian theological explanations for this tradition but it may well be a pre-christian spring and fertility ritual
當 然 有 基 督 教 神 學 對 此 傳 統 的 解 釋 但 這 很 可 能 是 基 督 教 出 現 前 就 存 在 的 春 天 及 豐 收 儀 式	of course there are some traditions that are more religious but it is likely that the religious ones are more of the spring and summer customs	there are of course christian theological explanations for this tradition but it may well be a pre-christian spring and fertility ritual
因 為 天 空 幾 乎 整 天 都 是 黑 的 提 供 了 觀 賞 北 極 光 的 絕 佳 機 會	because sky was almost the only opportunity to provide the light of the sky	this offers a good opportunity to see the aurora borealis as the sky will be dark more or less around the clock
巴 士 全 天 從 區 間 巴 士 站 河 的 對 岸 出 發 但 大 多 數 的 巴 士 會 在 06:30 和 07:30 之 間 離 站 尤 其 是 那 些 前 往 東 方 和 賈 卡 爾 / 布 姆 唐 的 巴 士	the buses go all the way from the station to the station station but most of the buses arrive between 6 and 7.30 especially those going to the east or jacai station	buses depart the inter-district bus station across the river throughout the day though most especially those heading to the east and jakar/bumthang leave between 06:30 and 07:30
在 歐 洲 歷 史 的 這 段 時 期 已 變 得 富 有 且 強 大 的 天 主 教 教 會 受 到 了 嚴 格 的 審 視	in the period of usulix the strong god of the temple was in full swing	during this period of european history the catholic church which had become rich and powerful came under scrutiny
在 歐 洲 歷 史 的 這 段 時 期 已 變 得 富 有 且 強 大 的 天 主 教 教 會 受 到 了 嚴 格 的 審 視	in the period of usulix the strong god of the temple was in full swing	during this period of european history the catholic church which had become rich and powerful came under scrutiny
不 過 就 這 方 面 來 說 申 根 區 的 運 作 方 式 就 像 一 個 國 家	however in this regard the new region's operation method is a country	the schengen zone however works somewhat like one country in this respect
不 過 就 這 方 面 來 說 申 根 區 的 運 作 方 式 就 像 一 個 國 家	however in this regard the new region's operation method is a country	the schengen zone however works somewhat like one country in this respect
據 報 導 他 當 時 的 年 紀 是 20 多 歲 在 一 份 聲 明 中 小 賈 斯 汀 說 ：「雖 然 我 當 時 不 在 現 場 這 起 悲 劇 事 件 與 我 也 沒 有 直 接 的 牽 涉 但 我 非 常 關 心 受 害 者 的 家 屬 並 為 他 們 祈 禱 」	according to him he was twenty years old and had a small driver's license although i didn't have a driver's license at the time i was very concerned about his family and their career	he was reportedly aged in his 20s. in a statement bieber said [w]hile i was not present nor directly involved with this tragic accident my thoughts and prayers are with the family of the victim.
據 報 導 他 當 時 的 年 紀 是 20 多 歲 在 一 份 聲 明 中 小 賈 斯 汀 說 ：「雖 然 我 當 時 不 在 現 場 這 起 悲 劇 事 件 與 我 也 沒 有 直 接 的 牽 涉 但 我 非 常 關 心 受 害 者 的 家 屬 並 為 他 們 祈 禱 」	according to him he was twenty years old and had a small driver's license although i didn't have a driver's license at the time i was very concerned about his family and their career	he was reportedly aged in his 20s. in a statement bieber said [w]hile i was not present nor directly involved with this tragic accident my thoughts and prayers are with the family of the victim.
這 場 墜 機 事 件 發 生 在 高 山 區 據 信 是 敵 軍 攻 擊 所 致	the crash happened in the mountain range and was believed to have been a military attack	the crash occurred high up in mountainous terrain and is believed to have been the result of hostile fire
隨 著 希 臘 學 問 的 沒 落 西 方 世 界 斷 開 了 其 與 希 臘 哲 學 和 科 學 的 根 源	besides the helipads the western world has been able to explore and study the elements of helipads	as knowledge of greek declined the west found itself cut off from its greek philosophical and scientific roots
隨 著 希 臘 學 問 的 沒 落 西 方 世 界 斷 開 了 其 與 希 臘 哲 學 和 科 學 的 根 源	besides the helipads the western world has been able to explore and study the elements of helipads	as knowledge of greek declined the west found itself cut off from its greek philosophical and scientific roots
後 來 他 被 轉 往 劍 橋 的 阿 登 布 魯 克 醫 院 addenbrooke's hospital	he was later transferred to the adamblok hospital in adamblok	he was subsequently relocated to addenbrooke's hospital in cambridge
後 來 他 被 轉 往 劍 橋 的 阿 登 布 魯 克 醫 院 addenbrooke's hospital	he was later transferred to the adamblok hospital in adamblok	he was subsequently relocated to addenbrooke's hospital in cambridge
在 做 昆 達 里 尼 瑜 珈 時 昆 達 里 尼 能 量 啟 蒙 能 量 會 透 過 瑜 珈 動 作 、呼 吸 運 動 、曼 特 羅 禱 文 和 視 覺 化 而 甦 醒	when cooking chandrali food chandrali energy energy will flow through the body through the body through the body through the body through the body through the body through the body through the body through the body through the body through the body through the body through the body through the body through the body through the body through the body through the body through the body through the body through the body through the body through the body through the body through the body through the body through the body through the body through the body through the body through the body through the body through the body through the body through the body through the body through	with kundalini yoga the kundalini energy enlightenment energy is awakened through yoga postures breathing exercises mantras and visualizations
在 做 昆 達 里 尼 瑜 珈 時 昆 達 里 尼 能 量 啟 蒙 能 量 會 透 過 瑜 珈 動 作 、呼 吸 運 動 、曼 特 羅 禱 文 和 視 覺 化 而 甦 醒	when cooking chandrali food chandrali energy energy will flow through the body through the body through the body through the body through the body through the body through the body through the body through the body through the body through the body through the body through the body through the body through the body through the body through the body through the body through the body through the body through the body through the body through the body through the body through the body through the body through the body through the body through the body through the body through the body through the body through the body through the body through the body through the body through	with kundalini yoga the kundalini energy enlightenment energy is awakened through yoga postures breathing exercises mantras and visualizations
人 們 所 知 的 那 25 份 仍 存 在 的 當 列 普 單 面 印 刷 版 是 這 份 文 件 中 留 存 下 來 最 古 老 的 版 本 原 始 手 稿 並 未 留 存 下 來	the 25-page version of the popular article was not sold until the end of the year	the 25 dunlap broadsides still known to exist are the oldest surviving copies of the document the original handwritten copy has not survived
人 們 所 知 的 那 25 份 仍 存 在 的 當 列 普 單 面 印 刷 版 是 這 份 文 件 中 留 存 下 來 最 古 老 的 版 本 原 始 手 稿 並 未 留 存 下 來	the 25-page version of the popular article was not sold until the end of the year	the 25 dunlap broadsides still known to exist are the oldest surviving copies of the document the original handwritten copy has not survived
未 發 出 任 何 海 嘯 警 報 ；且 根 據 雅 加 達 地 球 物 理 局 的 說 法 因 震 規 未 達 6.5 級 門 檻 所 以 不 會 發 布 海 嘯 警 報	no sea warning was issued and according to agata the law of the empire was granted to the u.s. at 6.5 so no warning was issued	no tsunami warning has been issued and according to the jakarta geophysics agency no tsunami warning will be issued because the quake did not meet the magnitude 6.5 requirement
未 發 出 任 何 海 嘯 警 報 ；且 根 據 雅 加 達 地 球 物 理 局 的 說 法 因 震 規 未 達 6.5 級 門 檻 所 以 不 會 發 布 海 嘯 警 報	no sea warning was issued and according to agata the law of the empire was granted to the u.s. at 6.5 so no warning was issued	no tsunami warning has been issued and according to the jakarta geophysics agency no tsunami warning will be issued because the quake did not meet the magnitude 6.5 requirement
聯 合 國 的 疾 病 專 家 丹 妮 耶 ‧蘭 特 內 表 示 爆 發 很 可 能 是 由 維 和 部 隊 造 成 的	a specialised patient from daniel said the explosion might have caused the team to feel better	danielle lantagne a un expert on the disease stated the outbreak was likely caused by the peacekeepers
聯 合 國 的 疾 病 專 家 丹 妮 耶 ‧蘭 特 內 表 示 爆 發 很 可 能 是 由 維 和 部 隊 造 成 的	a specialised patient from daniel said the explosion might have caused the team to feel better	danielle lantagne a un expert on the disease stated the outbreak was likely caused by the peacekeepers
聖 彼 得 堡 郵 輪 行 程 包 括 城 內 觀 光 船 上 乘 客 無 須 持 有 簽 證 檢 查 相 關 規 定	the saint's travel including the city officials and the boat's passengers were required to sign the check-in	saint petersburg cruises include time in town. cruise passengers are exempted from visa requirements check the terms
聖 彼 得 堡 郵 輪 行 程 包 括 城 內 觀 光 船 上 乘 客 無 須 持 有 簽 證 檢 查 相 關 規 定	the saint's travel including the city officials and the boat's passengers were required to sign the check-in	saint petersburg cruises include time in town. cruise passengers are exempted from visa requirements check the terms
表 演 剛 開 演 五 分 鐘 就 突 然 捲 起 一 陣 狂 風 大 約 一 分 鐘 後 風 速 就 已 高 達 每 小 時 70 公 里 然 後 暴 雨 襲 來 雨 勢 又 急 又 大 打 在 皮 膚 上 有 如 針 刺 緊 接 著 冰 雹 從 天 而 降 人 們 驚 惶 尖 叫 奔 跑 互 踩	the show started at a stormy peak of about 5 minutes about 70 km per hour after the storm and then started to rain and had a stormy and heavy skin like a needle that was close to the ice and the people were panicking	five minutes into the display a wind starts rolling in about a minute later the wind is reaching 70km/h... then the rain comes but so hard and so large that it slaps your skin like a needle then hail fell from the sky people panicking and screaming and running over each other
表 演 剛 開 演 五 分 鐘 就 突 然 捲 起 一 陣 狂 風 大 約 一 分 鐘 後 風 速 就 已 高 達 每 小 時 70 公 里 然 後 暴 雨 襲 來 雨 勢 又 急 又 大 打 在 皮 膚 上 有 如 針 刺 緊 接 著 冰 雹 從 天 而 降 人 們 驚 惶 尖 叫 奔 跑 互 踩	the show started at a stormy peak of about 5 minutes about 70 km per hour after the storm and then started to rain and had a stormy and heavy skin like a needle that was close to the ice and the people were panicking	five minutes into the display a wind starts rolling in about a minute later the wind is reaching 70km/h... then the rain comes but so hard and so large that it slaps your skin like a needle then hail fell from the sky people panicking and screaming and running over each other
出 席 人 數 眾 多 因 此 不 是 每 個 人 都 能 進 入 聖 伯 多 祿 廣 場 參 加 葬 禮	many people were out so most of them were able to enter the st bortol square	the number of people present was so large that it was not possible for everybody to gain access to the funeral in st peter's square
出 席 人 數 眾 多 因 此 不 是 每 個 人 都 能 進 入 聖 伯 多 祿 廣 場 參 加 葬 禮	many people were out so most of them were able to enter the st bortol square	the number of people present was so large that it was not possible for everybody to gain access to the funeral in st peter's square
它 已 為 我 們 帶 來 火 車 、汽 車 及 其 他 運 輸 裝 置	he thought we were driving a train and other equipment	it has brought us the train the car and many other transportation devices
它 已 為 我 們 帶 來 火 車 、汽 車 及 其 他 運 輸 裝 置	he thought we were driving a train and other equipment	it has brought us the train the car and many other transportation devices
休 恩 已 辭 職 他 在 內 閣 的 職 位 將 由 愛 德 ·戴 維 議 員 接 任 諾 曼 ·蘭 姆 議 員 有 望 接 替 戴 維 出 任 商 務 大 臣 一 職	despite his delays the authorities have taken the hospital to the hospital where the manlambu hospital has seen the body and admitted the injured	huhne has resigned and he will be replaced in the cabinet by ed davey mp norman lamb mp is expected to take the business minister job davey is vacating
休 恩 已 辭 職 他 在 內 閣 的 職 位 將 由 愛 德 ·戴 維 議 員 接 任 諾 曼 ·蘭 姆 議 員 有 望 接 替 戴 維 出 任 商 務 大 臣 一 職	despite his delays the authorities have taken the hospital to the hospital where the manlambu hospital has seen the body and admitted the injured	huhne has resigned and he will be replaced in the cabinet by ed davey mp norman lamb mp is expected to take the business minister job davey is vacating
自 1988 年 起 投 票 箱 必 須 是 透 明 的 以 讓 選 民 和 觀 察 員 可 以 見 證 投 票 開 始 時 箱 內 沒 有 信 封 並 且 除 了 經 過 授 權 且 確 實 計 數 的 選 民 投 入 的 信 封 沒 有 另 外 投 入 信 封	since 1988 voting must have been clear voters and prosecutors have been able to see that voters have been out of their faith and that they have not been out of their faith despite the power of the beast	since 1988 ballot boxes must be transparent so that voters and observers can witness that no envelopes are present at the start of the vote and that no envelopes are added except those of the duly counted and authorized voters
自 1988 年 起 投 票 箱 必 須 是 透 明 的 以 讓 選 民 和 觀 察 員 可 以 見 證 投 票 開 始 時 箱 內 沒 有 信 封 並 且 除 了 經 過 授 權 且 確 實 計 數 的 選 民 投 入 的 信 封 沒 有 另 外 投 入 信 封	since 1988 voting must have been clear voters and prosecutors have been able to see that voters have been out of their faith and that they have not been out of their faith despite the power of the beast	since 1988 ballot boxes must be transparent so that voters and observers can witness that no envelopes are present at the start of the vote and that no envelopes are added except those of the duly counted and authorized voters
舉 例 來 說 世 界 上 最 普 遍 的 靜 態 圖 像 攝 影 格 式 是 35 釐 米 這 也 是 類 比 底 片 時 代 結 束 時 的 主 要 底 片 尺 寸	the world's most popular image photography format is 35mm which is the main bottom lip of the era of the latin era	for example the most common still image photography format in the world is 35mm which was the dominant film size at the close of the analog film era
舉 例 來 說 世 界 上 最 普 遍 的 靜 態 圖 像 攝 影 格 式 是 35 釐 米 這 也 是 類 比 底 片 時 代 結 束 時 的 主 要 底 片 尺 寸	the world's most popular image photography format is 35mm which is the main bottom lip of the era of the latin era	for example the most common still image photography format in the world is 35mm which was the dominant film size at the close of the analog film era
它 在 月 海 下 較 薄 在 高 原 下 則 較 厚	he was a teacher in the high school	it is thinner under the maria and thicker under the highlands
它 在 月 海 下 較 薄 在 高 原 下 則 較 厚	he was a teacher in the high school	it is thinner under the maria and thicker under the highlands
這 似 乎 很 合 理 因 為 地 球 感 覺 起 來 並 沒 有 在 移 動 不 是 嗎 ？	it seems to be suitable for you because the earth's feeling of the rise and fall has no movement	this seems sensible because the earth doesn't feel as if it's moving does it
這 似 乎 很 合 理 因 為 地 球 感 覺 起 來 並 沒 有 在 移 動 不 是 嗎 ？	it seems to be suitable for you because the earth's feeling of the rise and fall has no movement	this seems sensible because the earth doesn't feel as if it's moving does it
更 北 方 的 大 片 地 區 人 口 稀 少 有 些 幾 乎 是 杳 無 人 煙 的 荒 野	there are few people in northern part of the region who eat the wild wild	large areas further north are quite sparsely populated and some is nearly uninhabited wilderness
更 北 方 的 大 片 地 區 人 口 稀 少 有 些 幾 乎 是 杳 無 人 煙 的 荒 野	there are few people in northern part of the region who eat the wild wild	large areas further north are quite sparsely populated and some is nearly uninhabited wilderness
根 據 洩 漏 的 文 件 該 文 件 將 提 及 巴 勒 斯 坦 希 望 以 1967 年 中 東 戰 爭 之 前 的 邊 界 為 基 礎 這 樁 邊 界 糾 紛	the documents were changed according to the leak and the proposal to balasitian was hoped to be divided into two parts before the middle east war in 1960	the document according to the leak will refer to the borders dispute which palestine wants based on the borders before the 1967 mideast war
根 據 洩 漏 的 文 件 該 文 件 將 提 及 巴 勒 斯 坦 希 望 以 1967 年 中 東 戰 爭 之 前 的 邊 界 為 基 礎 這 樁 邊 界 糾 紛	the documents were changed according to the leak and the proposal to balasitian was hoped to be divided into two parts before the middle east war in 1960	the document according to the leak will refer to the borders dispute which palestine wants based on the borders before the 1967 mideast war
因 此 鉛 筆 在 剛 問 世 時 成 為 了 許 多 人 的 好 朋 友	however in the past many good friends became a part of the good life	thus the pencil was a good friend to many people when it came out
北 馬 里 亞 納 群 島 緊 急 管 理 處 表 示 沒 有 收 到 國 內 的 損 傷 回 報	public authorities in northern malia said they didn't receive a national election report	the northern marianas emergency management office said that there were no damages reported in the nation
北 馬 里 亞 納 群 島 緊 急 管 理 處 表 示 沒 有 收 到 國 內 的 損 傷 回 報	public authorities in northern malia said they didn't receive a national election report	the northern marianas emergency management office said that there were no damages reported in the nation
在 中 東 的 溫 暖 氣 候 中 房 子 就 沒 那 麼 重 要 了	the monsoons were not important in the middle east heat	in the warm climate of the middle east the house was not so important
在 中 東 的 溫 暖 氣 候 中 房 子 就 沒 那 麼 重 要 了	the monsoons were not important in the middle east heat	in the warm climate of the middle east the house was not so important
羅 馬 各 處 架 設 了 幾 面 巨 型 電 視 螢 幕 讓 人 民 觀 看 儀 式	loma was able to take a few pictures of the tv show and make the audience know	several large television screens were installed in various places in rome to let the people watch the ceremony
由 於 光 害 在 前 現 代 天 文 台 的 全 盛 時 期 沒 有 如 今 嚴 重 它 們 通 常 坐 落 在 城 市 或 校 園 中 比 現 代 建 造 的 那 些 天 文 台 更 容 易 到 達	as the light is in a serious condition during the modern age they are usually more easily caught in the city or school than in the modern age	as light pollution in their heyday was not the kind of problem it is today they are usually located in cities or at campuses easier to reach than those built in modern times
由 於 光 害 在 前 現 代 天 文 台 的 全 盛 時 期 沒 有 如 今 嚴 重 它 們 通 常 坐 落 在 城 市 或 校 園 中 比 現 代 建 造 的 那 些 天 文 台 更 容 易 到 達	as the light is in a serious condition during the modern age they are usually more easily caught in the city or school than in the modern age	as light pollution in their heyday was not the kind of problem it is today they are usually located in cities or at campuses easier to reach than those built in modern times
藏 傳 佛 教 的 冥 想 核 心 是 本 尊 瑜 伽 透 過 觀 想 神 佛 淨 化 所 有 的 能 量 通 道 啟 動 脈 輪 建 立 開 悟 意 識	the image of the Buddha's name is a special feature that is built in the sense that all the energy that is generated through the illusion of god move	the center of tibetan meditation is the deity yoga through the visualization of various deities the energy channels are cleaned the chakras are activated and the enlightenment consciousness is created
藏 傳 佛 教 的 冥 想 核 心 是 本 尊 瑜 伽 透 過 觀 想 神 佛 淨 化 所 有 的 能 量 通 道 啟 動 脈 輪 建 立 開 悟 意 識	the image of the Buddha's name is a special feature that is built in the sense that all the energy that is generated through the illusion of god move	the center of tibetan meditation is the deity yoga through the visualization of various deities the energy channels are cleaned the chakras are activated and the enlightenment consciousness is created
畫 面 呈 現 在 金 字 塔 上 燈 光 則 點 亮 了 其 他 金 字 塔	the image is now on the metal tower where the light bulb lighted up the other metal towers	the scenes are displayed on the pyramids and the different pyramids are lit up
畫 面 呈 現 在 金 字 塔 上 燈 光 則 點 亮 了 其 他 金 字 塔	the image is now on the metal tower where the light bulb lighted up the other metal towers	the scenes are displayed on the pyramids and the different pyramids are lit up
利 金 斯 liggins 爵 士 於 醫 院 任 職 時 就 會 利 用 下 班 後 的 時 間 研 究 早 產 現 象	the legions are used to print out documents in the hospital and to study the early production of the documents	while he was working at the hospital liggins began to investigate premature labor during his spare time
或 許 在 近 端 因 地 殼 較 薄 而 有 更 多 月 海 此 處 的 岩 漿 較 容 易 浮 到 表 面	or in more distant seas where the sea is more shallow the rock at this point is easier to float	there may be more maria on the near side because the crust is thinner it was easier for lava to rise up to the surface
或 許 在 近 端 因 地 殼 較 薄 而 有 更 多 月 海 此 處 的 岩 漿 較 容 易 浮 到 表 面	or in more distant seas where the sea is more shallow the rock at this point is easier to float	there may be more maria on the near side because the crust is thinner it was easier for lava to rise up to the surface
如 同 所 有 南 非 國 家 公 園 這 座 公 園 設 有 日 常 保 育 及 入 場 費	as well as all the national parks the park has a daily maintenance and entrance fee	as with all south african national parks there are daily conservation and entry fees for the park
如 同 所 有 南 非 國 家 公 園 這 座 公 園 設 有 日 常 保 育 及 入 場 費	as well as all the national parks the park has a daily maintenance and entrance fee	as with all south african national parks there are daily conservation and entry fees for the park
拒 絕 男 性 時 應 表 現 堅 定 不 要 害 怕 堅 持 立 場 不 管 有 沒 有 文 化 差 異 這 樣 都 是 不 對 的 ！	when it comes to men they should be firm about not being afraid of going into the field no matter what culture they are in they are all wrong	be firm in turning down men and don't be afraid to stand your ground cultural differences or not it doesn't make it ok!
拒 絕 男 性 時 應 表 現 堅 定 不 要 害 怕 堅 持 立 場 不 管 有 沒 有 文 化 差 異 這 樣 都 是 不 對 的 ！	when it comes to men they should be firm about not being afraid of going into the field no matter what culture they are in they are all wrong	be firm in turning down men and don't be afraid to stand your ground cultural differences or not it doesn't make it ok!
1920 年 代 多 數 公 民 與 國 家 的 普 遍 態 度 是 和 平 主 義 與 孤 立 主 義	in the 1920s most of the national titles were fair and lonely	during the 1920s the prevailing attitudes of most citizens and nations was that of pacifism and isolation
交 通 流 量 就 是 研 究 兩 地 之 間 的 個 別 駕 駛 和 交 通 工 具 的 移 動 情 況 以 及 用 路 人 之 間 的 互 動 關 係	the traffic flow is the transportation of individual traffic and traffic tools and the interaction between the passengers	traffic flow is the study of the movement of individual drivers and vehicles between two points and the interactions they make with one another
交 通 流 量 就 是 研 究 兩 地 之 間 的 個 別 駕 駛 和 交 通 工 具 的 移 動 情 況 以 及 用 路 人 之 間 的 互 動 關 係	the traffic flow is the transportation of individual traffic and traffic tools and the interaction between the passengers	traffic flow is the study of the movement of individual drivers and vehicles between two points and the interactions they make with one another
雖 然 沒 人 知 道 這 段 文 字 是 由 誰 書 寫 的 但 確 定 的 是 這 份 巨 大 的 羊 皮 紙 文 件 長 寬 約 29¾ 英 吋 乘 以 24½ 英 吋 早 期 為 捲 起 收 藏	although no one knows the text is from a book but it is a huge article with a length of 29.3 inches and a length of 24.1 inches in length	while no one knows for certain who wrote it it is known that early in its life the large parchment document it measures 29¾ inches by 24½ inches was rolled up for storage
然 而 由 於 溝 通 管 道 的 緩 慢 西 方 的 風 格 可 能 落 後 25 到 30 年	there was also a contract to manage the seven-way system for about 25 to 30 years	however due to the slow communication channels styles in the west could lag behind by 25 to 30 year
然 而 由 於 溝 通 管 道 的 緩 慢 西 方 的 風 格 可 能 落 後 25 到 30 年	there was also a contract to manage the seven-way system for about 25 to 30 years	however due to the slow communication channels styles in the west could lag behind by 25 to 30 year
你 可 以 使 用 boda-boda摩 托 車 計 程 車 遊 覽 戈 馬 短 程 一 般 當 地 價 格 約 500 剛 果 法 郎	you can use a motorbike to cycle around the country to get around 500 light-dark lights in a day	you can use boda-boda motorcycle taxi to get around goma. the normal local price is ~500 congolese francs for the short ride
你 可 以 使 用 boda-boda摩 托 車 計 程 車 遊 覽 戈 馬 短 程 一 般 當 地 價 格 約 500 剛 果 法 郎	you can use a motorbike to cycle around the country to get around 500 light-dark lights in a day	you can use boda-boda motorcycle taxi to get around goma. the normal local price is ~500 congolese francs for the short ride
文 化 決 定 論 是 浪 漫 主 義 的 重 要 構 成 之 一 多 取 材 自 歌 德 、費 希 特 和 施 萊 格 爾 等 作 家	the law was determined to be a very important composition of romanians such as the frederich and the sileg	romanticism had a large element of cultural determinism drawn from writers such as goethe fichte and schlegel
文 化 決 定 論 是 浪 漫 主 義 的 重 要 構 成 之 一 多 取 材 自 歌 德 、費 希 特 和 施 萊 格 爾 等 作 家	the law was determined to be a very important composition of romanians such as the frederich and the sileg	romanticism had a large element of cultural determinism drawn from writers such as goethe fichte and schlegel
正 如 同 月 亮 對 地 球 的 引 力 造 成 潮 汐 一 樣 銀 河 系 也 對 射 手 座 星 系 施 加 了 作 用 力	just like the moon is a bridge to the earth the galaxy is also a force to be held in the hands of the star	just like the moon exerts a pull on the earth causing tides so does the milky way exert a force on the sagittarius galaxy
科 學 家 希 望 瞭 解 星 球 形 成 的 過 程 尤 其 是 地 球 因 為 彗 星 在 很 久 以 前 曾 與 地 球 相 撞	scientists hope to understand the process of the formation of the star especially the earth because the satellite was in contact with the earth long ago	scientists hope to understand how planets form especially how the earth formed since comets collided with the earth long ago
科 學 家 希 望 瞭 解 星 球 形 成 的 過 程 尤 其 是 地 球 因 為 彗 星 在 很 久 以 前 曾 與 地 球 相 撞	scientists hope to understand the process of the formation of the star especially the earth because the satellite was in contact with the earth long ago	scientists hope to understand how planets form especially how the earth formed since comets collided with the earth long ago
在 中 東 的 溫 暖 氣 候 中 房 子 就 沒 那 麼 重 要 了	the heat in the middle of the warm air prevented the heat from getting that important	in the warm climate of the middle east the house was not so important
在 中 東 的 溫 暖 氣 候 中 房 子 就 沒 那 麼 重 要 了	the heat in the middle of the warm air prevented the heat from getting that important	in the warm climate of the middle east the house was not so important
一 位 觀 察 家 將 比 斯 凱 克 描 述 為 陷 入 「無 政 府 狀 態 」因 為 成 群 的 人 們 在 街 上 遊 蕩 搶 劫 零 售 商 店	an observer was arrested by the sikhs for being in a state of impunity because the crowd was on the street to rob the victims	bishkek was described as sinking into a state of anarchy by one observer as gangs of people roamed the streets and plundered stores of consumer goods
一 位 觀 察 家 將 比 斯 凱 克 描 述 為 陷 入 「無 政 府 狀 態 」因 為 成 群 的 人 們 在 街 上 遊 蕩 搶 劫 零 售 商 店	an observer was arrested by the sikhs for being in a state of impunity because the crowd was on the street to rob the victims	bishkek was described as sinking into a state of anarchy by one observer as gangs of people roamed the streets and plundered stores of consumer goods
宇 宙 中 的 所 有 事 物 皆 由 物 質 構 成 而 所 有 物 質 皆 由 稱 為 原 子 的 微 小 粒 子 構 成	all the things in the universe are made of matter and all the matter is made of a small amount of gas	everything in the universe is made of matter all matter is made of tiny particles called atoms
宇 宙 中 的 所 有 事 物 皆 由 物 質 構 成 而 所 有 物 質 皆 由 稱 為 原 子 的 微 小 粒 子 構 成	all the things in the universe are made of matter and all the matter is made of a small amount of gas	everything in the universe is made of matter all matter is made of tiny particles called atoms
強 風 、冰 雹 、暴 雨 或 暴 雪 、和 野 火 是 劇 烈 天 氣 的 表 現 形 式 與 結 果 雷 暴 雨 、龍 捲 風 、海 龍 捲 和 氣 旋 也 是	the storm was also a storm storm storm and a wild storm that caused the storm to rise and the storm to get through	high winds hail excessive precipitation and wildfires are forms and effects of severe weather as are thunderstorms tornadoes waterspouts and cyclones
強 風 、冰 雹 、暴 雨 或 暴 雪 、和 野 火 是 劇 烈 天 氣 的 表 現 形 式 與 結 果 雷 暴 雨 、龍 捲 風 、海 龍 捲 和 氣 旋 也 是	the storm was also a storm storm storm and a wild storm that caused the storm to rise and the storm to get through	high winds hail excessive precipitation and wildfires are forms and effects of severe weather as are thunderstorms tornadoes waterspouts and cyclones
裴 利 表 示 他 將 「返 回 德 州 評 估 今 晚 決 策 會 議 結 果 判 斷 自 己 在 這 場 選 戰 中 是 否 還 有 機 會 繼 續 挺 進 」但 後 來 卻 說 他 將 繼 續 參 選 並 參 加 1 月 21 日 的 南 卡 羅 萊 納 州 初 選	perry said he would continue to be in the lead if he had voted for the week but he said he would continue to vote and join the namca-lainat first election on jan. 21	perry stated that he would return to texas to assess the results of tonight's caucus determine whether there is a path forward for myself in this race but later said that he would remain in the race and compete in the january 21 south carolina primary
裴 利 表 示 他 將 「返 回 德 州 評 估 今 晚 決 策 會 議 結 果 判 斷 自 己 在 這 場 選 戰 中 是 否 還 有 機 會 繼 續 挺 進 」但 後 來 卻 說 他 將 繼 續 參 選 並 參 加 1 月 21 日 的 南 卡 羅 萊 納 州 初 選	perry said he would continue to be in the lead if he had voted for the week but he said he would continue to vote and join the namca-lainat first election on jan. 21	perry stated that he would return to texas to assess the results of tonight's caucus determine whether there is a path forward for myself in this race but later said that he would remain in the race and compete in the january 21 south carolina primary
安 琪 兒 2006年 說 明 了 連 續 模 式 這 是 一 個 用 來 幫 助 組 織 達 到 更 高 績 效 水 準 的 方 法	anke 2006 said that the connection was a way to help the organization achieve greater success	angel 2006 explains the continuum approach as a method being used to help organizations reach a higher level of performance
使 用 船 運 送 貨 物 是 目 前 為 止 跨 海 移 動 大 量 人 員 和 貨 物 的 最 有 效 率 方 式	the ship was currently in operation to move a large number of crew and the most effective way	using ships to transport goods is by far the most efficient way to move large amounts of people and goods across oceans
這 些 是 有 時 擁 擠 的 家 庭 海 灘 岸 邊 有 成 排 的 商 店 林 立 在 這 裡 游 泳 很 安 全	these accidents sometimes lead to the damage caused by the family beach on the side of the city	these are sometimes-crowded family beaches with a good range of shops lining the shore swimming is safe
這 些 是 有 時 擁 擠 的 家 庭 海 灘 岸 邊 有 成 排 的 商 店 林 立 在 這 裡 游 泳 很 安 全	these accidents sometimes lead to the damage caused by the family beach on the side of the city	these are sometimes-crowded family beaches with a good range of shops lining the shore swimming is safe
省 長 辦 公 室 表 示 傷 患 中 有 十 九 名 是 警 察	the police were in the apartment with 19 of them	the governor's office said nineteen of the injured were police officers
省 長 辦 公 室 表 示 傷 患 中 有 十 九 名 是 警 察	the police were in the apartment with 19 of them	the governor's office said nineteen of the injured were police officers
他 們 通 常 會 提 供 特 別 的 餐 點 、飲 料 和 娛 樂 以 保 持 客 人 心 情 愉 悅 並 讓 後 者 留 在 現 場	they usually offer special meals drinks and entertainment to keep the customer's mind afloat and keep the user at the scene	they usually have special food drink and entertainment offers to keep guests in a good mood and keep them at the premise
他 們 通 常 會 提 供 特 別 的 餐 點 、飲 料 和 娛 樂 以 保 持 客 人 心 情 愉 悅 並 讓 後 者 留 在 現 場	they usually offer special meals drinks and entertainment to keep the customer's mind afloat and keep the user at the scene	they usually have special food drink and entertainment offers to keep guests in a good mood and keep them at the premise
他 也 參 與 許 多 國 家 的 紙 鈔 雕 刻 工 作 近 期 作 品 包 括 加 拿 大 5 元 及 100 元 新 鈔 上 的 總 理 肖 像	he also worked on many national-capitalist works including the fifth canada and the hundred-yen-capitalism general	he was also engaged in engraving banknotes for many countries recent examples of his work including the prime ministerial portraits on the front of the new canadian $5 and $100 bills
他 也 參 與 許 多 國 家 的 紙 鈔 雕 刻 工 作 近 期 作 品 包 括 加 拿 大 5 元 及 100 元 新 鈔 上 的 總 理 肖 像	he also worked on many national-capitalist works including the fifth canada and the hundred-yen-capitalism general	he was also engaged in engraving banknotes for many countries recent examples of his work including the prime ministerial portraits on the front of the new canadian $5 and $100 bills
蘇 達 班 是 世 界 上 最 大 的 沿 海 紅 樹 林 帶 從 海 岸 綿 延 80 公 里 50 英 里 直 達 孟 加 拉 與 印 度 內 地	soda is the world's largest sea otter with a sea surface of 80.50 miles and a sea of indian and mangalese	the sundarbans are the largest littoral mangrove belt in the world stretching 80 km 50 mi into the bangladeshi and indian hinterland from the coast
蘇 達 班 是 世 界 上 最 大 的 沿 海 紅 樹 林 帶 從 海 岸 綿 延 80 公 里 50 英 里 直 達 孟 加 拉 與 印 度 內 地	soda is the world's largest sea otter with a sea surface of 80.50 miles and a sea of indian and mangalese	the sundarbans are the largest littoral mangrove belt in the world stretching 80 km 50 mi into the bangladeshi and indian hinterland from the coast
山 羊 似 乎 是 在 一 萬 年 前 左 右 在 伊 朗 的 札 格 洛 斯 山 脈 首 次 被 馴 養 的	sanyamese is a first for the zaryos in the united states about 10,000 years ago	goats seem to have been first domesticated roughly 10,000 years ago in the zagros mountains of iran
山 羊 似 乎 是 在 一 萬 年 前 左 右 在 伊 朗 的 札 格 洛 斯 山 脈 首 次 被 馴 養 的	sanyamese is a first for the zaryos in the united states about 10,000 years ago	goats seem to have been first domesticated roughly 10,000 years ago in the zagros mountains of iran
流 浪 兒 童 被 棄 養 或 逃 家 前 可 能 經 歷 嚴 重 受 虐 或 創 傷	piggy can be severely injured or injured before the oxygenization process	feral children may have experienced severe child abuse or trauma before being abandoned or running away
流 浪 兒 童 被 棄 養 或 逃 家 前 可 能 經 歷 嚴 重 受 虐 或 創 傷	piggy can be severely injured or injured before the oxygenization process	feral children may have experienced severe child abuse or trauma before being abandoned or running away
802.11n 標 準 可 在 2.4ghz 和 5.0ghz 頻 率 上 運 作	the 802.11 amp can be used on 2.4 ghz and 5.0 ghz channels	the 802.11n standard operates on both the 2.4ghz and 5.0ghz frequencies
羅 蘭 多 ‧蒙 多 薩 以 m16 步 槍 向 遊 客 射 擊	loland's montosas was killed by a 16-foot gun to the west	rolando mendoza fired his m16 rifle at the tourists
在 其 中 78 個 建 議 第 一 個 就 是 應 在 今 年 年 底 前 採 行 新 的 外 交 措 施 以 保 護 伊 拉 克 的 邊 境 免 受 敵 國 侵 擾 並 重 建 與 其 鄰 國 的 外 交 關 係	one of the 78 suggestions was to protect the border of the iraq border from the new foreign minister before the end of this year and re-enter the foreign relations between the two countries	first among its 78 recommendations is that a new diplomatic initiative should be taken before the end of this year to secure iraq's borders against hostile interventions and to re-establish diplomatic relations with its neighbors
在 其 中 78 個 建 議 第 一 個 就 是 應 在 今 年 年 底 前 採 行 新 的 外 交 措 施 以 保 護 伊 拉 克 的 邊 境 免 受 敵 國 侵 擾 並 重 建 與 其 鄰 國 的 外 交 關 係	one of the 78 suggestions was to protect the border of the iraq border from the new foreign minister before the end of this year and re-enter the foreign relations between the two countries	first among its 78 recommendations is that a new diplomatic initiative should be taken before the end of this year to secure iraq's borders against hostile interventions and to re-establish diplomatic relations with its neighbors
貴 湖 大 學 的 研 究 員 表 示 兩 種 化 合 物 會 互 相 反 應 產 生 阻 礙 腎 功 能 的 結 晶	the researchers at the kawasaki university said that two chemical reactions caused a shock to the ability to attack	the two compounds react with one another to form crystals that may block kidney function researchers at the university said
貴 湖 大 學 的 研 究 員 表 示 兩 種 化 合 物 會 互 相 反 應 產 生 阻 礙 腎 功 能 的 結 晶	the researchers at the kawasaki university said that two chemical reactions caused a shock to the ability to attack	the two compounds react with one another to form crystals that may block kidney function researchers at the university said
逆 向 文 化 衝 擊 的 出 現 速 度 比 文 化 衝 擊 快 較 無 蜜 月 期 持 續 時 間 較 長 也 比 較 嚴 重	also the speed of the impact of the culture was faster the lack of time to process the moon was more serious	re-entry shock comes on sooner than culture shock there's less of a honeymoon phase lasts longer and can be more severe
逆 向 文 化 衝 擊 的 出 現 速 度 比 文 化 衝 擊 快 較 無 蜜 月 期 持 續 時 間 較 長 也 比 較 嚴 重	also the speed of the impact of the culture was faster the lack of time to process the moon was more serious	re-entry shock comes on sooner than culture shock there's less of a honeymoon phase lasts longer and can be more severe
位 於 埃 及 亡 者 谷 的 吉 薩 高 原 或 「吉 薩 金 字 塔 群 」包 含 好 幾 座 金 字 塔 其 中 大 金 字 塔 是 世 界 上 最 大 的 金 字 塔 、幾 座 小 陵 墓 、幾 座 神 廟 和 巨 大 的 獅 身 人 面 像	the gossas or gossas gold bars in the royal egyptian kingdom include several gold bars the biggest gold bar in the world a few small temples a few temples and a large private room	the giza plateau or giza necropolis in the egyptian valley of the dead contains several pyramids of which the great pyramid is the largest several small tombs several temples and the great sphinx
位 於 埃 及 亡 者 谷 的 吉 薩 高 原 或 「吉 薩 金 字 塔 群 」包 含 好 幾 座 金 字 塔 其 中 大 金 字 塔 是 世 界 上 最 大 的 金 字 塔 、幾 座 小 陵 墓 、幾 座 神 廟 和 巨 大 的 獅 身 人 面 像	the gossas or gossas gold bars in the royal egyptian kingdom include several gold bars the biggest gold bar in the world a few small temples a few temples and a large private room	the giza plateau or giza necropolis in the egyptian valley of the dead contains several pyramids of which the great pyramid is the largest several small tombs several temples and the great sphinx
滄 龍 是 那 個 時 期 的 頂 層 掠 食 者 因 此 除 了 其 他 的 滄 龍 外 牠 們 不 怕 任 何 生 物	the cacti were the top-class hunters so they didn't send any news to other cacti	mosasaurus was the apex predator of its time so it feared nothing except other mosasaurs
滄 龍 是 那 個 時 期 的 頂 層 掠 食 者 因 此 除 了 其 他 的 滄 龍 外 牠 們 不 怕 任 何 生 物	the cacti were the top-class hunters so they didn't send any news to other cacti	mosasaurus was the apex predator of its time so it feared nothing except other mosasaurs
蘇 達 班 自 1966 年 起 即 為 野 生 動 物 保 護 區 目 前 該 地 區 估 計 有 400 隻 孟 加 拉 虎 以 及 約 30,000 隻 梅 花 鹿	soda has been a wild animal protected area since 1966 currently there are four or eight mangalaves and about thirty thousand mahogany	since 1966 the sundarbans have been a wildlife sanctuary and it is estimated that there are now 400 royal bengal tigers and about 30,000 spotted deer in the area
蘇 達 班 自 1966 年 起 即 為 野 生 動 物 保 護 區 目 前 該 地 區 估 計 有 400 隻 孟 加 拉 虎 以 及 約 30,000 隻 梅 花 鹿	soda has been a wild animal protected area since 1966 currently there are four or eight mangalaves and about thirty thousand mahogany	since 1966 the sundarbans have been a wildlife sanctuary and it is estimated that there are now 400 royal bengal tigers and about 30,000 spotted deer in the area
這 場 墜 機 事 件 發 生 在 高 山 區 據 信 是 敵 軍 攻 擊 所 致	the crash took place at a high mountain range according to the military	the crash occurred high up in mountainous terrain and is believed to have been the result of hostile fire
娛 樂 新 聞 網 站 tmz 獲 知 該 名 攝 影 師 在 塞 普 爾 韋 達 大 道 sepulveda boulevard 的 對 側 停 下 車 試 圖 在 穿 過 馬 路 並 繼 續 前 進 之 前 對 警 察 攔 停 點 拍 照 這 促 使 加 州 公 路 巡 警 的 警 官 兩 次 執 行 交 通 攔 停 命 令 他 回 到 車 道 對 面	the new website tms.com was a video of the police trying to cross the road and continue to march to police randian police station to command the car to the opposite side of the highway crossing the greek highway	entertainment news website tmz understands the photographer stopped his vehicle on the other side of sepulveda boulevard and attempted to take pictures of the police stop before crossing the road and continuing prompting the california highway patrol police officer conducting the traffic stop to order him back across twice
娛 樂 新 聞 網 站 tmz 獲 知 該 名 攝 影 師 在 塞 普 爾 韋 達 大 道 sepulveda boulevard 的 對 側 停 下 車 試 圖 在 穿 過 馬 路 並 繼 續 前 進 之 前 對 警 察 攔 停 點 拍 照 這 促 使 加 州 公 路 巡 警 的 警 官 兩 次 執 行 交 通 攔 停 命 令 他 回 到 車 道 對 面	the new website tms.com was a video of the police trying to cross the road and continue to march to police randian police station to command the car to the opposite side of the highway crossing the greek highway	entertainment news website tmz understands the photographer stopped his vehicle on the other side of sepulveda boulevard and attempted to take pictures of the police stop before crossing the road and continuing prompting the california highway patrol police officer conducting the traffic stop to order him back across twice
大 金 字 塔 在 公 元 前 三 世 紀 由 埃 及 人 建 造 而 成 它 是 建 來 紀 念 已 故 法 老 的 眾 多 大 型 金 字 塔 建 築 物 之 一	the temple was built in the third century by the egyptians and is one of the most popular temples in the pharaohs	built by the egyptians in the third century bce the great pyramid is one of many large pyramid structures built to honor dead pharaoh
大 金 字 塔 在 公 元 前 三 世 紀 由 埃 及 人 建 造 而 成 它 是 建 來 紀 念 已 故 法 老 的 眾 多 大 型 金 字 塔 建 築 物 之 一	the temple was built in the third century by the egyptians and is one of the most popular temples in the pharaohs	built by the egyptians in the third century bce the great pyramid is one of many large pyramid structures built to honor dead pharaoh
藏 傳 佛 教 的 冥 想 核 心 是 本 尊 瑜 伽 透 過 觀 想 神 佛 淨 化 所 有 的 能 量 通 道 啟 動 脈 輪 建 立 開 悟 意 識	the name of the temple of the Buddha was a special meaning that was created by the spiritual power of the temple of the temple of the temple of the temple of the temple of the temple of the temple of the temple of the temple of the temple of the temple of the temple of the temple of the temple of the temple of the temple of the temple of the temple of the temple of the temple of the temple of the temple of the temple of the temple of the temple of the temple of the temple of the temple of the temple of the temple of the temple of the temple of the temple of the temple of the temple	the center of tibetan meditation is the deity yoga through the visualization of various deities the energy channels are cleaned the chakras are activated and the enlightenment consciousness is created
藏 傳 佛 教 的 冥 想 核 心 是 本 尊 瑜 伽 透 過 觀 想 神 佛 淨 化 所 有 的 能 量 通 道 啟 動 脈 輪 建 立 開 悟 意 識	the name of the temple of the Buddha was a special meaning that was created by the spiritual power of the temple of the temple of the temple of the temple of the temple of the temple of the temple of the temple of the temple of the temple of the temple of the temple of the temple of the temple of the temple of the temple of the temple of the temple of the temple of the temple of the temple of the temple of the temple of the temple of the temple of the temple of the temple of the temple of the temple of the temple of the temple of the temple of the temple of the temple of the temple	the center of tibetan meditation is the deity yoga through the visualization of various deities the energy channels are cleaned the chakras are activated and the enlightenment consciousness is created
根 據 洩 漏 的 文 件 該 文 件 將 提 及 巴 勒 斯 坦 希 望 以 1967 年 中 東 戰 爭 之 前 的 邊 界 為 基 礎 這 樁 邊 界 糾 紛	the document was published in the fall of 1967 by the former editor of the winter war	the document according to the leak will refer to the borders dispute which palestine wants based on the borders before the 1967 mideast war
根 據 洩 漏 的 文 件 該 文 件 將 提 及 巴 勒 斯 坦 希 望 以 1967 年 中 東 戰 爭 之 前 的 邊 界 為 基 礎 這 樁 邊 界 糾 紛	the document was published in the fall of 1967 by the former editor of the winter war	the document according to the leak will refer to the borders dispute which palestine wants based on the borders before the 1967 mideast war
擁 有 車 子 的 人 變 多 也 會 使 道 路 意 外 的 機 率 變 高 進 而 使 人 類 發 展 出 修 復 受 傷 肢 體 的 新 醫 護 技 術	there are many cars that have been changed and have increased the number of accidents and the number of people who have been injured	mass car ownership also leads to a higher incidence of accidents on the roads which leads to the invention of new techniques in healthcare for repairing damaged bodies
擁 有 車 子 的 人 變 多 也 會 使 道 路 意 外 的 機 率 變 高 進 而 使 人 類 發 展 出 修 復 受 傷 肢 體 的 新 醫 護 技 術	there are many cars that have been changed and have increased the number of accidents and the number of people who have been injured	mass car ownership also leads to a higher incidence of accidents on the roads which leads to the invention of new techniques in healthcare for repairing damaged bodies
「臭 蟲 」一 詞 是 昆 蟲 學 家 對 這 類 昆 蟲 的 正 式 稱 呼	churchauch was a formal name for the students of the school	the term bug is used by entomologists in a formal sense for this group of insects
「臭 蟲 」一 詞 是 昆 蟲 學 家 對 這 類 昆 蟲 的 正 式 稱 呼	churchauch was a formal name for the students of the school	the term bug is used by entomologists in a formal sense for this group of insects
北 美 山 區 時 間 下 午 10:00 至 11:00 間 囚 犯 在 庭 院 中 縱 火	the time in the north u.s. mountain range is from 5 to 11 o'clock and the fire is in the park	between 10:00-11:00 pm mdt a fire was started by the inmates in the yard
北 美 山 區 時 間 下 午 10:00 至 11:00 間 囚 犯 在 庭 院 中 縱 火	the time in the north u.s. mountain range is from 5 to 11 o'clock and the fire is in the park	between 10:00-11:00 pm mdt a fire was started by the inmates in the yard
我 們 同 意 美 國 奧 委 會 的 聲 明 也 就 是 我 們 的 選 手 、團 隊 和 其 運 動 項 目 的 利 益 會 因 為 我 們 組 織 內 具 有 意 義 的 改 革 而 改 善 而 非 取 消 資 格	the reason why we agree with the u.s. congress is that our voters' team and their sports team have significant advantages over the organization	we agree with the usoc's statement that the interests of our athletes and clubs and their sport may be better served by moving forward with meaningful change within our organization rather than decertification
也 可 以 前 往 北 方 造 訪 非 凡 的 花 地 瑪 聖 母 朝 聖 地 那 是 世 界 聞 名 的 聖 母 顯 靈 處	you can also visit the friday holy temple north of the city which is the holy temple of the world	also to the north visit the great sanctuary of our lady of fatima shrine a place of worldwide famous marian apparitions
地 域 性 與 季 節 性 的 極 端 氣 候 現 象 包 含 了 雪 暴 、暴 風 雪 、冰 風 暴 和 沙 塵 暴	the earthquake-resistant storm-like phenomenon includes snow storm ice storm and sand storm	regional and seasonal severe weather phenomena include blizzards snowstorms ice storms and dust storms
地 域 性 與 季 節 性 的 極 端 氣 候 現 象 包 含 了 雪 暴 、暴 風 雪 、冰 風 暴 和 沙 塵 暴	the earthquake-resistant storm-like phenomenon includes snow storm ice storm and sand storm	regional and seasonal severe weather phenomena include blizzards snowstorms ice storms and dust storms
在 群 島 和 湖 泊 中 您 並 不 一 定 需 要 一 隻 遊 艇	in a group and in a group you don't necessarily need a tank	in the archipelagos and lakes you do not necessarily need a yacht
在 群 島 和 湖 泊 中 您 並 不 一 定 需 要 一 隻 遊 艇	in a group and in a group you don't necessarily need a tank	in the archipelagos and lakes you do not necessarily need a yacht
只 有 生 殖 細 胞 系 細 胞 中 的 突 變 會 遺 傳 給 子 女 而 其 他 地 方 的 突 變 可 以 導 致 細 胞 死 亡 或 癌 症	only the cells in the cells are the ones that are the only ones to be in the cell and the other cells in the cell can cause the cells to die or cancer	only mutations in germ-line cells can be passed on to children while mutations elsewhere can cause cell-death or cancer
只 有 生 殖 細 胞 系 細 胞 中 的 突 變 會 遺 傳 給 子 女 而 其 他 地 方 的 突 變 可 以 導 致 細 胞 死 亡 或 癌 症	only the cells in the cells are the ones that are the only ones to be in the cell and the other cells in the cell can cause the cells to die or cancer	only mutations in germ-line cells can be passed on to children while mutations elsewhere can cause cell-death or cancer
流 浪 兒 童 被 棄 養 或 逃 家 前 可 能 經 歷 嚴 重 受 虐 或 創 傷	puree is also affected by the effect of the oxygen or the price of the soil	feral children may have experienced severe child abuse or trauma before being abandoned or running away
流 浪 兒 童 被 棄 養 或 逃 家 前 可 能 經 歷 嚴 重 受 虐 或 創 傷	puree is also affected by the effect of the oxygen or the price of the soil	feral children may have experienced severe child abuse or trauma before being abandoned or running away
丹 地 大 學 的 帕 梅 拉 ‧弗 格 森 教 授 指 出 ：「如 果 發 布 嫌 疑 人 的 照 片 等 資 料 記 者 確 實 顯 得 遊 走 在 險 路 上 」	scientists at the university of montevideo said that if you publish a photo of a suspect you will be able to see the suspect on the road	professor pamela ferguson of the university of dundee notes journalists do seem to be walking a dangerous line if publishing photos etc of suspects
丹 地 大 學 的 帕 梅 拉 ‧弗 格 森 教 授 指 出 ：「如 果 發 布 嫌 疑 人 的 照 片 等 資 料 記 者 確 實 顯 得 遊 走 在 險 路 上 」	scientists at the university of montevideo said that if you publish a photo of a suspect you will be able to see the suspect on the road	professor pamela ferguson of the university of dundee notes journalists do seem to be walking a dangerous line if publishing photos etc of suspects
德 基 西 納 夫 人 在 阿 根 廷 劇 院 宣 佈 有 意 競 選 總 統 這 裡 也 是 她 在 2005 年 投 入 參 議 院 選 戰 、欲 成 為 布 宜 諾 斯 艾 利 斯 省 代 表 團 一 員 時 的 起 點	the zealots were elected by the arctic steve council and it was the first in the campaign to become the first point of the ross-ellis province delegation in 2005	mrs kirchner announced her intention to run for president at the argentine theatre the same location she used to start her 2005 campaign for the senate as member of the buenos aires province delegation
牠 長 長 的 下 顎 上 佈 滿 了 70 多 顆 如 剃 刀 般 鋒 利 的 牙 齒 加 上 上 顎 的 另 一 套 牙 齒 這 表 示 擋 在 牠 眼 前 的 任 何 生 物 都 無 法 逃 脫	he often sat down and ate more than seventy firewoods and a set of toothpicks and another toothpick on top of which said that it had blocked any of his fingers and had no way of getting rid of it	its long jaws were studded with more than 70 razor-sharp teeth along with an extra set in the roof of its mouth meaning that there was no escape for anything that crossed its path
牠 長 長 的 下 顎 上 佈 滿 了 70 多 顆 如 剃 刀 般 鋒 利 的 牙 齒 加 上 上 顎 的 另 一 套 牙 齒 這 表 示 擋 在 牠 眼 前 的 任 何 生 物 都 無 法 逃 脫	he often sat down and ate more than seventy firewoods and a set of toothpicks and another toothpick on top of which said that it had blocked any of his fingers and had no way of getting rid of it	its long jaws were studded with more than 70 razor-sharp teeth along with an extra set in the roof of its mouth meaning that there was no escape for anything that crossed its path
美 軍 工 兵 部 隊 預 估 6 英 吋 的 雨 量 便 會 沖 毀 先 前 受 損 的 堤 壩	the u.s. army announced that the army's army would be ahead of the election if the rain was down	the u.s. corps of engineers estimated that 6 inches of rainfall could breach the previously damaged levees
美 軍 工 兵 部 隊 預 估 6 英 吋 的 雨 量 便 會 沖 毀 先 前 受 損 的 堤 壩	the u.s. army announced that the army's army would be ahead of the election if the rain was down	the u.s. corps of engineers estimated that 6 inches of rainfall could breach the previously damaged levees
警 官 錢 德 拉 ·謝 哈 爾 ·索 蘭 基 說 被 告 蒙 面 出 庭	police said that jacquard sarlane's plan was cancelled	police superintendent chandra shekhar solanki said the accused appeared in court with covered faces
警 官 錢 德 拉 ·謝 哈 爾 ·索 蘭 基 說 被 告 蒙 面 出 庭	police said that jacquard sarlane's plan was cancelled	police superintendent chandra shekhar solanki said the accused appeared in court with covered faces
我 們 用 植 物 蓋 房 子 、做 衣 服 我 們 所 吃 的 大 部 份 食 物 也 是 植 物 ；如 果 沒 有 植 物 的 話 動 物 將 無 法 生 存	we use plants to prevent medicine from happening most of our head is plants if we have plants animals can't survive	we make our houses from plants and make clothes from plants most foods that we eat are plants without plants animals could not survive
我 們 用 植 物 蓋 房 子 、做 衣 服 我 們 所 吃 的 大 部 份 食 物 也 是 植 物 ；如 果 沒 有 植 物 的 話 動 物 將 無 法 生 存	we use plants to prevent medicine from happening most of our head is plants if we have plants animals can't survive	we make our houses from plants and make clothes from plants most foods that we eat are plants without plants animals could not survive
車 輛 本 身 已 在 當 天 格 林 威 治 標 準 時 間 約 12:00 時 自 事 故 現 場 移 除	the car was parked at about 12 o'clock on the day of the storm	the vehicle itself was taken away from the scene of the accident at approximately 1200 gmt on the same day
車 輛 本 身 已 在 當 天 格 林 威 治 標 準 時 間 約 12:00 時 自 事 故 現 場 移 除	the car was parked at about 12 o'clock on the day of the storm	the vehicle itself was taken away from the scene of the accident at approximately 1200 gmt on the same day
一 整 夜 印 出 了 150 到 200 份 現 稱 「當 列 普 單 面 印 刷 版 」	the whole print was printed at 150 to 200 points and was called the domino	through the night between 150 and 200 copies were made now known as dunlap broadsides
一 整 夜 印 出 了 150 到 200 份 現 稱 「當 列 普 單 面 印 刷 版 」	the whole print was printed at 150 to 200 points and was called the domino	through the night between 150 and 200 copies were made now known as dunlap broadsides
兩 名 攝 影 師 後 來 與 一 名 需 要 如 廁 的 老 婦 人 交 換 最 後 曼 多 薩 被 擊 斃	two photographers later exchanged a wife who needed a wife and killed her in the end	the photographers later took the place of an aged lady as she needed the lavatory mendoza was gunned down
兩 名 攝 影 師 後 來 與 一 名 需 要 如 廁 的 老 婦 人 交 換 最 後 曼 多 薩 被 擊 斃	two photographers later exchanged a wife who needed a wife and killed her in the end	the photographers later took the place of an aged lady as she needed the lavatory mendoza was gunned down
結 果 兩 種 魚 類 已 經 滅 絕 而 包 括 隆 背 骨 尾 魚 在 內 的 其 他 兩 種 則 瀕 臨 滅 絕	the result is that the two fish have been removed including the long-tailed fish and the other two juices	as a result two fish species have become extinct and two others have become endangered including the humpback chub
結 果 兩 種 魚 類 已 經 滅 絕 而 包 括 隆 背 骨 尾 魚 在 內 的 其 他 兩 種 則 瀕 臨 滅 絕	the result is that the two fish have been removed including the long-tailed fish and the other two juices	as a result two fish species have become extinct and two others have become endangered including the humpback chub
惡 劣 天 氣 是 所 有 危 險 天 氣 現 象 的 總 稱 有 可 能 會 造 成 破 壞 、嚴 重 的 社 會 混 亂 或 人 命 損 失	the worst weather is the heavy rain that is causing the potential damage to the society's welfare and the welfare of the people	severe weather is the generic term for any dangerous weather phenomenon with the potential to cause damage serious social disruption or loss of human life
惡 劣 天 氣 是 所 有 危 險 天 氣 現 象 的 總 稱 有 可 能 會 造 成 破 壞 、嚴 重 的 社 會 混 亂 或 人 命 損 失	the worst weather is the heavy rain that is causing the potential damage to the society's welfare and the welfare of the people	severe weather is the generic term for any dangerous weather phenomenon with the potential to cause damage serious social disruption or loss of human life
宇 宙 中 的 所 有 事 物 皆 由 物 質 構 成 而 所 有 物 質 皆 由 稱 為 原 子 的 微 小 粒 子 構 成	all the things in the universe are made of material and the material is made of small particles called atoms	everything in the universe is made of matter all matter is made of tiny particles called atoms
宇 宙 中 的 所 有 事 物 皆 由 物 質 構 成 而 所 有 物 質 皆 由 稱 為 原 子 的 微 小 粒 子 構 成	all the things in the universe are made of material and the material is made of small particles called atoms	everything in the universe is made of matter all matter is made of tiny particles called atoms
當 組 織 內 各 個 功 能 式 部 門 均 有 效 利 用 所 有 可 運 用 的 資 源 時 便 可 發 揮 創 造 力 和 獨 創 力	when a group of functional departments have the effect of using all the resources they can use to create and create power	when all available resources are effectively used across the functional departments of an organization creativity and ingenuity can transpire
802.11n 標 準 可 在 2.4ghz 和 5.0ghz 頻 率 上 運 作	the 802.11 nb can be set to 2.4 ghc and 5.0 ghc	the 802.11n standard operates on both the 2.4ghz and 5.0ghz frequencies
德 爾 波 特 羅 在 第 二 盤 前 期 佔 上 風 但 在 比 分 達 到 6-6 時 仍 需 要 搶 七 決 勝 負	degro had a top-tier win against fendall in the second half of the season and had to take a lead when it came to the win against the 6-6s	del potro had the early advantage in the second set but this too required a tie break after reaching 6-6
甘 藍 汁 會 根 據 化 學 物 質 的 酸 鹼 度 變 色	the blue color will change depending on the material	the cabbage juice changes color depending on how acidic or basic alkaline the chemical is
甘 藍 汁 會 根 據 化 學 物 質 的 酸 鹼 度 變 色	the blue color will change depending on the material	the cabbage juice changes color depending on how acidic or basic alkaline the chemical is
未 發 出 任 何 海 嘯 警 報 ；且 根 據 雅 加 達 地 球 物 理 局 的 說 法 因 震 規 未 達 6.5 級 門 檻 所 以 不 會 發 布 海 嘯 警 報	no tsunami warning was issued according to agata earth-moorish laws which were in the range of 6.5-degree-degrees so no tsunami warning was issued	no tsunami warning has been issued and according to the jakarta geophysics agency no tsunami warning will be issued because the quake did not meet the magnitude 6.5 requirement
未 發 出 任 何 海 嘯 警 報 ；且 根 據 雅 加 達 地 球 物 理 局 的 說 法 因 震 規 未 達 6.5 級 門 檻 所 以 不 會 發 布 海 嘯 警 報	no tsunami warning was issued according to agata earth-moorish laws which were in the range of 6.5-degree-degrees so no tsunami warning was issued	no tsunami warning has been issued and according to the jakarta geophysics agency no tsunami warning will be issued because the quake did not meet the magnitude 6.5 requirement
因 此 會 加 上 這 段 話 很 有 可 能 只 是 為 了 做 標 示	so the added word might have been used to make a statement	so it is likely that the notation was added simply as a label
因 此 會 加 上 這 段 話 很 有 可 能 只 是 為 了 做 標 示	so the added word might have been used to make a statement	so it is likely that the notation was added simply as a label
巴 士 全 天 從 區 間 巴 士 站 河 的 對 岸 出 發 但 大 多 數 的 巴 士 會 在 06:30 和 07:30 之 間 離 站 尤 其 是 那 些 前 往 東 方 和 賈 卡 爾 / 布 姆 唐 的 巴 士	the buses leave the station from the station to the station but most of the buses leave between 6.30 and 7.30 especially those going to the east and going to gakai	buses depart the inter-district bus station across the river throughout the day though most especially those heading to the east and jakar/bumthang leave between 06:30 and 07:30
因 此 鉛 筆 在 剛 問 世 時 成 為 了 許 多 人 的 好 朋 友	so many good friends became a part of the family when they were not in the temple	thus the pencil was a good friend to many people when it came out
植 物 在 自 然 環 境 中 最 美 麗 了 所 以 請 忍 住 「只 摘 一 朵 就 好 」的 誘 惑	the plants are not in the best condition so it is better to keep a note	plants look their best when in a natural environment so resist the temptation to remove even just one specimen
植 物 在 自 然 環 境 中 最 美 麗 了 所 以 請 忍 住 「只 摘 一 朵 就 好 」的 誘 惑	the plants are not in the best condition so it is better to keep a note	plants look their best when in a natural environment so resist the temptation to remove even just one specimen
香 港 島 是 香 港 特 別 行 政 區 之 名 的 由 來 也 是 許 多 旅 客 的 觀 光 重 點	hungary is a well-known tourist attraction in hong Kong and is also a tourist attraction for tourists	hong kong island gives the territory of hong kong its name and is the place that many tourists regard as the main focus
香 港 島 是 香 港 特 別 行 政 區 之 名 的 由 來 也 是 許 多 旅 客 的 觀 光 重 點	hungary is a well-known tourist attraction in hong Kong and is also a tourist attraction for tourists	hong kong island gives the territory of hong kong its name and is the place that many tourists regard as the main focus
戰 爭 爆 發 後 不 久 英 國 便 開 始 對 德 國 發 起 海 上 封 鎖	the war broke out and british began to seal the german sea	soon after the outbreak of hostilities britain initiated a naval blockade of germany
戰 爭 爆 發 後 不 久 英 國 便 開 始 對 德 國 發 起 海 上 封 鎖	the war broke out and british began to seal the german sea	soon after the outbreak of hostilities britain initiated a naval blockade of germany
對 springboks 隊 來 說 這 也 終 結 了 五 連 敗	for springboks it was a 5 year long season for the club	for the springboks it ended a five-match losing streak
對 springboks 隊 來 說 這 也 終 結 了 五 連 敗	for springboks it was a 5 year long season for the club	for the springboks it ended a five-match losing streak
文 明 是 由 一 群 數 量 顯 著 且 以 協 作 方 式 生 活 與 工 作 的 群 眾 亦 即 社 會 所 共 享 的 獨 特 文 化	it is said to be a group of leaders who help in ways of living and working which is the same culture as the society	a civilization is a singular culture shared by a significant large group of people who live and work co-operatively a society
文 明 是 由 一 群 數 量 顯 著 且 以 協 作 方 式 生 活 與 工 作 的 群 眾 亦 即 社 會 所 共 享 的 獨 特 文 化	it is said to be a group of leaders who help in ways of living and working which is the same culture as the society	a civilization is a singular culture shared by a significant large group of people who live and work co-operatively a society
咖 哩 是 以 藥 草 和 香 料 為 底 加 上 肉 類 或 蔬 菜 的 菜 餚	galaxia herb and spices add to your taste or your taste	a curry is a dish based on herbs and spices together with either meat or vegetables
咖 哩 是 以 藥 草 和 香 料 為 底 加 上 肉 類 或 蔬 菜 的 菜 餚	galaxia herb and spices add to your taste or your taste	a curry is a dish based on herbs and spices together with either meat or vegetables
然 而 這 些 計 畫 在 一 夜 之 間 全 都 報 廢 了 超 過 80 萬 名 蘇 聯 紅 軍 違 反 《里 加 和 約 》、《波 蘇 互 不 侵 犯 協 定 》和 其 它 雙 邊 與 多 邊 的 國 際 協 定 入 侵 波 蘭 東 部 並 在 隨 後 進 入 白 俄 羅 斯 與 烏 克 蘭 形 成 白 俄 羅 斯 與 烏 克 蘭 戰 線	these plans were spread overnight over 800,000 armed forces were involved in the operation of the bussou-boussou attack and other international attacks on both sides of the island in eastern berlin and later entered the bavarian-uhran war	however these plans were rendered obsolete nearly overnight when over 800,000 soldiers from the soviet's union red army entered and created the belarussian and ukrainian fronts after invading the eastern regions of poland in violation of the riga peace treaty the soviet-polish non-aggression pact and other international treaties both bilateral and multilateral
擁 有 車 子 的 人 變 多 也 會 使 道 路 意 外 的 機 率 變 高 進 而 使 人 類 發 展 出 修 復 受 傷 肢 體 的 新 醫 護 技 術	the more cars the better the speed of the car and the better the development of the car	mass car ownership also leads to a higher incidence of accidents on the roads which leads to the invention of new techniques in healthcare for repairing damaged bodies
擁 有 車 子 的 人 變 多 也 會 使 道 路 意 外 的 機 率 變 高 進 而 使 人 類 發 展 出 修 復 受 傷 肢 體 的 新 醫 護 技 術	the more cars the better the speed of the car and the better the development of the car	mass car ownership also leads to a higher incidence of accidents on the roads which leads to the invention of new techniques in healthcare for repairing damaged bodies
格 陵 蘭 島 上 人 煙 稀 少 在 北 歐 史 詩 中 紅 髮 艾 瑞 克 因 謀 殺 被 逐 出 冰 島 當 他 往 更 遠 的 西 邊 去 時 發 現 了 格 陵 蘭 島 並 為 它 取 了 這 個 名 字	the greek island was a small lake and was in the northeastern islands where the arianian moose was kept when he went farther west and discovered the greek island and named it after him	greenland was settled sparsely in the norse sagas they say that erik the red was exiled from iceland for murder and when travelling further west found greenland and named it greenland
格 陵 蘭 島 上 人 煙 稀 少 在 北 歐 史 詩 中 紅 髮 艾 瑞 克 因 謀 殺 被 逐 出 冰 島 當 他 往 更 遠 的 西 邊 去 時 發 現 了 格 陵 蘭 島 並 為 它 取 了 這 個 名 字	the greek island was a small lake and was in the northeastern islands where the arianian moose was kept when he went farther west and discovered the greek island and named it after him	greenland was settled sparsely in the norse sagas they say that erik the red was exiled from iceland for murder and when travelling further west found greenland and named it greenland
但 由 於 地 處 赤 道 以 北 僅 幾 度 之 遙 的 「高 熱 帶 地 區 」您 將 需 要 同 時 應 付 一 向 的 高 溫 和 熾 烈 陽 光 天 空 晴 朗 的 情 況 下 這 種 情 形 比 較 少 見	but due to the high heat in the region near the edge the need to accept a warm or humid day or a sky-high setting is rare	but being placed in the high tropics just a few degrees north of equator you will need to deal with both heat always and strong sun when the sky is clear more rarely
但 由 於 地 處 赤 道 以 北 僅 幾 度 之 遙 的 「高 熱 帶 地 區 」您 將 需 要 同 時 應 付 一 向 的 高 溫 和 熾 烈 陽 光 天 空 晴 朗 的 情 況 下 這 種 情 形 比 較 少 見	but due to the high heat in the region near the edge the need to accept a warm or humid day or a sky-high setting is rare	but being placed in the high tropics just a few degrees north of equator you will need to deal with both heat always and strong sun when the sky is clear more rarely
如 果 你 想 近 距 離 觀 賞 活 動 你 必 須 提 早 進 去 找 到 一 個 靠 近 音 樂 演 奏 的 露 營 地 點	if you want to get closer to the official event you have to go in early to find a place to play music	if you want to be close to the action you're going to have to get in early to get a camping site close to the music
如 果 你 想 近 距 離 觀 賞 活 動 你 必 須 提 早 進 去 找 到 一 個 靠 近 音 樂 演 奏 的 露 營 地 點	if you want to get closer to the official event you have to go in early to find a place to play music	if you want to be close to the action you're going to have to get in early to get a camping site close to the music
熨 燙 潮 濕 的 衣 服 有 助 於 乾 燥 衣 服 許 多 飯 店 即 使 客 房 內 未 提 供 熨 斗 和 燙 衣 板 也 可 以 跟 飯 店 借 用	dry clothing is a must in a room with many hotels including a room with no service offer you can also borrow from a hotel	ironing damp clothes can help them dry many hotels have an iron and ironing board available for loan even if one is not present in the room
熨 燙 潮 濕 的 衣 服 有 助 於 乾 燥 衣 服 許 多 飯 店 即 使 客 房 內 未 提 供 熨 斗 和 燙 衣 板 也 可 以 跟 飯 店 借 用	dry clothing is a must in a room with many hotels including a room with no service offer you can also borrow from a hotel	ironing damp clothes can help them dry many hotels have an iron and ironing board available for loan even if one is not present in the room
它 是 南 非 的 主 要 景 點 之 一 也 被 視 為 南 非 國 家 公 園 sanparks 的 旗 艦 景 點	it is one of the main attractions of the south africa and is also a tourist attraction for the sampochs of the country	it is one of the main attractions of south africa and it is considered the flagship of south african national parks sanparks
它 是 南 非 的 主 要 景 點 之 一 也 被 視 為 南 非 國 家 公 園 sanparks 的 旗 艦 景 點	it is one of the main attractions of the south africa and is also a tourist attraction for the sampochs of the country	it is one of the main attractions of south africa and it is considered the flagship of south african national parks sanparks
但 由 於 地 處 赤 道 以 北 僅 幾 度 之 遙 的 「高 熱 帶 地 區 」您 將 需 要 同 時 應 付 一 向 的 高 溫 和 熾 烈 陽 光 天 空 晴 朗 的 情 況 下 這 種 情 形 比 較 少 見	but as the area is not as vast as the high heat areas you will have to enjoy a less sunny day than a warm day or a sunny day	but being placed in the high tropics just a few degrees north of equator you will need to deal with both heat always and strong sun when the sky is clear more rarely
但 由 於 地 處 赤 道 以 北 僅 幾 度 之 遙 的 「高 熱 帶 地 區 」您 將 需 要 同 時 應 付 一 向 的 高 溫 和 熾 烈 陽 光 天 空 晴 朗 的 情 況 下 這 種 情 形 比 較 少 見	but as the area is not as vast as the high heat areas you will have to enjoy a less sunny day than a warm day or a sunny day	but being placed in the high tropics just a few degrees north of equator you will need to deal with both heat always and strong sun when the sky is clear more rarely
拒 絕 男 性 時 應 表 現 堅 定 不 要 害 怕 堅 持 立 場 不 管 有 沒 有 文 化 差 異 這 樣 都 是 不 對 的 ！	when he was holding the man he said to keep his guard up no matter if there was a cultural difference that was wrong	be firm in turning down men and don't be afraid to stand your ground cultural differences or not it doesn't make it ok!
拒 絕 男 性 時 應 表 現 堅 定 不 要 害 怕 堅 持 立 場 不 管 有 沒 有 文 化 差 異 這 樣 都 是 不 對 的 ！	when he was holding the man he said to keep his guard up no matter if there was a cultural difference that was wrong	be firm in turning down men and don't be afraid to stand your ground cultural differences or not it doesn't make it ok!
但 由 於 地 處 赤 道 以 北 僅 幾 度 之 遙 的 「高 熱 帶 地 區 」您 將 需 要 同 時 應 付 一 向 的 高 溫 和 熾 烈 陽 光 天 空 晴 朗 的 情 況 下 這 種 情 形 比 較 少 見	but due to the high heat areas in the north of the country you will have to enjoy a less sunny day than a day sky with a clear sky sky	but being placed in the high tropics just a few degrees north of equator you will need to deal with both heat always and strong sun when the sky is clear more rarely
但 由 於 地 處 赤 道 以 北 僅 幾 度 之 遙 的 「高 熱 帶 地 區 」您 將 需 要 同 時 應 付 一 向 的 高 溫 和 熾 烈 陽 光 天 空 晴 朗 的 情 況 下 這 種 情 形 比 較 少 見	but due to the high heat areas in the north of the country you will have to enjoy a less sunny day than a day sky with a clear sky sky	but being placed in the high tropics just a few degrees north of equator you will need to deal with both heat always and strong sun when the sky is clear more rarely
渥 太 華 是 加 拿 大 的 首 都 環 境 美 麗 宜 人 使 用 英 法 兩 種 語 言 擁 有 許 多 藝 廊 和 博 物 館 展 現 加 拿 大 的 今 昔 風 貌	the octavian is a beautiful island in canada and uses a couple of languages to describe the golden peak of canada with many eons and pearls	ottawa is canada's charming bilingual capital and features an array of art galleries and museums that showcase canada's past and present
渥 太 華 是 加 拿 大 的 首 都 環 境 美 麗 宜 人 使 用 英 法 兩 種 語 言 擁 有 許 多 藝 廊 和 博 物 館 展 現 加 拿 大 的 今 昔 風 貌	the octavian is a beautiful island in canada and uses a couple of languages to describe the golden peak of canada with many eons and pearls	ottawa is canada's charming bilingual capital and features an array of art galleries and museums that showcase canada's past and present
很 早 就 開 始 採 用 軌 枕 將 軌 道 固 定 住 但 漸 漸 地 人 們 發 現 若 鋪 上 鐵 條 軌 道 效 率 較 高	since then the use of the ghost has been fixed but the real people have found that the level of the iron is higher	crossties were introduced fairly early to hold the tracks in place gradually however it was realised that tracks would be more efficient if they had a stip of iron on the top
熱 巧 克 力 的 水 準 符 合 比 利 時 標 準 果 汁 很 貴 但 非 常 好 喝	the hot water is suitable for your standard juice but it is very expensive	the hot chocolate is up to belgian standards fruit juices are pricey but excellent
熱 巧 克 力 的 水 準 符 合 比 利 時 標 準 果 汁 很 貴 但 非 常 好 喝	the hot water is suitable for your standard juice but it is very expensive	the hot chocolate is up to belgian standards fruit juices are pricey but excellent
這 些 沉 積 物 是 形 成 野 生 動 物 棲 地 的 河 口 沙 洲 和 海 灘 的 必 要 物 質	these insects form the core of the wild animals and the ocean	this sediment was necessary for creating sandbars and beaches which served as wildlife habitats
這 些 沉 積 物 是 形 成 野 生 動 物 棲 地 的 河 口 沙 洲 和 海 灘 的 必 要 物 質	these insects form the core of the wild animals and the ocean	this sediment was necessary for creating sandbars and beaches which served as wildlife habitats
該 委 員 會 是 馬 德 立 回 應 從 十 月 開 始 的 大 規 模 反 政 權 抗 議 活 動 而 設 立 的	the congress is holding a big protest against the activity that has been going on since november	the commission was martelly's response to widespread anti-regime protests that started in october
北 馬 里 亞 納 群 島 緊 急 管 理 處 表 示 沒 有 收 到 國 內 的 損 傷 回 報	public authorities in the north india said they didn't receive a national election report	the northern marianas emergency management office said that there were no damages reported in the nation
北 馬 里 亞 納 群 島 緊 急 管 理 處 表 示 沒 有 收 到 國 內 的 損 傷 回 報	public authorities in the north india said they didn't receive a national election report	the northern marianas emergency management office said that there were no damages reported in the nation
摩 洛 哥 蘇 丹 重 建 了 這 座 城 市 取 名 「達 魯 i 巴 迪 亞 」而 「卡 薩 布 蘭 卡 」則 是 在 此 建 立 貿 易 基 地 的 西 班 牙 貿 易 商 為 它 取 的 名 稱	molokosodan rebuilt the city named elblanca and casablanca to establish a name for the spanish language of the region	the moroccan sultan rebuilt the city as daru l-badya and it was given the name casablanca by spanish traders who established trading bases there
摩 洛 哥 蘇 丹 重 建 了 這 座 城 市 取 名 「達 魯 i 巴 迪 亞 」而 「卡 薩 布 蘭 卡 」則 是 在 此 建 立 貿 易 基 地 的 西 班 牙 貿 易 商 為 它 取 的 名 稱	molokosodan rebuilt the city named elblanca and casablanca to establish a name for the spanish language of the region	the moroccan sultan rebuilt the city as daru l-badya and it was given the name casablanca by spanish traders who established trading bases there
休 恩 已 辭 職 他 在 內 閣 的 職 位 將 由 愛 德 ·戴 維 議 員 接 任 諾 曼 ·蘭 姆 議 員 有 望 接 替 戴 維 出 任 商 務 大 臣 一 職	some say he would have loved the congress to have accepted the nomadic congress to have accepted the business to be a part of it	huhne has resigned and he will be replaced in the cabinet by ed davey mp norman lamb mp is expected to take the business minister job davey is vacating
休 恩 已 辭 職 他 在 內 閣 的 職 位 將 由 愛 德 ·戴 維 議 員 接 任 諾 曼 ·蘭 姆 議 員 有 望 接 替 戴 維 出 任 商 務 大 臣 一 職	some say he would have loved the congress to have accepted the nomadic congress to have accepted the business to be a part of it	huhne has resigned and he will be replaced in the cabinet by ed davey mp norman lamb mp is expected to take the business minister job davey is vacating
卡 薩 布 蘭 卡 是 全 摩 洛 哥 境 內 最 無 趣 的 購 物 處 之 一	cassablanca is one of the most unique relics in the world of the mollocco	casablanca is one of the least interesting places to shop in all of morocco
卡 薩 布 蘭 卡 是 全 摩 洛 哥 境 內 最 無 趣 的 購 物 處 之 一	cassablanca is one of the most unique relics in the world of the mollocco	casablanca is one of the least interesting places to shop in all of morocco
因 為 天 空 幾 乎 整 天 都 是 黑 的 提 供 了 觀 賞 北 極 光 的 絕 佳 機 會	since sky-darkness is almost always a bright opportunity to provide attention to the northern lights	this offers a good opportunity to see the aurora borealis as the sky will be dark more or less around the clock
在 短 短 兩 週 內 美 軍 和 自 由 法 國 軍 就 解 放 了 南 法 並 轉 向 德 國	in a short period of time the u.s. army and the free army liberated the south and moved to germany	in just two weeks the americans and free french forces had liberated southern france and were turning towards germany
在 短 短 兩 週 內 美 軍 和 自 由 法 國 軍 就 解 放 了 南 法 並 轉 向 德 國	in a short period of time the u.s. army and the free army liberated the south and moved to germany	in just two weeks the americans and free french forces had liberated southern france and were turning towards germany
人 造 衛 星 是 用 火 箭 送 上 太 空 的 科 學 家 在 太 空 中 使 用 望 遠 鏡 因 為 地 球 的 大 氣 有 時 會 扭 曲 我 們 的 光 和 視 線	people use a fire to send the space to the sky while the sky is far away because the atmosphere on the earth sometimes hits our bright lines	the satellite was sent into space by a rocket scientists use telescopes in space because the earth's atmosphere distorts some of our light and view
人 造 衛 星 是 用 火 箭 送 上 太 空 的 科 學 家 在 太 空 中 使 用 望 遠 鏡 因 為 地 球 的 大 氣 有 時 會 扭 曲 我 們 的 光 和 視 線	people use a fire to send the space to the sky while the sky is far away because the atmosphere on the earth sometimes hits our bright lines	the satellite was sent into space by a rocket scientists use telescopes in space because the earth's atmosphere distorts some of our light and view
文 化 決 定 論 是 浪 漫 主 義 的 重 要 構 成 之 一 多 取 材 自 歌 德 、費 希 特 和 施 萊 格 爾 等 作 家	the decision to work on the novel was one of the important goals of the novel which was to make the writers of greek and sirene the poet	romanticism had a large element of cultural determinism drawn from writers such as goethe fichte and schlegel
文 化 決 定 論 是 浪 漫 主 義 的 重 要 構 成 之 一 多 取 材 自 歌 德 、費 希 特 和 施 萊 格 爾 等 作 家	the decision to work on the novel was one of the important goals of the novel which was to make the writers of greek and sirene the poet	romanticism had a large element of cultural determinism drawn from writers such as goethe fichte and schlegel
執 政 黨 西 南 非 洲 人 民 組 織 swapo 也 在 國 會 選 舉 中 保 住 了 多 數 黨 的 地 位	the swapo party also held many positions in the national election	the ruling party south west africa people's organisation swapo also retained a majority in the parliamentary elections
執 政 黨 西 南 非 洲 人 民 組 織 swapo 也 在 國 會 選 舉 中 保 住 了 多 數 黨 的 地 位	the swapo party also held many positions in the national election	the ruling party south west africa people's organisation swapo also retained a majority in the parliamentary elections
在 中 東 的 溫 暖 氣 候 中 房 子 就 沒 那 麼 重 要 了	the gas in the middle east prevented the explosion from being important	in the warm climate of the middle east the house was not so important
在 中 東 的 溫 暖 氣 候 中 房 子 就 沒 那 麼 重 要 了	the gas in the middle east prevented the explosion from being important	in the warm climate of the middle east the house was not so important
因 此 會 加 上 這 段 話 很 有 可 能 只 是 為 了 做 標 示	so the added word might have been used to make a statement	so it is likely that the notation was added simply as a label
因 此 會 加 上 這 段 話 很 有 可 能 只 是 為 了 做 標 示	so the added word might have been used to make a statement	so it is likely that the notation was added simply as a label
然 而 那 並 非 事 實 雖 然 文 件 背 面 有 一 些 手 寫 的 內 容 但 它 並 不 是 一 張 藏 寶 圖	however that is not true though there are some details in the back of the document but it is not a treasure	however that is not true although there is something written on the back of the document it is not a treasure map
然 而 那 並 非 事 實 雖 然 文 件 背 面 有 一 些 手 寫 的 內 容 但 它 並 不 是 一 張 藏 寶 圖	however that is not true though there are some details in the back of the document but it is not a treasure	however that is not true although there is something written on the back of the document it is not a treasure map
2002 年 戈 馬 遭 到 尼 拉 貢 戈 火 山 的 熔 岩 摧 毀 該 城 市 的 大 多 數 街 道 尤 其 是 市 中 心 均 被 掩 埋	in 2002 the ryan fortress of the greek republic of the latin city was destroyed especially when the city center was destroyed	in 2002 goma was destroyed by lava from the nyiragongo volcano which buried most of the town's streets particularly the town centre
2002 年 戈 馬 遭 到 尼 拉 貢 戈 火 山 的 熔 岩 摧 毀 該 城 市 的 大 多 數 街 道 尤 其 是 市 中 心 均 被 掩 埋	in 2002 the ryan fortress of the greek republic of the latin city was destroyed especially when the city center was destroyed	in 2002 goma was destroyed by lava from the nyiragongo volcano which buried most of the town's streets particularly the town centre
月 球 表 面 是 由 岩 石 和 塵 土 組 成 月 球 的 最 外 層 稱 為 地 殼	the moon is made of rock and clay and is the most beloved in the world and is called earth	the surface of the moon is made of rocks and dust the outer layer of the moon is called the crust
月 球 表 面 是 由 岩 石 和 塵 土 組 成 月 球 的 最 外 層 稱 為 地 殼	the moon is made of rock and clay and is the most beloved in the world and is called earth	the surface of the moon is made of rocks and dust the outer layer of the moon is called the crust
由 於 光 害 在 前 現 代 天 文 台 的 全 盛 時 期 沒 有 如 今 嚴 重 它 們 通 常 坐 落 在 城 市 或 校 園 中 比 現 代 建 造 的 那 些 天 文 台 更 容 易 到 達	as light is in the early days of the modern age the whole world is filled with depression they often fall into the city or school where it is easier to get into the modern age of buildings	as light pollution in their heyday was not the kind of problem it is today they are usually located in cities or at campuses easier to reach than those built in modern times
由 於 光 害 在 前 現 代 天 文 台 的 全 盛 時 期 沒 有 如 今 嚴 重 它 們 通 常 坐 落 在 城 市 或 校 園 中 比 現 代 建 造 的 那 些 天 文 台 更 容 易 到 達	as light is in the early days of the modern age the whole world is filled with depression they often fall into the city or school where it is easier to get into the modern age of buildings	as light pollution in their heyday was not the kind of problem it is today they are usually located in cities or at campuses easier to reach than those built in modern times
科 查 莫 谷 ──智 利 首 屈 一 指 的 攀 岩 地 點 有 南 美 優 勝 美 地 之 稱 擁 有 各 式 各 樣 的 大 片 花 崗 岩 壁 和 峭 壁	the panamanian point of the fort is known for its smoothness and has a wide variety of colors like the white and white	cochamó valley - chile's premier climbing destination known as the yosemite of south america with a variety of granite big walls and crags
科 查 莫 谷 ──智 利 首 屈 一 指 的 攀 岩 地 點 有 南 美 優 勝 美 地 之 稱 擁 有 各 式 各 樣 的 大 片 花 崗 岩 壁 和 峭 壁	the panamanian point of the fort is known for its smoothness and has a wide variety of colors like the white and white	cochamó valley - chile's premier climbing destination known as the yosemite of south america with a variety of granite big walls and crags
特 別 是 有 人 認 為 可 以 透 過 正 確 解 讀 微 表 情 來 偵 測 一 個 人 是 否 在 說 謊	especially some people believe that through correct interpretation of the expression a person is at the edge of the ice	in particular it is claimed that one can detect whether a person is lying by interpreting micro-expressions correctly
特 別 是 有 人 認 為 可 以 透 過 正 確 解 讀 微 表 情 來 偵 測 一 個 人 是 否 在 說 謊	especially some people believe that through correct interpretation of the expression a person is at the edge of the ice	in particular it is claimed that one can detect whether a person is lying by interpreting micro-expressions correctly
而 光 譜 的 另 一 端 則 會 轉 變 為 截 然 不 同 的 人 他 或 她 認 為 自 己 必 須 改 變 團 隊 一 直 以 來 的 所 有 做 法 並 改 用 自 己 的 方 式 行 事	while the other part of the light bulb will become a different person he or she believes that she must change the way the team has been doing it and change the way she acts	at the other end of the spectrum one morphs into an unrecognizable individual that feels he or she must change everything the team has been doing and make it their own
而 光 譜 的 另 一 端 則 會 轉 變 為 截 然 不 同 的 人 他 或 她 認 為 自 己 必 須 改 變 團 隊 一 直 以 來 的 所 有 做 法 並 改 用 自 己 的 方 式 行 事	while the other part of the light bulb will become a different person he or she believes that she must change the way the team has been doing it and change the way she acts	at the other end of the spectrum one morphs into an unrecognizable individual that feels he or she must change everything the team has been doing and make it their own
然 而 由 於 溝 通 管 道 的 緩 慢 西 方 的 風 格 可 能 落 後 25 到 30 年	the style of the park still remains the same as the one in the ucd park in the 30s and 50s	however due to the slow communication channels styles in the west could lag behind by 25 to 30 year
然 而 由 於 溝 通 管 道 的 緩 慢 西 方 的 風 格 可 能 落 後 25 到 30 年	the style of the park still remains the same as the one in the ucd park in the 30s and 50s	however due to the slow communication channels styles in the west could lag behind by 25 to 30 year
所 有 人 都 參 與 社 會 活 動 使 用 運 輸 系 統 幾 乎 每 一 個 人 都 抱 怨 運 輸 系 統	all people involved in social activities used transportation systems almost all people used transportation systems	everyone participates in society and uses transportation systems almost everyone complains about transportation systems
所 有 人 都 參 與 社 會 活 動 使 用 運 輸 系 統 幾 乎 每 一 個 人 都 抱 怨 運 輸 系 統	all people involved in social activities used transportation systems almost all people used transportation systems	everyone participates in society and uses transportation systems almost everyone complains about transportation systems
因 為 牠 們 長 著 羽 毛 且 能 夠 飛 翔 很 多 人 不 認 為 牠 們 是 恐 龍 的 一 種	because they are wearing rainbows many people don't think they are a kind of fear	many people don't think about them as dinosaurs because they have feathers and can fly
因 為 牠 們 長 著 羽 毛 且 能 夠 飛 翔 很 多 人 不 認 為 牠 們 是 恐 龍 的 一 種	because they are wearing rainbows many people don't think they are a kind of fear	many people don't think about them as dinosaurs because they have feathers and can fly
老 虎 是 全 方 面 的 運 動 員 能 攀 爬 雖 然 不 太 專 精 ﹑游 泳 ﹑遠 距 離 跳 躍 並 擁 有 超 過 一 個 強 壯 人 類 五 倍 的 拉 力	the tiger is a fully-dominated athlete who can jump far away from the race even though he is not a professional swimmer and has a super strong impact on the five-pets	a well rounded athlete the tiger can climb though not well swim leap great distances and pull with five times the force of a strong human
老 虎 是 全 方 面 的 運 動 員 能 攀 爬 雖 然 不 太 專 精 ﹑游 泳 ﹑遠 距 離 跳 躍 並 擁 有 超 過 一 個 強 壯 人 類 五 倍 的 拉 力	the tiger is a fully-dominated athlete who can jump far away from the race even though he is not a professional swimmer and has a super strong impact on the five-pets	a well rounded athlete the tiger can climb though not well swim leap great distances and pull with five times the force of a strong human
遺 蹟 群 邊 緣 大 部 分 的 建 築 都 已 經 過 重 建 好 讓 遊 客 更 加 暸 解 原 本 的 樣 貌	most of the buildings in the fort were rebuilt and look more like original animals	most of the buildings on the edges of the complex have been rebuilt in order to give tourists a better idea of how they originally appeared
遺 蹟 群 邊 緣 大 部 分 的 建 築 都 已 經 過 重 建 好 讓 遊 客 更 加 暸 解 原 本 的 樣 貌	most of the buildings in the fort were rebuilt and look more like original animals	most of the buildings on the edges of the complex have been rebuilt in order to give tourists a better idea of how they originally appeared
尚 卡 羅 ‧費 希 切 拉 無 法 控 制 車 輛 使 得 比 賽 開 始 後 不 久 就 結 束 了	saccaro fighi cut the line and was unable to control the car and started the race and ended quickly	giancarlo fisichella lost control of his car and ended the race very soon after the start
尚 卡 羅 ‧費 希 切 拉 無 法 控 制 車 輛 使 得 比 賽 開 始 後 不 久 就 結 束 了	saccaro fighi cut the line and was unable to control the car and started the race and ended quickly	giancarlo fisichella lost control of his car and ended the race very soon after the start
一 整 夜 印 出 了 150 到 200 份 現 稱 「當 列 普 單 面 印 刷 版 」	a whole night of printing 150 to 200 copies of the local product	through the night between 150 and 200 copies were made now known as dunlap broadsides
一 整 夜 印 出 了 150 到 200 份 現 稱 「當 列 普 單 面 印 刷 版 」	a whole night of printing 150 to 200 copies of the local product	through the night between 150 and 200 copies were made now known as dunlap broadsides
上 週 經 濟 產 業 省 宣 布 apple 已 向 他 們 通 報 另 外 34 起 過 熱 事 件 該 公 司 宣 稱 這 些 事 件 「並 不 嚴 重 」	polls from last week's financial industry announced that apple had announced another 34 cases in the past month and the company claimed that the cases were not serious	last week meti announced that apple had informed it of 34 additional overheating incidents which the company called non-serious
上 週 經 濟 產 業 省 宣 布 apple 已 向 他 們 通 報 另 外 34 起 過 熱 事 件 該 公 司 宣 稱 這 些 事 件 「並 不 嚴 重 」	polls from last week's financial industry announced that apple had announced another 34 cases in the past month and the company claimed that the cases were not serious	last week meti announced that apple had informed it of 34 additional overheating incidents which the company called non-serious
所 有 名 詞 以 及 sie 意 思 為 '您 '一 詞 即 使 在 句 子 中 間 出 現 仍 然 會 以 大 寫 字 母 開 頭	all the names and the islamic names were immediately mentioned in the text and were still in the beginning of the writing	all nouns alongside the word sie for you always begin with a capital letter even in the middle of a sentence
所 有 名 詞 以 及 sie 意 思 為 '您 '一 詞 即 使 在 句 子 中 間 出 現 仍 然 會 以 大 寫 字 母 開 頭	all the names and the islamic names were immediately mentioned in the text and were still in the beginning of the writing	all nouns alongside the word sie for you always begin with a capital letter even in the middle of a sentence
表 演 剛 開 演 五 分 鐘 就 突 然 捲 起 一 陣 狂 風 大 約 一 分 鐘 後 風 速 就 已 高 達 每 小 時 70 公 里 然 後 暴 雨 襲 來 雨 勢 又 急 又 大 打 在 皮 膚 上 有 如 針 刺 緊 接 著 冰 雹 從 天 而 降 人 們 驚 惶 尖 叫 奔 跑 互 踩	the hospital started at 5 minutes and suddenly a storm came about a minute later the storm was 70 km an hour and then the storm was over and it was stormy and heavy and there was a storm on the skin and it was a storm that had been caught by the ice from the sky and the king of the world called it a storm	five minutes into the display a wind starts rolling in about a minute later the wind is reaching 70km/h... then the rain comes but so hard and so large that it slaps your skin like a needle then hail fell from the sky people panicking and screaming and running over each other
表 演 剛 開 演 五 分 鐘 就 突 然 捲 起 一 陣 狂 風 大 約 一 分 鐘 後 風 速 就 已 高 達 每 小 時 70 公 里 然 後 暴 雨 襲 來 雨 勢 又 急 又 大 打 在 皮 膚 上 有 如 針 刺 緊 接 著 冰 雹 從 天 而 降 人 們 驚 惶 尖 叫 奔 跑 互 踩	the hospital started at 5 minutes and suddenly a storm came about a minute later the storm was 70 km an hour and then the storm was over and it was stormy and heavy and there was a storm on the skin and it was a storm that had been caught by the ice from the sky and the king of the world called it a storm	five minutes into the display a wind starts rolling in about a minute later the wind is reaching 70km/h... then the rain comes but so hard and so large that it slaps your skin like a needle then hail fell from the sky people panicking and screaming and running over each other
他 們 靠 著 有 紀 律 的 防 守 、控 球 技 巧 與 絕 佳 的 團 隊 默 契 脫 穎 而 出 顯 然 是 不 好 對 付 的 強 隊	they have been under a lot of pressure to defend themselves against the group's group of allies which is still not very good	their disciplined defence ball handling skills and excellent team work made them stand out and it was clear that this was the team to beat
他 們 靠 著 有 紀 律 的 防 守 、控 球 技 巧 與 絕 佳 的 團 隊 默 契 脫 穎 而 出 顯 然 是 不 好 對 付 的 強 隊	they have been under a lot of pressure to defend themselves against the group's group of allies which is still not very good	their disciplined defence ball handling skills and excellent team work made them stand out and it was clear that this was the team to beat
加 州 州 長 阿 諾 ‧史 瓦 辛 格 簽 署 一 項 法 案 禁 止 販 賣 暴 力 電 動 遊 戲 給 未 成 年	the greek leader ross was involved in a case that sold the electric game to the us	california governor arnold schwarzenegger signed into law a bill that bans the sale or rental of violent video games to minors
加 州 州 長 阿 諾 ‧史 瓦 辛 格 簽 署 一 項 法 案 禁 止 販 賣 暴 力 電 動 遊 戲 給 未 成 年	the greek leader ross was involved in a case that sold the electric game to the us	california governor arnold schwarzenegger signed into law a bill that bans the sale or rental of violent video games to minors
如 果 你 是 參 加 隨 船 的 旅 遊 行 程 上 岸 並 不 需 要 有 額 外 的 簽 證 截 至 2009 年 為 止	if you are travelling by boat you do not need to have a visa until 2009	if you only go ashore using shipboard excursions you will not need a separate visa as of 2009
如 果 你 是 參 加 隨 船 的 旅 遊 行 程 上 岸 並 不 需 要 有 額 外 的 簽 證 截 至 2009 年 為 止	if you are travelling by boat you do not need to have a visa until 2009	if you only go ashore using shipboard excursions you will not need a separate visa as of 2009
如 果 你 曾 看 過 電 影 《國 家 寶 藏 》你 可 能 會 以 為 《美 國 獨 立 宣 言 》的 背 面 畫 有 一 張 藏 寶 圖	if you have seen a movie called national security you might think of a unique back of a united statesman or a bed of clay	if you have watched the movie national treasure you may think a treasure map was written on the back of the declaration of independence
如 果 你 曾 看 過 電 影 《國 家 寶 藏 》你 可 能 會 以 為 《美 國 獨 立 宣 言 》的 背 面 畫 有 一 張 藏 寶 圖	if you have seen a movie called national security you might think of a unique back of a united statesman or a bed of clay	if you have watched the movie national treasure you may think a treasure map was written on the back of the declaration of independence
巴 塞 隆 納 的 官 方 語 言 是 加 泰 隆 尼 亞 語 和 西 班 牙 語 約 有 一 半 的 人 口 比 較 喜 歡 講 加 泰 隆 尼 亞 語 絕 大 多 數 的 人 都 聽 得 懂 而 幾 乎 所 有 人 都 懂 西 班 牙 語	the main source of the rich is the greek and spanish language most people like to say greek most people know and most people know spanish	barcelona's official languages are catalan and spanish about a half prefer to speak catalan a vast majority understands it and virtually everyone knows spanish
巴 塞 隆 納 的 官 方 語 言 是 加 泰 隆 尼 亞 語 和 西 班 牙 語 約 有 一 半 的 人 口 比 較 喜 歡 講 加 泰 隆 尼 亞 語 絕 大 多 數 的 人 都 聽 得 懂 而 幾 乎 所 有 人 都 懂 西 班 牙 語	the main source of the rich is the greek and spanish language most people like to say greek most people know and most people know spanish	barcelona's official languages are catalan and spanish about a half prefer to speak catalan a vast majority understands it and virtually everyone knows spanish
有 些 原 子 的 核 心 不 穩 定 這 表 示 它 們 在 沒 有 或 很 小 推 力 的 情 形 下 也 容 易 分 裂	some groups were not stable in their core so they were not easily separated from the weak	some atoms have unstable nuclei which means that they tend to break apart with little or no nudging
有 些 原 子 的 核 心 不 穩 定 這 表 示 它 們 在 沒 有 或 很 小 推 力 的 情 形 下 也 容 易 分 裂	some groups were not stable in their core so they were not easily separated from the weak	some atoms have unstable nuclei which means that they tend to break apart with little or no nudging
畫 面 呈 現 在 金 字 塔 上 燈 光 則 點 亮 了 其 他 金 字 塔	the picture is now on the golden tower and the light illuminates the other ones	the scenes are displayed on the pyramids and the different pyramids are lit up
畫 面 呈 現 在 金 字 塔 上 燈 光 則 點 亮 了 其 他 金 字 塔	the picture is now on the golden tower and the light illuminates the other ones	the scenes are displayed on the pyramids and the different pyramids are lit up
其 他 提 名 包 括 最 佳 影 片 、最 佳 導 演 、最 佳 攝 影 、最 佳 服 裝 設 計 、最 佳 剪 輯 、最 佳 原 創 音 樂 、最 佳 製 作 設 計 、最 佳 音 效 剪 輯 、最 佳 混 音 及 最 佳 原 著 劇 本 獎	other themes include the best video the best director the best photography the best design the best editing the best original music the best production the best sound quality the best audio and the best sound design	the other nominations include best picture director cinematography costume design film-editing original score production design sound editing sound mixing and original screenplay
其 他 提 名 包 括 最 佳 影 片 、最 佳 導 演 、最 佳 攝 影 、最 佳 服 裝 設 計 、最 佳 剪 輯 、最 佳 原 創 音 樂 、最 佳 製 作 設 計 、最 佳 音 效 剪 輯 、最 佳 混 音 及 最 佳 原 著 劇 本 獎	other themes include the best video the best director the best photography the best design the best editing the best original music the best production the best sound quality the best audio and the best sound design	the other nominations include best picture director cinematography costume design film-editing original score production design sound editing sound mixing and original screenplay
同 樣 地 男 人 必 須 穿 著 遮 蓋 膝 蓋 的 長 褲	the same way men must wear a suit that covers the walls	along the same line men are required to wear trousers covering the knees
同 樣 地 男 人 必 須 穿 著 遮 蓋 膝 蓋 的 長 褲	the same way men must wear a suit that covers the walls	along the same line men are required to wear trousers covering the knees
由 新 加 坡 副 總 理 黃 根 成 迎 接 並 與 新 加 坡 總 理 李 顯 龍 商 談 貿 易 和 恐 怖 主 義 等 議 題	the prime minister of singapore jr. ginseng and the prime minister of singapore lilin samtamoy and the great-grandfather of the king	he was greeted by singapore's deputy prime minister wong kan seng and discussed trade and terrorism issues with the singapore prime minister lee hsien loong
由 新 加 坡 副 總 理 黃 根 成 迎 接 並 與 新 加 坡 總 理 李 顯 龍 商 談 貿 易 和 恐 怖 主 義 等 議 題	the prime minister of singapore jr. ginseng and the prime minister of singapore lilin samtamoy and the great-grandfather of the king	he was greeted by singapore's deputy prime minister wong kan seng and discussed trade and terrorism issues with the singapore prime minister lee hsien loong
多 數 對 於 科 技 決 定 論 的 詮 釋 都 有 兩 個 主 要 理 念 ：科 技 本 身 的 發 展 途 徑 遠 比 文 化 或 政 治 因 素 有 著 更 大 之 影 響 力 以 及 科 技 反 過 來 會 「影 響 」社 會 固 有 型 態 而 非 受 社 會 制 約	most of the traditions of science are based on concept science's development plans are more influential than the cultural or political factors and science is more likely to have a negative impact on the society's reputation and not on the society's skills	most interpretations of technological determinism share two general ideas that the development of technology itself follows a path largely beyond cultural or political influence and that technology in turn has effects on societies that are inherent rather than socially conditioned
結 果 兩 種 魚 類 已 經 滅 絕 而 包 括 隆 背 骨 尾 魚 在 內 的 其 他 兩 種 則 瀕 臨 滅 絕	the result is that two types of fish have been extinct including the two other species of the northern bryllian	as a result two fish species have become extinct and two others have become endangered including the humpback chub
結 果 兩 種 魚 類 已 經 滅 絕 而 包 括 隆 背 骨 尾 魚 在 內 的 其 他 兩 種 則 瀕 臨 滅 絕	the result is that two types of fish have been extinct including the two other species of the northern bryllian	as a result two fish species have become extinct and two others have become endangered including the humpback chub
目 前 所 做 的 研 究 主 要 都 是 理 論 上 的 但 此 計 畫 的 目 的 在 於 模 擬 對 人 馬 座 星 系 所 做 的 觀 察	the research we are currently doing is mainly theoretical but the goal is to observe the human being in a way that is highly likely to be done	the work done was mostly theoretical but the program was written to simulate observations made of the sagittarius galaxy
目 前 所 做 的 研 究 主 要 都 是 理 論 上 的 但 此 計 畫 的 目 的 在 於 模 擬 對 人 馬 座 星 系 所 做 的 觀 察	the research we are currently doing is mainly theoretical but the goal is to observe the human being in a way that is highly likely to be done	the work done was mostly theoretical but the program was written to simulate observations made of the sagittarius galaxy
馬 達 加 斯 加 是 其 中 最 大 的 一 座 島 野 生 動 植 物 豐 富 使 該 島 本 身 自 成 一 塊 大 陸	madagascar is one of the biggest islands and is full of animals so it is a big island	madagascar is by far the biggest and a continent on its own when it comes to wildlife
馬 達 加 斯 加 是 其 中 最 大 的 一 座 島 野 生 動 植 物 豐 富 使 該 島 本 身 自 成 一 塊 大 陸	madagascar is one of the biggest islands and is full of animals so it is a big island	madagascar is by far the biggest and a continent on its own when it comes to wildlife
它 已 為 我 們 帶 來 火 車 、汽 車 及 其 他 運 輸 裝 置	he thought we brought cars and other transportation devices	it has brought us the train the car and many other transportation devices
它 已 為 我 們 帶 來 火 車 、汽 車 及 其 他 運 輸 裝 置	he thought we brought cars and other transportation devices	it has brought us the train the car and many other transportation devices
現 任 參 議 員 、阿 根 廷 第 一 夫 人 克 莉 絲 汀 娜 ‧費 南 德 茲 ‧德 基 希 納 昨 晚 在 距 離 布 宜 諾 斯 艾 利 斯 50 公 里 31 英 里 的 拉 普 拉 塔 市 宣 布 參 選 總 統	the spokesperson of the visit is the first woman to be held in the distance of the alex 50 km 31 miles of leipzig's presidential presidential election	current senator and argentine first lady cristina fernandez de kirchner announced her presidential candidacy yesterday evening in la plata a city 50 kilometers 31 miles away from buenos aires
現 任 參 議 員 、阿 根 廷 第 一 夫 人 克 莉 絲 汀 娜 ‧費 南 德 茲 ‧德 基 希 納 昨 晚 在 距 離 布 宜 諾 斯 艾 利 斯 50 公 里 31 英 里 的 拉 普 拉 塔 市 宣 布 參 選 總 統	the spokesperson of the visit is the first woman to be held in the distance of the alex 50 km 31 miles of leipzig's presidential presidential election	current senator and argentine first lady cristina fernandez de kirchner announced her presidential candidacy yesterday evening in la plata a city 50 kilometers 31 miles away from buenos aires
錄 影 的 運 用 已 為 解 讀 微 表 情 和 僅 維 持 幾 毫 秒 的 臉 部 動 作 帶 來 重 大 的 發 現	the video was used to interpret the image and to present its apparent presence in the scene	the use of video recording has led to important discoveries in the interpretation of micro-expressions facial movements which last a few milliseconds
錄 影 的 運 用 已 為 解 讀 微 表 情 和 僅 維 持 幾 毫 秒 的 臉 部 動 作 帶 來 重 大 的 發 現	the video was used to interpret the image and to present its apparent presence in the scene	the use of video recording has led to important discoveries in the interpretation of micro-expressions facial movements which last a few milliseconds
德 爾 波 特 羅 在 第 二 盤 前 期 佔 上 風 但 在 比 分 達 到 6-6 時 仍 需 要 搶 七 決 勝 負	toddler scored a point in the second half but the score was 6-6 and the match was still in the lead	del potro had the early advantage in the second set but this too required a tie break after reaching 6-6
二 戰 結 束 不 過 兩 年 原 本 的 盟 友 就 成 了 敵 人 冷 戰 開 始	the alliance was established in two years and started in the war against the enemy	with two years of the end of the war the former allies were now enemies and the cold war began
星 期 日 傍 晚 美 國 總 統 唐 納 ‧川 普 透 過 新 聞 秘 書 發 表 聲 明 宣 布 美 國 軍 隊 將 撤 離 敘 利 亞	on monday american president johnson chunpuk published a statement by the news agency announcing that the u.s. army will be in charge of the case	late on sunday the united states president donald trump in a statement delivered via the press secretary announced us troops would be leaving syria
星 期 日 傍 晚 美 國 總 統 唐 納 ‧川 普 透 過 新 聞 秘 書 發 表 聲 明 宣 布 美 國 軍 隊 將 撤 離 敘 利 亞	on monday american president johnson chunpuk published a statement by the news agency announcing that the u.s. army will be in charge of the case	late on sunday the united states president donald trump in a statement delivered via the press secretary announced us troops would be leaving syria
在 網 際 網 路 上 搜 尋 「敵 意 環 境 課 程 」大 概 就 能 找 到 本 地 公 司 的 地 址	the first-class land-based environment process on the internet was about to be done	a search of the internet for hostile environment course' will probably provide the address of a local company
在 網 際 網 路 上 搜 尋 「敵 意 環 境 課 程 」大 概 就 能 找 到 本 地 公 司 的 地 址	the first-class land-based environment process on the internet was about to be done	a search of the internet for hostile environment course' will probably provide the address of a local company
人 們 自 古 就 認 識 金 、銀 、銅 等 基 本 化 學 元 素 因 為 這 些 元 素 皆 以 原 貌 存 在 於 自 然 界 且 使 用 原 始 工 具 開 採 相 當 簡 單	the population estimated that the basic number of money-earned money added to the wealth of these elements was relatively simple	people have known about basic chemical elements such as gold silver and copper from antiquity as these can all be discovered in nature in native form and are relatively simple to mine with primitive tools
人 們 自 古 就 認 識 金 、銀 、銅 等 基 本 化 學 元 素 因 為 這 些 元 素 皆 以 原 貌 存 在 於 自 然 界 且 使 用 原 始 工 具 開 採 相 當 簡 單	the population estimated that the basic number of money-earned money added to the wealth of these elements was relatively simple	people have known about basic chemical elements such as gold silver and copper from antiquity as these can all be discovered in nature in native form and are relatively simple to mine with primitive tools
更 北 方 的 大 片 地 區 人 口 稀 少 有 些 幾 乎 是 杳 無 人 煙 的 荒 野	the northern part of the area is a little bit less populated with a few wild animals	large areas further north are quite sparsely populated and some is nearly uninhabited wilderness
更 北 方 的 大 片 地 區 人 口 稀 少 有 些 幾 乎 是 杳 無 人 煙 的 荒 野	the northern part of the area is a little bit less populated with a few wild animals	large areas further north are quite sparsely populated and some is nearly uninhabited wilderness
任 何 要 在 高 海 拔 地 區 駕 駛 或 者 要 在 山 上 道 路 開 車 的 人 都 應 該 要 考 慮 自 己 有 多 大 的 機 率 會 遇 到 降 雪 、結 冰 或 冰 點 以 下 的 溫 度	anyone who is going to go up the mountain or to the mountain should consider how much of a plan to meet the ice or ice level	anyone who's going to drive at high latitudes or over mountain passes should consider the possibility of snow ice or freezing temperatures
任 何 要 在 高 海 拔 地 區 駕 駛 或 者 要 在 山 上 道 路 開 車 的 人 都 應 該 要 考 慮 自 己 有 多 大 的 機 率 會 遇 到 降 雪 、結 冰 或 冰 點 以 下 的 溫 度	anyone who is going to go up the mountain or to the mountain should consider how much of a plan to meet the ice or ice level	anyone who's going to drive at high latitudes or over mountain passes should consider the possibility of snow ice or freezing temperatures
他 稱 這 些 謠 言 為 「政 治 的 碎 語 和 愚 昧 」	he named these words political words and words	he referred to the rumors as political chatter and silliness
他 稱 這 些 謠 言 為 「政 治 的 碎 語 和 愚 昧 」	he named these words political words and words	he referred to the rumors as political chatter and silliness
古 代 中 國 使 用 獨 特 的 方 式 來 表 示 不 同 的 時 期 ；中 國 的 各 個 階 段 或 掌 權 的 各 家 族 都 屬 於 截 然 不 同 的 王 朝	in ancient times china used unique ways to express different periods of time the countries of china or the countries of the crown were also different from the wild	ancient china had a unique way of showing different time periods each stage of china or each family that was in power was a distinctive dynasty
古 代 中 國 使 用 獨 特 的 方 式 來 表 示 不 同 的 時 期 ；中 國 的 各 個 階 段 或 掌 權 的 各 家 族 都 屬 於 截 然 不 同 的 王 朝	in ancient times china used unique ways to express different periods of time the countries of china or the countries of the crown were also different from the wild	ancient china had a unique way of showing different time periods each stage of china or each family that was in power was a distinctive dynasty
使 用 船 運 送 貨 物 是 目 前 為 止 跨 海 移 動 大 量 人 員 和 貨 物 的 最 有 效 率 方 式	the use of the ship to transport goods is currently in the best interest of carrying two ships and goods	using ships to transport goods is by far the most efficient way to move large amounts of people and goods across oceans
然 而 那 並 非 事 實 雖 然 文 件 背 面 有 一 些 手 寫 的 內 容 但 它 並 不 是 一 張 藏 寶 圖	the story is not true though the documents have some details but it's not a treasure	however that is not true although there is something written on the back of the document it is not a treasure map
然 而 那 並 非 事 實 雖 然 文 件 背 面 有 一 些 手 寫 的 內 容 但 它 並 不 是 一 張 藏 寶 圖	the story is not true though the documents have some details but it's not a treasure	however that is not true although there is something written on the back of the document it is not a treasure map
2002 年 戈 馬 遭 到 尼 拉 貢 戈 火 山 的 熔 岩 摧 毀 該 城 市 的 大 多 數 街 道 尤 其 是 市 中 心 均 被 掩 埋	in 2002 the goma was the place where the goma was built most of the streets were covered in stone	in 2002 goma was destroyed by lava from the nyiragongo volcano which buried most of the town's streets particularly the town centre
2002 年 戈 馬 遭 到 尼 拉 貢 戈 火 山 的 熔 岩 摧 毀 該 城 市 的 大 多 數 街 道 尤 其 是 市 中 心 均 被 掩 埋	in 2002 the goma was the place where the goma was built most of the streets were covered in stone	in 2002 goma was destroyed by lava from the nyiragongo volcano which buried most of the town's streets particularly the town centre
整 個 1960 年 代 布 里 辛 斯 基 擔 任 過 約 翰 ．甘 迺 迪 的 顧 問 及 林 登 ．詹 森 的 幕 僚	the entire 1960s bolivian was a source of great concern and concern for the revolution	throughout 1960s brzezinski worked for john f kennedy as his advisor and then the lyndon b johnson administration
義 大 利 語 也 是 該 國 大 部 分 工 作 人 口 平 常 使 用 的 語 言 拉 丁 語 則 多 半 在 宗 教 儀 式 中 使 用	italy is also a language that most of the workers use and is often used in religious ceremonies	italian is also the everyday language used by most of those who work in the state while latin is often used in religious ceremonies
義 大 利 語 也 是 該 國 大 部 分 工 作 人 口 平 常 使 用 的 語 言 拉 丁 語 則 多 半 在 宗 教 儀 式 中 使 用	italy is also a language that most of the workers use and is often used in religious ceremonies	italian is also the everyday language used by most of those who work in the state while latin is often used in religious ceremonies
丹 地 大 學 的 帕 梅 拉 ‧弗 格 森 教 授 指 出 ：「如 果 發 布 嫌 疑 人 的 照 片 等 資 料 記 者 確 實 顯 得 遊 走 在 險 路 上 」	pamela fighatsam said if you publish a photo of a suspect you will be sure the suspect is on the road	professor pamela ferguson of the university of dundee notes journalists do seem to be walking a dangerous line if publishing photos etc of suspects
丹 地 大 學 的 帕 梅 拉 ‧弗 格 森 教 授 指 出 ：「如 果 發 布 嫌 疑 人 的 照 片 等 資 料 記 者 確 實 顯 得 遊 走 在 險 路 上 」	pamela fighatsam said if you publish a photo of a suspect you will be sure the suspect is on the road	professor pamela ferguson of the university of dundee notes journalists do seem to be walking a dangerous line if publishing photos etc of suspects
他 稱 這 些 謠 言 為 「政 治 的 碎 語 和 愚 昧 」	he called these words political and unethical	he referred to the rumors as political chatter and silliness
他 稱 這 些 謠 言 為 「政 治 的 碎 語 和 愚 昧 」	he called these words political and unethical	he referred to the rumors as political chatter and silliness
如 同 所 有 南 非 國 家 公 園 這 座 公 園 設 有 日 常 保 育 及 入 場 費	as with all the southern african parks this park has a regular fee for maintenance	as with all south african national parks there are daily conservation and entry fees for the park
如 同 所 有 南 非 國 家 公 園 這 座 公 園 設 有 日 常 保 育 及 入 場 費	as with all the southern african parks this park has a regular fee for maintenance	as with all south african national parks there are daily conservation and entry fees for the park
不 過 就 這 方 面 來 說 申 根 區 的 運 作 方 式 就 像 一 個 國 家	however in this respect the transportation of the region is in a country	the schengen zone however works somewhat like one country in this respect
不 過 就 這 方 面 來 說 申 根 區 的 運 作 方 式 就 像 一 個 國 家	however in this respect the transportation of the region is in a country	the schengen zone however works somewhat like one country in this respect
摩 洛 哥 蘇 丹 重 建 了 這 座 城 市 取 名 「達 魯 i 巴 迪 亞 」而 「卡 薩 布 蘭 卡 」則 是 在 此 建 立 貿 易 基 地 的 西 班 牙 貿 易 商 為 它 取 的 名 稱	molokosodan was the name of the city's founder chrismanderlopade and casablanca was the name of the spanish-speaking ngay ngay ngay ngay ngay ngay ngay ngay ngay ngay ngay ngay ngay ngay ngay ngay ngay ngay ngay ngay ngay ngay ngay ngay ngay ngay ngay ngay ngay ngay ngay ngay ngay ngay ngay ngay ngay ngay ngay ngay ngay ngay ngay ngay ng	the moroccan sultan rebuilt the city as daru l-badya and it was given the name casablanca by spanish traders who established trading bases there
摩 洛 哥 蘇 丹 重 建 了 這 座 城 市 取 名 「達 魯 i 巴 迪 亞 」而 「卡 薩 布 蘭 卡 」則 是 在 此 建 立 貿 易 基 地 的 西 班 牙 貿 易 商 為 它 取 的 名 稱	molokosodan was the name of the city's founder chrismanderlopade and casablanca was the name of the spanish-speaking ngay ngay ngay ngay ngay ngay ngay ngay ngay ngay ngay ngay ngay ngay ngay ngay ngay ngay ngay ngay ngay ngay ngay ngay ngay ngay ngay ngay ngay ngay ngay ngay ngay ngay ngay ngay ngay ngay ngay ngay ngay ngay ngay ngay ng	the moroccan sultan rebuilt the city as daru l-badya and it was given the name casablanca by spanish traders who established trading bases there
該 醫 院 已 遵 行 感 染 控 制 的 規 定 包 括 隔 離 患 者 以 避 免 可 能 感 染 其 他 人	the hospital is willing to take the test to check the regulations including the patient next to him to avoid the test	the hospital has followed protocol for infection control including separating the patient from others to prevent possible infection of others
該 醫 院 已 遵 行 感 染 控 制 的 規 定 包 括 隔 離 患 者 以 避 免 可 能 感 染 其 他 人	the hospital is willing to take the test to check the regulations including the patient next to him to avoid the test	the hospital has followed protocol for infection control including separating the patient from others to prevent possible infection of others
後 來 他 被 轉 往 劍 橋 的 阿 登 布 魯 克 醫 院 addenbrooke's hospital	he was later transferred to the adambrook health hospital in adambrook	he was subsequently relocated to addenbrooke's hospital in cambridge
後 來 他 被 轉 往 劍 橋 的 阿 登 布 魯 克 醫 院 addenbrooke's hospital	he was later transferred to the adambrook health hospital in adambrook	he was subsequently relocated to addenbrooke's hospital in cambridge
根 據 水 下 拓 樸 回 流 的 海 浪 會 集 中 於 少 數 較 深 的 區 域 並 可 能 在 此 產 生 流 向 深 水 區 的 快 速 水 流	according to the water source the flow rate will be a little lower and the flow rate will be faster in the plant flow to the deep water zone	due to the underwater topology the return flow is concentrated at a few deeper sections and a fast current to deep water may form there
根 據 水 下 拓 樸 回 流 的 海 浪 會 集 中 於 少 數 較 深 的 區 域 並 可 能 在 此 產 生 流 向 深 水 區 的 快 速 水 流	according to the water source the flow rate will be a little lower and the flow rate will be faster in the plant flow to the deep water zone	due to the underwater topology the return flow is concentrated at a few deeper sections and a fast current to deep water may form there
由 新 加 坡 副 總 理 黃 根 成 迎 接 並 與 新 加 坡 總 理 李 顯 龍 商 談 貿 易 和 恐 怖 主 義 等 議 題	presentation of the san japan prime minister ryan jen jie also referred to the san japan prime minister li hian lung san tham rik and kong pao	he was greeted by singapore's deputy prime minister wong kan seng and discussed trade and terrorism issues with the singapore prime minister lee hsien loong
由 新 加 坡 副 總 理 黃 根 成 迎 接 並 與 新 加 坡 總 理 李 顯 龍 商 談 貿 易 和 恐 怖 主 義 等 議 題	presentation of the san japan prime minister ryan jen jie also referred to the san japan prime minister li hian lung san tham rik and kong pao	he was greeted by singapore's deputy prime minister wong kan seng and discussed trade and terrorism issues with the singapore prime minister lee hsien loong
交 通 流 量 就 是 研 究 兩 地 之 間 的 個 別 駕 駛 和 交 通 工 具 的 移 動 情 況 以 及 用 路 人 之 間 的 互 動 關 係	the traffic flow is the transportation between the two places and the interaction between the travelers	traffic flow is the study of the movement of individual drivers and vehicles between two points and the interactions they make with one another
交 通 流 量 就 是 研 究 兩 地 之 間 的 個 別 駕 駛 和 交 通 工 具 的 移 動 情 況 以 及 用 路 人 之 間 的 互 動 關 係	the traffic flow is the transportation between the two places and the interaction between the travelers	traffic flow is the study of the movement of individual drivers and vehicles between two points and the interactions they make with one another
在 歐 洲 歷 史 的 這 段 時 期 已 變 得 富 有 且 強 大 的 天 主 教 教 會 受 到 了 嚴 格 的 審 視	the period in the history of europe became a major religious event that was a serious concern	during this period of european history the catholic church which had become rich and powerful came under scrutiny
在 歐 洲 歷 史 的 這 段 時 期 已 變 得 富 有 且 強 大 的 天 主 教 教 會 受 到 了 嚴 格 的 審 視	the period in the history of europe became a major religious event that was a serious concern	during this period of european history the catholic church which had become rich and powerful came under scrutiny
最 後 許 多 小 型 貓 偶 有 家 貓 也 會 捕 食 為 數 眾 多 的 小 型 獵 物 包 括 昆 蟲 、齧 齒 類 動 物 、蜥 蜴 和 鳥 類	in the end many cats and pets will also be reported to be a large number of small animals including insects, rich animals, birds	finally there are many small cats including loose pet cats that eat the far more numerous small prey like insects rodents lizards and birds
最 後 許 多 小 型 貓 偶 有 家 貓 也 會 捕 食 為 數 眾 多 的 小 型 獵 物 包 括 昆 蟲 、齧 齒 類 動 物 、蜥 蜴 和 鳥 類	in the end many cats and pets will also be reported to be a large number of small animals including insects, rich animals, birds	finally there are many small cats including loose pet cats that eat the far more numerous small prey like insects rodents lizards and birds
梵 蒂 岡 的 人 口 為 八 百 人 左 右 是 全 世 界 最 小 的 獨 立 國 家 也 是 人 口 最 少 的 國 家	the population of france is about 800 and is the smallest country in the world and is the smallest country in the world	vatican city's population is around 800 it is the smallest independent country in the world and the country with the lowest population
梵 蒂 岡 的 人 口 為 八 百 人 左 右 是 全 世 界 最 小 的 獨 立 國 家 也 是 人 口 最 少 的 國 家	the population of france is about 800 and is the smallest country in the world and is the smallest country in the world	vatican city's population is around 800 it is the smallest independent country in the world and the country with the lowest population
其 他 提 名 包 括 最 佳 影 片 、最 佳 導 演 、最 佳 攝 影 、最 佳 服 裝 設 計 、最 佳 剪 輯 、最 佳 原 創 音 樂 、最 佳 製 作 設 計 、最 佳 音 效 剪 輯 、最 佳 混 音 及 最 佳 原 著 劇 本 獎	other suggestions include the best video the best director the best photography the best clothing design the best editing the best original music the best production design the best audio editing the best audio and the best original script	the other nominations include best picture director cinematography costume design film-editing original score production design sound editing sound mixing and original screenplay
其 他 提 名 包 括 最 佳 影 片 、最 佳 導 演 、最 佳 攝 影 、最 佳 服 裝 設 計 、最 佳 剪 輯 、最 佳 原 創 音 樂 、最 佳 製 作 設 計 、最 佳 音 效 剪 輯 、最 佳 混 音 及 最 佳 原 著 劇 本 獎	other suggestions include the best video the best director the best photography the best clothing design the best editing the best original music the best production design the best audio editing the best audio and the best original script	the other nominations include best picture director cinematography costume design film-editing original score production design sound editing sound mixing and original screenplay
除 了 周 三 的 比 賽 卡 潘 內 多 carpanedo 也 參 加 了 錦 標 賽 中 的 兩 場 個 別 賽 事	besides the new championship capone d'ocpérez there are also two separate races in the championship	beyond wednesday's event carpanedo competed in two individual races at the championships
除 了 周 三 的 比 賽 卡 潘 內 多 carpanedo 也 參 加 了 錦 標 賽 中 的 兩 場 個 別 賽 事	besides the new championship capone d'ocpérez there are also two separate races in the championship	beyond wednesday's event carpanedo competed in two individual races at the championships
但 是 在 失 去 隊 長 的 三 柱 門 後 印 度 只 獲 得 36 分 和 失 去 7 個 三 柱 門 球 局 便 結 束 了	but after the three-punches of the captain the indians scored 36 points and the seven-punches of the captain's serve the ball to end the season	but after losing the captain's wicket india only made 36 runs loosing 7 wickets to end the innings
但 是 在 失 去 隊 長 的 三 柱 門 後 印 度 只 獲 得 36 分 和 失 去 7 個 三 柱 門 球 局 便 結 束 了	but after the three-punches of the captain the indians scored 36 points and the seven-punches of the captain's serve the ball to end the season	but after losing the captain's wicket india only made 36 runs loosing 7 wickets to end the innings
他 稱 這 些 謠 言 為 「政 治 的 碎 語 和 愚 昧 」	he called these words political speech and friendship	he referred to the rumors as political chatter and silliness
他 稱 這 些 謠 言 為 「政 治 的 碎 語 和 愚 昧 」	he called these words political speech and friendship	he referred to the rumors as political chatter and silliness
仍 有 許 多 當 時 在 此 的 男 女 存 活 了 下 來 還 有 更 多 人 的 摯 愛 在 此 被 殺 害 或 勞 動 至 死 不 管 是 不 是 猶 太	there were many men and women who were killed or killed in the battle of the sea in addition to the death of many people	there are still many men and women alive who survived their time here and many more who had loved ones who were murdered or worked to death there jews and non-jews alike
仍 有 許 多 當 時 在 此 的 男 女 存 活 了 下 來 還 有 更 多 人 的 摯 愛 在 此 被 殺 害 或 勞 動 至 死 不 管 是 不 是 猶 太	there were many men and women who were killed or killed in the battle of the sea in addition to the death of many people	there are still many men and women alive who survived their time here and many more who had loved ones who were murdered or worked to death there jews and non-jews alike
1920 年 代 多 數 公 民 與 國 家 的 普 遍 態 度 是 和 平 主 義 與 孤 立 主 義	in the 1920s most civil and national changes were in the interest of peace and solitude	during the 1920s the prevailing attitudes of most citizens and nations was that of pacifism and isolation
請 記 得 就 算 主 舞 台 的 音 樂 演 出 結 束 了 音 樂 祭 其 它 地 方 的 表 演 仍 有 可 能 持 續 到 深 夜	please remember that even the main stage's music is still out of the way the performance in other places may continue	remember that even though music on the main stages may have finished there may be sections of the festival that will keep playing music until late into the night
請 記 得 就 算 主 舞 台 的 音 樂 演 出 結 束 了 音 樂 祭 其 它 地 方 的 表 演 仍 有 可 能 持 續 到 深 夜	please remember that even the main stage's music is still out of the way the performance in other places may continue	remember that even though music on the main stages may have finished there may be sections of the festival that will keep playing music until late into the night
女 性 ：建 議 所 有 女 性 遊 客 不 論 實 際 的 婚 姻 狀 況 為 何 都 自 稱 已 婚	all women in the world are willing to get married even though their marriage is not a real one	women it is recommended that any women travellers say that they are married regardless of actual marital status
女 性 ：建 議 所 有 女 性 遊 客 不 論 實 際 的 婚 姻 狀 況 為 何 都 自 稱 已 婚	all women in the world are willing to get married even though their marriage is not a real one	women it is recommended that any women travellers say that they are married regardless of actual marital status
「這 並 非 結 束 而 只 是 一 章 的 結 尾 和 新 一 章 的 開 始 」	this was not the end but just the beginning of a series of endings and a new series	this is not going to be goodbye this is the closing of one chapter and the opening of a new one
「這 並 非 結 束 而 只 是 一 章 的 結 尾 和 新 一 章 的 開 始 」	this was not the end but just the beginning of a series of endings and a new series	this is not going to be goodbye this is the closing of one chapter and the opening of a new one
他 的 作 品 擁 有 如 此 高 辨 識 度 的 品 質 和 細 節 這 使 他 成 為 集 郵 家 之 間 極 少 數 「家 喻 戶 曉 」的 人 物 之 一 有 些 集 郵 家 甚 至 只 蒐 集 他 的 作 品	its works are made of such high quality and details that it is a very rare and popular character among zyper's even some zyper's even just his works	his work is of such recognized quality and detail that he is one of the very few household names among philatelists some specialize in collecting his work alone
他 的 作 品 擁 有 如 此 高 辨 識 度 的 品 質 和 細 節 這 使 他 成 為 集 郵 家 之 間 極 少 數 「家 喻 戶 曉 」的 人 物 之 一 有 些 集 郵 家 甚 至 只 蒐 集 他 的 作 品	its works are made of such high quality and details that it is a very rare and popular character among zyper's even some zyper's even just his works	his work is of such recognized quality and detail that he is one of the very few household names among philatelists some specialize in collecting his work alone
此 群 島 位 於 半 島 以 北 120 公 里 處 最 大 的 島 為 喬 治 王 島 該 島 是 人 類 定 居 點 拉 斯 ·埃 斯 特 雷 亞 斯 鎮 的 所 在 地	the island is the biggest island in the world to be named the island of the richard which is the largest island in the world to be named the island of the richard	the archipelago lies 120 km north of the peninsula the largest is king george island with the settlement of villa las estrellas
此 群 島 位 於 半 島 以 北 120 公 里 處 最 大 的 島 為 喬 治 王 島 該 島 是 人 類 定 居 點 拉 斯 ·埃 斯 特 雷 亞 斯 鎮 的 所 在 地	the island is the biggest island in the world to be named the island of the richard which is the largest island in the world to be named the island of the richard	the archipelago lies 120 km north of the peninsula the largest is king george island with the settlement of villa las estrellas
核 分 裂 炸 彈 的 運 作 原 理 是 基 於 將 眾 多 質 子 和 中 子 融 合 成 一 個 原 子 核 需 要 大 量 能 量	the core-districted operation is a core that requires a lot of material and material to form a core that needs a lot of energy	the fission bomb works on the principle that it takes energy to put together a nucleus with many protons and neutrons
核 分 裂 炸 彈 的 運 作 原 理 是 基 於 將 眾 多 質 子 和 中 子 融 合 成 一 個 原 子 核 需 要 大 量 能 量	the core-districted operation is a core that requires a lot of material and material to form a core that needs a lot of energy	the fission bomb works on the principle that it takes energy to put together a nucleus with many protons and neutrons
該 城 市 也 是 攀 登 尼 拉 貢 戈 火 山 的 基 地 可 進 行 非 洲 一 些 最 便 宜 的 山 地 大 猩 猩 追 蹤 活 動	the city is also a place where you can hang out with a lot of people to hang out in africa some of the cheapest places to hang out with a lot of people to hang out in africa some of the best places to hang out in africa some of the best places to hang out in africa some of the best places to hang out in africa some of the best places to hang out in africa some of the best places to hang out in africa some of the best places to hang out in africa some of the best places to hang out in africa some of the best places to	the city is also the base to climb the nyiragongo volcano along with some of the cheapest mountain gorilla tracking in africa
該 城 市 也 是 攀 登 尼 拉 貢 戈 火 山 的 基 地 可 進 行 非 洲 一 些 最 便 宜 的 山 地 大 猩 猩 追 蹤 活 動	the city is also a place where you can hang out with a lot of people to hang out in africa some of the cheapest places to hang out with a lot of people to hang out in africa some of the best places to hang out in africa some of the best places to hang out in africa some of the best places to hang out in africa some of the best places to hang out in africa some of the best places to hang out in africa some of the best places to hang out in africa some of the best places to hang out in africa some of the best places to	the city is also the base to climb the nyiragongo volcano along with some of the cheapest mountain gorilla tracking in africa
一 千 多 年 來 教 會 的 權 力 核 心 都 位 於 羅 馬 這 種 權 力 與 金 錢 的 集 中 令 許 多 人 質 疑 教 會 是 否 確 實 遵 循 這 項 信 條	the power of the union for more than a thousand years has been the focus of the union's power and money and many people are proud to try to follow this path	the central authority of the church had been in rome for over a thousand years and this concentration of power and money led many to question whether this tenet was being met
一 千 多 年 來 教 會 的 權 力 核 心 都 位 於 羅 馬 這 種 權 力 與 金 錢 的 集 中 令 許 多 人 質 疑 教 會 是 否 確 實 遵 循 這 項 信 條	the power of the union for more than a thousand years has been the focus of the union's power and money and many people are proud to try to follow this path	the central authority of the church had been in rome for over a thousand years and this concentration of power and money led many to question whether this tenet was being met
儘 管 有 一 種 實 驗 性 的 疫 苗 顯 示 能 降 低 伊 波 拉 病 毒 的 致 死 率 但 到 目 前 為 止 沒 有 藥 物 明 確 證 實 適 合 治 療 已 受 感 染 的 人	anyone with a test-risk is likely to be infected by the virus but there are still people with a clear and correct sense of the virus	while one experimental vaccine appears able to reduce ebola mortality up until now no drugs have been clearly demonstrated suitable for treating existing infection
儘 管 有 一 種 實 驗 性 的 疫 苗 顯 示 能 降 低 伊 波 拉 病 毒 的 致 死 率 但 到 目 前 為 止 沒 有 藥 物 明 確 證 實 適 合 治 療 已 受 感 染 的 人	anyone with a test-risk is likely to be infected by the virus but there are still people with a clear and correct sense of the virus	while one experimental vaccine appears able to reduce ebola mortality up until now no drugs have been clearly demonstrated suitable for treating existing infection
「臭 蟲 」一 詞 是 昆 蟲 學 家 對 這 類 昆 蟲 的 正 式 稱 呼	sir each time is a formal name for a group of scientists	the term bug is used by entomologists in a formal sense for this group of insects
「臭 蟲 」一 詞 是 昆 蟲 學 家 對 這 類 昆 蟲 的 正 式 稱 呼	sir each time is a formal name for a group of scientists	the term bug is used by entomologists in a formal sense for this group of insects
在 獨 立 戰 爭 期 間 這 十 三 個 州 首 先 根 據 《邦 聯 條 例 》成 立 了 脆 弱 的 中 央 政 府 而 國 會 是 它 唯 一 的 機 構	during the independence war the thirteen states first helped to establish a moderate government and it was its only base	during the revolutionary war the thirteen states first formed a weak central government-with the congress being its only component-under the articles of confederation
在 獨 立 戰 爭 期 間 這 十 三 個 州 首 先 根 據 《邦 聯 條 例 》成 立 了 脆 弱 的 中 央 政 府 而 國 會 是 它 唯 一 的 機 構	during the independence war the thirteen states first helped to establish a moderate government and it was its only base	during the revolutionary war the thirteen states first formed a weak central government-with the congress being its only component-under the articles of confederation
如 果 基 地 台 擁 有 雙 射 頻 這 將 使 其 向 下 兼 容 於 802.11a、802.11b 和 802.11g	if the platform has a dual-sector screen it will be able to use 802.1a 802.1b and 802.1g	this will allow it to be backwards compatible with 802.11a 802.11b and 802.11g provided that the base station has dual radios
考 量 所 有 因 素 後 如 果 我 們 的 祖 先 解 決 「蛋 白 質 問 題 」的 方 式 與 現 今 莽 原 上 的 黑 猩 猩 類 似 我 們 也 無 須 感 到 驚 訝	if we had solved all the problems in the early days of our lives and the black stars in the net we would have been so surprised	all things considered we should not be surprised if our own ancestors solved their protein problem in somewhat the same way that chimps on the savanna do today
考 量 所 有 因 素 後 如 果 我 們 的 祖 先 解 決 「蛋 白 質 問 題 」的 方 式 與 現 今 莽 原 上 的 黑 猩 猩 類 似 我 們 也 無 須 感 到 驚 訝	if we had solved all the problems in the early days of our lives and the black stars in the net we would have been so surprised	all things considered we should not be surprised if our own ancestors solved their protein problem in somewhat the same way that chimps on the savanna do today
除 了 自 己 查 詢 你 可 能 也 會 想 諮 詢 政 府 的 意 見 不 過 他 們 的 建 議 是 為 其 公 民 而 設 計 的	with your own investigation you may have some suggestions for the government but their suggestion is to design for civil rights reasons	you may also wish to consult the advice of governments other than your own but their advice is designed for their citizens
除 了 自 己 查 詢 你 可 能 也 會 想 諮 詢 政 府 的 意 見 不 過 他 們 的 建 議 是 為 其 公 民 而 設 計 的	with your own investigation you may have some suggestions for the government but their suggestion is to design for civil rights reasons	you may also wish to consult the advice of governments other than your own but their advice is designed for their citizens
強 風 、冰 雹 、暴 雨 或 暴 雪 、和 野 火 是 劇 烈 天 氣 的 表 現 形 式 與 結 果 雷 暴 雨 、龍 捲 風 、海 龍 捲 和 氣 旋 也 是	clarus bimboa is a term for the weather and the weather of the night sky and the result is similar to the term for the river and the boat	high winds hail excessive precipitation and wildfires are forms and effects of severe weather as are thunderstorms tornadoes waterspouts and cyclones
強 風 、冰 雹 、暴 雨 或 暴 雪 、和 野 火 是 劇 烈 天 氣 的 表 現 形 式 與 結 果 雷 暴 雨 、龍 捲 風 、海 龍 捲 和 氣 旋 也 是	clarus bimboa is a term for the weather and the weather of the night sky and the result is similar to the term for the river and the boat	high winds hail excessive precipitation and wildfires are forms and effects of severe weather as are thunderstorms tornadoes waterspouts and cyclones
有 人 說 形 成 香 港 天 際 線 的 一 整 排 建 築 物 在 維 多 利 亞 港 海 水 的 襯 托 下 就 像 光 輝 閃 亮 的 長 條 圖	there is a saying that a whole building built in the hong kong skyline under the gulley sea of ​​virtual lia is a long map of the light and the light	the parade of buildings that make the hong kong skyline has been likened to a glittering bar chart that is made apparent by the presence of the waters of victoria harbour
有 人 說 形 成 香 港 天 際 線 的 一 整 排 建 築 物 在 維 多 利 亞 港 海 水 的 襯 托 下 就 像 光 輝 閃 亮 的 長 條 圖	there is a saying that a whole building built in the hong kong skyline under the gulley sea of ​​virtual lia is a long map of the light and the light	the parade of buildings that make the hong kong skyline has been likened to a glittering bar chart that is made apparent by the presence of the waters of victoria harbour
規 模 較 大 的 公 司 在 部 分 航 線 上 有 自 己 的 飛 機 但 是 其 他 航 線 或 規 模 較 小 的 公 司 就 會 比 較 麻 煩	some airlines have their own aircraft but other airlines or smaller airlines are more troublesome	on some routes the larger companies have their own planes but for other routes and smaller firms there was a problem
規 模 較 大 的 公 司 在 部 分 航 線 上 有 自 己 的 飛 機 但 是 其 他 航 線 或 規 模 較 小 的 公 司 就 會 比 較 麻 煩	some airlines have their own aircraft but other airlines or smaller airlines are more troublesome	on some routes the larger companies have their own planes but for other routes and smaller firms there was a problem
有 些 原 子 的 核 心 不 穩 定 這 表 示 它 們 在 沒 有 或 很 小 推 力 的 情 形 下 也 容 易 分 裂	some of the students were not stable and said that they were easily separated from the lack of or little push	some atoms have unstable nuclei which means that they tend to break apart with little or no nudging
有 些 原 子 的 核 心 不 穩 定 這 表 示 它 們 在 沒 有 或 很 小 推 力 的 情 形 下 也 容 易 分 裂	some of the students were not stable and said that they were easily separated from the lack of or little push	some atoms have unstable nuclei which means that they tend to break apart with little or no nudging
另 一 方 面 在 很 多 國 家 冰 雪 氣 候 都 十 分 常 見 而 且 交 通 幾 乎 全 年 無 阻	otherly many countries have very common ice and snow climate and are almost all missing	on the other hand icy and snowy conditions are normal in many countries and traffic goes on mostly uninterrupted all year round
另 一 方 面 在 很 多 國 家 冰 雪 氣 候 都 十 分 常 見 而 且 交 通 幾 乎 全 年 無 阻	otherly many countries have very common ice and snow climate and are almost all missing	on the other hand icy and snowy conditions are normal in many countries and traffic goes on mostly uninterrupted all year round
「臭 蟲 」一 詞 是 昆 蟲 學 家 對 這 類 昆 蟲 的 正 式 稱 呼	since then kundong has been a formal government for these kinds of kundong	the term bug is used by entomologists in a formal sense for this group of insects
「臭 蟲 」一 詞 是 昆 蟲 學 家 對 這 類 昆 蟲 的 正 式 稱 呼	since then kundong has been a formal government for these kinds of kundong	the term bug is used by entomologists in a formal sense for this group of insects
出 席 人 數 眾 多 因 此 不 是 每 個 人 都 能 進 入 聖 伯 多 祿 廣 場 參 加 葬 禮	many people are out of town so not everyone can get into the bordeaux square to take part	the number of people present was so large that it was not possible for everybody to gain access to the funeral in st peter's square
出 席 人 數 眾 多 因 此 不 是 每 個 人 都 能 進 入 聖 伯 多 祿 廣 場 參 加 葬 禮	many people are out of town so not everyone can get into the bordeaux square to take part	the number of people present was so large that it was not possible for everybody to gain access to the funeral in st peter's square
巴 塞 隆 納 的 官 方 語 言 是 加 泰 隆 尼 亞 語 和 西 班 牙 語 約 有 一 半 的 人 口 比 較 喜 歡 講 加 泰 隆 尼 亞 語 絕 大 多 數 的 人 都 聽 得 懂 而 幾 乎 所 有 人 都 懂 西 班 牙 語	the official language of bachaluna is catalanian and spanish if you have a half-another language more than that of catalanian most people can understand and almost everyone can	barcelona's official languages are catalan and spanish about a half prefer to speak catalan a vast majority understands it and virtually everyone knows spanish
巴 塞 隆 納 的 官 方 語 言 是 加 泰 隆 尼 亞 語 和 西 班 牙 語 約 有 一 半 的 人 口 比 較 喜 歡 講 加 泰 隆 尼 亞 語 絕 大 多 數 的 人 都 聽 得 懂 而 幾 乎 所 有 人 都 懂 西 班 牙 語	the official language of bachaluna is catalanian and spanish if you have a half-another language more than that of catalanian most people can understand and almost everyone can	barcelona's official languages are catalan and spanish about a half prefer to speak catalan a vast majority understands it and virtually everyone knows spanish
聖 彼 得 堡 郵 輪 行 程 包 括 城 內 觀 光 船 上 乘 客 無 須 持 有 簽 證 檢 查 相 關 規 定	the saint was able to walk including inside the coffin the saint had no need to sign to check for any regulations	saint petersburg cruises include time in town. cruise passengers are exempted from visa requirements check the terms
聖 彼 得 堡 郵 輪 行 程 包 括 城 內 觀 光 船 上 乘 客 無 須 持 有 簽 證 檢 查 相 關 規 定	the saint was able to walk including inside the coffin the saint had no need to sign to check for any regulations	saint petersburg cruises include time in town. cruise passengers are exempted from visa requirements check the terms
亞 里 斯 多 德 的 所 有 科 學 問 題 觀 點 包 含 心 理 學 在 內 皆 被 接 受	all the scientific issues in alicester include psychological problems that are accepted by the inside world	accepted were aristotle's views on all matters of science including psychology
亞 里 斯 多 德 的 所 有 科 學 問 題 觀 點 包 含 心 理 學 在 內 皆 被 接 受	all the scientific issues in alicester include psychological problems that are accepted by the inside world	accepted were aristotle's views on all matters of science including psychology
「文 明 」這 個 詞 來 自 拉 丁 文 的 「civilis」意 思 是 「公 民 的 」它 與 拉 丁 文 中 的 「civis」和 「civitas」有 關 意 思 分 別 是 「公 民 」和 「城 市 或 城 邦 」這 在 某 方 面 來 說 也 定 義 了 社 會 的 規 模	the name is called the sophus of the latin which means civilized it is related to the sophus and svitas in latin which means civilized and city or city of the society which is a certain term in some aspects	the word civilization comes from the latin civilis meaning civil related to the latin civis meaning citizen and civitas meaning city or city-state and that also somehow defines the size of the society
「文 明 」這 個 詞 來 自 拉 丁 文 的 「civilis」意 思 是 「公 民 的 」它 與 拉 丁 文 中 的 「civis」和 「civitas」有 關 意 思 分 別 是 「公 民 」和 「城 市 或 城 邦 」這 在 某 方 面 來 說 也 定 義 了 社 會 的 規 模	the name is called the sophus of the latin which means civilized it is related to the sophus and svitas in latin which means civilized and city or city of the society which is a certain term in some aspects	the word civilization comes from the latin civilis meaning civil related to the latin civis meaning citizen and civitas meaning city or city-state and that also somehow defines the size of the society
川 普 與 土 耳 其 總 統 艾 爾 多 安 通 過 電 話 後 便 發 表 這 則 聲 明	chample and tokyo said that the idon had made his statement after calling	the announcement was made after trump had a phone conversation with turkish president recep tayyip erdoğan
川 普 與 土 耳 其 總 統 艾 爾 多 安 通 過 電 話 後 便 發 表 這 則 聲 明	chample and tokyo said that the idon had made his statement after calling	the announcement was made after trump had a phone conversation with turkish president recep tayyip erdoğan
史 密 斯 飛 船 已 經 取 消 他 們 巡 迴 演 唱 會 的 剩 餘 場 次	the sims have already cancelled their regular concerts	aerosmith have cancelled their remaining concerts on their tour
史 密 斯 飛 船 已 經 取 消 他 們 巡 迴 演 唱 會 的 剩 餘 場 次	the sims have already cancelled their regular concerts	aerosmith have cancelled their remaining concerts on their tour
自 從 1537 年 亞 松 森 建 城 以 來 巴 拉 圭 就 設 法 保 持 當 地 的 諸 多 特 色 與 風 貌	since 1537 the palaque has been the most distinctive and unique style and style of the local local	since the foundation of asunción in 1537 paraguay has managed to keep a lot of its indigenous character and identity
自 從 1537 年 亞 松 森 建 城 以 來 巴 拉 圭 就 設 法 保 持 當 地 的 諸 多 特 色 與 風 貌	since 1537 the palaque has been the most distinctive and unique style and style of the local local	since the foundation of asunción in 1537 paraguay has managed to keep a lot of its indigenous character and identity
注 意 不 要 讓 織 物 的 溫 度 太 高 可 能 導 致 縮 水 極 端 情 況 下 也 可 能 燒 焦	be careful not to let the temperature of the plants rise too high it may cause water and may burn in extreme conditions	be careful not to allow fabric to become too hot which can cause shrinkage or in extreme cases scorch
注 意 不 要 讓 織 物 的 溫 度 太 高 可 能 導 致 縮 水 極 端 情 況 下 也 可 能 燒 焦	be careful not to let the temperature of the plants rise too high it may cause water and may burn in extreme conditions	be careful not to allow fabric to become too hot which can cause shrinkage or in extreme cases scorch
當 然 有 基 督 教 神 學 對 此 傳 統 的 解 釋 但 這 很 可 能 是 基 督 教 出 現 前 就 存 在 的 春 天 及 豐 收 儀 式	of course there are traditional greek religions that are known to be traditional but this may be a tradition of the spring and summer customs that were introduced before the greek religion	there are of course christian theological explanations for this tradition but it may well be a pre-christian spring and fertility ritual
當 然 有 基 督 教 神 學 對 此 傳 統 的 解 釋 但 這 很 可 能 是 基 督 教 出 現 前 就 存 在 的 春 天 及 豐 收 儀 式	of course there are traditional greek religions that are known to be traditional but this may be a tradition of the spring and summer customs that were introduced before the greek religion	there are of course christian theological explanations for this tradition but it may well be a pre-christian spring and fertility ritual
這 將 讓 玩 家 透 過 在 空 中 揮 動 裝 置 以 控 制 電 子 遊 戲 中 的 動 作 和 移 動	the player is able to control the game's movement and movement through the air-venture	this will allow players to control actions and movements in video games by moving the device through the air
橋 下 的 垂 直 間 距 為 15 公 尺 工 程 於 2011 年 8 月 完 工 但 直 至 2017 年 3 月 才 通 車	the river qa is 15 km away from the bay and is built in august 2011 but until March 2017	the vertical clearance under the bridge is 15 meters construction was completed in august 2011 it didn't open to traffic until march 2017
橋 下 的 垂 直 間 距 為 15 公 尺 工 程 於 2011 年 8 月 完 工 但 直 至 2017 年 3 月 才 通 車	the river qa is 15 km away from the bay and is built in august 2011 but until March 2017	the vertical clearance under the bridge is 15 meters construction was completed in august 2011 it didn't open to traffic until march 2017
吉 薩 大 金 字 塔 是 現 今 唯 一 仍 矗 立 的 世 界 七 大 奇 蹟	besa brought this time to a world of seven great events that were the only ones to be held	the great pyramid at giza is the only one of the seven wonders that is still standing today
吉 薩 大 金 字 塔 是 現 今 唯 一 仍 矗 立 的 世 界 七 大 奇 蹟	besa brought this time to a world of seven great events that were the only ones to be held	the great pyramid at giza is the only one of the seven wonders that is still standing today
老 虎 的 吼 嘯 不 像 獅 子 全 然 是 嗓 音 的 吼 嘯 而 比 較 像 是 一 句 混 亂 、喊 叫 的 話 語	the laugh of the old man was not just a warm and cold word	the tiger's roar is not like the full-voiced roar of a lion but more like a sentence of snarly shouted words
老 虎 的 吼 嘯 不 像 獅 子 全 然 是 嗓 音 的 吼 嘯 而 比 較 像 是 一 句 混 亂 、喊 叫 的 話 語	the laugh of the old man was not just a warm and cold word	the tiger's roar is not like the full-voiced roar of a lion but more like a sentence of snarly shouted words
許 多 德 國 的 烘 焙 食 品 中 常 含 有 杏 仁 、榛 果 和 其 他 木 本 堅 果 而 熱 門 的 蛋 糕 品 項 通 常 特 別 適 合 搭 配 一 杯 濃 厚 的 咖 啡	many german food-materials often have coffee with a special combination of china and other local goods	many german baked goods also feature almonds hazelnuts and other tree nuts popular cakes often pair particularly well with a cup of strong coffee
腦 部 病 理 學 與 行 為 之 間 的 關 聯 支 持 科 學 家 進 行 研 究	noble patient learning and acting as a means of support for the study of the science	the correlation between brain pathology and behaviour supports scientists in their research
腦 部 病 理 學 與 行 為 之 間 的 關 聯 支 持 科 學 家 進 行 研 究	noble patient learning and acting as a means of support for the study of the science	the correlation between brain pathology and behaviour supports scientists in their research
該 發 現 也 為 鳥 類 羽 毛 的 進 化 提 供 深 入 的 見 解	the discovery also provides a sense of the evolution of the species' feathers	the find also grants insight into the evolution of feathers in birds
該 發 現 也 為 鳥 類 羽 毛 的 進 化 提 供 深 入 的 見 解	the discovery also provides a sense of the evolution of the species' feathers	the find also grants insight into the evolution of feathers in birds
這 似 乎 很 合 理 因 為 地 球 感 覺 起 來 並 沒 有 在 移 動 不 是 嗎 ？	it seems to be suitable for you to move because of the feeling of the earth	this seems sensible because the earth doesn't feel as if it's moving does it
這 似 乎 很 合 理 因 為 地 球 感 覺 起 來 並 沒 有 在 移 動 不 是 嗎 ？	it seems to be suitable for you to move because of the feeling of the earth	this seems sensible because the earth doesn't feel as if it's moving does it
這 將 讓 玩 家 透 過 在 空 中 揮 動 裝 置 以 控 制 電 子 遊 戲 中 的 動 作 和 移 動	the player will move and move the computer in the air through the air	this will allow players to control actions and movements in video games by moving the device through the air
地 鐵 中 的 固 定 廣 播 只 有 加 泰 羅 尼 亞 語 但 自 動 化 系 統 也 會 以 西 班 牙 語 、英 語 、法 語 、阿 拉 伯 語 、日 語 等 多 國 語 言 進 行 意 料 之 外 的 插 播	the local ad only has catalan-speaking languages but the automatic language system also has foreign languages such as spanish english french alabacabra and other languages	regular announcements in the metro are made only in catalan but unplanned disruptions are announced by an automated system in a wide variety of languages including spanish english french arabic and japanese
地 鐵 中 的 固 定 廣 播 只 有 加 泰 羅 尼 亞 語 但 自 動 化 系 統 也 會 以 西 班 牙 語 、英 語 、法 語 、阿 拉 伯 語 、日 語 等 多 國 語 言 進 行 意 料 之 外 的 插 播	the local ad only has catalan-speaking languages but the automatic language system also has foreign languages such as spanish english french alabacabra and other languages	regular announcements in the metro are made only in catalan but unplanned disruptions are announced by an automated system in a wide variety of languages including spanish english french arabic and japanese
一 顆 炸 彈 在 當 地 行 政 長 官 的 辦 公 室 外 爆 炸	a bomb exploded in the office of local executive officer	one bomb exploded outside the governor general's office
一 顆 炸 彈 在 當 地 行 政 長 官 的 辦 公 室 外 爆 炸	a bomb exploded in the office of local executive officer	one bomb exploded outside the governor general's office
早 期 這 個 節 目 只 有 在 一 個 經 營 許 久 的 網 路 電 台 toginet 上 播 出 toginet 是 一 個 聚 焦 於 談 話 性 廣 播 節 目 的 電 台	in the early days this show was only on a network platform that was well-known to the internet tognet was the most popular platform for advertising	in its early days the show was featured solely at the long-running internet radio site toginet radio a site focused on talk radio
早 期 這 個 節 目 只 有 在 一 個 經 營 許 久 的 網 路 電 台 toginet 上 播 出 toginet 是 一 個 聚 焦 於 談 話 性 廣 播 節 目 的 電 台	in the early days this show was only on a network platform that was well-known to the internet tognet was the most popular platform for advertising	in its early days the show was featured solely at the long-running internet radio site toginet radio a site focused on talk radio
哪 些 人 造 物 品 屬 於 古 董 並 沒 有 一 個 放 諸 四 海 皆 準 的 定 義 有 些 稅 務 機 關 將 歷 史 超 過 100 年 的 物 品 定 義 為 古 董	those people make goods from antique and have a fixed price for a stock of over 100 years	there is no universal definition for which manufactured items are antiques some tax agencies define goods older than 100 years as antiques
哪 些 人 造 物 品 屬 於 古 董 並 沒 有 一 個 放 諸 四 海 皆 準 的 定 義 有 些 稅 務 機 關 將 歷 史 超 過 100 年 的 物 品 定 義 為 古 董	those people make goods from antique and have a fixed price for a stock of over 100 years	there is no universal definition for which manufactured items are antiques some tax agencies define goods older than 100 years as antiques
氫 離 子 是 失 去 電 子 後 的 質 子 因 為 氫 原 子 由 一 個 質 子 和 一 個 電 子 組 成	chrysacism is a substance after a battery because it is formed by only one substance and a battery	hydrogen ions are protons that had their electrons stripped off them since hydrogen atoms consist of one proton and one electron
氫 離 子 是 失 去 電 子 後 的 質 子 因 為 氫 原 子 由 一 個 質 子 和 一 個 電 子 組 成	chrysacism is a substance after a battery because it is formed by only one substance and a battery	hydrogen ions are protons that had their electrons stripped off them since hydrogen atoms consist of one proton and one electron
你 可 以 使 用 boda-boda摩 托 車 計 程 車 遊 覽 戈 馬 短 程 一 般 當 地 價 格 約 500 剛 果 法 郎	you can use boulder boulder to cycle through the city and cross the river to a regular price of about 500 dollars	you can use boda-boda motorcycle taxi to get around goma. the normal local price is ~500 congolese francs for the short ride
你 可 以 使 用 boda-boda摩 托 車 計 程 車 遊 覽 戈 馬 短 程 一 般 當 地 價 格 約 500 剛 果 法 郎	you can use boulder boulder to cycle through the city and cross the river to a regular price of about 500 dollars	you can use boda-boda motorcycle taxi to get around goma. the normal local price is ~500 congolese francs for the short ride
同 樣 的 如 持 有 申 根 簽 證 你 就 不 需 要 分 別 申 請 每 個 申 根 會 員 國 的 簽 證 從 而 節 省 了 時 間 、金 錢 和 文 書 作 業	the same goes for the new year visa you don't have to apply for every new year's visa to get rid of time money or to work	similarly by having a schengen visa you do not need to apply for visas to each of the schengen member countries separately hence saving time money and paperwork
同 樣 的 如 持 有 申 根 簽 證 你 就 不 需 要 分 別 申 請 每 個 申 根 會 員 國 的 簽 證 從 而 節 省 了 時 間 、金 錢 和 文 書 作 業	the same goes for the new year visa you don't have to apply for every new year's visa to get rid of time money or to work	similarly by having a schengen visa you do not need to apply for visas to each of the schengen member countries separately hence saving time money and paperwork
滄 龍 是 那 個 時 期 的 頂 層 掠 食 者 因 此 除 了 其 他 的 滄 龍 外 牠 們 不 怕 任 何 生 物	the cacti were the top-class hunters who were not afraid of any new prey other than the cacti	mosasaurus was the apex predator of its time so it feared nothing except other mosasaurs
滄 龍 是 那 個 時 期 的 頂 層 掠 食 者 因 此 除 了 其 他 的 滄 龍 外 牠 們 不 怕 任 何 生 物	the cacti were the top-class hunters who were not afraid of any new prey other than the cacti	mosasaurus was the apex predator of its time so it feared nothing except other mosasaurs
此 群 島 位 於 半 島 以 北 120 公 里 處 最 大 的 島 為 喬 治 王 島 該 島 是 人 類 定 居 點 拉 斯 ·埃 斯 特 雷 亞 斯 鎮 的 所 在 地	the island is located at a distance of 120 km the largest island is called king island the island is a place where the humans were named the asian asian asian asian asian asian asian asian asian asian asian asian asian asian asian asian asian asian asian asian asian asian asian asian asian asian asian asian asian asian asian asian asian asian asian asian asian asian asian asian asian asian asian asian asian asian asian asian	the archipelago lies 120 km north of the peninsula the largest is king george island with the settlement of villa las estrellas
此 群 島 位 於 半 島 以 北 120 公 里 處 最 大 的 島 為 喬 治 王 島 該 島 是 人 類 定 居 點 拉 斯 ·埃 斯 特 雷 亞 斯 鎮 的 所 在 地	the island is located at a distance of 120 km the largest island is called king island the island is a place where the humans were named the asian asian asian asian asian asian asian asian asian asian asian asian asian asian asian asian asian asian asian asian asian asian asian asian asian asian asian asian asian asian asian asian asian asian asian asian asian asian asian asian asian asian asian asian asian asian asian asian	the archipelago lies 120 km north of the peninsula the largest is king george island with the settlement of villa las estrellas
29 歲 的 馬 拉 ·巴 拉 蘇 布 拉 曼 尼 安 malar balasubramanian 醫 生 在 俄 亥 俄 州 的 布 魯 艾 施 辛 辛 那 提 以 北 約 15 英 里 的 郊 區 被 發 現 她 穿 著 t 恤 和 內 衣 躺 在 路 邊 的 地 上 顯 然 攝 入 了 大 量 的 藥 物	the 29-year-old malibus sobriamaneon bolabra spravanian doctor found a 15-kilometer-long cross-section of the body with a t-shirt and a medallion on the side of the intracerebral system	dr malar balasubramanian 29 was found in blue ash ohio a suburb approximately 15 miles north of cincinnati lying on the ground beside the road in a t-shirt and underwear in an apparently heavily medicated state
29 歲 的 馬 拉 ·巴 拉 蘇 布 拉 曼 尼 安 malar balasubramanian 醫 生 在 俄 亥 俄 州 的 布 魯 艾 施 辛 辛 那 提 以 北 約 15 英 里 的 郊 區 被 發 現 她 穿 著 t 恤 和 內 衣 躺 在 路 邊 的 地 上 顯 然 攝 入 了 大 量 的 藥 物	the 29-year-old malibus sobriamaneon bolabra spravanian doctor found a 15-kilometer-long cross-section of the body with a t-shirt and a medallion on the side of the intracerebral system	dr malar balasubramanian 29 was found in blue ash ohio a suburb approximately 15 miles north of cincinnati lying on the ground beside the road in a t-shirt and underwear in an apparently heavily medicated state
如 果 你 是 參 加 隨 船 的 旅 遊 行 程 上 岸 並 不 需 要 有 額 外 的 簽 證 截 至 2009 年 為 止	if you are travelling without a visa you do not need to have a visa for the next year until 2009	if you only go ashore using shipboard excursions you will not need a separate visa as of 2009
如 果 你 是 參 加 隨 船 的 旅 遊 行 程 上 岸 並 不 需 要 有 額 外 的 簽 證 截 至 2009 年 為 止	if you are travelling without a visa you do not need to have a visa for the next year until 2009	if you only go ashore using shipboard excursions you will not need a separate visa as of 2009
這 套 切 斷 必 要 軍 事 及 民 生 物 資 供 應 的 戰 略 確 實 奏 效 雖 然 這 種 封 鎖 方 式 已 違 反 過 去 兩 個 世 紀 以 來 透 過 多 項 國 際 協 議 所 制 定 且 普 遍 為 各 國 接 受 的 國 際 法 規	the cutoff was a result of military and civil civil service efforts although the seal was illegal in the past centuries and was made to defend nationality in various countries	the strategy proved effective cutting off vital military and civilian supplies although this blockade violated generally accepted international law codified by several international agreements of the past two centuries
錄 影 的 運 用 已 為 解 讀 微 表 情 和 僅 維 持 幾 毫 秒 的 臉 部 動 作 帶 來 重 大 的 發 現	the video was used as a guide to show and to maintain the movement of the bird	the use of video recording has led to important discoveries in the interpretation of micro-expressions facial movements which last a few milliseconds
錄 影 的 運 用 已 為 解 讀 微 表 情 和 僅 維 持 幾 毫 秒 的 臉 部 動 作 帶 來 重 大 的 發 現	the video was used as a guide to show and to maintain the movement of the bird	the use of video recording has led to important discoveries in the interpretation of micro-expressions facial movements which last a few milliseconds
雖 然 人 工 智 慧 具 有 很 強 的 科 幻 內 涵 但 人 工 智 慧 仍 形 成 了 電 腦 科 學 極 重 要 的 一 個 分 支 專 門 處 理 機 器 的 行 為 、學 習 和 智 慧 型 適 應	although the artificial intelligence is strong in the field of science it is a part of the computer science and the intelligence of the intelligence to handle the behavior of the device and the intelligence	although ai has a strong connotation of science fiction ai forms a very important branch of computer science dealing with behavior learning and intelligent adaptation in a machine
雖 然 人 工 智 慧 具 有 很 強 的 科 幻 內 涵 但 人 工 智 慧 仍 形 成 了 電 腦 科 學 極 重 要 的 一 個 分 支 專 門 處 理 機 器 的 行 為 、學 習 和 智 慧 型 適 應	although the artificial intelligence is strong in the field of science it is a part of the computer science and the intelligence of the intelligence to handle the behavior of the device and the intelligence	although ai has a strong connotation of science fiction ai forms a very important branch of computer science dealing with behavior learning and intelligent adaptation in a machine
將 這 2 種 乾 粉 攪 拌 在 一 起 接 著 用 沾 了 水 的 乾 淨 雙 手 將 之 擠 壓 成 球 狀	dry the two dry flour pieces together and use a wet towel to press them into the ball	swirl the two dry powders together and then with clean wet hands squeeze them into a ball
將 這 2 種 乾 粉 攪 拌 在 一 起 接 著 用 沾 了 水 的 乾 淨 雙 手 將 之 擠 壓 成 球 狀	dry the two dry flour pieces together and use a wet towel to press them into the ball	swirl the two dry powders together and then with clean wet hands squeeze them into a ball
星 期 日 傍 晚 美 國 總 統 唐 納 ‧川 普 透 過 新 聞 秘 書 發 表 聲 明 宣 布 美 國 軍 隊 將 撤 離 敘 利 亞	on monday the united states president johnson said in a statement that the u.s. military gun was being charged	late on sunday the united states president donald trump in a statement delivered via the press secretary announced us troops would be leaving syria
星 期 日 傍 晚 美 國 總 統 唐 納 ‧川 普 透 過 新 聞 秘 書 發 表 聲 明 宣 布 美 國 軍 隊 將 撤 離 敘 利 亞	on monday the united states president johnson said in a statement that the u.s. military gun was being charged	late on sunday the united states president donald trump in a statement delivered via the press secretary announced us troops would be leaving syria
但 對 於 歸 鄉 遊 子 人 們 可 能 覺 得 沒 必 要 再 擔 待 和 理 解 他 們	but for the rich people there is no need to treat and understand them	people may not anticipate that patience and understanding are also necessary for travellers returning home
但 對 於 歸 鄉 遊 子 人 們 可 能 覺 得 沒 必 要 再 擔 待 和 理 解 他 們	but for the rich people there is no need to treat and understand them	people may not anticipate that patience and understanding are also necessary for travellers returning home
它 作 為 奢 華 中 心 的 名 聲 約 始 於 西 元 400 年 並 一 路 持 續 到 西 元 1100 年 左 右	it is a star in the center of the caravan and is about to be born in four hundred years and is still about to be born in 1100	its renown for being an epicenter of luxury began in about 400 a.d. and lasted up until about 1100 a.d
它 作 為 奢 華 中 心 的 名 聲 約 始 於 西 元 400 年 並 一 路 持 續 到 西 元 1100 年 左 右	it is a star in the center of the caravan and is about to be born in four hundred years and is still about to be born in 1100	its renown for being an epicenter of luxury began in about 400 a.d. and lasted up until about 1100 a.d
摩 爾 多 瓦 共 和 國 的 首 都 是 基 希 涅 夫 當 地 的 官 方 語 言 是 羅 馬 尼 亞 語 但 也 廣 泛 使 用 俄 語	moyd was a local language spoken by geof the government in the days of romania but also the fort was a native language	the capital of moldova is chişinău. the local language is romanian but russian is widely used
摩 爾 多 瓦 共 和 國 的 首 都 是 基 希 涅 夫 當 地 的 官 方 語 言 是 羅 馬 尼 亞 語 但 也 廣 泛 使 用 俄 語	moyd was a local language spoken by geof the government in the days of romania but also the fort was a native language	the capital of moldova is chişinău. the local language is romanian but russian is widely used
在 由 馬 烏 運 動 所 組 織 的 爭 取 獨 立 的 過 程 中 主 要 酋 長 圖 普 瓦 ·塔 馬 塞 斯 ·萊 拉 菲 三 世 tupua tamasese lealofi iii 在 鎮 上 的 一 次 和 平 集 會 中 遭 到 殺 害	the award-winning tour guide was awarded in the process of having a sport to play for the live show to put a time to see the feel of free in the top 1 and 2 of the week	during the struggle for independence organised by the mau movement a peaceful gathering in the town resulted in the killing of the paramount chief tupua tamasese lealofi iii
在 由 馬 烏 運 動 所 組 織 的 爭 取 獨 立 的 過 程 中 主 要 酋 長 圖 普 瓦 ·塔 馬 塞 斯 ·萊 拉 菲 三 世 tupua tamasese lealofi iii 在 鎮 上 的 一 次 和 平 集 會 中 遭 到 殺 害	the award-winning tour guide was awarded in the process of having a sport to play for the live show to put a time to see the feel of free in the top 1 and 2 of the week	during the struggle for independence organised by the mau movement a peaceful gathering in the town resulted in the killing of the paramount chief tupua tamasese lealofi iii
一 種 簡 單 的 人 氣 晚 餐 是 pa amb oli夏 季 期 間 尤 其 流 行 ：麵 包 配 橄 欖 油 、番 茄 和 任 何 可 取 得 的 調 味 料 例 如 起 司 、鮪 魚 等	a simple meal is parmolio while going on a trip to the country bread with a slice of bread or any tasty seasoning such as air-conditioning or something like that	a simple popular dinner especially during the summer is the pa amb oli bread with olive oil tomato and any available condiments such as cheese tunafish etc
一 種 簡 單 的 人 氣 晚 餐 是 pa amb oli夏 季 期 間 尤 其 流 行 ：麵 包 配 橄 欖 油 、番 茄 和 任 何 可 取 得 的 調 味 料 例 如 起 司 、鮪 魚 等	a simple meal is parmolio while going on a trip to the country bread with a slice of bread or any tasty seasoning such as air-conditioning or something like that	a simple popular dinner especially during the summer is the pa amb oli bread with olive oil tomato and any available condiments such as cheese tunafish etc
在 獨 立 戰 爭 期 間 這 十 三 個 州 首 先 根 據 《邦 聯 條 例 》成 立 了 脆 弱 的 中 央 政 府 而 國 會 是 它 唯 一 的 機 構	dark war was the first group to help the union to form a weak central government and to form its own base	during the revolutionary war the thirteen states first formed a weak central government-with the congress being its only component-under the articles of confederation
在 獨 立 戰 爭 期 間 這 十 三 個 州 首 先 根 據 《邦 聯 條 例 》成 立 了 脆 弱 的 中 央 政 府 而 國 會 是 它 唯 一 的 機 構	dark war was the first group to help the union to form a weak central government and to form its own base	during the revolutionary war the thirteen states first formed a weak central government-with the congress being its only component-under the articles of confederation
部 落 格 也 有 助 於 提 高 學 生 的 寫 作 能 力 雖 然 學 生 常 以 草 率 馬 虎 的 文 法 和 拼 寫 開 始 他 們 的 部 落 格 體 驗 但 因 為 有 讀 者 的 存 在 所 以 一 般 可 以 改 變 這 點	boleca also has the ability to read and write although students often use the grammar of the alphabet and the social media to read their Boleca experiences but because there are readers they can generally change their point	blogs can also help improve student writing while students often begin their blog experience with sloppy grammar and spelling the presence of an audience generally changes that
部 落 格 也 有 助 於 提 高 學 生 的 寫 作 能 力 雖 然 學 生 常 以 草 率 馬 虎 的 文 法 和 拼 寫 開 始 他 們 的 部 落 格 體 驗 但 因 為 有 讀 者 的 存 在 所 以 一 般 可 以 改 變 這 點	boleca also has the ability to read and write although students often use the grammar of the alphabet and the social media to read their Boleca experiences but because there are readers they can generally change their point	blogs can also help improve student writing while students often begin their blog experience with sloppy grammar and spelling the presence of an audience generally changes that
一 般 來 說 主 管 開 始 領 導 昔 日 的 同 儕 時 有 可 能 產 生 兩 種 行 為 其 中 一 種 是 試 圖 維 持 自 己 仍 為 同 儕 圈 子 裡 的 一 員	in general a community that is in the lead of a day can have two behaviors one is to maintain the will of the community	generally speaking two behaviors can emerge as managers begin to lead their former peers. one end of the spectrum is trying to remain  one of the guys” or gals
一 般 來 說 主 管 開 始 領 導 昔 日 的 同 儕 時 有 可 能 產 生 兩 種 行 為 其 中 一 種 是 試 圖 維 持 自 己 仍 為 同 儕 圈 子 裡 的 一 員	in general a community that is in the lead of a day can have two behaviors one is to maintain the will of the community	generally speaking two behaviors can emerge as managers begin to lead their former peers. one end of the spectrum is trying to remain  one of the guys” or gals
人 們 自 古 就 認 識 金 、銀 、銅 等 基 本 化 學 元 素 因 為 這 些 元 素 皆 以 原 貌 存 在 於 自 然 界 且 使 用 原 始 工 具 開 採 相 當 簡 單	the human being is considered to be a basic source of money because these sources are available in the natural world in january and are quite easy to use	people have known about basic chemical elements such as gold silver and copper from antiquity as these can all be discovered in nature in native form and are relatively simple to mine with primitive tools
人 們 自 古 就 認 識 金 、銀 、銅 等 基 本 化 學 元 素 因 為 這 些 元 素 皆 以 原 貌 存 在 於 自 然 界 且 使 用 原 始 工 具 開 採 相 當 簡 單	the human being is considered to be a basic source of money because these sources are available in the natural world in january and are quite easy to use	people have known about basic chemical elements such as gold silver and copper from antiquity as these can all be discovered in nature in native form and are relatively simple to mine with primitive tools
由 新 加 坡 副 總 理 黃 根 成 迎 接 並 與 新 加 坡 總 理 李 顯 龍 商 談 貿 易 和 恐 怖 主 義 等 議 題	singapore's prime minister jr. jr. jr. jr. jr. jr. jr. jr. jr. jr. jr. jr. jr. jr. jr. jr. jr. jr. jr. jr. jr. jr. jr. jr. jr. jr. jr. jr. jr. jr. jr. jr. jr. jr. jr. jr. jr. jr. jr. j	he was greeted by singapore's deputy prime minister wong kan seng and discussed trade and terrorism issues with the singapore prime minister lee hsien loong
由 新 加 坡 副 總 理 黃 根 成 迎 接 並 與 新 加 坡 總 理 李 顯 龍 商 談 貿 易 和 恐 怖 主 義 等 議 題	singapore's prime minister jr. jr. jr. jr. jr. jr. jr. jr. jr. jr. jr. jr. jr. jr. jr. jr. jr. jr. jr. jr. jr. jr. jr. jr. jr. jr. jr. jr. jr. jr. jr. jr. jr. jr. jr. jr. jr. jr. jr. j	he was greeted by singapore's deputy prime minister wong kan seng and discussed trade and terrorism issues with the singapore prime minister lee hsien loong
在 做 昆 達 里 尼 瑜 珈 時 昆 達 里 尼 能 量 啟 蒙 能 量 會 透 過 瑜 珈 動 作 、呼 吸 運 動 、曼 特 羅 禱 文 和 視 覺 化 而 甦 醒	when you do kundalini the energy that you get will flow through your uga movement and your vukha movement and become a vipassana	with kundalini yoga the kundalini energy enlightenment energy is awakened through yoga postures breathing exercises mantras and visualizations
在 做 昆 達 里 尼 瑜 珈 時 昆 達 里 尼 能 量 啟 蒙 能 量 會 透 過 瑜 珈 動 作 、呼 吸 運 動 、曼 特 羅 禱 文 和 視 覺 化 而 甦 醒	when you do kundalini the energy that you get will flow through your uga movement and your vukha movement and become a vipassana	with kundalini yoga the kundalini energy enlightenment energy is awakened through yoga postures breathing exercises mantras and visualizations
義 大 利 語 也 是 該 國 大 部 分 工 作 人 口 平 常 使 用 的 語 言 拉 丁 語 則 多 半 在 宗 教 儀 式 中 使 用	 italian is also a language that most people who work in use use latin and zedor in religious ceremonies	italian is also the everyday language used by most of those who work in the state while latin is often used in religious ceremonies
義 大 利 語 也 是 該 國 大 部 分 工 作 人 口 平 常 使 用 的 語 言 拉 丁 語 則 多 半 在 宗 教 儀 式 中 使 用	 italian is also a language that most people who work in use use latin and zedor in religious ceremonies	italian is also the everyday language used by most of those who work in the state while latin is often used in religious ceremonies
人 造 衛 星 是 用 火 箭 送 上 太 空 的 科 學 家 在 太 空 中 使 用 望 遠 鏡 因 為 地 球 的 大 氣 有 時 會 扭 曲 我 們 的 光 和 視 線	humans use a rocket to send the sky scientists use a telescope in the sky because the earth is big and sometimes it can leave our light and line	the satellite was sent into space by a rocket scientists use telescopes in space because the earth's atmosphere distorts some of our light and view
人 造 衛 星 是 用 火 箭 送 上 太 空 的 科 學 家 在 太 空 中 使 用 望 遠 鏡 因 為 地 球 的 大 氣 有 時 會 扭 曲 我 們 的 光 和 視 線	humans use a rocket to send the sky scientists use a telescope in the sky because the earth is big and sometimes it can leave our light and line	the satellite was sent into space by a rocket scientists use telescopes in space because the earth's atmosphere distorts some of our light and view
「基 本 上 他 威 爾 斯 從 一 開 始 就 對 我 們 撒 謊 首 先 假 裝 這 是 出 自 法 律 考 量 ；其 次 假 裝 在 聽 我 們 說 話 直 到 他 的 作 品 被 刪 除 」	he basically started off as a victim of the greek law first of all he considered the rule of law and then he listened to us and said that his work was deleted	"""he [wales] basically lied to us from the start. first by acting as if this was for legal reasons. second by pretending he was listening to us right up to his art deletion."
「基 本 上 他 威 爾 斯 從 一 開 始 就 對 我 們 撒 謊 首 先 假 裝 這 是 出 自 法 律 考 量 ；其 次 假 裝 在 聽 我 們 說 話 直 到 他 的 作 品 被 刪 除 」	he basically started off as a victim of the greek law first of all he considered the rule of law and then he listened to us and said that his work was deleted	"""he [wales] basically lied to us from the start. first by acting as if this was for legal reasons. second by pretending he was listening to us right up to his art deletion."
該 醫 院 已 遵 行 感 染 控 制 的 規 定 包 括 隔 離 患 者 以 避 免 可 能 感 染 其 他 人	the hospital has been able to control the conditions and the neighbours can be affected	the hospital has followed protocol for infection control including separating the patient from others to prevent possible infection of others
該 醫 院 已 遵 行 感 染 控 制 的 規 定 包 括 隔 離 患 者 以 避 免 可 能 感 染 其 他 人	the hospital has been able to control the conditions and the neighbours can be affected	the hospital has followed protocol for infection control including separating the patient from others to prevent possible infection of others
三 國 是 中 國 古 代 歷 史 上 最 血 腥 的 時 代 之 一 成 千 上 萬 的 人 為 爭 奪 坐 上 西 安 宏 偉 皇 宮 中 的 王 位 而 失 去 生 命	sanghuang is one of the most blood-sucking times in ancient china where thousands of people died in the war to sacrifice their lives for the safety of the royal palace	the three kingdoms was one of the bloodiest eras in ancient china's history thousands of people died fighting to sit in the highest seat in the grand palace at xi'an
三 國 是 中 國 古 代 歷 史 上 最 血 腥 的 時 代 之 一 成 千 上 萬 的 人 為 爭 奪 坐 上 西 安 宏 偉 皇 宮 中 的 王 位 而 失 去 生 命	sanghuang is one of the most blood-sucking times in ancient china where thousands of people died in the war to sacrifice their lives for the safety of the royal palace	the three kingdoms was one of the bloodiest eras in ancient china's history thousands of people died fighting to sit in the highest seat in the grand palace at xi'an
1990 年 它 因 為 沙 漠 沙 塵 的 威 脅 而 被 列 入 瀕 危 世 界 遺 產 名 單	in 1990 he was arrested for threatening to invade the world of justice	in 1990 it was added to the list of world heritage sites in danger due to the threat of desert sands
1990 年 它 因 為 沙 漠 沙 塵 的 威 脅 而 被 列 入 瀕 危 世 界 遺 產 名 單	in 1990 he was arrested for threatening to invade the world of justice	in 1990 it was added to the list of world heritage sites in danger due to the threat of desert sands
獅 群 裡 有 一 到 三 隻 成 年 公 獅 再 加 上 多 達 三 十 隻 母 獅 和 幼 獅 組 成	the group has 1 to 3 adult companies with more than 30 bosses and bosses	prides are made up of one to three related adult males along with as many as thirty females and cubs
獅 群 裡 有 一 到 三 隻 成 年 公 獅 再 加 上 多 達 三 十 隻 母 獅 和 幼 獅 組 成	the group has 1 to 3 adult companies with more than 30 bosses and bosses	prides are made up of one to three related adult males along with as many as thirty females and cubs
透 過 虛 擬 方 式 分 享 校 外 教 學 也 是 回 顧 該 次 旅 行 和 向 未 來 班 級 分 享 經 驗 的 好 方 法	with the help of the diversifying method of education there will be a good way to start traveling and moving to the future	sharing a field trip virtually is also a great way to reflect a on a trip and share experiences with future classes
透 過 虛 擬 方 式 分 享 校 外 教 學 也 是 回 顧 該 次 旅 行 和 向 未 來 班 級 分 享 經 驗 的 好 方 法	with the help of the diversifying method of education there will be a good way to start traveling and moving to the future	sharing a field trip virtually is also a great way to reflect a on a trip and share experiences with future classes
若 您 不 習 慣 在 鄉 村 道 路 上 駕 駛 請 保 持 頭 腦 清 醒 ：陡 坡 、窄 道 和 急 彎 占 了 絕 大 多 數	if you are not used to cleaning your head in the village headband is much larger than walking and walking	if you're not used to driving on country roads keep your wits about you steep grades narrow lanes and sharp curves predominate
若 您 不 習 慣 在 鄉 村 道 路 上 駕 駛 請 保 持 頭 腦 清 醒 ：陡 坡 、窄 道 和 急 彎 占 了 絕 大 多 數	if you are not used to cleaning your head in the village headband is much larger than walking and walking	if you're not used to driving on country roads keep your wits about you steep grades narrow lanes and sharp curves predominate
離 岸 流 是 海 浪 打 上 海 灘 後 斷 開 而 折 回 的 浪 通 常 會 出 現 在 礁 石 附 近 或 類 似 的 地 方	lion hunts after a sea trip to the sea and often appear near the islands or somewhere similar	rip currents are the returning flow from waves breaking off the beach often at a reef or similar
離 岸 流 是 海 浪 打 上 海 灘 後 斷 開 而 折 回 的 浪 通 常 會 出 現 在 礁 石 附 近 或 類 似 的 地 方	lion hunts after a sea trip to the sea and often appear near the islands or somewhere similar	rip currents are the returning flow from waves breaking off the beach often at a reef or similar
到 了 1976 年 百 分 之 三 十 的 馬 丘 比 丘 已 被 修 復 且 修 復 工 作 一 直 持 續 到 今 日	in 1976 30% of the money was recovered and the income continued until today	by 1976 thirty percent of machu picchu had been restored and restoration continues till today
到 了 1976 年 百 分 之 三 十 的 馬 丘 比 丘 已 被 修 復 且 修 復 工 作 一 直 持 續 到 今 日	in 1976 30% of the money was recovered and the income continued until today	by 1976 thirty percent of machu picchu had been restored and restoration continues till today
多 數 對 於 科 技 決 定 論 的 詮 釋 都 有 兩 個 主 要 理 念 ：科 技 本 身 的 發 展 途 徑 遠 比 文 化 或 政 治 因 素 有 著 更 大 之 影 響 力 以 及 科 技 反 過 來 會 「影 響 」社 會 固 有 型 態 而 非 受 社 會 制 約	most of the theories of science have two main reasons the development of science is far more influential than the culture or political factors and the science is more influential in the ancient times and not in the social weak	most interpretations of technological determinism share two general ideas that the development of technology itself follows a path largely beyond cultural or political influence and that technology in turn has effects on societies that are inherent rather than socially conditioned
通 常 會 一 直 聽 到 遊 客 和 攤 販 的 聲 音 聲 光 交 織 的 故 事 宛 如 一 本 故 事 書	it is often heard by tourists and visitors to tell a story about a bright and luxurious house	usually you always here the sound of tourists and vendors the story of the sound and light is just like a story book
吉 薩 大 金 字 塔 是 現 今 唯 一 仍 矗 立 的 世 界 七 大 奇 蹟	gassade was the seventh largest in the world to be able to make money in one form	the great pyramid at giza is the only one of the seven wonders that is still standing today
吉 薩 大 金 字 塔 是 現 今 唯 一 仍 矗 立 的 世 界 七 大 奇 蹟	gassade was the seventh largest in the world to be able to make money in one form	the great pyramid at giza is the only one of the seven wonders that is still standing today
像 鈣 和 鉀 這 樣 的 元 素 被 視 為 金 屬 當 然 也 有 像 銀 和 金 這 樣 的 金 屬	the amount of money that was covered and the amount of money that was put into the envelope was of course the amount of money that was put into the envelope	elements like calcium and potassium are considered metals of course there are also metals like silver and gold
它 作 為 奢 華 中 心 的 名 聲 約 始 於 西 元 400 年 並 一 路 持 續 到 西 元 1100 年 左 右	it is a star in the car industry about 400 years ago and has been in the car for about 1100 years	its renown for being an epicenter of luxury began in about 400 a.d. and lasted up until about 1100 a.d
它 作 為 奢 華 中 心 的 名 聲 約 始 於 西 元 400 年 並 一 路 持 續 到 西 元 1100 年 左 右	it is a star in the car industry about 400 years ago and has been in the car for about 1100 years	its renown for being an epicenter of luxury began in about 400 a.d. and lasted up until about 1100 a.d
錄 影 的 運 用 已 為 解 讀 微 表 情 和 僅 維 持 幾 毫 秒 的 臉 部 動 作 帶 來 重 大 的 發 現	the video was used to represent and maintain a large number of the face movement	the use of video recording has led to important discoveries in the interpretation of micro-expressions facial movements which last a few milliseconds
錄 影 的 運 用 已 為 解 讀 微 表 情 和 僅 維 持 幾 毫 秒 的 臉 部 動 作 帶 來 重 大 的 發 現	the video was used to represent and maintain a large number of the face movement	the use of video recording has led to important discoveries in the interpretation of micro-expressions facial movements which last a few milliseconds
此 座 橋 計 劃 於 2017 年 9 月 －也 就 是 巴 西 海 關 檢 查 站 預 計 完 工 之 時 －全 面 通 車	the project was signed in september 2017 when the brazilian sea officer was fully charged with the attack	the bridge is scheduled to be fully operational in september 2017 when the brazilian customs checkpoints are expected to be finished
此 座 橋 計 劃 於 2017 年 9 月 －也 就 是 巴 西 海 關 檢 查 站 預 計 完 工 之 時 －全 面 通 車	the project was signed in september 2017 when the brazilian sea officer was fully charged with the attack	the bridge is scheduled to be fully operational in september 2017 when the brazilian customs checkpoints are expected to be finished
那 些 地 方 幾 乎 都 是 能 讓 人 安 全 游 泳 的 沙 灘 且 大 多 數 都 有 紐 西 蘭 聖 誕 樹 提 供 的 樹 蔭	these places are often safe from the sand and most of them offer a milk-soda-scented tree	they are almost all sandy beaches with safe swimming and most have shade provided by pohutukawa trees
那 些 地 方 幾 乎 都 是 能 讓 人 安 全 游 泳 的 沙 灘 且 大 多 數 都 有 紐 西 蘭 聖 誕 樹 提 供 的 樹 蔭	these places are often safe from the sand and most of them offer a milk-soda-scented tree	they are almost all sandy beaches with safe swimming and most have shade provided by pohutukawa trees
首 先 大 部 份 的 騎 士 都 穿 著 有 鞋 跟 且 鞋 底 平 滑 狹 窄 的 馬 靴	firstly most of the rides are made of shoes and are made of shoes with a flat sole	first most riders wear riding boots with a heel and a smooth quite narrow sole
首 先 大 部 份 的 騎 士 都 穿 著 有 鞋 跟 且 鞋 底 平 滑 狹 窄 的 馬 靴	firstly most of the rides are made of shoes and are made of shoes with a flat sole	first most riders wear riding boots with a heel and a smooth quite narrow sole
中 間 棒 次 擊 球 手 薩 辛 ・坦 都 卡 和 拉 胡 爾 ・德 拉 維 德 表 現 出 色 攜 手 合 作 之 下 得 分 來 到 了 100分	jong japan was often forced to hand-kiss tandoor and levy's duke-leigh to get a point after a match	middle order batsmen sachin tendulkar and rahul dravid performed well and made a hundred-run partnership
中 間 棒 次 擊 球 手 薩 辛 ・坦 都 卡 和 拉 胡 爾 ・德 拉 維 德 表 現 出 色 攜 手 合 作 之 下 得 分 來 到 了 100分	jong japan was often forced to hand-kiss tandoor and levy's duke-leigh to get a point after a match	middle order batsmen sachin tendulkar and rahul dravid performed well and made a hundred-run partnership
兒 童 被 送 往 寄 養 中 心 的 原 因 眾 多 包 括 疏 於 照 顧 、虐 待 甚 至 勒 索	the children were sent to the hospital to give them a reason to be in the hospital including taking care of the weak and even the weak	children are placed in foster care for a wide variety of reasons that range from neglect to abuse and even to extortion
兒 童 被 送 往 寄 養 中 心 的 原 因 眾 多 包 括 疏 於 照 顧 、虐 待 甚 至 勒 索	the children were sent to the hospital to give them a reason to be in the hospital including taking care of the weak and even the weak	children are placed in foster care for a wide variety of reasons that range from neglect to abuse and even to extortion
而 光 譜 的 另 一 端 則 會 轉 變 為 截 然 不 同 的 人 他 或 她 認 為 自 己 必 須 改 變 團 隊 一 直 以 來 的 所 有 做 法 並 改 用 自 己 的 方 式 行 事	while the other part of the light bulb will turn into a different person he or she believes that she has to change the way the team has been doing and change their ways of acting	at the other end of the spectrum one morphs into an unrecognizable individual that feels he or she must change everything the team has been doing and make it their own
而 光 譜 的 另 一 端 則 會 轉 變 為 截 然 不 同 的 人 他 或 她 認 為 自 己 必 須 改 變 團 隊 一 直 以 來 的 所 有 做 法 並 改 用 自 己 的 方 式 行 事	while the other part of the light bulb will turn into a different person he or she believes that she has to change the way the team has been doing and change their ways of acting	at the other end of the spectrum one morphs into an unrecognizable individual that feels he or she must change everything the team has been doing and make it their own
蘇 達 班 是 世 界 上 最 大 的 沿 海 紅 樹 林 帶 從 海 岸 綿 延 80 公 里 50 英 里 直 達 孟 加 拉 與 印 度 內 地	soda is the largest coastal area in the world and is 50 miles from the ocean to the mangalayan and indian territory	the sundarbans are the largest littoral mangrove belt in the world stretching 80 km 50 mi into the bangladeshi and indian hinterland from the coast
蘇 達 班 是 世 界 上 最 大 的 沿 海 紅 樹 林 帶 從 海 岸 綿 延 80 公 里 50 英 里 直 達 孟 加 拉 與 印 度 內 地	soda is the largest coastal area in the world and is 50 miles from the ocean to the mangalayan and indian territory	the sundarbans are the largest littoral mangrove belt in the world stretching 80 km 50 mi into the bangladeshi and indian hinterland from the coast
使 用 船 運 送 貨 物 是 目 前 為 止 跨 海 移 動 大 量 人 員 和 貨 物 的 最 有 效 率 方 式	using a boat to transport goods is currently a way of providing supplies to large quantities of people and goods	using ships to transport goods is by far the most efficient way to move large amounts of people and goods across oceans
每 一 個 世 代 分 離 和 重 組 會 使 得 顯 性 和 隱 性 兩 組 基 因 不 斷 產 生 變 化	every generation is divided and formed to make appearances and to attract two kinds of cause to change	segregation and recombination shuffle variation back and forth between the two pools with each generation
每 一 個 世 代 分 離 和 重 組 會 使 得 顯 性 和 隱 性 兩 組 基 因 不 斷 產 生 變 化	every generation is divided and formed to make appearances and to attract two kinds of cause to change	segregation and recombination shuffle variation back and forth between the two pools with each generation
此 報 告 大 力 抨 擊 了 行 政 機 構 現 行 對 伊 拉 克 政 策 的 幾 乎 所 有 面 向 並 強 烈 主 張 立 即 改 變 方 向	the report shocked the marches to face almost all of the iraq policy and forced them to change their direction of change	the report is highly critical of almost every aspect of the present policy of the executive towards iraq and it urges an immediate change of direction
聯 合 國 的 疾 病 專 家 丹 妮 耶 ‧蘭 特 內 表 示 爆 發 很 可 能 是 由 維 和 部 隊 造 成 的	the united states' special forces daniel and levy said that the explosion was likely due to the explosion	danielle lantagne a un expert on the disease stated the outbreak was likely caused by the peacekeepers
聯 合 國 的 疾 病 專 家 丹 妮 耶 ‧蘭 特 內 表 示 爆 發 很 可 能 是 由 維 和 部 隊 造 成 的	the united states' special forces daniel and levy said that the explosion was likely due to the explosion	danielle lantagne a un expert on the disease stated the outbreak was likely caused by the peacekeepers
在 群 島 和 湖 泊 中 您 並 不 一 定 需 要 一 隻 遊 艇	you don't have to have a boat to go through the rock and lake	in the archipelagos and lakes you do not necessarily need a yacht
在 群 島 和 湖 泊 中 您 並 不 一 定 需 要 一 隻 遊 艇	you don't have to have a boat to go through the rock and lake	in the archipelagos and lakes you do not necessarily need a yacht
正 如 同 月 亮 對 地 球 的 引 力 造 成 潮 汐 一 樣 銀 河 系 也 對 射 手 座 星 系 施 加 了 作 用 力	just like the moon is a bridge to the earth it is also a bridge to the hand	just like the moon exerts a pull on the earth causing tides so does the milky way exert a force on the sagittarius galaxy
若 您 不 習 慣 在 鄉 村 道 路 上 駕 駛 請 保 持 頭 腦 清 醒 ：陡 坡 、窄 道 和 急 彎 占 了 絕 大 多 數	if you are not used to the hot spring road please keep in mind that the roads are much larger than the banks and banks	if you're not used to driving on country roads keep your wits about you steep grades narrow lanes and sharp curves predominate
若 您 不 習 慣 在 鄉 村 道 路 上 駕 駛 請 保 持 頭 腦 清 醒 ：陡 坡 、窄 道 和 急 彎 占 了 絕 大 多 數	if you are not used to the hot spring road please keep in mind that the roads are much larger than the banks and banks	if you're not used to driving on country roads keep your wits about you steep grades narrow lanes and sharp curves predominate
北 邊 連 接 薩 赫 勒 地 區 南 邊 和 西 邊 緊 鄰 大 西 洋	the northern part of the city is connected to the southern and western greek greek greek greek greek greek greek greek greek greek greek greek greek greek greek greek greek greek greek greek greek greek greek greek greek greek greek greek greek greek greek greek greek greek greek greek greek greek greek greek greek greek greek greek greek greek greek greek greek greek greek greek greek greek greek g	in the north the region is bounded by the sahel and in the south and west by the atlantic ocean
北 邊 連 接 薩 赫 勒 地 區 南 邊 和 西 邊 緊 鄰 大 西 洋	the northern part of the city is connected to the southern and western greek greek greek greek greek greek greek greek greek greek greek greek greek greek greek greek greek greek greek greek greek greek greek greek greek greek greek greek greek greek greek greek greek greek greek greek greek greek greek greek greek greek greek greek greek greek greek greek greek greek greek greek greek greek greek g	in the north the region is bounded by the sahel and in the south and west by the atlantic ocean
我 們 同 意 美 國 奧 委 會 的 聲 明 也 就 是 我 們 的 選 手 、團 隊 和 其 運 動 項 目 的 利 益 會 因 為 我 們 組 織 內 具 有 意 義 的 改 革 而 改 善 而 非 取 消 資 格	we agree that the u.s. congress' statement is also our candidate the team and its sports' benefit will be changed because of the organization's meaningful change of plans and not a failure	we agree with the usoc's statement that the interests of our athletes and clubs and their sport may be better served by moving forward with meaningful change within our organization rather than decertification
虛 擬 鷹 架 已 內 建 在 軟 體 中 功 能 是 提 問 、提 示 和 說 明 學 生 可 能 難 以 獨 自 處 理 的 程 序	however in the context of the event the public is a subject that is likely to be able to read or say	virtual scaffolds are internalized in the software and are meant to question prompt and explain procedures that may have been to challenging for the student to handle alone
虛 擬 鷹 架 已 內 建 在 軟 體 中 功 能 是 提 問 、提 示 和 說 明 學 生 可 能 難 以 獨 自 處 理 的 程 序	however in the context of the event the public is a subject that is likely to be able to read or say	virtual scaffolds are internalized in the software and are meant to question prompt and explain procedures that may have been to challenging for the student to handle alone
拒 絕 男 性 時 應 表 現 堅 定 不 要 害 怕 堅 持 立 場 不 管 有 沒 有 文 化 差 異 這 樣 都 是 不 對 的 ！	he refused to be afraid of the march even though there was no cultural difference	be firm in turning down men and don't be afraid to stand your ground cultural differences or not it doesn't make it ok!
拒 絕 男 性 時 應 表 現 堅 定 不 要 害 怕 堅 持 立 場 不 管 有 沒 有 文 化 差 異 這 樣 都 是 不 對 的 ！	he refused to be afraid of the march even though there was no cultural difference	be firm in turning down men and don't be afraid to stand your ground cultural differences or not it doesn't make it ok!
外 島 地 區 也 許 可 以 使 用 英 美 貨 幣 但 應 該 無 法 使 用 信 用 卡 ；請 事 先 詢 問 商 家 以 確 定 可 使 用 哪 種 付 款 方 式	other areas can also be used as a currency but should not be used as a credit card please ask the shop first to determine which payment method to use	on the outlying islands credit cards will probably not be accepted although british and united states currency may be taken check with the owners in advance to determine what is an acceptable payment method
因 此 組 織 合 力 克 服 障 礙 的 過 程 能 推 動 創 新 過 程 以 滿 足 客 戶 的 需 求	thus the organization was able to overcome the obstacles of the process of promoting the process of creation	as a result the process of an organization working together to overcome an obstacle can lead to a new innovative process to serve the customer's need
因 此 組 織 合 力 克 服 障 礙 的 過 程 能 推 動 創 新 過 程 以 滿 足 客 戶 的 需 求	thus the organization was able to overcome the obstacles of the process of promoting the process of creation	as a result the process of an organization working together to overcome an obstacle can lead to a new innovative process to serve the customer's need
這 些 理 論 探 討 是 什 麼 讓 某 些 人 想 要 某 些 東 西 以 及 在 他 們 的 環 境 中 是 什 麼 讓 他 們 想 做 或 不 做 某 些 事	these theories are about what kind of people want to be something and what they want to do or do not in their environment	these theories look at what it is about certain people that make them want the things that they do and what things in their environment will make them do or not do certain things
這 些 理 論 探 討 是 什 麼 讓 某 些 人 想 要 某 些 東 西 以 及 在 他 們 的 環 境 中 是 什 麼 讓 他 們 想 做 或 不 做 某 些 事	these theories are about what kind of people want to be something and what they want to do or do not in their environment	these theories look at what it is about certain people that make them want the things that they do and what things in their environment will make them do or not do certain things
您 手 上 的 水 分 會 與 外 層 發 生 反 應 因 此 產 生 古 怪 的 觸 感 並 形 成 一 種 外 殼	the water you receive is reflected in the external layer causing the constant pressure to form a shell	the moisture on your hands will react with the outer layers which will feel funny and form a sort of shell
您 手 上 的 水 分 會 與 外 層 發 生 反 應 因 此 產 生 古 怪 的 觸 感 並 形 成 一 種 外 殼	the water you receive is reflected in the external layer causing the constant pressure to form a shell	the moisture on your hands will react with the outer layers which will feel funny and form a sort of shell
除 了 自 己 查 詢 你 可 能 也 會 想 諮 詢 政 府 的 意 見 不 過 他 們 的 建 議 是 為 其 公 民 而 設 計 的	as well as your own information you may also want to support the government however their suggestion is to give the public a second chance	you may also wish to consult the advice of governments other than your own but their advice is designed for their citizens
除 了 自 己 查 詢 你 可 能 也 會 想 諮 詢 政 府 的 意 見 不 過 他 們 的 建 議 是 為 其 公 民 而 設 計 的	as well as your own information you may also want to support the government however their suggestion is to give the public a second chance	you may also wish to consult the advice of governments other than your own but their advice is designed for their citizens
梵 蒂 岡 的 人 口 為 八 百 人 左 右 是 全 世 界 最 小 的 獨 立 國 家 也 是 人 口 最 少 的 國 家	the population of vandikant is about 800 and is the smallest country in the world and is the smallest country in the world	vatican city's population is around 800 it is the smallest independent country in the world and the country with the lowest population
梵 蒂 岡 的 人 口 為 八 百 人 左 右 是 全 世 界 最 小 的 獨 立 國 家 也 是 人 口 最 少 的 國 家	the population of vandikant is about 800 and is the smallest country in the world and is the smallest country in the world	vatican city's population is around 800 it is the smallest independent country in the world and the country with the lowest population
nextgen 是 一 種 美 國 聯 邦 航 空 總 署 宣 稱 可 讓 飛 機 縮 短 飛 行 路 徑 的 系 統 每 年 能 夠 節 省 上 百 萬 加 侖 的 燃 料 並 大 幅 削 減 碳 排 放	next gen is a flight control facility in the united states called for a system to short-circuit flights to get to the range of over a million gallons of fuel and a large-capital facility	nextgen is a system the faa claims would allow aircraft to fly shorter routes and save millions of gallons of fuel each year and cut carbon emissions
nextgen 是 一 種 美 國 聯 邦 航 空 總 署 宣 稱 可 讓 飛 機 縮 短 飛 行 路 徑 的 系 統 每 年 能 夠 節 省 上 百 萬 加 侖 的 燃 料 並 大 幅 削 減 碳 排 放	next gen is a flight control facility in the united states called for a system to short-circuit flights to get to the range of over a million gallons of fuel and a large-capital facility	nextgen is a system the faa claims would allow aircraft to fly shorter routes and save millions of gallons of fuel each year and cut carbon emissions
有 些 郵 輪 行 程 手 冊 中 介 紹 了 德 國 柏 林 如 上 方 地 圖 所 示 柏 林 並 不 靠 海 因 此 造 訪 此 城 的 花 費 並 不 包 含 在 郵 輪 費 用 中	some tourist attractions are introduced in german tourism and the top map is not covered by tourism so the cost of visiting is not included and is not included in tourist use	some cruises feature berlin germany in the brochures as you can see from the map above berlin is no where near the sea and a visit to the city is not included in the price of the cruise
有 些 郵 輪 行 程 手 冊 中 介 紹 了 德 國 柏 林 如 上 方 地 圖 所 示 柏 林 並 不 靠 海 因 此 造 訪 此 城 的 花 費 並 不 包 含 在 郵 輪 費 用 中	some tourist attractions are introduced in german tourism and the top map is not covered by tourism so the cost of visiting is not included and is not included in tourist use	some cruises feature berlin germany in the brochures as you can see from the map above berlin is no where near the sea and a visit to the city is not included in the price of the cruise
此 活 動 與 阿 爾 卑 斯 式 登 山 滑 雪 類 似 但 通 常 不 涉 及 高 山 滑 雪 與 登 山 這 兩 種 活 動 在 陡 峭 地 形 中 進 行 需 要 更 堅 固 的 滑 雪 板 和 雪 靴	this event is held with the arianian bishops and bishops but usually with the bishops and the bishops the two events are held in the eastern part of the country so the more ancient bishops and bishops are	it is related to but usually not involving alpine style ski touring or mountaineering the latter ones done in steep terrain and requiring much stiffer skis and boots
此 活 動 與 阿 爾 卑 斯 式 登 山 滑 雪 類 似 但 通 常 不 涉 及 高 山 滑 雪 與 登 山 這 兩 種 活 動 在 陡 峭 地 形 中 進 行 需 要 更 堅 固 的 滑 雪 板 和 雪 靴	this event is held with the arianian bishops and bishops but usually with the bishops and the bishops the two events are held in the eastern part of the country so the more ancient bishops and bishops are	it is related to but usually not involving alpine style ski touring or mountaineering the latter ones done in steep terrain and requiring much stiffer skis and boots
船 舶 包 括 遊 樂 船 和 有 遠 端 資 料 與 音 訊 需 求 的 探 險 船 時 常 使 用 這 項 服 務	suits including a trip to the lake and a trip to the far end and a trip to the pool of audio are often used	the service is frequently used by shipping including pleasure craft as well as expeditions who have remote data and voice needs
船 舶 包 括 遊 樂 船 和 有 遠 端 資 料 與 音 訊 需 求 的 探 險 船 時 常 使 用 這 項 服 務	suits including a trip to the lake and a trip to the far end and a trip to the pool of audio are often used	the service is frequently used by shipping including pleasure craft as well as expeditions who have remote data and voice needs
多 數 較 小 的 島 嶼 皆 為 獨 立 國 家 或 與 法 國 有 著 淵 源 且 以 奢 華 海 濱 度 假 村 聞 名	many teachers have been to and fro separate countries or to a french park or to a car or to a bldg	most of the smaller islands are independent nations or associated with france and known as luxury beach resorts
表 演 剛 開 演 五 分 鐘 就 突 然 捲 起 一 陣 狂 風 大 約 一 分 鐘 後 風 速 就 已 高 達 每 小 時 70 公 里 然 後 暴 雨 襲 來 雨 勢 又 急 又 大 打 在 皮 膚 上 有 如 針 刺 緊 接 著 冰 雹 從 天 而 降 人 們 驚 惶 尖 叫 奔 跑 互 踩	the performance took about 5 minutes to get up and it was about 70 kmph after a minute of windfall then arrived at the station and had a golden belt and had a fishing rod on top of the skin and was caught in the ice from the sky and was called a running tiger	five minutes into the display a wind starts rolling in about a minute later the wind is reaching 70km/h... then the rain comes but so hard and so large that it slaps your skin like a needle then hail fell from the sky people panicking and screaming and running over each other
表 演 剛 開 演 五 分 鐘 就 突 然 捲 起 一 陣 狂 風 大 約 一 分 鐘 後 風 速 就 已 高 達 每 小 時 70 公 里 然 後 暴 雨 襲 來 雨 勢 又 急 又 大 打 在 皮 膚 上 有 如 針 刺 緊 接 著 冰 雹 從 天 而 降 人 們 驚 惶 尖 叫 奔 跑 互 踩	the performance took about 5 minutes to get up and it was about 70 kmph after a minute of windfall then arrived at the station and had a golden belt and had a fishing rod on top of the skin and was caught in the ice from the sky and was called a running tiger	five minutes into the display a wind starts rolling in about a minute later the wind is reaching 70km/h... then the rain comes but so hard and so large that it slaps your skin like a needle then hail fell from the sky people panicking and screaming and running over each other
「基 本 上 他 威 爾 斯 從 一 開 始 就 對 我 們 撒 謊 首 先 假 裝 這 是 出 自 法 律 考 量 ；其 次 假 裝 在 聽 我 們 說 話 直 到 他 的 作 品 被 刪 除 」	he was basically trying to kill us from the start the fake was considering the law and the fake was listening to us until his work was deleted	"""he [wales] basically lied to us from the start. first by acting as if this was for legal reasons. second by pretending he was listening to us right up to his art deletion."
「基 本 上 他 威 爾 斯 從 一 開 始 就 對 我 們 撒 謊 首 先 假 裝 這 是 出 自 法 律 考 量 ；其 次 假 裝 在 聽 我 們 說 話 直 到 他 的 作 品 被 刪 除 」	he was basically trying to kill us from the start the fake was considering the law and the fake was listening to us until his work was deleted	"""he [wales] basically lied to us from the start. first by acting as if this was for legal reasons. second by pretending he was listening to us right up to his art deletion."
摩 爾 多 瓦 共 和 國 的 首 都 是 基 希 涅 夫 當 地 的 官 方 語 言 是 羅 馬 尼 亞 語 但 也 廣 泛 使 用 俄 語	moydawg was a local official language spoken in the hessian language but in the hessian language	the capital of moldova is chişinău. the local language is romanian but russian is widely used
摩 爾 多 瓦 共 和 國 的 首 都 是 基 希 涅 夫 當 地 的 官 方 語 言 是 羅 馬 尼 亞 語 但 也 廣 泛 使 用 俄 語	moydawg was a local official language spoken in the hessian language but in the hessian language	the capital of moldova is chişinău. the local language is romanian but russian is widely used
他 也 參 與 許 多 國 家 的 紙 鈔 雕 刻 工 作 近 期 作 品 包 括 加 拿 大 5 元 及 100 元 新 鈔 上 的 總 理 肖 像	taya also participated in many national bird fishing work including the five o'clock and eight o'clock general	he was also engaged in engraving banknotes for many countries recent examples of his work including the prime ministerial portraits on the front of the new canadian $5 and $100 bills
他 也 參 與 許 多 國 家 的 紙 鈔 雕 刻 工 作 近 期 作 品 包 括 加 拿 大 5 元 及 100 元 新 鈔 上 的 總 理 肖 像	taya also participated in many national bird fishing work including the five o'clock and eight o'clock general	he was also engaged in engraving banknotes for many countries recent examples of his work including the prime ministerial portraits on the front of the new canadian $5 and $100 bills
昨 天 早 上 在 土 耳 其 加 濟 安 泰 普 警 察 總 部 引 爆 的 汽 車 炸 彈 造 成 兩 名 員 警 死 亡 以 及 超 過 二 十 位 民 眾 受 傷	today a car crash was reported by police in the morning of the crash and two police dead and over twenty people injured	a car bomb detonated at police headquarters in gaziantep turkey yesterday morning killed two police officers and injured more than twenty other people
昨 天 早 上 在 土 耳 其 加 濟 安 泰 普 警 察 總 部 引 爆 的 汽 車 炸 彈 造 成 兩 名 員 警 死 亡 以 及 超 過 二 十 位 民 眾 受 傷	today a car crash was reported by police in the morning of the crash and two police dead and over twenty people injured	a car bomb detonated at police headquarters in gaziantep turkey yesterday morning killed two police officers and injured more than twenty other people
這 些 理 論 探 討 是 什 麼 讓 某 些 人 想 要 某 些 東 西 以 及 在 他 們 的 環 境 中 是 什 麼 讓 他 們 想 做 或 不 做 某 些 事	these theories suggest what kind of people want to do something and what they want to do or do not in their environment	these theories look at what it is about certain people that make them want the things that they do and what things in their environment will make them do or not do certain things
這 些 理 論 探 討 是 什 麼 讓 某 些 人 想 要 某 些 東 西 以 及 在 他 們 的 環 境 中 是 什 麼 讓 他 們 想 做 或 不 做 某 些 事	these theories suggest what kind of people want to do something and what they want to do or do not in their environment	these theories look at what it is about certain people that make them want the things that they do and what things in their environment will make them do or not do certain things
同 一 個 月 在 馬 什 哈 德 有 另 一 架 民 航 客 機 滑 行 衝 出 跑 道 、撞 上 一 面 牆 、並 造 成 十 七 人 死 亡	since a month another flight of civil aviation or flight to the site of the crash had been made to make 17 people die	the same month saw another airliner overrun a runway at mashhad and strike a wall killing seventeen
同 一 個 月 在 馬 什 哈 德 有 另 一 架 民 航 客 機 滑 行 衝 出 跑 道 、撞 上 一 面 牆 、並 造 成 十 七 人 死 亡	since a month another flight of civil aviation or flight to the site of the crash had been made to make 17 people die	the same month saw another airliner overrun a runway at mashhad and strike a wall killing seventeen
現 今 無 法 收 起 翅 膀 的 昆 蟲 只 有 蜻 蜓 與 蜉 蝣	there is only a room and a bed for the prisoner who is not in the room next to the room	today the only insects that cannot fold back their wings are dragon flies and mayflies
現 今 無 法 收 起 翅 膀 的 昆 蟲 只 有 蜻 蜓 與 蜉 蝣	there is only a room and a bed for the prisoner who is not in the room next to the room	today the only insects that cannot fold back their wings are dragon flies and mayflies
而 改 朝 換 代 之 際 也 是 各 地 分 裂 動 盪 的 時 期 其 中 最 著 名 的 就 是 漢 朝 和 晉 朝 之 間 60 年 的 三 國 時 代	the change of times was also a period of the division of the region the most famous was the three times between han dynasty and jun dynasty	also between each dynasty was an unstable age of divided provinces the best-known of these periods was the three kingdoms epoch taking place for 60 years between the han and the jin dynasty
而 改 朝 換 代 之 際 也 是 各 地 分 裂 動 盪 的 時 期 其 中 最 著 名 的 就 是 漢 朝 和 晉 朝 之 間 60 年 的 三 國 時 代	the change of times was also a period of the division of the region the most famous was the three times between han dynasty and jun dynasty	also between each dynasty was an unstable age of divided provinces the best-known of these periods was the three kingdoms epoch taking place for 60 years between the han and the jin dynasty
牠 也 會 攻 擊 所 有 進 入 水 中 的 任 何 東 西 ；即 使 是 像 霸 王 龍 這 樣 的 巨 型 恐 龍 也 不 是 牠 的 對 手	he also attacks everything in the water which is like a dinosaur in the wild and not his opponent	it also attacked anything that entered the water even a giant dinosaur such as t rex would be no match for it
牠 也 會 攻 擊 所 有 進 入 水 中 的 任 何 東 西 ；即 使 是 像 霸 王 龍 這 樣 的 巨 型 恐 龍 也 不 是 牠 的 對 手	he also attacks everything in the water which is like a dinosaur in the wild and not his opponent	it also attacked anything that entered the water even a giant dinosaur such as t rex would be no match for it
具 有 名 副 其 實 的 「隱 形 管 理 團 隊 」摘 自 larson and lafasto 1989 年 的 著 作 第 109 頁 也 是 個 構 成 虛 擬 團 隊 的 獨 特 要 素	the famous team is the jr lufus1989 series 109th which is a unique number for the co-presenter group	the presence of a true  invisible team” larson and lafasto 1989 p109 is also a unique component of a virtual team
具 有 名 副 其 實 的 「隱 形 管 理 團 隊 」摘 自 larson and lafasto 1989 年 的 著 作 第 109 頁 也 是 個 構 成 虛 擬 團 隊 的 獨 特 要 素	the famous team is the jr lufus1989 series 109th which is a unique number for the co-presenter group	the presence of a true  invisible team” larson and lafasto 1989 p109 is also a unique component of a virtual team
人 們 自 古 就 認 識 金 、銀 、銅 等 基 本 化 學 元 素 因 為 這 些 元 素 皆 以 原 貌 存 在 於 自 然 界 且 使 用 原 始 工 具 開 採 相 當 簡 單	people assume that the number of molecules in the atom is the same as the number of particles in the atom because the number of particles in the atom is the same as the number of particles in the atom using the original formula is fairly simple	people have known about basic chemical elements such as gold silver and copper from antiquity as these can all be discovered in nature in native form and are relatively simple to mine with primitive tools
人 們 自 古 就 認 識 金 、銀 、銅 等 基 本 化 學 元 素 因 為 這 些 元 素 皆 以 原 貌 存 在 於 自 然 界 且 使 用 原 始 工 具 開 採 相 當 簡 單	people assume that the number of molecules in the atom is the same as the number of particles in the atom because the number of particles in the atom is the same as the number of particles in the atom using the original formula is fairly simple	people have known about basic chemical elements such as gold silver and copper from antiquity as these can all be discovered in nature in native form and are relatively simple to mine with primitive tools
遺 蹟 群 邊 緣 大 部 分 的 建 築 都 已 經 過 重 建 好 讓 遊 客 更 加 暸 解 原 本 的 樣 貌	most buildings in the fort were rebuilt to make the tourists more aware of the original look	most of the buildings on the edges of the complex have been rebuilt in order to give tourists a better idea of how they originally appeared
遺 蹟 群 邊 緣 大 部 分 的 建 築 都 已 經 過 重 建 好 讓 遊 客 更 加 暸 解 原 本 的 樣 貌	most buildings in the fort were rebuilt to make the tourists more aware of the original look	most of the buildings on the edges of the complex have been rebuilt in order to give tourists a better idea of how they originally appeared
自 1988 年 起 投 票 箱 必 須 是 透 明 的 以 讓 選 民 和 觀 察 員 可 以 見 證 投 票 開 始 時 箱 內 沒 有 信 封 並 且 除 了 經 過 授 權 且 確 實 計 數 的 選 民 投 入 的 信 封 沒 有 另 外 投 入 信 封	since 1988 voting must have been clear voters and prosecutors have been able to see that voters have no信封 and no other信封 other than through the power of the party	since 1988 ballot boxes must be transparent so that voters and observers can witness that no envelopes are present at the start of the vote and that no envelopes are added except those of the duly counted and authorized voters
自 1988 年 起 投 票 箱 必 須 是 透 明 的 以 讓 選 民 和 觀 察 員 可 以 見 證 投 票 開 始 時 箱 內 沒 有 信 封 並 且 除 了 經 過 授 權 且 確 實 計 數 的 選 民 投 入 的 信 封 沒 有 另 外 投 入 信 封	since 1988 voting must have been clear voters and prosecutors have been able to see that voters have no信封 and no other信封 other than through the power of the party	since 1988 ballot boxes must be transparent so that voters and observers can witness that no envelopes are present at the start of the vote and that no envelopes are added except those of the duly counted and authorized voters
目 前 所 做 的 研 究 主 要 都 是 理 論 上 的 但 此 計 畫 的 目 的 在 於 模 擬 對 人 馬 座 星 系 所 做 的 觀 察	the research done today is mainly theoretical but the goal of the project is to observe what is done to the person	the work done was mostly theoretical but the program was written to simulate observations made of the sagittarius galaxy
目 前 所 做 的 研 究 主 要 都 是 理 論 上 的 但 此 計 畫 的 目 的 在 於 模 擬 對 人 馬 座 星 系 所 做 的 觀 察	the research done today is mainly theoretical but the goal of the project is to observe what is done to the person	the work done was mostly theoretical but the program was written to simulate observations made of the sagittarius galaxy
取 消 政 策 各 家 不 同 但 三 月 底 後 大 多 數 因 新 冠 病 毒 所 設 的 取 消 政 策 並 沒 有 延 長 到 2020 年 七 月 亦 即 原 定 舉 辦 奧 運 的 日 期	the government of chrysos is different from the country but most of the government that has been affected by the new virus after march did not have the potential to make a deal in june 2027	cancellation policies vary but as of late march most coronavirus-based cancellation policies don't extend to july 2020 when the olympics had been scheduled
但 鳥 類 與 恐 龍 仍 有 許 多 相 似 之 處	but the fear of the dragon has many similar characteristics	but there are a lot of things about birds that still look like a dinosaur
但 鳥 類 與 恐 龍 仍 有 許 多 相 似 之 處	but the fear of the dragon has many similar characteristics	but there are a lot of things about birds that still look like a dinosaur
網 路 結 合 了 大 眾 與 人 際 溝 通 這 兩 種 元 素	the network combined with a number of elements that were common to people	the internet combines elements of both mass and interpersonal communication
網 路 結 合 了 大 眾 與 人 際 溝 通 這 兩 種 元 素	the network combined with a number of elements that were common to people	the internet combines elements of both mass and interpersonal communication
當 地 由 法 國 「維 希 」人 vichy 所 統 治 這 些 法 國 人 在 1940 年 與 德 國 人 和 睦 相 處 並 與 侵 略 者 合 作 而 非 對 抗	these french united with the german alliance 1940 and had a close cooperation with the british alliance	it was ruled by the vichy french these were french people who had made peace with the germans in 1940 and worked with the invaders instead of fighting them
當 地 由 法 國 「維 希 」人 vichy 所 統 治 這 些 法 國 人 在 1940 年 與 德 國 人 和 睦 相 處 並 與 侵 略 者 合 作 而 非 對 抗	these french united with the german alliance 1940 and had a close cooperation with the british alliance	it was ruled by the vichy french these were french people who had made peace with the germans in 1940 and worked with the invaders instead of fighting them
在 網 際 網 路 上 搜 尋 「敵 意 環 境 課 程 」大 概 就 能 找 到 本 地 公 司 的 地 址	the second-class expansion on the internet is located in the place where the company is located	a search of the internet for hostile environment course' will probably provide the address of a local company
在 網 際 網 路 上 搜 尋 「敵 意 環 境 課 程 」大 概 就 能 找 到 本 地 公 司 的 地 址	the second-class expansion on the internet is located in the place where the company is located	a search of the internet for hostile environment course' will probably provide the address of a local company
哪 些 人 造 物 品 屬 於 古 董 並 沒 有 一 個 放 諸 四 海 皆 準 的 定 義 有 些 稅 務 機 關 將 歷 史 超 過 100 年 的 物 品 定 義 為 古 董	those people were made of antique and had a four-seater structure some water relics have been used to make antique for over 100 years	there is no universal definition for which manufactured items are antiques some tax agencies define goods older than 100 years as antiques
哪 些 人 造 物 品 屬 於 古 董 並 沒 有 一 個 放 諸 四 海 皆 準 的 定 義 有 些 稅 務 機 關 將 歷 史 超 過 100 年 的 物 品 定 義 為 古 董	those people were made of antique and had a four-seater structure some water relics have been used to make antique for over 100 years	there is no universal definition for which manufactured items are antiques some tax agencies define goods older than 100 years as antiques
到 了 1976 年 百 分 之 三 十 的 馬 丘 比 丘 已 被 修 復 且 修 復 工 作 一 直 持 續 到 今 日	in 1976 30% of the money was taken and the job has been permanent until today	by 1976 thirty percent of machu picchu had been restored and restoration continues till today
到 了 1976 年 百 分 之 三 十 的 馬 丘 比 丘 已 被 修 復 且 修 復 工 作 一 直 持 續 到 今 日	in 1976 30% of the money was taken and the job has been permanent until today	by 1976 thirty percent of machu picchu had been restored and restoration continues till today
規 模 較 大 的 公 司 在 部 分 航 線 上 有 自 己 的 飛 機 但 是 其 他 航 線 或 規 模 較 小 的 公 司 就 會 比 較 麻 煩	the company with the largest scale has its own aircraft on some lines but the smaller scale or scale lines are more troublesome	on some routes the larger companies have their own planes but for other routes and smaller firms there was a problem
規 模 較 大 的 公 司 在 部 分 航 線 上 有 自 己 的 飛 機 但 是 其 他 航 線 或 規 模 較 小 的 公 司 就 會 比 較 麻 煩	the company with the largest scale has its own aircraft on some lines but the smaller scale or scale lines are more troublesome	on some routes the larger companies have their own planes but for other routes and smaller firms there was a problem
穆 罕 默 德 對 於 超 脫 這 個 世 俗 世 界 的 事 物 深 感 興 趣 他 常 去 「努 爾 」光 山 上 一 個 叫 做 「西 拉 hira」的 洞 穴 冥 想	it is a great honor for the world to be so excited about its long-term bright-day history of the sileo era	muhammad was deeply interested in matters beyond this mundane life. he used to frequent a cave that became known as  hira‘” on the mountain of  noor” light for contemplation
穆 罕 默 德 對 於 超 脫 這 個 世 俗 世 界 的 事 物 深 感 興 趣 他 常 去 「努 爾 」光 山 上 一 個 叫 做 「西 拉 hira」的 洞 穴 冥 想	it is a great honor for the world to be so excited about its long-term bright-day history of the sileo era	muhammad was deeply interested in matters beyond this mundane life. he used to frequent a cave that became known as  hira‘” on the mountain of  noor” light for contemplation
執 政 黨 西 南 非 洲 人 民 組 織 swapo 也 在 國 會 選 舉 中 保 住 了 多 數 黨 的 地 位	the swpo is also the place where the party is held in the national election	the ruling party south west africa people's organisation swapo also retained a majority in the parliamentary elections
執 政 黨 西 南 非 洲 人 民 組 織 swapo 也 在 國 會 選 舉 中 保 住 了 多 數 黨 的 地 位	the swpo is also the place where the party is held in the national election	the ruling party south west africa people's organisation swapo also retained a majority in the parliamentary elections
擁 有 車 子 的 人 變 多 也 會 使 道 路 意 外 的 機 率 變 高 進 而 使 人 類 發 展 出 修 復 受 傷 肢 體 的 新 醫 護 技 術	there are many cars that have been used to report accidents but humans have developed new skills to overcome injuries	mass car ownership also leads to a higher incidence of accidents on the roads which leads to the invention of new techniques in healthcare for repairing damaged bodies
擁 有 車 子 的 人 變 多 也 會 使 道 路 意 外 的 機 率 變 高 進 而 使 人 類 發 展 出 修 復 受 傷 肢 體 的 新 醫 護 技 術	there are many cars that have been used to report accidents but humans have developed new skills to overcome injuries	mass car ownership also leads to a higher incidence of accidents on the roads which leads to the invention of new techniques in healthcare for repairing damaged bodies
通 常 會 一 直 聽 到 遊 客 和 攤 販 的 聲 音 聲 光 交 織 的 故 事 宛 如 一 本 故 事 書	singu is often heard by tourists and visitors and the story of the light is always a story	usually you always here the sound of tourists and vendors the story of the sound and light is just like a story book
虛 擬 鷹 架 已 內 建 在 軟 體 中 功 能 是 提 問 、提 示 和 說 明 學 生 可 能 難 以 獨 自 處 理 的 程 序	he should have seen that the subject matter and the statement were likely to be a unique emotion	virtual scaffolds are internalized in the software and are meant to question prompt and explain procedures that may have been to challenging for the student to handle alone
虛 擬 鷹 架 已 內 建 在 軟 體 中 功 能 是 提 問 、提 示 和 說 明 學 生 可 能 難 以 獨 自 處 理 的 程 序	he should have seen that the subject matter and the statement were likely to be a unique emotion	virtual scaffolds are internalized in the software and are meant to question prompt and explain procedures that may have been to challenging for the student to handle alone
馬 達 加 斯 加 是 其 中 最 大 的 一 座 島 野 生 動 植 物 豐 富 使 該 島 本 身 自 成 一 塊 大 陸	madagascar is one of the biggest islands and is full of wildlife which is a big island in its own way	madagascar is by far the biggest and a continent on its own when it comes to wildlife
馬 達 加 斯 加 是 其 中 最 大 的 一 座 島 野 生 動 植 物 豐 富 使 該 島 本 身 自 成 一 塊 大 陸	madagascar is one of the biggest islands and is full of wildlife which is a big island in its own way	madagascar is by far the biggest and a continent on its own when it comes to wildlife
但 實 驗 法 並 不 是 唯 一 實 驗 是 能 消 除 一 個 或 多 個 假 設 的 測 試 問 問 題 和 進 行 觀 察 也 能 夠 引 領 科 學 研 究	but the experiment was not the only one where the experiment was able to get rid of a more or less valid test and observe and study other methods	it isn't alone though experimentation and an experiment is a test that is used to eliminate one or more of the possible hypotheses asking questions and making observations also guide scientific research
但 實 驗 法 並 不 是 唯 一 實 驗 是 能 消 除 一 個 或 多 個 假 設 的 測 試 問 問 題 和 進 行 觀 察 也 能 夠 引 領 科 學 研 究	but the experiment was not the only one where the experiment was able to get rid of a more or less valid test and observe and study other methods	it isn't alone though experimentation and an experiment is a test that is used to eliminate one or more of the possible hypotheses asking questions and making observations also guide scientific research
這 套 切 斷 必 要 軍 事 及 民 生 物 資 供 應 的 戰 略 確 實 奏 效 雖 然 這 種 封 鎖 方 式 已 違 反 過 去 兩 個 世 紀 以 來 透 過 多 項 國 際 協 議 所 制 定 且 普 遍 為 各 國 接 受 的 國 際 法 規	the design of the ship is a symbol of the military and the physical power of the ship though this style of approach is considered to be a national law passed in the past by the international community and is often considered to be a national law by all nations	the strategy proved effective cutting off vital military and civilian supplies although this blockade violated generally accepted international law codified by several international agreements of the past two centuries
消 防 隊 最 後 在 晚 間 11:35 撲 滅 火 勢	the fire was finally extinguished at 11.35 a.m.	fire rescue crews eventually doused the fire by 11:35 pm
消 防 隊 最 後 在 晚 間 11:35 撲 滅 火 勢	the fire was finally extinguished at 11.35 a.m.	fire rescue crews eventually doused the fire by 11:35 pm
地 殼 在 近 端 厚 約 七 十 公 里 在 遠 端 厚 約 一 百 公 里	the earth is about 70 km away from here and about 100 km away from the source	the crust is about 70 km thick on the near side and 100 km thick on the far side
科 學 家 能 斷 定 暗 物 質 用 與 一 般 物 質 相 同 的 方 式 影 響 其 他 暗 物 質	the process of breaking the material into pieces is the same as the regular material	the scientists were able to conclude that the dark matter affect other dark matter in the same way regular matter does
請 勿 在 建 築 物 上 做 標 記 或 塗 鴉 以 免 破 壞 景 點 的 外 觀	please look at the view from the building to the view from the view of the view from the view of the view from the view from the view from the view from the view from the view from the view from the view from the view from the view from the view from the view from the view from the view from the view from the view from the view from the view from the view from the view from the view from the view from the view from the view from the view from the view from the view from the view from the view from the view from the view from the view from the view from the view from the	do not deface the site by marking or scratching graffiti into structures
請 勿 在 建 築 物 上 做 標 記 或 塗 鴉 以 免 破 壞 景 點 的 外 觀	please look at the view from the building to the view from the view of the view from the view of the view from the view from the view from the view from the view from the view from the view from the view from the view from the view from the view from the view from the view from the view from the view from the view from the view from the view from the view from the view from the view from the view from the view from the view from the view from the view from the view from the view from the view from the view from the view from the view from the view from the view from the	do not deface the site by marking or scratching graffiti into structures
校 外 教 學 是 學 校 教 育 重 要 的 一 環 很 多 時 候 老 師 會 想 帶 學 生 去 公 車 到 不 了 的 地 方	outdoor education is an important part of school and often teachers want to take students to places they can't	field trips are a large part of any classroom quite often a teacher would love to take her students places to which a bus trip is not an option
每 一 個 世 代 分 離 和 重 組 會 使 得 顯 性 和 隱 性 兩 組 基 因 不 斷 產 生 變 化	every generation is trying to create and transform both humans and humans	segregation and recombination shuffle variation back and forth between the two pools with each generation
每 一 個 世 代 分 離 和 重 組 會 使 得 顯 性 和 隱 性 兩 組 基 因 不 斷 產 生 變 化	every generation is trying to create and transform both humans and humans	segregation and recombination shuffle variation back and forth between the two pools with each generation
美 國 體 操 協 會 和 美 國 奧 委 會 擁 有 相 同 的 目 標 也 就 是 讓 體 操 和 其 他 運 動 儘 可 能 安 全 讓 運 動 員 得 以 在 安 全 、正 向 和 擁 有 自 主 權 的 環 境 中 追 尋 自 己 的 夢 想	the united states' health and security committee have both goals which are to ensure health and security of athletes and other sports so that athletes are interested in the environment of safety and the health and security authority to pursue their dreams	usa gymnastics and the usoc have the same goal making the sport of gymnastics and others as safe as possible for athletes to follow their dreams in a safe positive and empowered environment
美 國 體 操 協 會 和 美 國 奧 委 會 擁 有 相 同 的 目 標 也 就 是 讓 體 操 和 其 他 運 動 儘 可 能 安 全 讓 運 動 員 得 以 在 安 全 、正 向 和 擁 有 自 主 權 的 環 境 中 追 尋 自 己 的 夢 想	the united states' health and security committee have both goals which are to ensure health and security of athletes and other sports so that athletes are interested in the environment of safety and the health and security authority to pursue their dreams	usa gymnastics and the usoc have the same goal making the sport of gymnastics and others as safe as possible for athletes to follow their dreams in a safe positive and empowered environment
摔 角 選 手 們 也 向 露 娜 致 敬	sports players are also very excited	fellow wrestlers also paid tribute to luna
摔 角 選 手 們 也 向 露 娜 致 敬	sports players are also very excited	fellow wrestlers also paid tribute to luna
省 長 辦 公 室 表 示 傷 患 中 有 十 九 名 是 警 察	the governor said there were 19 police in the crowd	the governor's office said nineteen of the injured were police officers
省 長 辦 公 室 表 示 傷 患 中 有 十 九 名 是 警 察	the governor said there were 19 police in the crowd	the governor's office said nineteen of the injured were police officers
此 活 動 與 阿 爾 卑 斯 式 登 山 滑 雪 類 似 但 通 常 不 涉 及 高 山 滑 雪 與 登 山 這 兩 種 活 動 在 陡 峭 地 形 中 進 行 需 要 更 堅 固 的 滑 雪 板 和 雪 靴	the event is similar to the aribe-style mountain skiing but usually not as much as the gosang ski and mountain skiing these two events are held in a steep shape so you need more solid rock and snow	it is related to but usually not involving alpine style ski touring or mountaineering the latter ones done in steep terrain and requiring much stiffer skis and boots
此 活 動 與 阿 爾 卑 斯 式 登 山 滑 雪 類 似 但 通 常 不 涉 及 高 山 滑 雪 與 登 山 這 兩 種 活 動 在 陡 峭 地 形 中 進 行 需 要 更 堅 固 的 滑 雪 板 和 雪 靴	the event is similar to the aribe-style mountain skiing but usually not as much as the gosang ski and mountain skiing these two events are held in a steep shape so you need more solid rock and snow	it is related to but usually not involving alpine style ski touring or mountaineering the latter ones done in steep terrain and requiring much stiffer skis and boots
海 地 正 義 與 民 主 組 織 參 考 了 幾 份 獨 立 研 究 這 些 研 究 認 為 尼 泊 爾 聯 合 國 維 和 部 隊 在 不 知 情 的 情 況 下 將 該 疾 病 帶 入 海 地	the sea region is a separate study of the population group involved in the trip these studies suggest that the united states and the army will bring the disease into the sea if they do not know	the haitian institute for justice and democracy has referenced independent studies that suggest the nepalese un peacekeeping battalion unknowingly brought the disease to haiti
海 地 正 義 與 民 主 組 織 參 考 了 幾 份 獨 立 研 究 這 些 研 究 認 為 尼 泊 爾 聯 合 國 維 和 部 隊 在 不 知 情 的 情 況 下 將 該 疾 病 帶 入 海 地	the sea region is a separate study of the population group involved in the trip these studies suggest that the united states and the army will bring the disease into the sea if they do not know	the haitian institute for justice and democracy has referenced independent studies that suggest the nepalese un peacekeeping battalion unknowingly brought the disease to haiti
地 鐵 中 的 固 定 廣 播 只 有 加 泰 羅 尼 亞 語 但 自 動 化 系 統 也 會 以 西 班 牙 語 、英 語 、法 語 、阿 拉 伯 語 、日 語 等 多 國 語 言 進 行 意 料 之 外 的 插 播	the local ad is only catalan-ish but the system also uses spanish english french arabian greek and many other languages	regular announcements in the metro are made only in catalan but unplanned disruptions are announced by an automated system in a wide variety of languages including spanish english french arabic and japanese
地 鐵 中 的 固 定 廣 播 只 有 加 泰 羅 尼 亞 語 但 自 動 化 系 統 也 會 以 西 班 牙 語 、英 語 、法 語 、阿 拉 伯 語 、日 語 等 多 國 語 言 進 行 意 料 之 外 的 插 播	the local ad is only catalan-ish but the system also uses spanish english french arabian greek and many other languages	regular announcements in the metro are made only in catalan but unplanned disruptions are announced by an automated system in a wide variety of languages including spanish english french arabic and japanese
因 此 組 織 合 力 克 服 障 礙 的 過 程 能 推 動 創 新 過 程 以 滿 足 客 戶 的 需 求	this is why the organization is in a position to overcome obstacles and to promote the process of building up and satisfying the needs of the customers	as a result the process of an organization working together to overcome an obstacle can lead to a new innovative process to serve the customer's need
因 此 組 織 合 力 克 服 障 礙 的 過 程 能 推 動 創 新 過 程 以 滿 足 客 戶 的 需 求	this is why the organization is in a position to overcome obstacles and to promote the process of building up and satisfying the needs of the customers	as a result the process of an organization working together to overcome an obstacle can lead to a new innovative process to serve the customer's need
拉 克 辛 也 獻 上 56 饗 聖 歌 歌 手 拉 朱 坎 德 爾 沃 爾 則 陪 他 獻 唱	the singer also performed at 56th st singer's performance with the singer	lakkha singh presented the chhappan bhog bhajan as well singer raju khandelwal was accompanying him
但 鳥 類 與 恐 龍 仍 有 許 多 相 似 之 處	but the fear and the fear still have many similarities	but there are a lot of things about birds that still look like a dinosaur
但 鳥 類 與 恐 龍 仍 有 許 多 相 似 之 處	but the fear and the fear still have many similarities	but there are a lot of things about birds that still look like a dinosaur
獅 子 是 最 群 居 性 的 貓 科 生 活 在 名 為 獅 群 的 大 團 體 中	cigar is the oldest cat living in the group of the name sikun	lions are the most social cats living in large groups called prides
獅 子 是 最 群 居 性 的 貓 科 生 活 在 名 為 獅 群 的 大 團 體 中	cigar is the oldest cat living in the group of the name sikun	lions are the most social cats living in large groups called prides
如 果 你 想 近 距 離 觀 賞 活 動 你 必 須 提 早 進 去 找 到 一 個 靠 近 音 樂 演 奏 的 露 營 地 點	if you want to go further you have to advance to a place where you can see the path of a close-up	if you want to be close to the action you're going to have to get in early to get a camping site close to the music
如 果 你 想 近 距 離 觀 賞 活 動 你 必 須 提 早 進 去 找 到 一 個 靠 近 音 樂 演 奏 的 露 營 地 點	if you want to go further you have to advance to a place where you can see the path of a close-up	if you want to be close to the action you're going to have to get in early to get a camping site close to the music
他 的 作 品 擁 有 如 此 高 辨 識 度 的 品 質 和 細 節 這 使 他 成 為 集 郵 家 之 間 極 少 數 「家 喻 戶 曉 」的 人 物 之 一 有 些 集 郵 家 甚 至 只 蒐 集 他 的 作 品	its work is made of a very high quality material and quality which is a small amount of material that becomes a gas and even just a little of its work	his work is of such recognized quality and detail that he is one of the very few household names among philatelists some specialize in collecting his work alone
他 的 作 品 擁 有 如 此 高 辨 識 度 的 品 質 和 細 節 這 使 他 成 為 集 郵 家 之 間 極 少 數 「家 喻 戶 曉 」的 人 物 之 一 有 些 集 郵 家 甚 至 只 蒐 集 他 的 作 品	its work is made of a very high quality material and quality which is a small amount of material that becomes a gas and even just a little of its work	his work is of such recognized quality and detail that he is one of the very few household names among philatelists some specialize in collecting his work alone
獅 群 裡 有 一 到 三 隻 成 年 公 獅 再 加 上 多 達 三 十 隻 母 獅 和 幼 獅 組 成	the group consists of 1 to 3 adult companies and more than 30 mousses and mousses	prides are made up of one to three related adult males along with as many as thirty females and cubs
獅 群 裡 有 一 到 三 隻 成 年 公 獅 再 加 上 多 達 三 十 隻 母 獅 和 幼 獅 組 成	the group consists of 1 to 3 adult companies and more than 30 mousses and mousses	prides are made up of one to three related adult males along with as many as thirty females and cubs
寫 部 落 格 是 一 種 啟 發 合 作 的 工 具 可 以 鼓 勵 學 生 將 學 習 遠 遠 延 伸 到 傳 統 的 學 校 生 活 之 外	sébrogat is a tool for development that encourages students to live a long and traditional life	blogging is a tool that inspires collaboration and encourages students to extend learning well beyond the traditional school day
寫 部 落 格 是 一 種 啟 發 合 作 的 工 具 可 以 鼓 勵 學 生 將 學 習 遠 遠 延 伸 到 傳 統 的 學 校 生 活 之 外	sébrogat is a tool for development that encourages students to live a long and traditional life	blogging is a tool that inspires collaboration and encourages students to extend learning well beyond the traditional school day
海 地 正 義 與 民 主 組 織 參 考 了 幾 份 獨 立 研 究 這 些 研 究 認 為 尼 泊 爾 聯 合 國 維 和 部 隊 在 不 知 情 的 情 況 下 將 該 疾 病 帶 入 海 地	the sea has been a separate study of the policy and the democratic organization's participation in the process and these studies suggest that you bring the disease into the sea if you don't know	the haitian institute for justice and democracy has referenced independent studies that suggest the nepalese un peacekeeping battalion unknowingly brought the disease to haiti
海 地 正 義 與 民 主 組 織 參 考 了 幾 份 獨 立 研 究 這 些 研 究 認 為 尼 泊 爾 聯 合 國 維 和 部 隊 在 不 知 情 的 情 況 下 將 該 疾 病 帶 入 海 地	the sea has been a separate study of the policy and the democratic organization's participation in the process and these studies suggest that you bring the disease into the sea if you don't know	the haitian institute for justice and democracy has referenced independent studies that suggest the nepalese un peacekeeping battalion unknowingly brought the disease to haiti
他 補 充 道 ：「然 而 不 應 該 要 求 他 們 承 擔 超 出 其 發 展 階 段 、責 任 和 能 力 的 義 務 」	he added that they should not be worried about the development of any possible means	he added that they should not however be asked to take on obligations that go beyond their development stage responsibility and capabilities
他 補 充 道 ：「然 而 不 應 該 要 求 他 們 承 擔 超 出 其 發 展 階 段 、責 任 和 能 力 的 義 務 」	he added that they should not be worried about the development of any possible means	he added that they should not however be asked to take on obligations that go beyond their development stage responsibility and capabilities
請 記 得 就 算 主 舞 台 的 音 樂 演 出 結 束 了 音 樂 祭 其 它 地 方 的 表 演 仍 有 可 能 持 續 到 深 夜	please remember that even the sound performance of the stage is over the performance in other places may remain in the heart	remember that even though music on the main stages may have finished there may be sections of the festival that will keep playing music until late into the night
請 記 得 就 算 主 舞 台 的 音 樂 演 出 結 束 了 音 樂 祭 其 它 地 方 的 表 演 仍 有 可 能 持 續 到 深 夜	please remember that even the sound performance of the stage is over the performance in other places may remain in the heart	remember that even though music on the main stages may have finished there may be sections of the festival that will keep playing music until late into the night
「safari」一 詞 普 遍 是 指 欣 賞 壯 麗 的 非 洲 野 生 動 植 物 特 別 是 草 原 動 植 物 的 陸 上 旅 行	safari once said that the tropical wild animals in the state of emergency were especially for hiking	the term safari in popular use refers to overland travel to view the stunning african wildlife particularly on savanna
「safari」一 詞 普 遍 是 指 欣 賞 壯 麗 的 非 洲 野 生 動 植 物 特 別 是 草 原 動 植 物 的 陸 上 旅 行	safari once said that the tropical wild animals in the state of emergency were especially for hiking	the term safari in popular use refers to overland travel to view the stunning african wildlife particularly on savanna
他 沒 有 設 定 減 少 的 數 量 只 聲 稱 將 依 據 中 國 的 經 濟 產 出 進 行 削 減	they have set a number to reduce which is known as the economic failure of the chinese economy	he did not set a figure for the cuts saying they will be made based on china's economic output
他 沒 有 設 定 減 少 的 數 量 只 聲 稱 將 依 據 中 國 的 經 濟 產 出 進 行 削 減	they have set a number to reduce which is known as the economic failure of the chinese economy	he did not set a figure for the cuts saying they will be made based on china's economic output
北 美 山 區 時 間 下 午 10:00 至 11:00 間 囚 犯 在 庭 院 中 縱 火	the northern mountain region was on fire from 5 to 11 o'clock in the park	between 10:00-11:00 pm mdt a fire was started by the inmates in the yard
北 美 山 區 時 間 下 午 10:00 至 11:00 間 囚 犯 在 庭 院 中 縱 火	the northern mountain region was on fire from 5 to 11 o'clock in the park	between 10:00-11:00 pm mdt a fire was started by the inmates in the yard
1940 年 8 月 15 日 同 盟 國 進 攻 法 國 南 部 史 稱 「龍 騎 兵 行 動 」	the march was called the march of the dragon horses on august 15 1940	on 15 august 1940 the allies invaded southern france the invasion was called operation dragoon
自 從 1537 年 亞 松 森 建 城 以 來 巴 拉 圭 就 設 法 保 持 當 地 的 諸 多 特 色 與 風 貌	since 1537 the palaque has been a special and rich place to be	since the foundation of asunción in 1537 paraguay has managed to keep a lot of its indigenous character and identity
自 從 1537 年 亞 松 森 建 城 以 來 巴 拉 圭 就 設 法 保 持 當 地 的 諸 多 特 色 與 風 貌	since 1537 the palaque has been a special and rich place to be	since the foundation of asunción in 1537 paraguay has managed to keep a lot of its indigenous character and identity
實 際 上 即 便 有 人 知 道 它 的 存 在 也 不 容 易 找 到 一 旦 進 到 山 洞 內 就 完 全 與 世 隔 絕	although some people know that its existence is not easy to find once it enters the cave it is completely closed	in fact it is not easy to find at all even if one knew it existed once inside the cave it is a total isolation
實 際 上 即 便 有 人 知 道 它 的 存 在 也 不 容 易 找 到 一 旦 進 到 山 洞 內 就 完 全 與 世 隔 絕	although some people know that its existence is not easy to find once it enters the cave it is completely closed	in fact it is not easy to find at all even if one knew it existed once inside the cave it is a total isolation
腦 部 病 理 學 與 行 為 之 間 的 關 聯 支 持 科 學 家 進 行 研 究	the study of the relationship between the patient and the patient is based on scientific research	the correlation between brain pathology and behaviour supports scientists in their research
腦 部 病 理 學 與 行 為 之 間 的 關 聯 支 持 科 學 家 進 行 研 究	the study of the relationship between the patient and the patient is based on scientific research	the correlation between brain pathology and behaviour supports scientists in their research
老 虎 是 全 方 面 的 運 動 員 能 攀 爬 雖 然 不 太 專 精 ﹑游 泳 ﹑遠 距 離 跳 躍 並 擁 有 超 過 一 個 強 壯 人 類 五 倍 的 拉 力	the tiger is a fully-guarded athlete who can jump and over a five-peter-dust-weight strongman even though he is not very professional	a well rounded athlete the tiger can climb though not well swim leap great distances and pull with five times the force of a strong human
老 虎 是 全 方 面 的 運 動 員 能 攀 爬 雖 然 不 太 專 精 ﹑游 泳 ﹑遠 距 離 跳 躍 並 擁 有 超 過 一 個 強 壯 人 類 五 倍 的 拉 力	the tiger is a fully-guarded athlete who can jump and over a five-peter-dust-weight strongman even though he is not very professional	a well rounded athlete the tiger can climb though not well swim leap great distances and pull with five times the force of a strong human
二 十 世 紀 的 研 究 顯 示 有 兩 種 基 因 變 異 ：隱 性 和 顯 性	the study in the 20s showed that there were two types of genetic transformation in the population	twentieth century research has shown that there are two pools of genetic variation hidden and expressed
二 十 世 紀 的 研 究 顯 示 有 兩 種 基 因 變 異 ：隱 性 和 顯 性	the study in the 20s showed that there were two types of genetic transformation in the population	twentieth century research has shown that there are two pools of genetic variation hidden and expressed
日 本 政 府 核 能 機 構 表 示 已 在 核 電 廠 找 到 放 射 性 銫 及 碘	japan government's nuclear power plant said it had destroyed the nuclear power plant's nuclear power plant	according to japan's nuclear agency radioactive caesium and iodine has been identified at the plant
日 本 政 府 核 能 機 構 表 示 已 在 核 電 廠 找 到 放 射 性 銫 及 碘	japan government's nuclear power plant said it had destroyed the nuclear power plant's nuclear power plant	according to japan's nuclear agency radioactive caesium and iodine has been identified at the plant
請 勿 在 建 築 物 上 做 標 記 或 塗 鴉 以 免 破 壞 景 點 的 外 觀	please make a design or a print in order to break the attraction	do not deface the site by marking or scratching graffiti into structures
請 勿 在 建 築 物 上 做 標 記 或 塗 鴉 以 免 破 壞 景 點 的 外 觀	please make a design or a print in order to break the attraction	do not deface the site by marking or scratching graffiti into structures
53 歲 的 古 莫 今 年 稍 早 上 任 為 州 長 上 個 月 簽 署 了 一 項 將 同 性 婚 姻 合 法 化 的 法 案	the 53-year-old aged man was admitted to the state of affairs this morning in a case of a marriage and legalization in july	cuomo 53 began his governorship earlier this year and signed a bill last month legalizing same-sex marriage
53 歲 的 古 莫 今 年 稍 早 上 任 為 州 長 上 個 月 簽 署 了 一 項 將 同 性 婚 姻 合 法 化 的 法 案	the 53-year-old aged man was admitted to the state of affairs this morning in a case of a marriage and legalization in july	cuomo 53 began his governorship earlier this year and signed a bill last month legalizing same-sex marriage
地 鐵 中 的 固 定 廣 播 只 有 加 泰 羅 尼 亞 語 但 自 動 化 系 統 也 會 以 西 班 牙 語 、英 語 、法 語 、阿 拉 伯 語 、日 語 等 多 國 語 言 進 行 意 料 之 外 的 插 播	the solid ad in the land only has catalanese but the automatic system also has a foreign language like spanish english phalegian alabacabana and Japanese	regular announcements in the metro are made only in catalan but unplanned disruptions are announced by an automated system in a wide variety of languages including spanish english french arabic and japanese
地 鐵 中 的 固 定 廣 播 只 有 加 泰 羅 尼 亞 語 但 自 動 化 系 統 也 會 以 西 班 牙 語 、英 語 、法 語 、阿 拉 伯 語 、日 語 等 多 國 語 言 進 行 意 料 之 外 的 插 播	the solid ad in the land only has catalanese but the automatic system also has a foreign language like spanish english phalegian alabacabana and Japanese	regular announcements in the metro are made only in catalan but unplanned disruptions are announced by an automated system in a wide variety of languages including spanish english french arabic and japanese
合 金 基 本 上 是 兩 種 或 以 上 的 金 屬 的 混 合 物 別 忘 了 週 期 表 上 是 有 許 多 元 素 的	hubs are basically two or more gold-capable goods that are usually of many origin	alloys are basically a mixture of two or more metals don't forget that there are many elements on the periodic table
合 金 基 本 上 是 兩 種 或 以 上 的 金 屬 的 混 合 物 別 忘 了 週 期 表 上 是 有 許 多 元 素 的	hubs are basically two or more gold-capable goods that are usually of many origin	alloys are basically a mixture of two or more metals don't forget that there are many elements on the periodic table
校 外 教 學 是 學 校 教 育 重 要 的 一 環 很 多 時 候 老 師 會 想 帶 學 生 去 公 車 到 不 了 的 地 方	schools are a very important part of education often teachers want students to go to places they can't	field trips are a large part of any classroom quite often a teacher would love to take her students places to which a bus trip is not an option
古 文 化 與 部 落 開 始 飼 養 牠 們 以 便 取 得 奶 、毛 、肉 與 皮	the ancient culture and the blog started to make them feel better	ancient cultures and tribes began to keep them for easy access to milk hair meat and skins
古 文 化 與 部 落 開 始 飼 養 牠 們 以 便 取 得 奶 、毛 、肉 與 皮	the ancient culture and the blog started to make them feel better	ancient cultures and tribes began to keep them for easy access to milk hair meat and skins
獅 子 是 最 群 居 性 的 貓 科 生 活 在 名 為 獅 群 的 大 團 體 中	the lion is a cat living in the name of the lion's group	lions are the most social cats living in large groups called prides
獅 子 是 最 群 居 性 的 貓 科 生 活 在 名 為 獅 群 的 大 團 體 中	the lion is a cat living in the name of the lion's group	lions are the most social cats living in large groups called prides
特 別 是 有 人 認 為 可 以 透 過 正 確 解 讀 微 表 情 來 偵 測 一 個 人 是 否 在 說 謊	especially people are thinking that it is better to check if the poison is in the tank by yourself	in particular it is claimed that one can detect whether a person is lying by interpreting micro-expressions correctly
特 別 是 有 人 認 為 可 以 透 過 正 確 解 讀 微 表 情 來 偵 測 一 個 人 是 否 在 說 謊	especially people are thinking that it is better to check if the poison is in the tank by yourself	in particular it is claimed that one can detect whether a person is lying by interpreting micro-expressions correctly
因 為 牠 們 長 著 羽 毛 且 能 夠 飛 翔 很 多 人 不 認 為 牠 們 是 恐 龍 的 一 種	because they are very hot and can fly many people don't think they are a kind of fear	many people don't think about them as dinosaurs because they have feathers and can fly
因 為 牠 們 長 著 羽 毛 且 能 夠 飛 翔 很 多 人 不 認 為 牠 們 是 恐 龍 的 一 種	because they are very hot and can fly many people don't think they are a kind of fear	many people don't think about them as dinosaurs because they have feathers and can fly
雖 然 無 法 確 定 但 我 們 認 為 牠 可 能 有 雙 分 舌 牠 會 吃 烏 龜 、大 型 魚 類 、其 他 滄 龍 屬 恐 龍 甚 至 可 能 也 會 吃 同 類	although we are not sure we think it might have a split it might have a turtle a rooster and other dinosaur maybe even a ant	we don't know for sure but it may have had a forked tongue its diet included turtles large fish other mosasaurs and it may even have been a cannibal
雖 然 無 法 確 定 但 我 們 認 為 牠 可 能 有 雙 分 舌 牠 會 吃 烏 龜 、大 型 魚 類 、其 他 滄 龍 屬 恐 龍 甚 至 可 能 也 會 吃 同 類	although we are not sure we think it might have a split it might have a turtle a rooster and other dinosaur maybe even a ant	we don't know for sure but it may have had a forked tongue its diet included turtles large fish other mosasaurs and it may even have been a cannibal
山 羊 似 乎 是 在 一 萬 年 前 左 右 在 伊 朗 的 札 格 洛 斯 山 脈 首 次 被 馴 養 的	it seems like the mountain was built about ten thousand years ago in the first time in iraq by ross	goats seem to have been first domesticated roughly 10,000 years ago in the zagros mountains of iran
山 羊 似 乎 是 在 一 萬 年 前 左 右 在 伊 朗 的 札 格 洛 斯 山 脈 首 次 被 馴 養 的	it seems like the mountain was built about ten thousand years ago in the first time in iraq by ross	goats seem to have been first domesticated roughly 10,000 years ago in the zagros mountains of iran
「safari」一 詞 普 遍 是 指 欣 賞 壯 麗 的 非 洲 野 生 動 植 物 特 別 是 草 原 動 植 物 的 陸 上 旅 行	savari is a popular tourist attraction in the eastern east of the region that is only popular for its tourist attractions	the term safari in popular use refers to overland travel to view the stunning african wildlife particularly on savanna
「safari」一 詞 普 遍 是 指 欣 賞 壯 麗 的 非 洲 野 生 動 植 物 特 別 是 草 原 動 植 物 的 陸 上 旅 行	savari is a popular tourist attraction in the eastern east of the region that is only popular for its tourist attractions	the term safari in popular use refers to overland travel to view the stunning african wildlife particularly on savanna
他 們 搭 乘 馬 車 返 回 巴 黎 沿 途 被 一 群 暴 民 包 圍 民 眾 對 著 國 王 和 王 后 叫 囂 、口 出 威 脅	they boarded the carriage and went back to the park to be surrounded by a group of people who were threatening the king and queen	in a carriage they traveled back to paris surrounded by a mob of people screaming and shouting threats against the king and queen
他 們 搭 乘 馬 車 返 回 巴 黎 沿 途 被 一 群 暴 民 包 圍 民 眾 對 著 國 王 和 王 后 叫 囂 、口 出 威 脅	they boarded the carriage and went back to the park to be surrounded by a group of people who were threatening the king and queen	in a carriage they traveled back to paris surrounded by a mob of people screaming and shouting threats against the king and queen
他 無 法 服 用 藥 物 來 抑 制 疼 痛 因 為 奧 運 會 禁 止 使 用 那 些 藥 物	he was unable to use the drug and was in a state of shock because owing would press the used drug	he has been unable to take the drugs needed to overcome his pain as they are banned from the games
他 無 法 服 用 藥 物 來 抑 制 疼 痛 因 為 奧 運 會 禁 止 使 用 那 些 藥 物	he was unable to use the drug and was in a state of shock because owing would press the used drug	he has been unable to take the drugs needed to overcome his pain as they are banned from the games
交 通 流 量 就 是 研 究 兩 地 之 間 的 個 別 駕 駛 和 交 通 工 具 的 移 動 情 況 以 及 用 路 人 之 間 的 互 動 關 係	travel is a transportation situation where separate driver and transportation tools are located and the interaction between the passengers	traffic flow is the study of the movement of individual drivers and vehicles between two points and the interactions they make with one another
交 通 流 量 就 是 研 究 兩 地 之 間 的 個 別 駕 駛 和 交 通 工 具 的 移 動 情 況 以 及 用 路 人 之 間 的 互 動 關 係	travel is a transportation situation where separate driver and transportation tools are located and the interaction between the passengers	traffic flow is the study of the movement of individual drivers and vehicles between two points and the interactions they make with one another
安 琪 兒 2006年 說 明 了 連 續 模 式 這 是 一 個 用 來 幫 助 組 織 達 到 更 高 績 效 水 準 的 方 法	anke in 2006 said that the series was a way to help groups achieve greater success	angel 2006 explains the continuum approach as a method being used to help organizations reach a higher level of performance
離 岸 流 是 海 浪 打 上 海 灘 後 斷 開 而 折 回 的 浪 通 常 會 出 現 在 礁 石 附 近 或 類 似 的 地 方	the river lianglou is a place where waves can be caught after a sea trip and often appear near the islands or somewhere similar	rip currents are the returning flow from waves breaking off the beach often at a reef or similar
離 岸 流 是 海 浪 打 上 海 灘 後 斷 開 而 折 回 的 浪 通 常 會 出 現 在 礁 石 附 近 或 類 似 的 地 方	the river lianglou is a place where waves can be caught after a sea trip and often appear near the islands or somewhere similar	rip currents are the returning flow from waves breaking off the beach often at a reef or similar
有 些 郵 輪 行 程 手 冊 中 介 紹 了 德 國 柏 林 如 上 方 地 圖 所 示 柏 林 並 不 靠 海 因 此 造 訪 此 城 的 花 費 並 不 包 含 在 郵 輪 費 用 中	some tourist attractions have introduced germany to the map the white snow is not a sea so it is a flower garden and not included in the tourist use	some cruises feature berlin germany in the brochures as you can see from the map above berlin is no where near the sea and a visit to the city is not included in the price of the cruise
有 些 郵 輪 行 程 手 冊 中 介 紹 了 德 國 柏 林 如 上 方 地 圖 所 示 柏 林 並 不 靠 海 因 此 造 訪 此 城 的 花 費 並 不 包 含 在 郵 輪 費 用 中	some tourist attractions have introduced germany to the map the white snow is not a sea so it is a flower garden and not included in the tourist use	some cruises feature berlin germany in the brochures as you can see from the map above berlin is no where near the sea and a visit to the city is not included in the price of the cruise
亞 里 斯 多 德 的 所 有 科 學 問 題 觀 點 包 含 心 理 學 在 內 皆 被 接 受	all the scientific issues aris has include psychological problems and the need to accept them	accepted were aristotle's views on all matters of science including psychology
亞 里 斯 多 德 的 所 有 科 學 問 題 觀 點 包 含 心 理 學 在 內 皆 被 接 受	all the scientific issues aris has include psychological problems and the need to accept them	accepted were aristotle's views on all matters of science including psychology
除 了 上 方 晴 朗 美 麗 的 天 空 和 周 圍 群 山 其 他 什 麼 都 看 不 到 ；洞 穴 內 部 只 能 看 到 或 聽 到 一 小 部 分 的 世 界	after the sky above the castle and the mountains surrounding it nothing else was visible and only a small part of the world could see or hear the inside of the cave	nothing can be seen other than the clear beautiful sky above and the many surrounding mountains very little of this world can be seen or heard from inside the cave
除 了 上 方 晴 朗 美 麗 的 天 空 和 周 圍 群 山 其 他 什 麼 都 看 不 到 ；洞 穴 內 部 只 能 看 到 或 聽 到 一 小 部 分 的 世 界	after the sky above the castle and the mountains surrounding it nothing else was visible and only a small part of the world could see or hear the inside of the cave	nothing can be seen other than the clear beautiful sky above and the many surrounding mountains very little of this world can be seen or heard from inside the cave
兩 名 攝 影 師 後 來 與 一 名 需 要 如 廁 的 老 婦 人 交 換 最 後 曼 多 薩 被 擊 斃	two photographers later exchanged pictures of the man who needed to be like this and later killed and were shot	the photographers later took the place of an aged lady as she needed the lavatory mendoza was gunned down
兩 名 攝 影 師 後 來 與 一 名 需 要 如 廁 的 老 婦 人 交 換 最 後 曼 多 薩 被 擊 斃	two photographers later exchanged pictures of the man who needed to be like this and later killed and were shot	the photographers later took the place of an aged lady as she needed the lavatory mendoza was gunned down
科 學 家 希 望 瞭 解 星 球 形 成 的 過 程 尤 其 是 地 球 因 為 彗 星 在 很 久 以 前 曾 與 地 球 相 撞	scientists hope to understand the process of the star formation especially the earth because the star is in the very old age when it is in the same position	scientists hope to understand how planets form especially how the earth formed since comets collided with the earth long ago
科 學 家 希 望 瞭 解 星 球 形 成 的 過 程 尤 其 是 地 球 因 為 彗 星 在 很 久 以 前 曾 與 地 球 相 撞	scientists hope to understand the process of the star formation especially the earth because the star is in the very old age when it is in the same position	scientists hope to understand how planets form especially how the earth formed since comets collided with the earth long ago
熱 巧 克 力 的 水 準 符 合 比 利 時 標 準 果 汁 很 貴 但 非 常 好 喝	the hot black water is better than the rich juice but very hot	the hot chocolate is up to belgian standards fruit juices are pricey but excellent
熱 巧 克 力 的 水 準 符 合 比 利 時 標 準 果 汁 很 貴 但 非 常 好 喝	the hot black water is better than the rich juice but very hot	the hot chocolate is up to belgian standards fruit juices are pricey but excellent
較 傳 統 的 教 堂 通 常 會 在 復 活 節 週 末 的 週 六 夜 晚 舉 辦 一 場 復 活 節 守 夜 祈 禱 會 午 夜 到 來 時 參 與 的 信 眾 會 一 齊 慶 祝 耶 穌 的 復 活	the traditional church would often celebrate the christmas of the week at the service of the week at 5 a.m. the believers would celebrate the christian christ together	more traditional churches often hold an easter vigil on saturday night during the easter weekend with the congregations often breaking into celebration at the stroke of midnight to celebrate christ's resurrection
摔 角 選 手 們 也 向 露 娜 致 敬	sanskrit also went to lola	fellow wrestlers also paid tribute to luna
摔 角 選 手 們 也 向 露 娜 致 敬	sanskrit also went to lola	fellow wrestlers also paid tribute to luna
遺 蹟 群 邊 緣 大 部 分 的 建 築 都 已 經 過 重 建 好 讓 遊 客 更 加 暸 解 原 本 的 樣 貌	most buildings in the region have been rebuilt and the tourist industry is more aware of the original architecture	most of the buildings on the edges of the complex have been rebuilt in order to give tourists a better idea of how they originally appeared
遺 蹟 群 邊 緣 大 部 分 的 建 築 都 已 經 過 重 建 好 讓 遊 客 更 加 暸 解 原 本 的 樣 貌	most buildings in the region have been rebuilt and the tourist industry is more aware of the original architecture	most of the buildings on the edges of the complex have been rebuilt in order to give tourists a better idea of how they originally appeared
仍 有 許 多 當 時 在 此 的 男 女 存 活 了 下 來 還 有 更 多 人 的 摯 愛 在 此 被 殺 害 或 勞 動 至 死 不 管 是 不 是 猶 太	there were many men and women who were all over the place and were more than killed or killed even if there was no one	there are still many men and women alive who survived their time here and many more who had loved ones who were murdered or worked to death there jews and non-jews alike
仍 有 許 多 當 時 在 此 的 男 女 存 活 了 下 來 還 有 更 多 人 的 摯 愛 在 此 被 殺 害 或 勞 動 至 死 不 管 是 不 是 猶 太	there were many men and women who were all over the place and were more than killed or killed even if there was no one	there are still many men and women alive who survived their time here and many more who had loved ones who were murdered or worked to death there jews and non-jews alike
獅 群 的 行 為 和 狼 群 或 狗 群 非 常 相 像 這 兩 種 動 物 意 外 地 和 獅 子 但 不 包 括 其 他 大 型 貓 科 相 似 而 且 也 對 牠 們 的 獵 物 非 常 狠	the behavior of the deer and the wolf or the fox are very similar these two animals are wild and selfish but not like other large cats and they are also very attached to their animals	lion prides act much like packs of wolves or dogs animals surprisingly similar to lions but not other big cats in behavior and also very deadly to their prey
獅 群 的 行 為 和 狼 群 或 狗 群 非 常 相 像 這 兩 種 動 物 意 外 地 和 獅 子 但 不 包 括 其 他 大 型 貓 科 相 似 而 且 也 對 牠 們 的 獵 物 非 常 狠	the behavior of the deer and the wolf or the fox are very similar these two animals are wild and selfish but not like other large cats and they are also very attached to their animals	lion prides act much like packs of wolves or dogs animals surprisingly similar to lions but not other big cats in behavior and also very deadly to their prey
二 十 世 紀 的 研 究 顯 示 有 兩 種 基 因 變 異 ：隱 性 和 顯 性	the study in the 20th century showed two changes in the body of a human being	twentieth century research has shown that there are two pools of genetic variation hidden and expressed
二 十 世 紀 的 研 究 顯 示 有 兩 種 基 因 變 異 ：隱 性 和 顯 性	the study in the 20th century showed two changes in the body of a human being	twentieth century research has shown that there are two pools of genetic variation hidden and expressed
酸 鹼 值 ph 是 根 據 化 學 物 質 中 的 氫 離 子 含 量 而 定 ph 的 h 就 是 指 氫	px is a specific number of particles in the substance and pxx is a index	the ph level is indicated by the amount of hydrogen the h in ph ions in the tested chemical
酸 鹼 值 ph 是 根 據 化 學 物 質 中 的 氫 離 子 含 量 而 定 ph 的 h 就 是 指 氫	px is a specific number of particles in the substance and pxx is a index	the ph level is indicated by the amount of hydrogen the h in ph ions in the tested chemical
在 群 島 和 湖 泊 中 您 並 不 一 定 需 要 一 隻 遊 艇	you don't have to swim in a group or lake	in the archipelagos and lakes you do not necessarily need a yacht
在 群 島 和 湖 泊 中 您 並 不 一 定 需 要 一 隻 遊 艇	you don't have to swim in a group or lake	in the archipelagos and lakes you do not necessarily need a yacht
隨 著 希 臘 學 問 的 沒 落 西 方 世 界 斷 開 了 其 與 希 臘 哲 學 和 科 學 的 根 源	besides the helipads the western world has opened up to the roots of helipads and science	as knowledge of greek declined the west found itself cut off from its greek philosophical and scientific roots
隨 著 希 臘 學 問 的 沒 落 西 方 世 界 斷 開 了 其 與 希 臘 哲 學 和 科 學 的 根 源	besides the helipads the western world has opened up to the roots of helipads and science	as knowledge of greek declined the west found itself cut off from its greek philosophical and scientific roots
吉 薩 大 金 字 塔 是 現 今 唯 一 仍 矗 立 的 世 界 七 大 奇 蹟	the greek capital is the only world in the world to be in a state of conflict	the great pyramid at giza is the only one of the seven wonders that is still standing today
吉 薩 大 金 字 塔 是 現 今 唯 一 仍 矗 立 的 世 界 七 大 奇 蹟	the greek capital is the only world in the world to be in a state of conflict	the great pyramid at giza is the only one of the seven wonders that is still standing today
這 種 疾 病 存 在 於 豬 身 上 然 後 透 過 蚊 子 傳 播 給 人 類	the disease spread over the body and through the body it spread all over the human body	the disease is carried by pigs which then migrates to humans through mosquitos
這 種 疾 病 存 在 於 豬 身 上 然 後 透 過 蚊 子 傳 播 給 人 類	the disease spread over the body and through the body it spread all over the human body	the disease is carried by pigs which then migrates to humans through mosquitos
通 常 把 這 些 事 件 發 生 的 時 代 稱 為 中 古 盛 期 也 就 是 歐 洲 歷 史 的 11、12 和 13 世 紀 西 元 1000–1300 年	these events were often called the end of the century which was the 11th 12th and 13th centuries of the european history and lasted from 1000 to 1300	the age where the events took place is commonly referred as the high middle ages the period of european history in the 11th 12th and 13th centuries ad 1000–1300
通 常 把 這 些 事 件 發 生 的 時 代 稱 為 中 古 盛 期 也 就 是 歐 洲 歷 史 的 11、12 和 13 世 紀 西 元 1000–1300 年	these events were often called the end of the century which was the 11th 12th and 13th centuries of the european history and lasted from 1000 to 1300	the age where the events took place is commonly referred as the high middle ages the period of european history in the 11th 12th and 13th centuries ad 1000–1300
它 作 為 奢 華 中 心 的 名 聲 約 始 於 西 元 400 年 並 一 路 持 續 到 西 元 1100 年 左 右	it is a symbol of the caribbean center and dates back to the fourteenth century and has been in the west for about eleven hundred years	its renown for being an epicenter of luxury began in about 400 a.d. and lasted up until about 1100 a.d
它 作 為 奢 華 中 心 的 名 聲 約 始 於 西 元 400 年 並 一 路 持 續 到 西 元 1100 年 左 右	it is a symbol of the caribbean center and dates back to the fourteenth century and has been in the west for about eleven hundred years	its renown for being an epicenter of luxury began in about 400 a.d. and lasted up until about 1100 a.d
但 實 驗 法 並 不 是 唯 一 實 驗 是 能 消 除 一 個 或 多 個 假 設 的 測 試 問 問 題 和 進 行 觀 察 也 能 夠 引 領 科 學 研 究	but experiment law is not the only way to get rid of a or more fake test to question and observe if it is possible to get a scientific research done	it isn't alone though experimentation and an experiment is a test that is used to eliminate one or more of the possible hypotheses asking questions and making observations also guide scientific research
但 實 驗 法 並 不 是 唯 一 實 驗 是 能 消 除 一 個 或 多 個 假 設 的 測 試 問 問 題 和 進 行 觀 察 也 能 夠 引 領 科 學 研 究	but experiment law is not the only way to get rid of a or more fake test to question and observe if it is possible to get a scientific research done	it isn't alone though experimentation and an experiment is a test that is used to eliminate one or more of the possible hypotheses asking questions and making observations also guide scientific research
川 普 與 土 耳 其 總 統 艾 爾 多 安 通 過 電 話 後 便 發 表 這 則 聲 明	champion and vice president idon called to say his statement	the announcement was made after trump had a phone conversation with turkish president recep tayyip erdoğan
川 普 與 土 耳 其 總 統 艾 爾 多 安 通 過 電 話 後 便 發 表 這 則 聲 明	champion and vice president idon called to say his statement	the announcement was made after trump had a phone conversation with turkish president recep tayyip erdoğan
阿 皮 亞 是 薩 摩 亞 的 首 都 這 個 城 鎮 位 於 烏 波 盧 島 上 人 口 接 近 40,000 人	apias is a city of sandals and is located on the island of ubalud and is inhabited by four million people	apia is the capital of samoa the town is on the island of upolu and has a population of just under 40,000
阿 皮 亞 是 薩 摩 亞 的 首 都 這 個 城 鎮 位 於 烏 波 盧 島 上 人 口 接 近 40,000 人	apias is a city of sandals and is located on the island of ubalud and is inhabited by four million people	apia is the capital of samoa the town is on the island of upolu and has a population of just under 40,000
昨 天 早 上 在 土 耳 其 加 濟 安 泰 普 警 察 總 部 引 爆 的 汽 車 炸 彈 造 成 兩 名 員 警 死 亡 以 及 超 過 二 十 位 民 眾 受 傷	today morning two police were killed and more than twenty people were injured in a car crash in the police headquarters of antipop	a car bomb detonated at police headquarters in gaziantep turkey yesterday morning killed two police officers and injured more than twenty other people
昨 天 早 上 在 土 耳 其 加 濟 安 泰 普 警 察 總 部 引 爆 的 汽 車 炸 彈 造 成 兩 名 員 警 死 亡 以 及 超 過 二 十 位 民 眾 受 傷	today morning two police were killed and more than twenty people were injured in a car crash in the police headquarters of antipop	a car bomb detonated at police headquarters in gaziantep turkey yesterday morning killed two police officers and injured more than twenty other people
他 也 參 與 許 多 國 家 的 紙 鈔 雕 刻 工 作 近 期 作 品 包 括 加 拿 大 5 元 及 100 元 新 鈔 上 的 總 理 肖 像	taya also worked in many countries including carada and the general manager of the 100-yen market	he was also engaged in engraving banknotes for many countries recent examples of his work including the prime ministerial portraits on the front of the new canadian $5 and $100 bills
他 也 參 與 許 多 國 家 的 紙 鈔 雕 刻 工 作 近 期 作 品 包 括 加 拿 大 5 元 及 100 元 新 鈔 上 的 總 理 肖 像	taya also worked in many countries including carada and the general manager of the 100-yen market	he was also engaged in engraving banknotes for many countries recent examples of his work including the prime ministerial portraits on the front of the new canadian $5 and $100 bills
「這 並 非 結 束 而 只 是 一 章 的 結 尾 和 新 一 章 的 開 始 」	this was not just a quick start but just a very beautiful and new beginning	this is not going to be goodbye this is the closing of one chapter and the opening of a new one
「這 並 非 結 束 而 只 是 一 章 的 結 尾 和 新 一 章 的 開 始 」	this was not just a quick start but just a very beautiful and new beginning	this is not going to be goodbye this is the closing of one chapter and the opening of a new one
較 傳 統 的 教 堂 通 常 會 在 復 活 節 週 末 的 週 六 夜 晚 舉 辦 一 場 復 活 節 守 夜 祈 禱 會 午 夜 到 來 時 參 與 的 信 眾 會 一 齊 慶 祝 耶 穌 的 復 活	the traditional church usually hosts a night party on the weekend of the week of the service of the week the service of the night is held on the 5th of june the religious party of the night will celebrate the christian service together	more traditional churches often hold an easter vigil on saturday night during the easter weekend with the congregations often breaking into celebration at the stroke of midnight to celebrate christ's resurrection
許 多 德 國 的 烘 焙 食 品 中 常 含 有 杏 仁 、榛 果 和 其 他 木 本 堅 果 而 熱 門 的 蛋 糕 品 項 通 常 特 別 適 合 搭 配 一 杯 濃 厚 的 咖 啡	many german food items are often served with a cup of coffee or a cup of coffee from a local store or in a local store	many german baked goods also feature almonds hazelnuts and other tree nuts popular cakes often pair particularly well with a cup of strong coffee
若 要 欣 賞 香 港 最 好 的 景 色 你 可 以 離 開 香 港 島 並 前 往 對 岸 的 九 龍 海 濱	also remember to leave the island and go to the island of the island of the island of the island of the island of the island of the island of the island of the island of the island of the island of the island of the island of the island of the island of the island of the island of the island of the island of the island of the island of the island of the island of the island of the island of the island of the island of the island of the island of the island of the island of the island of the island of the island of the island of the island of the island of the island of the	to get the best views of hong kong leave the island and head for the kowloon waterfront opposite
若 要 欣 賞 香 港 最 好 的 景 色 你 可 以 離 開 香 港 島 並 前 往 對 岸 的 九 龍 海 濱	also remember to leave the island and go to the island of the island of the island of the island of the island of the island of the island of the island of the island of the island of the island of the island of the island of the island of the island of the island of the island of the island of the island of the island of the island of the island of the island of the island of the island of the island of the island of the island of the island of the island of the island of the island of the island of the island of the island of the island of the island of the island of the	to get the best views of hong kong leave the island and head for the kowloon waterfront opposite
透 過 虛 擬 方 式 分 享 校 外 教 學 也 是 回 顧 該 次 旅 行 和 向 未 來 班 級 分 享 經 驗 的 好 方 法	during the trip to the future class sharing a good way to travel and to travel to the future class sharing a good way to travel and to travel to the future class sharing a good way to travel and to travel to the future class sharing a good way to travel to the future class sharing a good way to travel to the future class sharing a good way to travel to the future class sharing a good way to travel to the future class sharing a good way to travel to the future class sharing a good way to travel to the future class sharing a good way to travel to the future class sharing a good way to travel to	sharing a field trip virtually is also a great way to reflect a on a trip and share experiences with future classes
透 過 虛 擬 方 式 分 享 校 外 教 學 也 是 回 顧 該 次 旅 行 和 向 未 來 班 級 分 享 經 驗 的 好 方 法	during the trip to the future class sharing a good way to travel and to travel to the future class sharing a good way to travel and to travel to the future class sharing a good way to travel and to travel to the future class sharing a good way to travel to the future class sharing a good way to travel to the future class sharing a good way to travel to the future class sharing a good way to travel to the future class sharing a good way to travel to the future class sharing a good way to travel to the future class sharing a good way to travel to the future class sharing a good way to travel to	sharing a field trip virtually is also a great way to reflect a on a trip and share experiences with future classes
甘 藍 汁 會 根 據 化 學 物 質 的 酸 鹼 度 變 色	the blue color changes depending on the material of the chemical	the cabbage juice changes color depending on how acidic or basic alkaline the chemical is
甘 藍 汁 會 根 據 化 學 物 質 的 酸 鹼 度 變 色	the blue color changes depending on the material of the chemical	the cabbage juice changes color depending on how acidic or basic alkaline the chemical is
此 報 告 大 力 抨 擊 了 行 政 機 構 現 行 對 伊 拉 克 政 策 的 幾 乎 所 有 面 向 並 強 烈 主 張 立 即 改 變 方 向	the report showed that the flight attendants were working on the project and were trying to get the hang of it	the report is highly critical of almost every aspect of the present policy of the executive towards iraq and it urges an immediate change of direction
53 歲 的 古 莫 今 年 稍 早 上 任 為 州 長 上 個 月 簽 署 了 一 項 將 同 性 婚 姻 合 法 化 的 法 案	the 53-year-old aged-old manager of the company signed a legal agreement with the same marriage	cuomo 53 began his governorship earlier this year and signed a bill last month legalizing same-sex marriage
53 歲 的 古 莫 今 年 稍 早 上 任 為 州 長 上 個 月 簽 署 了 一 項 將 同 性 婚 姻 合 法 化 的 法 案	the 53-year-old aged-old manager of the company signed a legal agreement with the same marriage	cuomo 53 began his governorship earlier this year and signed a bill last month legalizing same-sex marriage
奧 利 佛 ‧薩 克 斯 在 他 的 文 章 〈總 統 的 演 講 〉中 指 出 因 為 腦 部 受 損 而 無 法 理 解 演 講 內 容 的 人 仍 然 可 以 準 確 感 受 到 演 講 者 的 誠 意	orif sass in his speech said that because the old man was willing to illegally act the person still could feel the sincerity of the actor	oliver sacks in his paper the president's speech indicated how people who are unable to understand speech because of brain damage are nevertheless able to assess sincerity accurately
奧 利 佛 ‧薩 克 斯 在 他 的 文 章 〈總 統 的 演 講 〉中 指 出 因 為 腦 部 受 損 而 無 法 理 解 演 講 內 容 的 人 仍 然 可 以 準 確 感 受 到 演 講 者 的 誠 意	orif sass in his speech said that because the old man was willing to illegally act the person still could feel the sincerity of the actor	oliver sacks in his paper the president's speech indicated how people who are unable to understand speech because of brain damage are nevertheless able to assess sincerity accurately
因 此 會 加 上 這 段 話 很 有 可 能 只 是 為 了 做 標 示	so it is possible to add a paragraph to make a mark	so it is likely that the notation was added simply as a label
因 此 會 加 上 這 段 話 很 有 可 能 只 是 為 了 做 標 示	so it is possible to add a paragraph to make a mark	so it is likely that the notation was added simply as a label
這 些 沉 積 物 是 形 成 野 生 動 物 棲 地 的 河 口 沙 洲 和 海 灘 的 必 要 物 質	these insects are the essential substances for the ocean of wild animals	this sediment was necessary for creating sandbars and beaches which served as wildlife habitats
這 些 沉 積 物 是 形 成 野 生 動 物 棲 地 的 河 口 沙 洲 和 海 灘 的 必 要 物 質	these insects are the essential substances for the ocean of wild animals	this sediment was necessary for creating sandbars and beaches which served as wildlife habitats
請 記 得 就 算 主 舞 台 的 音 樂 演 出 結 束 了 音 樂 祭 其 它 地 方 的 表 演 仍 有 可 能 持 續 到 深 夜	please remember that even if the musical performance of the stage is over the musical performance in other places can still be of great importance	remember that even though music on the main stages may have finished there may be sections of the festival that will keep playing music until late into the night
請 記 得 就 算 主 舞 台 的 音 樂 演 出 結 束 了 音 樂 祭 其 它 地 方 的 表 演 仍 有 可 能 持 續 到 深 夜	please remember that even if the musical performance of the stage is over the musical performance in other places can still be of great importance	remember that even though music on the main stages may have finished there may be sections of the festival that will keep playing music until late into the night
也 許 購 買 一 張 wild card 聯 票 會 比 較 划 算 這 種 聯 票 可 讓 你 進 入 南 非 某 些 精 選 的 公 園 或 是 南 非 所 有 的 國 家 公 園	sometimes you buy a well card ticket to draw a ticket which allows you to enter a park with a certain amount of money or all the country's park	it may also be beneficial for one to buy a wild card which provides entry to either selections of parks in south africa or all of the south african national parks
也 許 購 買 一 張 wild card 聯 票 會 比 較 划 算 這 種 聯 票 可 讓 你 進 入 南 非 某 些 精 選 的 公 園 或 是 南 非 所 有 的 國 家 公 園	sometimes you buy a well card ticket to draw a ticket which allows you to enter a park with a certain amount of money or all the country's park	it may also be beneficial for one to buy a wild card which provides entry to either selections of parks in south africa or all of the south african national parks
雖 然 無 法 確 定 但 我 們 認 為 牠 可 能 有 雙 分 舌 牠 會 吃 烏 龜 、大 型 魚 類 、其 他 滄 龍 屬 恐 龍 甚 至 可 能 也 會 吃 同 類	although we are not sure we think it might have a twin it might have a turtle with a fish and other dinosaur maybe it might have a ant	we don't know for sure but it may have had a forked tongue its diet included turtles large fish other mosasaurs and it may even have been a cannibal
雖 然 無 法 確 定 但 我 們 認 為 牠 可 能 有 雙 分 舌 牠 會 吃 烏 龜 、大 型 魚 類 、其 他 滄 龍 屬 恐 龍 甚 至 可 能 也 會 吃 同 類	although we are not sure we think it might have a twin it might have a turtle with a fish and other dinosaur maybe it might have a ant	we don't know for sure but it may have had a forked tongue its diet included turtles large fish other mosasaurs and it may even have been a cannibal
當 地 由 法 國 「維 希 」人 vichy 所 統 治 這 些 法 國 人 在 1940 年 與 德 國 人 和 睦 相 處 並 與 侵 略 者 合 作 而 非 對 抗	when the french were in charge these french had worked together with the german in 1940 and had not met	it was ruled by the vichy french these were french people who had made peace with the germans in 1940 and worked with the invaders instead of fighting them
當 地 由 法 國 「維 希 」人 vichy 所 統 治 這 些 法 國 人 在 1940 年 與 德 國 人 和 睦 相 處 並 與 侵 略 者 合 作 而 非 對 抗	when the french were in charge these french had worked together with the german in 1940 and had not met	it was ruled by the vichy french these were french people who had made peace with the germans in 1940 and worked with the invaders instead of fighting them
前 往 重 稅 國 家 旅 行 的 旅 客 有 時 可 以 省 下 一 筆 不 小 的 花 費 尤 其 是 在 菸 、酒 等 商 品 上	for tourists visiting rich countries you can pay a lot of money especially on marigolds and other goods	travellers bound for countries with heavy taxation can sometimes save a considerable amount of money especially on products such as alcoholic beverages and tobacco
若 是 在 冬 季 穿 越 北 波 羅 的 海 請 確 認 您 艙 房 的 位 置 因 為 對 受 影 響 最 嚴 重 的 艙 房 穿 過 浮 冰 會 產 生 非 常 可 怕 的 噪 音	in the east of the bay you will see the place where you will be protected because the most serious damage to the guard is over the wall which will cause a very serious damage	if crossing the northern baltic in winter check the cabin location as going through ice causes quite horrible noise for those most affected
將 這 2 種 乾 粉 攪 拌 在 一 起 接 著 用 沾 了 水 的 乾 淨 雙 手 將 之 擠 壓 成 球 狀	dry the two molecules together and use hydrogen to hold the gas in place	swirl the two dry powders together and then with clean wet hands squeeze them into a ball
將 這 2 種 乾 粉 攪 拌 在 一 起 接 著 用 沾 了 水 的 乾 淨 雙 手 將 之 擠 壓 成 球 狀	dry the two molecules together and use hydrogen to hold the gas in place	swirl the two dry powders together and then with clean wet hands squeeze them into a ball
三 國 是 中 國 古 代 歷 史 上 最 血 腥 的 時 代 之 一 成 千 上 萬 的 人 為 爭 奪 坐 上 西 安 宏 偉 皇 宮 中 的 王 位 而 失 去 生 命	sanghuang is one of the most blood-scented periods in ancient china where thousands of people were fighting to rise to the west and to the north and to the audience to live	the three kingdoms was one of the bloodiest eras in ancient china's history thousands of people died fighting to sit in the highest seat in the grand palace at xi'an
三 國 是 中 國 古 代 歷 史 上 最 血 腥 的 時 代 之 一 成 千 上 萬 的 人 為 爭 奪 坐 上 西 安 宏 偉 皇 宮 中 的 王 位 而 失 去 生 命	sanghuang is one of the most blood-scented periods in ancient china where thousands of people were fighting to rise to the west and to the north and to the audience to live	the three kingdoms was one of the bloodiest eras in ancient china's history thousands of people died fighting to sit in the highest seat in the grand palace at xi'an
裴 利 表 示 他 將 「返 回 德 州 評 估 今 晚 決 策 會 議 結 果 判 斷 自 己 在 這 場 選 戰 中 是 否 還 有 機 會 繼 續 挺 進 」但 後 來 卻 說 他 將 繼 續 參 選 並 參 加 1 月 21 日 的 南 卡 羅 萊 納 州 初 選	fili said he would return to the german png tonight's final and judge himself to be in the final but later he said he would continue to vote and participate in the first election of the year	perry stated that he would return to texas to assess the results of tonight's caucus determine whether there is a path forward for myself in this race but later said that he would remain in the race and compete in the january 21 south carolina primary
裴 利 表 示 他 將 「返 回 德 州 評 估 今 晚 決 策 會 議 結 果 判 斷 自 己 在 這 場 選 戰 中 是 否 還 有 機 會 繼 續 挺 進 」但 後 來 卻 說 他 將 繼 續 參 選 並 參 加 1 月 21 日 的 南 卡 羅 萊 納 州 初 選	fili said he would return to the german png tonight's final and judge himself to be in the final but later he said he would continue to vote and participate in the first election of the year	perry stated that he would return to texas to assess the results of tonight's caucus determine whether there is a path forward for myself in this race but later said that he would remain in the race and compete in the january 21 south carolina primary
哲 學 家 亞 里 斯 多 德 立 論 萬 物 皆 由 土 、水 、空 氣 及 火 等 四 要 素 中 的 一 至 多 項 所 構 成	the alesdor theory was that the four elements of the air and fire were made of clay and water	aristotle a philosopher theorised that everything is made up of a mixture of one or more of four elements they were earth water air and fire
哲 學 家 亞 里 斯 多 德 立 論 萬 物 皆 由 土 、水 、空 氣 及 火 等 四 要 素 中 的 一 至 多 項 所 構 成	the alesdor theory was that the four elements of the air and fire were made of clay and water	aristotle a philosopher theorised that everything is made up of a mixture of one or more of four elements they were earth water air and fire
自 從 1537 年 亞 松 森 建 城 以 來 巴 拉 圭 就 設 法 保 持 當 地 的 諸 多 特 色 與 風 貌	since 1537 the palaque has been a special place to keep the local pigs and cats	since the foundation of asunción in 1537 paraguay has managed to keep a lot of its indigenous character and identity
自 從 1537 年 亞 松 森 建 城 以 來 巴 拉 圭 就 設 法 保 持 當 地 的 諸 多 特 色 與 風 貌	since 1537 the palaque has been a special place to keep the local pigs and cats	since the foundation of asunción in 1537 paraguay has managed to keep a lot of its indigenous character and identity
二 戰 結 束 不 過 兩 年 原 本 的 盟 友 就 成 了 敵 人 冷 戰 開 始	the war ended in just two years the original alliance became a human war	with two years of the end of the war the former allies were now enemies and the cold war began
美 國 體 操 協 會 為 美 國 奧 委 會 的 來 信 背 書 並 認 同 奧 林 匹 克 大 家 庭 絕 對 有 需 要 為 我 們 所 有 的 運 動 員 推 動 安 全 的 環 境	the united states committee of the congress of the united states has agreed with olympic that we absolutely need to promote safe environment for all of us athletes	usa gymnastics supports the united states olympic committee's letter and accepts the absolute need of the olympic family to promote a safe environment for all of our athletes
美 國 體 操 協 會 為 美 國 奧 委 會 的 來 信 背 書 並 認 同 奧 林 匹 克 大 家 庭 絕 對 有 需 要 為 我 們 所 有 的 運 動 員 推 動 安 全 的 環 境	the united states committee of the congress of the united states has agreed with olympic that we absolutely need to promote safe environment for all of us athletes	usa gymnastics supports the united states olympic committee's letter and accepts the absolute need of the olympic family to promote a safe environment for all of our athletes
休 恩 已 辭 職 他 在 內 閣 的 職 位 將 由 愛 德 ·戴 維 議 員 接 任 諾 曼 ·蘭 姆 議 員 有 望 接 替 戴 維 出 任 商 務 大 臣 一 職	darkness has been denied that his duties will be taken by the aidek hospital and the roman namu hospital will be taken by the internet to serve as the god	huhne has resigned and he will be replaced in the cabinet by ed davey mp norman lamb mp is expected to take the business minister job davey is vacating
休 恩 已 辭 職 他 在 內 閣 的 職 位 將 由 愛 德 ·戴 維 議 員 接 任 諾 曼 ·蘭 姆 議 員 有 望 接 替 戴 維 出 任 商 務 大 臣 一 職	darkness has been denied that his duties will be taken by the aidek hospital and the roman namu hospital will be taken by the internet to serve as the god	huhne has resigned and he will be replaced in the cabinet by ed davey mp norman lamb mp is expected to take the business minister job davey is vacating
兒 童 被 送 往 寄 養 中 心 的 原 因 眾 多 包 括 疏 於 照 顧 、虐 待 甚 至 勒 索	there are many reasons for being sent to the base of the system including the care and the transportation	children are placed in foster care for a wide variety of reasons that range from neglect to abuse and even to extortion
兒 童 被 送 往 寄 養 中 心 的 原 因 眾 多 包 括 疏 於 照 顧 、虐 待 甚 至 勒 索	there are many reasons for being sent to the base of the system including the care and the transportation	children are placed in foster care for a wide variety of reasons that range from neglect to abuse and even to extortion
這 些 伴 侶 可 以 選 擇 計 畫 領 養 他 們 的 孩 子	these birds can choose to give birth to other children	these couples may choose to make an adoption plan for their baby
這 些 伴 侶 可 以 選 擇 計 畫 領 養 他 們 的 孩 子	these birds can choose to give birth to other children	these couples may choose to make an adoption plan for their baby
英 國 殖 民 者 把 這 裡 據 為 已 有 因 此 如 果 想 在 這 片 土 地 上 尋 找 殖 民 歷 史 的 證 據 這 裡 是 個 不 錯 的 起 點	sacrifices in the united states are quite rich so if you want to build a land to search for the evidence of the abyssal history it is a good idea	this is the place the british colonisers took as their own and so if you are looking for evidence of the territory's colonial past this is a good place to start
英 國 殖 民 者 把 這 裡 據 為 已 有 因 此 如 果 想 在 這 片 土 地 上 尋 找 殖 民 歷 史 的 證 據 這 裡 是 個 不 錯 的 起 點	sacrifices in the united states are quite rich so if you want to build a land to search for the evidence of the abyssal history it is a good idea	this is the place the british colonisers took as their own and so if you are looking for evidence of the territory's colonial past this is a good place to start
同 一 個 月 在 馬 什 哈 德 有 另 一 架 民 航 客 機 滑 行 衝 出 跑 道 、撞 上 一 面 牆 、並 造 成 十 七 人 死 亡	since a month mason had run out of a bus to see a scene and killed 17 people	the same month saw another airliner overrun a runway at mashhad and strike a wall killing seventeen
同 一 個 月 在 馬 什 哈 德 有 另 一 架 民 航 客 機 滑 行 衝 出 跑 道 、撞 上 一 面 牆 、並 造 成 十 七 人 死 亡	since a month mason had run out of a bus to see a scene and killed 17 people	the same month saw another airliner overrun a runway at mashhad and strike a wall killing seventeen
有 些 郵 輪 行 程 手 冊 中 介 紹 了 德 國 柏 林 如 上 方 地 圖 所 示 柏 林 並 不 靠 海 因 此 造 訪 此 城 的 花 費 並 不 包 含 在 郵 輪 費 用 中	some tourist attractions have introduced german pebbles to the surface of the map pebbles are not sea so the cost of visiting this city is not included in the tourist fee	some cruises feature berlin germany in the brochures as you can see from the map above berlin is no where near the sea and a visit to the city is not included in the price of the cruise
有 些 郵 輪 行 程 手 冊 中 介 紹 了 德 國 柏 林 如 上 方 地 圖 所 示 柏 林 並 不 靠 海 因 此 造 訪 此 城 的 花 費 並 不 包 含 在 郵 輪 費 用 中	some tourist attractions have introduced german pebbles to the surface of the map pebbles are not sea so the cost of visiting this city is not included in the tourist fee	some cruises feature berlin germany in the brochures as you can see from the map above berlin is no where near the sea and a visit to the city is not included in the price of the cruise
這 座 山 洞 位 於 麥 加 北 方 的 一 座 山 頂 上 徹 底 與 外 面 的 世 界 隔 絕	the cave is located on a hill in the north of the macaw and is located outside the world	resting on the top of one of the mountains north of mecca the cave is completely isolated from the rest of the world
較 傳 統 的 教 堂 通 常 會 在 復 活 節 週 末 的 週 六 夜 晚 舉 辦 一 場 復 活 節 守 夜 祈 禱 會 午 夜 到 來 時 參 與 的 信 眾 會 一 齊 慶 祝 耶 穌 的 復 活	the traditional church usually host a nightly nightly nightly nightly nightly nightly Sunday evening to celebrate the christian's birthday	more traditional churches often hold an easter vigil on saturday night during the easter weekend with the congregations often breaking into celebration at the stroke of midnight to celebrate christ's resurrection
蘇 達 班 自 1966 年 起 即 為 野 生 動 物 保 護 區 目 前 該 地 區 估 計 有 400 隻 孟 加 拉 虎 以 及 約 30,000 隻 梅 花 鹿	soda has been in operation for the year 1906 to protect wild animals currently there are about 400 mangalaves and about 30,000 plum blossoms	since 1966 the sundarbans have been a wildlife sanctuary and it is estimated that there are now 400 royal bengal tigers and about 30,000 spotted deer in the area
蘇 達 班 自 1966 年 起 即 為 野 生 動 物 保 護 區 目 前 該 地 區 估 計 有 400 隻 孟 加 拉 虎 以 及 約 30,000 隻 梅 花 鹿	soda has been in operation for the year 1906 to protect wild animals currently there are about 400 mangalaves and about 30,000 plum blossoms	since 1966 the sundarbans have been a wildlife sanctuary and it is estimated that there are now 400 royal bengal tigers and about 30,000 spotted deer in the area
植 物 製 造 人 類 吸 入 的 氧 氣 並 吸 收 人 類 呼 出 的 二 氧 化 碳	the plants make the oxygen in the human body and absorb the oxygen in the oxygen tank	plants make oxygen which humans breathe and they take in carbon-dioxide which humans exhale that is breathe out
植 物 製 造 人 類 吸 入 的 氧 氣 並 吸 收 人 類 呼 出 的 二 氧 化 碳	the plants make the oxygen in the human body and absorb the oxygen in the oxygen tank	plants make oxygen which humans breathe and they take in carbon-dioxide which humans exhale that is breathe out
利 金 斯 liggins 爵 士 於 醫 院 任 職 時 就 會 利 用 下 班 後 的 時 間 研 究 早 產 現 象	the things you do during your stay at the hospital will be used to study the early production of the waste	while he was working at the hospital liggins began to investigate premature labor during his spare time
他 們 搭 乘 馬 車 返 回 巴 黎 沿 途 被 一 群 暴 民 包 圍 民 眾 對 著 國 王 和 王 后 叫 囂 、口 出 威 脅	they boarded the carriage and went back to bali where a group of people were surrounded by threats from the king and queen	in a carriage they traveled back to paris surrounded by a mob of people screaming and shouting threats against the king and queen
他 們 搭 乘 馬 車 返 回 巴 黎 沿 途 被 一 群 暴 民 包 圍 民 眾 對 著 國 王 和 王 后 叫 囂 、口 出 威 脅	they boarded the carriage and went back to bali where a group of people were surrounded by threats from the king and queen	in a carriage they traveled back to paris surrounded by a mob of people screaming and shouting threats against the king and queen
具 有 名 副 其 實 的 「隱 形 管 理 團 隊 」摘 自 larson and lafasto 1989 年 的 著 作 第 109 頁 也 是 個 構 成 虛 擬 團 隊 的 獨 特 要 素	the bank management team is named after the company which was founded in 1989 by the last company of the year and is the sole source of the company's independence	the presence of a true  invisible team” larson and lafasto 1989 p109 is also a unique component of a virtual team
具 有 名 副 其 實 的 「隱 形 管 理 團 隊 」摘 自 larson and lafasto 1989 年 的 著 作 第 109 頁 也 是 個 構 成 虛 擬 團 隊 的 獨 特 要 素	the bank management team is named after the company which was founded in 1989 by the last company of the year and is the sole source of the company's independence	the presence of a true  invisible team” larson and lafasto 1989 p109 is also a unique component of a virtual team
雷 頓 在 與 總 理 的 會 面 中 請 求 修 改 保 守 黨 的 環 境 法 案 要 求 「全 面 徹 底 改 寫 」保 守 黨 所 提 的 環 境 法 案	leadon asked the prime minister to correct the environmental issue in the meeting and ask the full-time chief executive to correct the environmental issue in the meeting	layton had asked for changes to the conservatives' environmental bill during the meeting with the pm asking for a thorough and complete rewriting of the conservative party's environmental bill
雷 頓 在 與 總 理 的 會 面 中 請 求 修 改 保 守 黨 的 環 境 法 案 要 求 「全 面 徹 底 改 寫 」保 守 黨 所 提 的 環 境 法 案	leadon asked the prime minister to correct the environmental issue in the meeting and ask the full-time chief executive to correct the environmental issue in the meeting	layton had asked for changes to the conservatives' environmental bill during the meeting with the pm asking for a thorough and complete rewriting of the conservative party's environmental bill
此 座 橋 計 劃 於 2017 年 9 月 －也 就 是 巴 西 海 關 檢 查 站 預 計 完 工 之 時 －全 面 通 車	the plan was granted to the public during the bps check in in june in 2017	the bridge is scheduled to be fully operational in september 2017 when the brazilian customs checkpoints are expected to be finished
此 座 橋 計 劃 於 2017 年 9 月 －也 就 是 巴 西 海 關 檢 查 站 預 計 完 工 之 時 －全 面 通 車	the plan was granted to the public during the bps check in in june in 2017	the bridge is scheduled to be fully operational in september 2017 when the brazilian customs checkpoints are expected to be finished
警 官 錢 德 拉 ·謝 哈 爾 ·索 蘭 基 說 被 告 蒙 面 出 庭	police said the police had been arrested for being a suspect	police superintendent chandra shekhar solanki said the accused appeared in court with covered faces
警 官 錢 德 拉 ·謝 哈 爾 ·索 蘭 基 說 被 告 蒙 面 出 庭	police said the police had been arrested for being a suspect	police superintendent chandra shekhar solanki said the accused appeared in court with covered faces
羅 馬 各 處 架 設 了 幾 面 巨 型 電 視 螢 幕 讓 人 民 觀 看 儀 式	the roman nationality added several-dimensional television screens to make people look good	several large television screens were installed in various places in rome to let the people watch the ceremony
一 般 來 說 主 管 開 始 領 導 昔 日 的 同 儕 時 有 可 能 產 生 兩 種 行 為 其 中 一 種 是 試 圖 維 持 自 己 仍 為 同 儕 圈 子 裡 的 一 員	in general the organ starts to make sense of the organ and can have two actions one is to maintain the same organ as the organ itself	generally speaking two behaviors can emerge as managers begin to lead their former peers. one end of the spectrum is trying to remain  one of the guys” or gals
一 般 來 說 主 管 開 始 領 導 昔 日 的 同 儕 時 有 可 能 產 生 兩 種 行 為 其 中 一 種 是 試 圖 維 持 自 己 仍 為 同 儕 圈 子 裡 的 一 員	in general the organ starts to make sense of the organ and can have two actions one is to maintain the same organ as the organ itself	generally speaking two behaviors can emerge as managers begin to lead their former peers. one end of the spectrum is trying to remain  one of the guys” or gals
通 常 把 這 些 事 件 發 生 的 時 代 稱 為 中 古 盛 期 也 就 是 歐 洲 歷 史 的 11、12 和 13 世 紀 西 元 1000–1300 年	the events usually called the chinese century were the 11th 12th and 13th centuries of the european history from 1100 to 1300	the age where the events took place is commonly referred as the high middle ages the period of european history in the 11th 12th and 13th centuries ad 1000–1300
通 常 把 這 些 事 件 發 生 的 時 代 稱 為 中 古 盛 期 也 就 是 歐 洲 歷 史 的 11、12 和 13 世 紀 西 元 1000–1300 年	the events usually called the chinese century were the 11th 12th and 13th centuries of the european history from 1100 to 1300	the age where the events took place is commonly referred as the high middle ages the period of european history in the 11th 12th and 13th centuries ad 1000–1300
根 據 洩 漏 的 文 件 該 文 件 將 提 及 巴 勒 斯 坦 希 望 以 1967 年 中 東 戰 爭 之 前 的 邊 界 為 基 礎 這 樁 邊 界 糾 紛	the documents leaked showed that the balustrian army had been fighting for the borders of the eastern war in 1967	the document according to the leak will refer to the borders dispute which palestine wants based on the borders before the 1967 mideast war
根 據 洩 漏 的 文 件 該 文 件 將 提 及 巴 勒 斯 坦 希 望 以 1967 年 中 東 戰 爭 之 前 的 邊 界 為 基 礎 這 樁 邊 界 糾 紛	the documents leaked showed that the balustrian army had been fighting for the borders of the eastern war in 1967	the document according to the leak will refer to the borders dispute which palestine wants based on the borders before the 1967 mideast war
此 座 橋 計 劃 於 2017 年 9 月 －也 就 是 巴 西 海 關 檢 查 站 預 計 完 工 之 時 －全 面 通 車	the plan was set to be launched during the brazilian sea officials' meeting with the park in august 2017	the bridge is scheduled to be fully operational in september 2017 when the brazilian customs checkpoints are expected to be finished
此 座 橋 計 劃 於 2017 年 9 月 －也 就 是 巴 西 海 關 檢 查 站 預 計 完 工 之 時 －全 面 通 車	the plan was set to be launched during the brazilian sea officials' meeting with the park in august 2017	the bridge is scheduled to be fully operational in september 2017 when the brazilian customs checkpoints are expected to be finished
「文 明 」這 個 詞 來 自 拉 丁 文 的 「civilis」意 思 是 「公 民 的 」它 與 拉 丁 文 中 的 「civis」和 「civitas」有 關 意 思 分 別 是 「公 民 」和 「城 市 或 城 邦 」這 在 某 方 面 來 說 也 定 義 了 社 會 的 規 模	the term latin means civilized which means civilized which means civilized civilized which means civilized city or city which means civilized which means civilized city or city which means civilized city or city which means civilized city or city which means civilized city or city which means civilized city or city which means civilized city or city which means civilized city or city which means civilized city or city which means civilized city or city which means civilized city or city which means civilized city or city which means civilized city or city which means civilized city or city which means civilized city	the word civilization comes from the latin civilis meaning civil related to the latin civis meaning citizen and civitas meaning city or city-state and that also somehow defines the size of the society
「文 明 」這 個 詞 來 自 拉 丁 文 的 「civilis」意 思 是 「公 民 的 」它 與 拉 丁 文 中 的 「civis」和 「civitas」有 關 意 思 分 別 是 「公 民 」和 「城 市 或 城 邦 」這 在 某 方 面 來 說 也 定 義 了 社 會 的 規 模	the term latin means civilized which means civilized which means civilized civilized which means civilized city or city which means civilized which means civilized city or city which means civilized city or city which means civilized city or city which means civilized city or city which means civilized city or city which means civilized city or city which means civilized city or city which means civilized city or city which means civilized city or city which means civilized city or city which means civilized city or city which means civilized city or city which means civilized city or city which means civilized city	the word civilization comes from the latin civilis meaning civil related to the latin civis meaning citizen and civitas meaning city or city-state and that also somehow defines the size of the society
強 烈 建 議 遊 客 注 意 惡 劣 天 氣 是 否 可 能 影 響 到 旅 行 地 區 因 為 惡 劣 天 氣 可 能 會 影 響 旅 遊 計 畫	you are likely to notice the bad weather from the trip because it might affect the travel plan	travellers are strongly advised to be aware of any risk of severe weather affecting their area as they may affect any travel plans
強 烈 建 議 遊 客 注 意 惡 劣 天 氣 是 否 可 能 影 響 到 旅 行 地 區 因 為 惡 劣 天 氣 可 能 會 影 響 旅 遊 計 畫	you are likely to notice the bad weather from the trip because it might affect the travel plan	travellers are strongly advised to be aware of any risk of severe weather affecting their area as they may affect any travel plans
香 港 島 是 香 港 特 別 行 政 區 之 名 的 由 來 也 是 許 多 旅 客 的 觀 光 重 點	hungary is a unique tourist attraction in hong Kong and is also a tourist attraction	hong kong island gives the territory of hong kong its name and is the place that many tourists regard as the main focus
香 港 島 是 香 港 特 別 行 政 區 之 名 的 由 來 也 是 許 多 旅 客 的 觀 光 重 點	hungary is a unique tourist attraction in hong Kong and is also a tourist attraction	hong kong island gives the territory of hong kong its name and is the place that many tourists regard as the main focus
整 個 1960 年 代 布 里 辛 斯 基 擔 任 過 約 翰 ．甘 迺 迪 的 顧 問 及 林 登 ．詹 森 的 幕 僚	the 1960s bolison was a symbol of the great care of the people and the light	throughout 1960s brzezinski worked for john f kennedy as his advisor and then the lyndon b johnson administration
最 後 許 多 小 型 貓 偶 有 家 貓 也 會 捕 食 為 數 眾 多 的 小 型 獵 物 包 括 昆 蟲 、齧 齒 類 動 物 、蜥 蜴 和 鳥 類	in the end many cats have a cat and will be a part of many small animals including insects to keep animals to eat and to talk	finally there are many small cats including loose pet cats that eat the far more numerous small prey like insects rodents lizards and birds
最 後 許 多 小 型 貓 偶 有 家 貓 也 會 捕 食 為 數 眾 多 的 小 型 獵 物 包 括 昆 蟲 、齧 齒 類 動 物 、蜥 蜴 和 鳥 類	in the end many cats have a cat and will be a part of many small animals including insects to keep animals to eat and to talk	finally there are many small cats including loose pet cats that eat the far more numerous small prey like insects rodents lizards and birds
在 部 隊 進 駐 前 海 地 自 十 八 世 紀 以 來 從 未 發 生 過 與 霍 亂 有 關 的 問 題	the navy had been in contact with the fray since the 18th century	prior to the arrival of troops haiti had not encountered problems related to the disease since the 1800s
在 部 隊 進 駐 前 海 地 自 十 八 世 紀 以 來 從 未 發 生 過 與 霍 亂 有 關 的 問 題	the navy had been in contact with the fray since the 18th century	prior to the arrival of troops haiti had not encountered problems related to the disease since the 1800s
